report_id,coder_id,article_id,city,event_date,side,tactics,participants,num_participants,part_violence,police_eng,end_activity,dist_cause,slogans
1,01,1532079175Aachen_article_245,Aachen,2015-12-12,pro-pegida,demonstration,Pegida,130,0,0,2,too few participants,NA
2,01,1532079175Aachen_article_245,Aachen,2015-12-12,anti-pegida,demonstration;singing;concert,Stadt Aachen;Dialog der Religionen;Bistum Aachen;Bundestag,2000,0,0,NA,NA,Dumpfbacken sind nicht das Volk
3,01,1532079175Aachen_article_245,Aachen,2015-12-12,anti-pegida,demonstration,left-autonomous organizations,500,2,2,NA,NA,NA
4,01,1532079186Aachen_article_246,Aachen,2015-12-14,anti-pegida,demonstration,churches;parties;muslim organizations,2000,NA,0,NA,NA,NA
5,01,1532079186Aachen_article_246,Aachen,2015-12-14,anti-pegida,demonstration,left groups,500,2,2,NA,NA,NA
6,01,1532079186Aachen_article_246,Aachen,2015-12-14,pro-pegida,demonstration,Pegida,130,NA,0,NA,NA,NA
7,01,1532079211Aachen_article_248,Aachen,2015-12-14,pro-pegida,demonstration,Pegida,NA,NA,2,NA,NA,NA
8,01,1532079211Aachen_article_248,Aachen,2015-12-14,anti-pegida,demonstration;singing;concert,Stadt Aachen;Dialog der Religionen;left groups,NA,NA,2,NA,NA,NA
9,01,1532079227Aachen_article_249,Aachen,2015-12-14,pro-pegida,demonstration,Pegida,130,NA,0,NA,NA,Merkel muss weg;Grenzen toe;Allah is een luegen;Wir sind das Volk
10,01,1532079227Aachen_article_249,Aachen,2015-12-14,anti-pegida,demonstration;drown,left groups;Antifa,500,NA,2,NA,NA,NA
11,01,1532079241Aachen_article_250,Aachen,2015-12-13,anti-pegida,demonstration;singing;concert,Stadt Aachen;Bundestag;Städteregionsrat,2000,0,0,NA,NA,NA
12,01,1532079241Aachen_article_250,Aachen,2015-12-13,anti-pegida,demonstration,left-autonomous organizations,500,2,2,NA,NA,NA
13,01,1532079241Aachen_article_250,Aachen,2015-12-13,pro-pegida,demonstration,Pegida,130,0,0,NA,NA,NA
14,01,1532079264Aachen_article_252,Aachen,2015-12-13,pro-pegida,demonstration,Pegida,130,NA,NA,NA,NA,NA
15,01,1532079264Aachen_article_252,Aachen,2015-12-13,anti-pegida,demonstration,Stadt Aachen,2500,NA,NA,NA,NA,NA
18,01,1528882398Chemnitz_article_212,Chemnitz,2015-03-23,pro-pegida,demonstration,Pegida,NA,NA,NA,NA,NA,NA
19,01,1528882420Chemnitz_article_213,Chemnitz,2015-03-23,pro-pegida,demonstration,Pegida,NA,NA,NA,NA,NA,NA
33,01,1528883306Chemnitz_article_252,Chemnitz,2015-02-02,anti-pegida,demonstration,NA,350,NA,NA,NA,NA,NA
34,01,1538511088Darmstadt_article_182,Darmstadt,2015-02-02,anti-pegida,demonstration,student unions;DGB;GEW,600,NA,NA,NA,NA,Bunt ohne Braun;Gegen geistige Brandstifter;Solidarität statt Fremdenhass
35,01,1527510420Dortmund_article_40,Dortmund,2016-04-02,anti-pegida,demonstration,NA,NA,NA,NA,NA,NA,NA
36,01,1527780650Hannover_article_138,Hannover,2016-09-03,pro-pegida,demonstration,Bürgerprotest Hannover,40,0,0,2,too few participants,NA
37,01,1527780650Hannover_article_138,Hannover,2016-09-03,anti-pegida,demonstration,Die Linke;labour unions;Die Partei,70,0,1,1,police did not allow counter-demonstrators to stay at demonstration venue where pegida protest activity took place and assigned them a different location,Burkapflicht für Nazis
38,01,1527781469Hannover_article_165,Hannover,2016-05-02,pro-pegida,demonstration,Bürgerprotest Hannover;Die Rechte;hooligans,70,0,0,NA,NA,NA
39,01,1527781469Hannover_article_165,Hannover,2016-05-02,anti-pegida,demonstration,NA,200,0,0,NA,NA,NA
40,01,1527781818Hannover_article_172,Hannover,2016-03-07,pro-pegida,demonstration,Pegida,100,0,0,0,NA,Merkel muss weg;Volksverräter;Wir sind das Volk
41,01,1527781818Hannover_article_172,Hannover,2016-03-07,anti-pegida,demonstration;sit-in,Bündnis Aktiv gegen Rassismus;Grüne Jugend;Gewerkschaftsjugend;Die Linke;Antifa,225,2,2,2,police dispersal;arrests,NA
42,01,1527782312Hannover_article_193,Hannover,2016-01-11,pro-pegida,demonstration,Pegida,150,0,0,NA,NA,NA
43,01,1527782312Hannover_article_193,Hannover,2016-01-11,anti-pegida,demonstration,left-autonomous organizations,70,0,0,NA,NA,NA
44,01,1527782335Hannover_article_194,Hannover,2016-01-11,pro-pegida,demonstration,Pegida,150,NA,NA,NA,NA,NA
45,01,1527782335Hannover_article_194,Hannover,2016-01-11,anti-pegida,demonstration,left-autonomous organizations,70,0,NA,NA,NA,NA
46,01,1527782586Hannover_article_205,Hannover,2015-11-30,pro-pegida,demonstration,Pegida,30,NA,0,2,counter-demonstrators;police dispersal,NA
47,01,1527782586Hannover_article_205,Hannover,2015-11-30,anti-pegida,demonstration,left-autonomous organizations,100,2,2,2,police dispersal;arrests,NA
48,01,1527782678Hannover_article_209,Hannover,2015-11-16,pro-pegida,demonstration,Pegida,120,NA,0,1,counter-demonstrators,Merkel raus;Wir sind das Volk
49,01,1527782678Hannover_article_209,Hannover,2015-11-16,anti-pegida,demonstration,NA,100,2,2,2,police dispersal;arrests,NA
50,01,1527783034Hannover_article_224,Hannover,2015-01-26,anti-pegida,demonstration,NA,NA,NA,NA,NA,NA,NA
51,01,1527783125Hannover_article_228,Hannover,2015-01-12,anti-pegida,demonstration,NA,19000,NA,NA,NA,NA,NA
52,01,1527783125Hannover_article_228,Hannover,2015-01-12,pro-pegida,demonstration,Pegida,NA,NA,NA,NA,NA,NA
53,01,1527783148Hannover_article_229,Hannover,2015-01-12,anti-pegida,demonstration,NA,19000,NA,NA,NA,NA,NA
54,01,1527783148Hannover_article_229,Hannover,2015-01-12,pro-pegida,demonstration,Pegida,NA,NA,NA,NA,NA,NA
55,01,1527783172Hannover_article_230,Hannover,2015-01-12,anti-pegida,demonstration,NA,19000,NA,NA,NA,NA,NA
56,01,1527783172Hannover_article_230,Hannover,2015-01-12,pro-pegida,demonstration,Pegida,200,NA,NA,NA,NA,NA
57,01,1527783196Hannover_article_231,Hannover,2015-01-12,anti-pegida,demonstration,NA,17000,NA,NA,NA,NA,NA
58,01,1534420220Heidelberg_article_26,Heidelberg,2015-10-24,pro-pegida,demonstration,Pegida,30,0,0,NA,NA,NA
59,01,1534420220Heidelberg_article_26,Heidelberg,2015-10-24,anti-pegida,demonstration,parties;unions;churches,2000,0,0,NA,NA,NA
60,01,1534420458Heidelberg_article_37,Heidelberg,2015-01-27,anti-pegida,demonstration,NA,NA,NA,NA,NA,NA,NA
61,01,1534420480Heidelberg_article_38,Heidelberg,2015-01-26,anti-pegida,demonstration,NA,500,NA,NA,NA,NA,NA
62,01,1534421056Heidelberg_article_55,Heidelberg,2015-01-12,anti-pegida,demonstration,Nogida,4000,NA,NA,NA,NA,NA
63,01,1528289118Jena_article_133,Jena,2016-04-20,pro-pegida,demonstration,Thügida;neonazis,200,NA,NA,NA,NA,NA
64,01,1528289118Jena_article_133,Jena,2016-04-20,anti-pegida,demonstration,NA,2000,3,NA,NA,NA,NA
65,01,1528289186Jena_article_136,Jena,2016-04-20,pro-pegida,demonstration;torchlight procession,Thügida;right-wing extremists,200,NA,0,NA,NA,NA
66,01,1528289186Jena_article_136,Jena,2016-04-20,anti-pegida,demonstration,NA,3000,2,0,NA,NA,NA
67,01,1528289232Jena_article_138,Jena,2016-04-20,pro-pegida,demonstration;torchlight procession,Thügida;neonazis;right-wing extremists,NA,2,0,NA,NA,NA
68,01,1528289232Jena_article_138,Jena,2016-04-20,anti-pegida,demonstration,left-wing extremists,NA,2,0,NA,NA,NA
69,01,1528289253Jena_article_139,Jena,2016-04-20,pro-pegida,demonstration;torchlight procession,Thügida;right-wing extremists,200,0,0,NA,NA,NA
70,01,1528289253Jena_article_139,Jena,2016-04-20,anti-pegida,demonstration,NA,3000,4,0,NA,NA,NA
71,01,1528289276Jena_article_140,Jena,2016-04-20,pro-pegida,demonstration,Thügida,200,2,2,NA,NA,NA
72,01,1528289276Jena_article_140,Jena,2016-04-20,anti-pegida,demonstration,NA,3000,4,2,NA,NA,NA
73,01,1528289299Jena_article_141,Jena,2016-04-20,pro-pegida,demonstration,Thügida,NA,NA,0,NA,NA,NA
74,01,1528289299Jena_article_141,Jena,2016-04-20,anti-pegida,demonstration,NA,3000,4,0,NA,NA,NA
75,01,1528289322Jena_article_142,Jena,2016-04-20,pro-pegida,demonstration;torchlight procession,Thügida;neonazis,200,4,2,NA,NA,NA
76,01,1528289322Jena_article_142,Jena,2016-04-20,anti-pegida,demonstration;drown;singing;sit-in,NA,4000,4,2,NA,NA,Nazis raus
77,01,1529672759Mönchengladbach_article_69,Mönchengladbach,2016-03-11,pro-pegida,demonstration,Mönchengladbach steht auf;hooligans,90,NA,NA,NA,NA,NA
78,01,1529672772Mönchengladbach_article_70,Mönchengladbach,2016-03-11,pro-pegida,demonstration,Mönchengladbach steht auf;hooligans;football fans,90,NA,NA,NA,NA,NA
79,01,1529673256Mönchengladbach_article_91,Mönchengladbach,2016-01-08,pro-pegida,demonstration,Mönchengladbach steht auf;football fans,230,0,0,NA,NA,NA
80,01,1529673256Mönchengladbach_article_91,Mönchengladbach,2016-01-08,anti-pegida,demonstration;singing,Bündnis Aufstehen! Für Menschenwürde. Gegen Rechtsextremismus,300,0,0,NA,NA,NA
81,01,1529673416Mönchengladbach_article_98,Mönchengladbach,2015-12-04,pro-pegida,demonstration,Mönchengladbach steht auf,100,0,0,NA,NA,NA
82,01,1529673416Mönchengladbach_article_98,Mönchengladbach,2015-12-04,anti-pegida,demonstration,Mönchengladbach stellt sich quer,300,0,0,NA,NA,NA
83,01,1529673716Mönchengladbach_article_111,Mönchengladbach,2015-10-31,pro-pegida,demonstration,Mönchengladbach steht auf,NA,NA,NA,NA,NA,NA
84,01,1529673738Mönchengladbach_article_112,Mönchengladbach,2015-10-30,pro-pegida,demonstration,Mönchengladbach steht auf,100,NA,NA,NA,NA,NA
85,01,1529673782Mönchengladbach_article_114,Mönchengladbach,2015-10-30,pro-pegida,demonstration,Mönchengladbach steht auf,100,NA,NA,NA,NA,NA
86,01,1529673804Mönchengladbach_article_115,Mönchengladbach,2015-10-30,pro-pegida,demonstration,Mönchengladbach steht auf,100,0,0,NA,NA,Wir sind das Volk;Merkel muss weg;Lügenpresse
87,01,1529673804Mönchengladbach_article_115,Mönchengladbach,2015-10-30,anti-pegida,demonstration,Mönchengladbach stellt sich quer;SPD;Landtag Nordrhein-Westfalen,300,0,0,NA,NA,Haut ab
88,01,1529673826Mönchengladbach_article_116,Mönchengladbach,2015-10-30,pro-pegida,demonstration,Mönchengladbach steht auf,100,0,0,NA,NA,Wir sind das Volk;Merkel muss weg;Lügenpresse
89,01,1529673826Mönchengladbach_article_116,Mönchengladbach,2015-10-30,anti-pegida,demonstration,Mönchengladbach stellt sich quer;SPD;Landtag Nordrhein-Westfalen,300,0,0,NA,NA,Haut ab
90,01,1533640737Nürnberg_article_39,Nürnberg,2017-03-26,pro-pegida,demonstration,Pegida,100,NA,NA,NA,NA,NA
91,01,1533640737Nürnberg_article_39,Nürnberg,2017-03-26,anti-pegida,demonstration,NA,120,NA,NA,NA,NA,Gemeinsam entschlossen gegen den Rechtsruck
92,01,1533640989Nürnberg_article_50,Nürnberg,2017-02-17,anti-pegida,demonstration,Verdi,150,0,0,0,NA,NA
93,01,1533640989Nürnberg_article_50,Nürnberg,2017-02-17,pro-pegida,demonstration,Pegida,10,0,0,0,NA,NA
94,01,1533718329Nürnberg_article_219,Nürnberg,2016-02-15,pro-pegida,demonstration,Initiative Sichere Heimat;Pegida;AfD;NPD,150,0,0,0,NA,NA
95,01,1533718329Nürnberg_article_219,Nürnberg,2016-02-15,anti-pegida,demonstration,Fürther Bündnis gegen Rechtsextremismus und Rassismus;Nürnberger Bündnis Nazistopp,250,0,0,0,NA,NA
96,01,1533718879Nürnberg_article_226,Nürnberg,2016-01-31,pro-pegida,demonstration,Initiative Sichere Heimat;Pegida;AfD,500,NA,NA,NA,NA,NA
97,01,1533719099Nürnberg_article_231,Nürnberg,2016-01-31,pro-pegida,demonstration,Pegida;AfD;Die Rechte,500,NA,NA,NA,NA,Lügenpresse
98,01,1533719472Nürnberg_article_246,Nürnberg,2016-01-18,pro-pegida,demonstration,Pegida,200,NA,0,NA,NA,NA
99,01,1533719472Nürnberg_article_246,Nürnberg,2016-01-18,anti-pegida,demonstration,Bündnis Nazistopp;SPD;Die Grünen;unions;Verdi Jugend;left groups,600,2,2,NA,NA,Nazis abschieben
100,01,1533719493Nürnberg_article_247,Nürnberg,2016-01-16,pro-pegida,demonstration,Pegida;right-wing extremists;neonazis,150,0,0,0,NA,NA
101,01,1533719493Nürnberg_article_247,Nürnberg,2016-01-16,anti-pegida,demonstration,left-autonomous organizations,600,2,2,NA,NA,NA
102,01,1533719517Nürnberg_article_248,Nürnberg,2016-01-16,pro-pegida,demonstration,Pegida,200,0,0,0,NA,NA
103,01,1533719517Nürnberg_article_248,Nürnberg,2016-01-16,anti-pegida,demonstration,left-autonomous organizations,600,2,2,NA,NA,NA
104,01,1533723545Nürnberg_article_399,Nürnberg,2016-01-31,pro-pegida,demonstration,Pegida;AfD;Die Rechte,500,NA,NA,NA,NA,NA
105,01,1533723880Nürnberg_article_414,Nürnberg,2016-01-18,pro-pegida,demonstration,Pegida,200,NA,0,NA,NA,NA
106,01,1533723880Nürnberg_article_414,Nürnberg,2016-01-18,anti-pegida,demonstration,Bündnis Nazistopp;SPD;Die Grünen;unions;Verdi Jugend;left groups,600,2,2,NA,NA,Nazis abschieben
107,01,1533723902Nürnberg_article_415,Nürnberg,2016-01-16,pro-pegida,demonstration,Pegida;right-wing extremists;neonazis,150,0,0,0,NA,NA
108,01,1533723902Nürnberg_article_415,Nürnberg,2016-01-16,anti-pegida,demonstration,left-autonomous organizations,600,2,2,NA,NA,NA
109,01,1533723923Nürnberg_article_416,Nürnberg,2016-01-16,pro-pegida,demonstration,Pegida,200,0,0,0,NA,NA
110,01,1533723923Nürnberg_article_416,Nürnberg,2016-01-16,anti-pegida,demonstration,left-autonomous organizations,600,2,2,NA,NA,NA
111,01,1533727872Nürnberg_article_567,Nürnberg,2016-01-31,pro-pegida,demonstration,Pegida;AfD;Die Rechte,500,NA,NA,NA,NA,NA
112,01,1533817277Nürnberg_article_701,Nürnberg,2015-10-31,pro-pegida,demonstration,Pegida,NA,NA,NA,NA,NA,NA
113,01,1533817289Nürnberg_article_702,Nürnberg,2015-10-31,pro-pegida,demonstration,Pegida,130,0,0,1,counter-demonstrators,NA
114,01,1533817289Nürnberg_article_702,Nürnberg,2015-10-31,anti-pegida,demonstration,Bündnis Nazistopp,500,0,0,0,NA,NA
115,01,1533817301Nürnberg_article_703,Nürnberg,2015-11-02,pro-pegida,demonstration,Pegida,130,0,0,0,NA,NA
116,01,1533817301Nürnberg_article_703,Nürnberg,2015-11-02,anti-pegida,demonstration,Bündnis Nazistopp,500,0,0,0,NA,NA
117,01,1533817314Nürnberg_article_704,Nürnberg,2015-10-31,pro-pegida,demonstration,Pegida,130,0,0,1,counter-demonstrators,NA
118,01,1533817314Nürnberg_article_704,Nürnberg,2015-10-31,anti-pegida,demonstration,Bündnis Nazistopp,500,0,0,0,NA,NA
119,01,1533817408Nürnberg_article_712,Nürnberg,2015-10-24,anti-pegida,demonstration,Stadt Nürnberg;Landtag Bayern;CSU;DGB;protestant church,200,NA,NA,NA,NA,NA
120,01,1533817408Nürnberg_article_712,Nürnberg,2015-10-24,pro-pegida,demonstration,Pegida,100,NA,0,0,NA,NA
121,01,1533817408Nürnberg_article_712,Nürnberg,2015-10-24,anti-pegida,demonstration,NA,350,NA,0,0,NA,NA
122,01,1533817431Nürnberg_article_714,Nürnberg,2015-10-26,pro-pegida,demonstration,Pegida,NA,NA,NA,NA,NA,NA
123,01,1533817431Nürnberg_article_714,Nürnberg,2015-10-26,anti-pegida,demonstration,NA,350,NA,NA,NA,NA,NA
124,01,1533817455Nürnberg_article_716,Nürnberg,2015-10-24,anti-pegida,demonstration,Stadt Nürnberg;Landtag Bayern;CSU;protestant church;Die Grünen;Stadtrat;DGB,500,NA,0,NA,NA,NA
125,01,1533817455Nürnberg_article_716,Nürnberg,2015-10-24,pro-pegida,demonstration,Pegida,100,NA,0,NA,NA,NA
126,01,1533817467Nürnberg_article_717,Nürnberg,2015-10-26,pro-pegida,demonstration,Pegida;neonazis,120,NA,0,NA,NA,NA
127,01,1533817467Nürnberg_article_717,Nürnberg,2015-10-26,anti-pegida,demonstration,NA,350,NA,0,NA,NA,NA
128,01,1533817501Nürnberg_article_720,Nürnberg,2015-10-26,pro-pegida,demonstration,Pegida;neonazis,120,NA,0,NA,NA,NA
129,01,1533817501Nürnberg_article_720,Nürnberg,2015-10-26,anti-pegida,demonstration,NA,350,NA,0,NA,NA,NA
130,01,1533819240Nürnberg_article_777,Nürnberg,2015-05-21,pro-pegida,demonstration,Pegida,100,0,0,0,NA,NA
131,01,1533819240Nürnberg_article_777,Nürnberg,2015-05-21,anti-pegida,demonstration,NA,300,0,0,0,NA,NA
132,01,1533819479Nürnberg_article_788,Nürnberg,2015-05-07,pro-pegida,demonstration,Pegida,50,0,0,0,NA,NA
133,01,1533819479Nürnberg_article_788,Nürnberg,2015-05-07,anti-pegida,demonstration,Bündnis Nazistopp,200,0,0,0,NA,NA
134,01,1533819878Nürnberg_article_803,Nürnberg,2015-04-23,pro-pegida,demonstration,Pegida,50,0,0,NA,NA,NA
135,01,1533819878Nürnberg_article_803,Nürnberg,2015-04-23,anti-pegida,demonstration,Bündnis Nazistopp,150,0,0,NA,NA,NA
136,01,1533819919Nürnberg_article_805,Nürnberg,2015-04-16,pro-pegida,demonstration,Pegida,70,0,0,NA,NA,NA
137,01,1533819919Nürnberg_article_805,Nürnberg,2015-04-16,anti-pegida,demonstration,NA,350,0,0,NA,NA,NA
138,01,1533820247Nürnberg_article_820,Nürnberg,2015-04-09,pro-pegida,demonstration,Pegida,70,0,0,0,NA,NA
139,01,1533820247Nürnberg_article_820,Nürnberg,2015-04-09,anti-pegida,demonstration,NA,300,0,0,0,NA,NA
140,01,1533820290Nürnberg_article_822,Nürnberg,2015-04-09,pro-pegida,demonstration,Pegida,70,NA,0,0,NA,NA
141,01,1533820290Nürnberg_article_822,Nürnberg,2015-04-09,anti-pegida,demonstration,NA,300,NA,0,0,NA,NA
142,01,1533820566Nürnberg_article_834,Nürnberg,2015-03-26,pro-pegida,demonstration,Pegida,50,NA,0,NA,NA,NA
143,01,1533820566Nürnberg_article_834,Nürnberg,2015-03-26,anti-pegida,demonstration,DGB;DIDF,500,NA,0,NA,NA,NA
144,01,1533820586Nürnberg_article_835,Nürnberg,2015-03-26,pro-pegida,demonstration,Pegida,60,0,0,NA,NA,NA
145,01,1533820586Nürnberg_article_835,Nürnberg,2015-03-26,anti-pegida,demonstration,DGB;DIDF,500,0,0,NA,NA,NA
146,01,1533820791Nürnberg_article_844,Nürnberg,2015-03-19,pro-pegida,demonstration,Pegida,70,NA,0,0,NA,NA
147,01,1533820791Nürnberg_article_844,Nürnberg,2015-03-19,anti-pegida,demonstration;drown,Die Linke,250,NA,0,NA,NA,NA
148,01,1533821016Nürnberg_article_854,Nürnberg,2015-03-12,pro-pegida,demonstration,Pegida,50,0,0,NA,NA,NA
149,01,1533821016Nürnberg_article_854,Nürnberg,2015-03-12,anti-pegida,demonstration,Bündnis Nazistopp,500,0,0,NA,NA,NA
150,01,1533821201Nürnberg_article_858,Nürnberg,2015-03-09,pro-pegida,demonstration,Nügida,40,NA,NA,NA,NA,NA
151,01,1533821201Nürnberg_article_858,Nürnberg,2015-03-09,anti-pegida,demonstration,NA,600,NA,NA,NA,NA,NA
152,01,1533821289Nürnberg_article_862,Nürnberg,2015-03-09,pro-pegida,demonstration,Nügida,40,NA,0,0,NA,NA
153,01,1533821289Nürnberg_article_862,Nürnberg,2015-03-09,anti-pegida,demonstration,Initiative rassistische Hetze stoppen,600,2,2,NA,NA,NA
154,01,1533821449Nürnberg_article_865,Nürnberg,2015-03-09,pro-pegida,demonstration,Nügida,40,0,0,NA,NA,NA
155,01,1533821449Nürnberg_article_865,Nürnberg,2015-03-09,anti-pegida,demonstration;drown,NA,600,0,0,NA,NA,Haut ab;Ihr seid ja ein lächerlicher Haufen;Neonazistische Überflieger gegen die Intelligenz des Abendlandes
156,01,1533821611Nürnberg_article_872,Nürnberg,2015-03-06,pro-pegida,demonstration,Pegida,60,0,0,0,NA,NA
157,01,1533821611Nürnberg_article_872,Nürnberg,2015-03-06,anti-pegida,demonstration;drown,Allianz gegen Rassismus;Bündnis Nazistopp;Antifaschistisches Aktionsbündnis;NOnügiga,1000,0,0,0,NA,NA
158,01,1533821634Nürnberg_article_873,Nürnberg,2015-03-05,pro-pegida,demonstration,Pegida;Die Freiheit,60,0,0,NA,NA,NA
159,01,1533821634Nürnberg_article_873,Nürnberg,2015-03-05,anti-pegida,demonstration;drown;darkening,Allianz gegen Rassismus;Bündnis Nazistopp;Antifaschistisches Aktionsbündnis;NOnügiga;Verdi,1000,3,2,0,NA,Haut ab
160,01,1533821654Nürnberg_article_874,Nürnberg,2015-03-05,pro-pegida,demonstration,Pegida,60,0,0,NA,NA,NA
161,01,1533821654Nürnberg_article_874,Nürnberg,2015-03-05,anti-pegida,demonstration,NA,1000,0,0,NA,NA,NA
162,01,1533821677Nürnberg_article_875,Nürnberg,2015-03-06,pro-pegida,demonstration,Pegida,60,NA,0,0,NA,"Stoppt die Islamisierung Deutschlands;Wer Deutschland nicht liebt, muss Deutschland verlassen"
163,01,1533821677Nürnberg_article_875,Nürnberg,2015-03-06,anti-pegida,demonstration;drown;darkening,Bündnis Nazistopp;Verdi,1000,NA,0,0,NA,"Wenn ein Fremdling bei euch wohnt in eurem Lande, den sollt ihr nicht bedrücken. Er soll bei euch wohnen wie ein Einheimischer;Nazis raus"
164,01,1533821699Nürnberg_article_876,Nürnberg,2015-03-05,pro-pegida,demonstration,Pegida,60,0,0,NA,NA,"Wer Deutschland nicht liebt, soll Deutschland verlassen"
165,01,1533821699Nürnberg_article_876,Nürnberg,2015-03-05,anti-pegida,demonstration;drown,NA,1000,2,2,0,NA,Haut ab
166,01,1533822260Nürnberg_article_901,Nürnberg,2015-02-16,pro-pegida,demonstration,Nügida,150,NA,NA,2,counter-demonstrators;blockade,NA
167,01,1533822260Nürnberg_article_901,Nürnberg,2015-02-16,anti-pegida,demonstration,NA,1500,NA,NA,NA,NA,NA
168,01,1533822473Nürnberg_article_906,Nürnberg,2015-02-16,pro-pegida,demonstration,Nügida;Die Freiheit;right-wing extremists,150,NA,NA,2,counter-demonstrators;blockade,NA
169,01,1533822473Nürnberg_article_906,Nürnberg,2015-02-16,anti-pegida,demonstration,Bündnis Nazistopp;NOnügida;Antifaschistisches Aktionsbündnis;Radikale Linke;Organisierte Autonomie,1100,NA,NA,NA,NA,NA
170,01,1533822493Nürnberg_article_907,Nürnberg,2015-02-16,pro-pegida,demonstration,Nügida,150,NA,NA,2,counter-demonstrators,NA
171,01,1533822493Nürnberg_article_907,Nürnberg,2015-02-16,anti-pegida,demonstration,NA,1500,NA,NA,NA,NA,NA
172,01,1533822670Nürnberg_article_915,Nürnberg,2015-02-16,pro-pegida,demonstration,Nügida;Bagida,150,NA,NA,NA,NA,NA
173,01,1533822692Nürnberg_article_916,Nürnberg,2015-02-16,pro-pegida,demonstration,Nügida,NA,NA,NA,NA,NA,NA
174,01,1533822816Nürnberg_article_921,Nürnberg,2015-02-16,pro-pegida,demonstration,Nügida,150,NA,NA,2,counter-demonstrators,NA
175,01,1533822816Nürnberg_article_921,Nürnberg,2015-02-16,anti-pegida,demonstration,Stadt Nürnberg;SPD;Bundesamt für Migration und Flüchtlinge;Allianz gegen Rechtsextremismus,1000,NA,NA,NA,NA,NA
176,01,1533822878Nürnberg_article_924,Nürnberg,2015-02-16,pro-pegida,demonstration,Nügida;Die Freiheit;right-wing extremists;hooligans,150,NA,0,2,counter-demonstrators;blockade,NA
177,01,1533822878Nürnberg_article_924,Nürnberg,2015-02-16,anti-pegida,demonstration,NA,NA,NA,0,NA,NA,NA
178,01,1534152176Nürnberg_article_931,Nürnberg,2015-02-16,pro-pegida,demonstration,Nügida;Die Freiheit;right-wing extremists,150,NA,NA,NA,NA,NA
179,01,1534152176Nürnberg_article_931,Nürnberg,2015-02-16,anti-pegida,demonstration,Bundesamt für Migration und Flüchtlinge,1000,NA,NA,NA,NA,NA
180,01,1534152220Nürnberg_article_933,Nürnberg,2015-02-16,pro-pegida,demonstration,Nügida,150,NA,0,2,counter-demonstrators;blockade,NA
181,01,1534152220Nürnberg_article_933,Nürnberg,2015-02-16,anti-pegida,demonstration,Bündnis Nazistopp;Antifa;Allianz gegen Rechtsextremismus;Stadt Nürnberg;NoNügida,1000,NA,2,NA,NA,NA
182,01,1534152483Nürnberg_article_936,Nürnberg,2015-02-16,pro-pegida,demonstration,Nügida,150,NA,NA,NA,NA,NA
183,01,1534152483Nürnberg_article_936,Nürnberg,2015-02-16,anti-pegida,demonstration,NA,1500,NA,NA,NA,NA,NA
184,01,1534152526Nürnberg_article_938,Nürnberg,2015-02-16,pro-pegida,demonstration,Nügida,150,NA,0,2,counter-demonstrators;blockade,Vereint gegen Glaubenskriege auf deutschem Boden;Wir sind das Volk
185,01,1534152526Nürnberg_article_938,Nürnberg,2015-02-16,anti-pegida,demonstration,NA,1500,NA,0,NA,NA,Hoch die Internationale
186,01,1534154634Nürnberg_article_1001,Nürnberg,2015-01-19,anti-pegida,demonstration,NA,2700,0,0,NA,NA,NA
187,01,1534154998Nürnberg_article_1013,Nürnberg,2015-01-19,anti-pegida,demonstration,NA,2700,NA,NA,NA,NA,"Dialog, keine Parolen;Gib Hetze keine Chance;Faschismus ist keine Meinung, sondern ein Verbrechen"
188,01,1534155043Nürnberg_article_1015,Nürnberg,2015-01-19,anti-pegida,demonstration,NoNügida,2700,0,0,0,NA,NA
189,01,1534156155Nürnberg_article_1051,Nürnberg,2015-01-12,anti-pegida,demonstration,Organisierte Autonomie;Antifaschistisches Aktionsbündnis,400,NA,NA,NA,NA,NA
190,01,1534157980Nürnberg_article_1089,Nürnberg,2014-12-24,anti-pegida,chain of light,Clearingstelle Franken,200,0,0,0,NA,NA
191,01,1534158023Nürnberg_article_1091,Nürnberg,2014-12-23,anti-pegida,chain of light,Rummelsberger Dienste;Clearingstelle Eibach;Diakonie Bayern;Verdi;Die Grünen,7000,0,0,0,NA,NA
192,01,534152369Nürnberg_article_935,Nürnberg,2015-02-16,pro-pegida,demonstration,Nügida,150,NA,NA,2,counter-demonstrators;blockade,NA
193,01,534152369Nürnberg_article_935,Nürnberg,2015-02-16,anti-pegida,demonstration,Stadt Nürnberg;Organisierte Autonomie;Bündnis Nazistopp;Verdi;Allianz gegen Rechtsextremismus;Bundestag;SPD;Bundesamt für Migration und Flüchtlinge,1100,NA,NA,NA,NA,"Wer Waffen sät, wird Flüchtlinge ernten;Haut ab"
194,01,1528899055Potsdam_article_51,Potsdam,2016-08-20,pro-pegida,demonstration,Freie Patrioten Potsdam,50,0,0,0,NA,NA
195,01,1528899055Potsdam_article_51,Potsdam,2016-08-20,anti-pegida,demonstration;sit-in;honking,Bündnis Potsdam bekennt Farbe;SPD;Stadt Potsdam;Die Partei,300,0,1,1,police dispersal,NA
196,01,1528899624Potsdam_article_80,Potsdam,2016-04-07,pro-pegida,demonstration,Pogida,50,0,0,0,NA,NA
197,01,1528899624Potsdam_article_80,Potsdam,2016-04-07,anti-pegida,demonstration;concert,Bündnis Potsdam bekennt Farbe,500,0,0,0,NA,NA
198,01,1528900037Potsdam_article_93,Potsdam,2016-03-09,anti-pegida,demonstration,NA,200,NA,0,NA,NA,NA
199,01,1528900037Potsdam_article_93,Potsdam,2016-03-09,pro-pegida,demonstration,Pogida;neonazis,60,NA,0,NA,NA,NA
200,01,1528900081Potsdam_article_95,Potsdam,2016-03-09,pro-pegida,demonstration,Pogida,100,NA,0,1,counter-demonstrators,NA
201,01,1528900081Potsdam_article_95,Potsdam,2016-03-09,anti-pegida,demonstration;disruption,NA,NA,NA,0,NA,NA,NA
202,01,1528901088Potsdam_article_98,Potsdam,2016-03-09,pro-pegida,demonstration,Pogida,60,0,0,1,counter-demonstrators,NA
203,01,1528901088Potsdam_article_98,Potsdam,2016-03-09,anti-pegida,demonstration,Bündnis Potsdam bekennt Farbe;SV Babelsberg 03;SV Concordia Nowawes,500,0,0,NA,NA,NA
204,01,1528901162Potsdam_article_104,Potsdam,2016-02-24,pro-pegida,demonstration,Pogida,NA,NA,NA,NA,NA,NA
205,01,1528901162Potsdam_article_104,Potsdam,2016-02-24,anti-pegida,demonstration,Stadt Potsdam;SPD,1000,0,NA,NA,NA,NA
206,01,1528901187Potsdam_article_106,Potsdam,2016-02-24,pro-pegida,demonstration,Pogida,70,0,0,NA,NA,NA
207,01,1528901187Potsdam_article_106,Potsdam,2016-02-24,anti-pegida,demonstration,NA,800,0,0,NA,NA,NA
208,01,1528901213Potsdam_article_108,Potsdam,2016-02-24,pro-pegida,demonstration,Pogida,75,NA,0,1,counter-demonstrators;blockade,NA
209,01,1528901213Potsdam_article_108,Potsdam,2016-02-24,anti-pegida,demonstration;blockade,Bündnis Potsdam bekennt Farbe;Die Linke;Stadt Potsdam;SPD,1000,NA,0,0,NA,"Ob Ost, ob West - nieder mit der Nazi-Pest;Alerta, Alerta Antifascista;Es gibt kein Recht auf Nazipropaganda"
210,01,1528901495Potsdam_article_123,Potsdam,2016-02-17,anti-pegida,demonstration;blockade,children,1000,NA,0,NA,NA,NA
211,01,1528901495Potsdam_article_123,Potsdam,2016-02-17,pro-pegida,demonstration,Pogida,80,NA,0,1,counter-demonstrators,NA
212,01,1528901534Potsdam_article_126,Potsdam,2016-02-18,anti-pegida,demonstration;blockade;sit-in,Bündnis Potsdam bekennt Farbe;SV Babelsberg 03,200,4,2,1,NA,Haut ab
213,01,1528901534Potsdam_article_126,Potsdam,2016-02-18,pro-pegida,demonstration,Pogida,100,NA,0,2,counter-demonstrators;protesters were advised by police to end their walk early,Wir kommen wieder;Merkel muss weg
214,01,1528901544Potsdam_article_127,Potsdam,2016-02-17,anti-pegida,demonstration;blockade,children,1000,NA,0,0,NA,NA
215,01,1528901544Potsdam_article_127,Potsdam,2016-02-17,pro-pegida,demonstration,Pogida,80,NA,0,2,counter-demonstrators,NA
216,01,1528901706Potsdam_article_138,Potsdam,2016-02-10,pro-pegida,demonstration,Pogida,120,0,0,NA,NA,NA
217,01,1528901706Potsdam_article_138,Potsdam,2016-02-10,anti-pegida,demonstration,Bündnis Potsdam bekennt Farbe,NA,0,0,NA,NA,NA
218,01,1528902036Potsdam_article_148,Potsdam,2016-02-05,pro-pegida,demonstration,Pogida,150,NA,0,NA,NA,NA
219,01,1528902036Potsdam_article_148,Potsdam,2016-02-05,anti-pegida,demonstration,NA,700,2,2,NA,NA,NA
220,01,1528902104Potsdam_article_151,Potsdam,2016-02-03,pro-pegida,demonstration,Pogida;neonazis;NPD,120,NA,2,NA,NA,Wir kommen wieder
221,01,1528902104Potsdam_article_151,Potsdam,2016-02-03,anti-pegida,demonstration,Bündnis Potsdam bekennt Farbe;FDP,NA,NA,2,NA,NA,Haut ab
222,01,1528902104Potsdam_article_151,Potsdam,2016-02-03,anti-pegida,concert,NA,200,NA,NA,NA,NA,NA
223,01,1528902127Potsdam_article_152,Potsdam,2016-02-03,pro-pegida,demonstration,Pogida,100,0,0,NA,NA,NA
224,01,1528902127Potsdam_article_152,Potsdam,2016-02-03,anti-pegida,demonstration,Bündnis Potsdam bekennt Farbe;Stadt Potsdam;left groups,500,0,0,NA,NA,Kein Bier für Pegida;Pegida ist lahm
225,01,1528902262Potsdam_article_158,Potsdam,2016-02-03,pro-pegida,demonstration,Pogida,150,NA,0,2,counter-demonstrators,Wir sind das Volk;Deutschland den Deutschen
226,01,1528902262Potsdam_article_158,Potsdam,2016-02-03,anti-pegida,demonstration;blockade,Bündnis Potsdam bekennt Farbe,1000,NA,0,0,NA,Nazis raus;Haut ab
227,01,1528902308Potsdam_article_160,Potsdam,2016-02-03,pro-pegida,demonstration,Pogida,150,NA,2,2,counter-demonstrators,Merkel muss weg;Ausländer raus;Multikulti Endstation;Wer Deutschland nicht liebt soll Deutschland verlassen
228,01,1528902308Potsdam_article_160,Potsdam,2016-02-03,anti-pegida,demonstration;blockade;concert,Bündnis Potsdam bekennt Farbe;Stadt Potsdam;left groups;SV Babelsberg 03,400,2,2,0,NA,NA
229,01,1528902331Potsdam_article_161,Potsdam,2016-01-11,pro-pegida,demonstration,Pegida,NA,NA,0,2,NA,NA
230,01,1528902331Potsdam_article_161,Potsdam,2016-01-11,anti-pegida,demonstration,left groups,NA,NA,0,NA,NA,NA
231,01,1528902331Potsdam_article_161,Potsdam,2016-01-20,pro-pegida,demonstration,Pegida,150,NA,NA,2,NA,NA
232,01,1528902331Potsdam_article_161,Potsdam,2016-01-20,anti-pegida,demonstration,NA,1000,NA,NA,NA,NA,NA
233,01,1528902331Potsdam_article_161,Potsdam,2016-01-27,pro-pegida,demonstration,Pegida,NA,NA,NA,0,NA,NA
234,01,1528902331Potsdam_article_161,Potsdam,2016-01-27,anti-pegida,demonstration,NA,NA,NA,NA,NA,NA,NA
235,01,1528966103Potsdam_article_211,Potsdam,2016-01-20,pro-pegida,demonstration,Pegida,300,NA,2,2,counter-demonstrators,Wir sind das Volk;Merkel muss weg;Wir kommen wieder
236,01,1528966103Potsdam_article_211,Potsdam,2016-01-20,anti-pegida,demonstration;singing,families;pupils;Stadt Potsdam;SPD;Landtag Brandenburg;Regierung Brandenburg,1000,NA,0,0,NA,Haut ab;Nazis raus
237,01,1528966171Potsdam_article_214,Potsdam,2016-01-20,pro-pegida,demonstration,Pogida;NPD;hooligans,200,NA,0,2,counter-demonstrators,NA
238,01,1528966171Potsdam_article_214,Potsdam,2016-01-20,anti-pegida,demonstration,Bündnis Potsdam bekennt Farbe;Stadt Potsdam;SPD;Regierung Brandenburg,1000,3,0,0,NA,Nazis raus
239,01,1528966193Potsdam_article_215,Potsdam,2016-01-20,pro-pegida,demonstration,Pogida,200,NA,0,NA,NA,NA
240,01,1528966193Potsdam_article_215,Potsdam,2016-01-20,anti-pegida,demonstration,Bündnis Potsdam bekennt Farbe;SPD;Regierung Brandenburg;left groups,1100,NA,0,NA,NA,NA
241,01,1528966409Potsdam_article_220,Potsdam,2016-01-11,pro-pegida,demonstration,Pogida,120,NA,0,2,counter-demonstrators,NA
242,01,1528966409Potsdam_article_220,Potsdam,2016-01-11,anti-pegida,demonstration,Antifa,500,4,0,NA,NA,NA
243,01,1528966409Potsdam_article_220,Potsdam,2016-01-11,anti-pegida,demonstration,Bündnis Potsdam bekennt Farbe,NA,NA,0,NA,NA,NA
244,01,1528967046Potsdam_article_239,Potsdam,2016-01-11,pro-pegida,demonstration,Pegida,100,0,0,NA,NA,NA
245,01,1528967046Potsdam_article_239,Potsdam,2016-01-11,anti-pegida,demonstration,left groups,1000,2,2,NA,NA,NA
246,01,1528967208Potsdam_article_246,Potsdam,2016-01-11,pro-pegida,demonstration,Pegida,NA,NA,0,NA,NA,NA
247,01,1528967208Potsdam_article_246,Potsdam,2016-01-11,anti-pegida,demonstration,left groups,200,4,2,NA,NA,NA
248,01,1528967379Potsdam_article_249,Potsdam,2016-01-11,anti-pegida,demonstration;blockade,Antifa,200,4,2,NA,NA,NA
249,01,1528967379Potsdam_article_249,Potsdam,2016-01-11,pro-pegida,demonstration,Pogida;Bärgida;hooligans,120,0,0,2,counter-demonstrators,NA
250,01,1528967379Potsdam_article_249,Potsdam,2016-01-11,anti-pegida,demonstration,Bündnis Potsdam bekennt Farbe;Stadt Potsdam;SPD,100,0,NA,NA,NA,NA
251,01,1528967447Potsdam_article_252,Potsdam,2016-01-11,anti-pegida,demonstration,Bündnis Potsdam bekennt Farbe;Stadt Potsdam,200,NA,NA,NA,NA,NA
252,01,1528967447Potsdam_article_252,Potsdam,2016-01-11,pro-pegida,demonstration,Pegida,100,NA,0,2,counter-demonstrators,NA
253,01,1528967470Potsdam_article_253,Potsdam,2016-01-11,pro-pegida,demonstration,Pegida,100,NA,0,2,counter-demonstrators,NA
254,01,1528967470Potsdam_article_253,Potsdam,2016-01-11,anti-pegida,demonstration;blockade,NA,200,4,2,1,police dispersal,Nazis raus
255,01,1528967491Potsdam_article_254,Potsdam,2016-01-11,pro-pegida,demonstration,Pogida;Bärgida,220,NA,0,NA,NA,NA
256,01,1528967491Potsdam_article_254,Potsdam,2016-01-11,anti-pegida,demonstration,Antifa,500,4,2,NA,NA,NA
257,01,1528967491Potsdam_article_254,Potsdam,2016-01-11,anti-pegida,demonstration,Bündnis Potsdam bekennt Farbe,NA,0,NA,NA,NA,NA
258,01,1528967512Potsdam_article_255,Potsdam,2016-01-11,anti-pegida,demonstration,Bündnis Potsdam bekennt Farbe,200,NA,0,NA,NA,NA
259,01,1528967512Potsdam_article_255,Potsdam,2016-01-11,pro-pegida,demonstration,Pogida,100,NA,0,NA,NA,NA
260,01,1528970717Potsdam_article_391,Potsdam,2015-01-18,anti-pegida,demonstration,Arbeitskreis Antifa Potsdam;Die Linke,300,NA,NA,NA,NA,NA
261,01,1534410686Regensburg_article_2,Regensburg,2017-09-09,pro-pegida,demonstration,Pegida München,35,0,0,0,NA,NA
262,01,1534410686Regensburg_article_2,Regensburg,2017-09-09,anti-pegida,demonstration,NA,1000,0,0,0,NA,NA
263,01,1534410700Regensburg_article_3,Regensburg,2017-09-09,anti-pegida,demonstration,NA,2000,NA,NA,NA,NA,Nazis raus
264,01,1534410711Regensburg_article_4,Regensburg,2017-09-09,anti-pegida,demonstration;drown,NA,2000,0,NA,NA,NA,Nazis raus;Pegida hau ab;Naziparolen gehören verboten
265,01,1534410711Regensburg_article_4,Regensburg,2017-09-09,pro-pegida,demonstration,Pegida;Der Dritte Weg,NA,NA,NA,NA,NA,NA
266,01,1534410725Regensburg_article_5,Regensburg,2017-09-09,pro-pegida,demonstration,Pegida;Der Dritte Weg;NPD,30,NA,0,NA,NA,NA
267,01,1534410725Regensburg_article_5,Regensburg,2017-09-09,anti-pegida,demonstration;drown,Stadt Regensburg;SPD;Landtag Bayern;Grüne Jugend;Die Grünen;Die Linke;Piratenpartei,2000,3,0,NA,NA,"Nazis raus;Pegida hau ab;Naziparolen gehören verboten;Refugees welcome;Vielfalt statt Ausgrenzung;Wer kein Selbstbewusstsein hat, braucht ein Nationalbewusstsein"
268,01,1530088703Saarbrücken_article_41,Saarbrücken,2015-11-04,anti-pegida,demonstration;minute of silence,Bündnis Bunt statt Braun;SPD;Die Grünen;churches;DGB;Landtag Saarland,1600,NA,0,NA,NA,Bunt statt braun;Nationalismus ist keine Alternative
269,01,1530089639Saarbrücken_article_81,Saarbrücken,2015-01-19,pro-pegida,demonstration,Pegida,NA,NA,NA,NA,NA,NA
270,01,1530089639Saarbrücken_article_81,Saarbrücken,2015-01-19,anti-pegida,demonstration,NA,NA,NA,NA,NA,NA,NA
271,01,1530089870Saarbrücken_article_91,Saarbrücken,2015-01-19,pro-pegida,demonstration,Saargida;NPD,150,NA,NA,NA,NA,NA
272,01,1530089870Saarbrücken_article_91,Saarbrücken,2015-01-19,anti-pegida,demonstration;concert;recital of poetry,Bündnis Bunt statt Braun;Saarländisches Staatsorchester;protestant church;Antifa,1280,NA,NA,NA,NA,NA
273,01,1530089893Saarbrücken_article_92,Saarbrücken,2015-01-19,pro-pegida,demonstration,Saargida,NA,NA,NA,NA,NA,NA
274,01,1530089893Saarbrücken_article_92,Saarbrücken,2015-01-19,anti-pegida,demonstration,Bündnis Bunt statt Braun,NA,NA,NA,NA,NA,NA
275,01,1530089914Saarbrücken_article_93,Saarbrücken,2015-01-19,anti-pegida,demonstration,NA,1000,NA,NA,NA,NA,NA
276,01,1530089914Saarbrücken_article_93,Saarbrücken,2015-01-19,pro-pegida,demonstration,Pegida,100,NA,NA,NA,NA,NA
277,01,1530090191Saarbrücken_article_105,Saarbrücken,2015-01-12,anti-pegida,demonstration,Bündnis Bunt statt Braun;catholic church;protestant church,9000,NA,NA,NA,NA,NA
278,01,1530090191Saarbrücken_article_105,Saarbrücken,2015-01-12,pro-pegida,demonstration,Saargida,300,NA,NA,NA,NA,NA
279,01,1530090215Saarbrücken_article_106,Saarbrücken,2015-01-12,anti-pegida,demonstration,Bündnis Bunt statt Braun;catholic church;protestant church,9000,NA,NA,NA,NA,NA
280,01,1530090215Saarbrücken_article_106,Saarbrücken,2015-01-12,pro-pegida,demonstration,Saargida;NPD;Saarländer gegen Salafisten;hooligans,300,NA,NA,NA,NA,NA
281,01,1530090281Saarbrücken_article_109,Saarbrücken,2015-01-12,anti-pegida,demonstration,NA,9000,NA,NA,NA,NA,NA
282,01,1530090304Saarbrücken_article_110,Saarbrücken,2015-01-12,anti-pegida,demonstration;minute of silence,Bündnis Bunt statt Braun;Regierung Saarland;Landtag Saarland;CDU;SPD;Stadt Saarbrücken;protestant church;Die Linke;DITIB,9000,NA,0,NA,NA,Nein zu Saargida;Gegen Rassismus;Je suis Charlie
283,01,1530090304Saarbrücken_article_110,Saarbrücken,2015-01-12,pro-pegida,demonstration,Saargida;NPD,300,3,2,2,counter-demonstrators;police dispersal,Wir sind das Volk
284,01,1530090304Saarbrücken_article_110,Saarbrücken,2015-01-12,anti-pegida,demonstration,Antifa,50,3,0,2,police dispersal,Scheiß Nazis;Nieder mit Pegida
285,01,1530090328Saarbrücken_article_111,Saarbrücken,2015-01-12,anti-pegida,demonstration,Bündnis Bunt statt Braun;Regierung Saarland;Landtag Saarland;CDU;SPD;Stadt Saarbrücken;protestant church;Die Linke;DITIB,9000,NA,0,NA,NA,Nein zu Saargida;Gegen Rassismus;Je suis Charlie
286,01,1530090328Saarbrücken_article_111,Saarbrücken,2015-01-12,pro-pegida,demonstration,Saargida;NPD,300,3,2,2,counter-demonstrators,Wir sind das Volk
287,01,1530090328Saarbrücken_article_111,Saarbrücken,2015-01-12,anti-pegida,demonstration,Antifa,50,3,0,2,police dispersal,Scheiß Nazis;Nieder mit Pegida
288,01,1530090373Saarbrücken_article_113.html,Saarbrücken,2015-01-12,anti-pegida,demonstration,NA,9000,NA,NA,NA,NA,NA
289,01,1529929746Trier_article_69,Trier,2015-01-26,anti-pegida,demonstration,NA,1000,NA,NA,NA,NA,NA
294,01,1528284767Ulm_article_46,Ulm,2015-02-07,anti-pegida,demonstration,Bündnis gegen Rechts;Die Grünen;Landtag Baden-Württemberg;Bundestag;Stadt Ulm;Rat der Religionen;catholic church;DITIB,200,NA,NA,NA,NA,Miteinander statt gegeneinander;Nie wieder Nazis in der Stadt der Geschwister Scholl
295,01,1528284885Ulm_article_51,Ulm,2015-02-02,anti-pegida,demonstration,left groups,150,0,0,NA,NA,Rassismus ist keine Meinung;No Pegida! Gegen den rassistischen Normalzustand
296,01,1528284930Ulm_article_53,Ulm,2015-02-02,anti-pegida,demonstration,Kollektiv 26,120,0,0,NA,NA,"Rassismus ist keine Meinung;No Pegida;Es gibt kein Recht auf Nazi-Propaganda;Pegida gibt's in dieser Stadt, stay united, macht sie platt"
297,02,1538673530Frankfurt_Main_article_178,Frankfurt am Main,2015-01-05,anti-pegida,demonstration,Antifa,350,2,2,NA,NA,NA
298,02,1538672836Frankfurt_article_153,Frankfurt am Main,2015-01-26,pro-pegida,demonstration,NA,70,NA,0,NA,NA,NA
299,02,1538672836Frankfurt_article_153,Frankfurt am Main,2015-01-26,anti-pegida,demonstration,NA,15000,2,2,NA,NA,NA
300,02,1538672813Frankfurt_article_152,Frankfurt am Main,2015-01-26,pro-pegida,demonstration,Pegida Frankfurt/Rhein-Main,100,NA,0,2,counter-demonstrators,NA
301,02,1538672813Frankfurt_article_152,Frankfurt am Main,2015-01-26,anti-pegida,demonstration;drown;blockade,Antifa,4500,4,2,NA,NA,"Haut, haut ab;Nazis raus;Buh;Verpisst Euch"
302,02,1538672813Frankfurt_article_152,Frankfurt am Main,2015-01-26,anti-pegida,demonstration,Stadt Frankfurt;SPD;CDU;protestant church;Die Grünen;refugees;Rat der Religionen,12000,0,0,NA,NA,NA
303,02,1538672791Frankfurt_article_151,Frankfurt am Main,2015-01-26,pro-pegida,demonstration,Pegida Frankfurt/Rhein-Main,100,NA,0,2,NA,NA
304,02,1538672791Frankfurt_article_151,Frankfurt am Main,2015-01-26,anti-pegida,demonstration,NA,4500,2,2,NA,NA,NA
305,02,1538672791Frankfurt_article_151,Frankfurt am Main,2015-01-26,anti-pegida,demonstration,NA,12000,NA,NA,NA,NA,NA
306,02,1538672695Frankfurt_article_147,Frankfurt am Main,2015-01-26,pro-pegida,demonstration,NA,70,3,0,NA,NA,NA
307,02,1538672695Frankfurt_article_147,Frankfurt am Main,2015-01-26,anti-pegida,demonstration,NA,12000,0,NA,0,NA,NA
308,02,1538672695Frankfurt_article_147,Frankfurt am Main,2015-01-26,anti-pegida,demonstration;blockade,NA,4500,3,2,NA,NA,NA
309,02,1538672592Frankfurt_article_143,Frankfurt am Main,2015-01-26,pro-pegida,demonstration,Pegida Rhein-Main;NPD,120,3,NA,2,NA,NA
310,02,1538672592Frankfurt_article_143,Frankfurt am Main,2015-01-26,anti-pegida,demonstration,NA,4500,4,2,NA,NA,NA
311,02,1538672592Frankfurt_article_143,Frankfurt am Main,2015-01-26,anti-pegida,demonstration,NA,12000,0,NA,0,NA,NA
312,02,1538672522Frankfurt_article_140,Frankfurt am Main,2015-01-26,pro-pegida,demonstration,NPD,120,3,NA,NA,NA,NA
313,02,1538672522Frankfurt_article_140,Frankfurt am Main,2015-01-26,anti-pegida,demonstration;blockade,NA,4000,3,NA,NA,NA,NA
314,02,1538672472Frankfurt_article_138,Frankfurt am Main,2015-02-02,pro-pegida,demonstration,Pegida Frankfurt/Rhein-Main,90,NA,0,NA,NA,NA
315,02,1538672472Frankfurt_article_138,Frankfurt am Main,2015-02-02,anti-pegida,demonstration;drown,Antifa,1200,4,2,NA,NA,Menschenrechte statt rechte Menschen;Halt's Maul
316,02,1538672472Frankfurt_article_138,Frankfurt am Main,2015-02-02,anti-pegida,demonstration,NA,500,2,2,0,NA,NA
317,02,1538672359Frankfurt_article_133,Frankfurt am Main,2015-02-09,pro-pegida,demonstration,NPD,110,NA,0,2,counter-demonstrators,NA
318,02,1538672359Frankfurt_article_133,Frankfurt am Main,2015-02-09,anti-pegida,demonstration;drown,NA,1000,4,2,NA,NA,Es gibt kein Recht auf Nazi-Propaganda
319,02,1538672336Frankfurt_article_132,Frankfurt am Main,2015-02-09,pro-pegida,demonstration,Pegida Frankfurt/Rhein-Main,110,NA,1,NA,NA,NA
320,02,1538672336Frankfurt_article_132,Frankfurt am Main,2015-02-09,anti-pegida,demonstration,NA,960,4,2,NA,NA,NA
321,02,1538672285Frankfurt_article_130,Frankfurt am Main,2015-02-23,pro-pegida,demonstration,Pegida Frankfurt/Rhein-Main,60,3,NA,1,counter-demonstrators,NA
322,02,1538672285Frankfurt_article_130,Frankfurt am Main,2015-02-23,anti-pegida,demonstration;drown;darkening,Jusos;Kritik & Praxis,700,4,2,NA,NA,NA
323,02,1538672261Frankfurt_article_129,Frankfurt am Main,2015-02-23,pro-pegida,demonstration,Pegida Frankfurt/Rhein-Main,60,NA,0,NA,NA,NA
324,02,1538672261Frankfurt_article_129,Frankfurt am Main,2015-02-23,anti-pegida,demonstration,NA,1000,4,2,NA,NA,NA
325,02,1538672238Frankfurt_article_128,Frankfurt am Main,2015-03-02,pro-pegida,demonstration,NA,80,NA,0,NA,NA,NA
326,02,1538672238Frankfurt_article_128,Frankfurt am Main,2015-03-02,anti-pegida,demonstration,Antifa,550,2,2,NA,NA,NA
327,02,1538672057Frankfurt_Main_article_121,Frankfurt am Main,2015-03-23,pro-pegida,demonstration,Freie Bürger für Deutschland,50,NA,0,NA,NA,NA
328,02,1538672057Frankfurt_Main_article_121,Frankfurt am Main,2015-03-23,anti-pegida,demonstration,Anti-Nazi-Koordination,500,2,2,NA,NA,Nazis raus;Mund ist doof
329,02,1538671513Frankfurt_Main_article_98,Frankfurt am Main,2015-05-11,pro-pegida,demonstration,Freie Bürger für Deutschland,30,NA,NA,NA,NA,NA
330,02,1538671513Frankfurt_Main_article_98,Frankfurt am Main,2015-05-11,anti-pegida,demonstration,NA,200,NA,NA,NA,NA,NA
331,02,1538671513Frankfurt_Main_article_98,Frankfurt am Main,2015-05-18,pro-pegida,demonstration,Pegida Frankfurt/Rhein-Main,30,0,0,NA,NA,NA
332,02,1538671513Frankfurt_Main_article_98,Frankfurt am Main,2015-05-18,anti-pegida,demonstration;drown,Antifa,550,0,0,0,NA,NA
333,02,1538671513Frankfurt_Main_article_98,Frankfurt am Main,2015-05-18,anti-pegida,demonstration;blockade,Antifa,300,1,NA,NA,NA,NA
334,02,1538671216Frankfurt_Main_article_86,Frankfurt am Main,2015-06-20,pro-pegida,demonstration,Widerstand Ost/West;hooligans,250,4,2,NA,NA,NA
335,02,1538671216Frankfurt_Main_article_86,Frankfurt am Main,2015-06-20,anti-pegida,demonstration,NA,2000,4,2,NA,NA,NA
336,02,1535536966Leipzig_article_1761,Leipzig,2015-01-12,pro-pegida,demonstration,Legida,2000,NA,0,NA,NA,Wir sind das Volk
337,02,1535536966Leipzig_article_1761,Leipzig,2015-01-12,anti-pegida,demonstration;prayer,local politicians;churches;unions;Stadt Leipzig;SPD,30000,NA,0,NA,NA,Haut ab;Leipzig bleibt bunt;Für eine tolerante Stadt;Rassismus fängt im Kopf an
338,02,1535536812Leipzig_article_1755,Leipzig,2015-01-12,pro-pegida,demonstration,Legida,5000,NA,NA,NA,NA,NA
339,02,1535536812Leipzig_article_1755,Leipzig,2015-01-12,anti-pegida,demonstration,NA,30000,NA,NA,NA,NA,NA
340,02,1535536771Leipzig_article_1753,Leipzig,2015-01-12,pro-pegida,demonstration,Legida,2000,3,2,NA,NA,Wir sind das Volk
341,02,1535536771Leipzig_article_1753,Leipzig,2015-01-12,anti-pegida,demonstration;prayer;concert,Stadt Leipzig;SPD;Antifa;students;churches;political parties;welfare organizations;economic organizations;cultural organizations,30000,3,2,NA,NA,NA
342,02,1535536619Leipzig_article_1746,Leipzig,2015-01-12,pro-pegida,demonstration,Legida,4800,NA,NA,NA,NA,NA
343,02,1535536619Leipzig_article_1746,Leipzig,2015-01-12,anti-pegida,demonstration;drown;darkening,NoLegida,30000,NA,NA,NA,NA,NA
344,02,1535536597Leipzig_article_1745,Leipzig,2015-01-12,pro-pegida,demonstration,Legida,4800,NA,NA,1,counter-demonstrators,NA
345,02,1535536597Leipzig_article_1745,Leipzig,2015-01-12,anti-pegida,demonstration;prayer;blocade,local politicians;churches;unions;Stadt Leipzig;SPD,30000,NA,NA,NA,NA,NA
346,02,1535536472Leipzig_article_1744,Leipzig,2015-01-12,pro-pegida,demonstration,Legida,4800,NA,0,NA,NA,Wir sind das Volk;Ami go home
347,02,1535536472Leipzig_article_1744,Leipzig,2015-01-12,anti-pegida,demonstration;drown;darkening;minute of silence,Stadt Leipzig;SPD;Französisches Generalkonsulat,30000,2,2,NA,NA,"Döner, Falafel, den Rassisten auf die Waffel"
348,02,1535536427Leipzig_article_1742,Leipzig,2015-01-12,pro-pegida,demonstration,Legida,2000,NA,NA,NA,NA,NA
349,02,1535536427Leipzig_article_1742,Leipzig,2015-01-12,anti-pegida,demonstration;prayer;minute of silence,Französisches Generalkonsulat,30000,NA,NA,NA,NA,NA
350,02,1535536316Leipzig_article_1737,Leipzig,2015-01-12,pro-pegida,demonstration,Legida,5700,NA,0,NA,NA,NA
351,02,1535536316Leipzig_article_1737,Leipzig,2015-01-12,anti-pegida,demonstration;prayer,NA,2000,0,NA,0,NA,NA
352,02,1535536316Leipzig_article_1737,Leipzig,2015-01-12,anti-pegida,demonstration,Antifa,NA,2,2,NA,NA,NA
353,02,1535536316Leipzig_article_1737,Leipzig,2015-01-12,anti-pegida,demonstration,Antifa;Schwarzer Block,300,2,2,NA,NA,NA
354,02,1535536316Leipzig_article_1737,Leipzig,2015-01-12,anti-pegida,demonstration,Stadt Leipzig;SPD,35000,NA,NA,NA,NA,NA
355,02,1535536273Leipzig_article_1735,Leipzig,2015-01-12,pro-pegida,demonstration,Legida,4800,NA,0,NA,NA,NA
356,02,1535536273Leipzig_article_1735,Leipzig,2015-01-12,anti-pegida,demonstration;blockade,NA,35000,NA,NA,NA,NA,NA
357,02,1535536273Leipzig_article_1735,Leipzig,2015-01-12,anti-pegida,demonstration;prayer,NA,2000,NA,NA,0,NA,NA
358,02,1535536273Leipzig_article_1735,Leipzig,2015-01-12,anti-pegida,demonstration,Antifa,NA,2,2,NA,NA,NA
359,02,1535536232Leipzig_article_1734,Leipzig,2015-01-12,pro-pegida,demonstration,Legida,4800,0,0,NA,NA,NA
360,02,1535536232Leipzig_article_1734,Leipzig,2015-01-12,anti-pegida,demonstration,Antifa;Schwarzer Block,35000,0,0,NA,NA,"Antifascista;Bier trinkt das Volk;Wer Deutschland liebt, den können wir nur hassen"
361,02,1535536101Leipzig_article_1728,Leipzig,2015-01-12,pro-pegida,demonstration,Legida,2000,NA,NA,NA,NA,NA
362,02,1535536101Leipzig_article_1728,Leipzig,2015-01-12,anti-pegida,demonstration,NA,30000,NA,NA,NA,NA,NA
363,02,1535536080Leipzig_article_1727,Leipzig,2015-01-12,pro-pegida,demonstration,Legida,4800,NA,NA,NA,NA,NA
364,02,1535536080Leipzig_article_1727,Leipzig,2015-01-12,anti-pegida,demonstration,NA,30000,NA,NA,NA,NA,NA
365,02,1535536013Leipzig_article_1724,Leipzig,2015-01-12,pro-pegida,demonstration,Legida,4800,NA,0,NA,NA,Wir sind das Volk
366,02,1535536013Leipzig_article_1724,Leipzig,2015-01-12,anti-pegida,demonstration;prayer,NA,20000,NA,0,NA,NA,Haut ab;Leipzig bleibt bunt;Für eine tolerante Stadt;Rassismus fängt im Kopf an
367,02,1535535856Leipzig_article_1717,Leipzig,2015-01-12,pro-pegida,demonstration,Legida,NA,NA,NA,NA,NA,NA
368,02,1535535856Leipzig_article_1717,Leipzig,2015-01-12,anti-pegida,demonstration;blockade;prayer,Stadt Leipzig;Stadt Grimma;pupils;regional politicians,NA,NA,NA,NA,NA,Haut ab;Vorhaut ab;Angst;Bier trinkt das Volk
369,02,1535535619Leipzig_article_1707,Leipzig,2015-01-12,pro-pegida,demonstration,Legida,4800,NA,NA,NA,NA,NA
370,02,1535535619Leipzig_article_1707,Leipzig,2015-01-12,anti-pegida,demonstration,NoLegida,30000,NA,NA,NA,NA,NA
371,02,1535534950Leipzig_article_1677,Leipzig,2015-01-15,anti-pegida,demonstration,Antifa,600,2,2,NA,NA,NA
372,02,1535534927Leipzig_article_1676,Leipzig,2015-01-15,anti-pegida,demonstration,Antifa,600,2,NA,NA,NA,NA
373,02,1535534862Leipzig_article_1673,Leipzig,2015-01-15,anti-pegida,demonstration,Antifa,600,2,2,NA,NA,"RIP Khaled;Das war Mord;Stoppt Pegida, Antifa"
374,02,1535534862Leipzig_article_1672,Leipzig,2015-01-15,anti-pegida,demonstration,Antifa,600,2,2,NA,NA,NA
375,02,1535534862Leipzig_article_1671,Leipzig,2015-01-15,anti-pegida,demonstration,Antifa,600,2,2,NA,NA,Stoppt Pegida;Antifa;das war Mord
376,02,1535534862Leipzig_article_1670,Leipzig,2015-01-15,anti-pegida,demonstration;vandalism,Antifa,600,2,2,NA,NA,Stoppt Pegida;Antifa;das war Mord
377,02,1535534541Leipzig_article_1663,Leipzig,2015-01-15,anti-pegida,demonstration,Antifa,600,2,2,NA,NA,NA
378,02,1535534357Leipzig_article_1656,Leipzig,2015-01-15,anti-pegida,demonstration,Antifa,600,2,2,NA,NA,das war Mord;Stoppt Pegida;Antifa;Stoppt Deportation
379,02,1535534357Leipzig_article_1655,Leipzig,2015-01-15,anti-pegida,demonstration,Antifa,600,2,2,NA,NA,NA
380,02,1535533869Leipzig_article_1633,Leipzig,2015-01-19,anti-pegida,demonstration,Stadt Leipzig;SPD;church,500,NA,NA,NA,NA,NA
381,02,1535533798Leipzig_article_1630,Leipzig,2015-01-19,anti-pegida,demonstration,NA,5000,NA,NA,NA,NA,NA
382,02,1535533595Leipzig_article_1621,Leipzig,2015-01-19,anti-pegida,demonstration;prayer,Stadt Leipzig;SPD;church;Universität Leipzig,5000,NA,NA,NA,NA,NA
383,02,1535533552Leipzig_article_1619,Leipzig,2015-01-19,anti-pegida,demonstration;prayer,NA,5000,NA,NA,NA,NA,NA
384,02,1535532965Leipzig_article_1594,Leipzig,2015-01-21,pro-pegida,demonstration,Legida,15000,3,0,NA,NA,NA
385,02,1535532965Leipzig_article_1594,Leipzig,2015-01-21,anti-pegida,demonstration,NA,20000,4,2,NA,NA,Nazis raus
386,02,1535532920Leipzig_article_1592,Leipzig,2015-01-21,pro-pegida,demonstration,Legida,15000,NA,NA,NA,NA,NA
387,02,1535532920Leipzig_article_1592,Leipzig,2015-01-21,anti-pegida,demonstration;blockade,NA,20000,NA,NA,NA,NA,Haut ab
388,02,1535532873Leipzig_article_1590,Leipzig,2015-01-21,pro-pegida,demonstration,Legida,13000,NA,0,1,Counter-demonstrators,NA
389,02,1535532873Leipzig_article_1590,Leipzig,2015-01-21,anti-pegida,demonstration;blockade,NA,20000,NA,0,NA,NA,Haut ab
390,02,1535532830Leipzig_article_1588,Leipzig,2015-01-21,pro-pegida,demonstration,Legida,10000,3,0,1,Counter-demonstrators,Wir sind das Volk
391,02,1535532830Leipzig_article_1588,Leipzig,2015-01-21,anti-pegida,demonstration;blockade;darkening,churches;Stadt Leipzig;political parties;unions;students;artists,20000,4,2,NA,NA,Haut ab;Nazis raus
392,02,1535532748Leipzig_article_1585,Leipzig,2015-01-21,pro-pegida,demonstration,Legida,13000,NA,NA,NA,NA,NA
393,02,1535532748Leipzig_article_1585,Leipzig,2015-01-21,anti-pegida,demonstration,NA,2000,NA,NA,NA,NA,NA
394,02,1535532663Leipzig_article_1581,Leipzig,2015-01-21,pro-pegida,demonstration,Legida,10000,NA,NA,NA,NA,NA
395,02,1535532663Leipzig_article_1581,Leipzig,2015-01-21,anti-pegida,demonstration;blockade,NA,2000,NA,NA,1,Counter-demonstrators,NA
396,02,1535532641Leipzig_article_1580,Leipzig,2015-01-21,pro-pegida,demonstration,Legida,15000,NA,NA,NA,NA,NA
397,02,1535532641Leipzig_article_1580,Leipzig,2015-01-21,anti-pegida,demonstration,NA,20000,NA,NA,NA,NA,NA
398,02,1535532617Leipzig_article_1579,Leipzig,2015-01-21,pro-pegida,demonstration,Legida;neonazis;pensioners;middle class,15000,3,NA,0,NA,Wir sind das Volk;Lügenpresse
399,02,1535532617Leipzig_article_1579,Leipzig,2015-01-21,anti-pegida,demonstration,local politicians;churches;societies,20000,4,NA,NA,NA,Nazis raus
400,02,1535532549Leipzig_article_1576,Leipzig,2015-01-21,pro-pegida,demonstration,Legida,15000,NA,NA,NA,NA,NA
401,02,1535532549Leipzig_article_1576,Leipzig,2015-01-21,anti-pegida,demonstration;darkening;blockade,NA,20000,NA,NA,NA,NA,NA
402,02,1535532528Leipzig_article_1575,Leipzig,2015-01-21,pro-pegida,demonstration,Legida,15000,3,0,1,Counter-demonstrators,NA
403,02,1535532528Leipzig_article_1575,Leipzig,2015-01-21,anti-pegida,demonstration;blockade,Bündnis 8. Mai,20000,4,2,NA,NA,NA
404,02,1535532463Leipzig_article_1572,Leipzig,2015-01-21,pro-pegida,demonstration,Legida,10000,3,0,NA,NA,NA
405,02,1535532463Leipzig_article_1572,Leipzig,2015-01-21,anti-pegida,demonstration;blockade,Bündnis 8. Mai,2000,4,2,NA,NA,NA
406,02,1535532209Leipzig_article_1562,Leipzig,2015-01-21,pro-pegida,demonstration,Legida,12000,NA,0,NA,NA,NA
407,02,1535532209Leipzig_article_1562,Leipzig,2015-01-21,anti-pegida,demonstration,Stadt Leipzig;SPD,NA,NA,0,NA,NA,Legida läuft nicht;Nazis raus
408,02,1535532187Leipzig_article_1561,Leipzig,2015-01-21,pro-pegida,demonstration,Legida,15000,3,NA,NA,NA,NA
409,02,1535532187Leipzig_article_1561,Leipzig,2015-01-21,anti-pegida,demonstration,NA,20000,3,NA,NA,NA,Haut ab
410,02,1535532052Leipzig_article_1555,Leipzig,2015-01-21,pro-pegida,demonstration,Legida,15000,3,NA,NA,NA,NA
411,02,1535532052Leipzig_article_1555,Leipzig,2015-01-21,anti-pegida,demonstration,NA,20000,NA,NA,NA,NA,NA
412,02,1535531940Leipzig_article_1550,Leipzig,2015-01-21,pro-pegida,demonstration,Legida,15000,3,NA,NA,NA,NA
413,02,1535531940Leipzig_article_1550,Leipzig,2015-01-21,anti-pegida,demonstration,NA,20000,NA,NA,NA,NA,NA
414,02,1535531817Leipzig_article_1544,Leipzig,2015-01-21,pro-pegida,demonstration,Legida,15000,3,NA,NA,NA,NA
415,02,1535531817Leipzig_article_1544,Leipzig,2015-01-21,anti-pegida,demonstration,NA,20000,NA,NA,NA,NA,NA
416,02,1535531607Leipzig_article_1535,Leipzig,2015-01-21,pro-pegida,demonstration,Legida,15000,3,NA,NA,NA,NA
417,02,1535531607Leipzig_article_1535,Leipzig,2015-01-21,anti-pegida,demonstration,NA,20000,3,NA,NA,NA,NA
418,02,1535531433Leipzig_article_1528,Leipzig,2015-01-21,pro-pegida,demonstration,Legida,10000,NA,NA,NA,NA,NA
419,02,1535531433Leipzig_article_1528,Leipzig,2015-01-21,anti-pegida,demonstration,NA,20000,NA,NA,NA,NA,NA
420,02,1535530859Leipzig_article_1507,Leipzig,2015-01-26,anti-pegida,demonstration,NA,2000,NA,NA,NA,NA,NA
421,02,1535530726Leipzig_article_1501,Leipzig,2015-01-26,anti-pegida,demonstration;candle march,NA,2000,NA,NA,NA,NA,NA
422,02,1535460723Leipzig_article_1451,Leipzig,2015-01-30,pro-pegida,demonstration,Legida,1500,NA,0,NA,NA,NA
423,02,1535460723Leipzig_article_1451,Leipzig,2015-01-30,anti-pegida,demonstration,NoLegida,5000,NA,0,NA,NA,NA
424,02,1535460488Leipzig_article_1441,Leipzig,2015-01-30,pro-pegida,demonstration,Legida,2000,NA,0,NA,NA,NA
425,02,1535460488Leipzig_article_1441,Leipzig,2015-01-30,anti-pegida,demonstration,unions;churches;Courage zeigen,5000,NA,0,NA,NA,NA
426,02,1535460466Leipzig_article_1440,Leipzig,2015-01-30,pro-pegida,demonstration,Legida,NA,NA,0,NA,NA,Volksverräter;Preussenschweine;B. Jung - der neue Sudel-Ede;Wulff und Merkel = Verrat am deutschen Volk
427,02,1535460466Leipzig_article_1440,Leipzig,2015-01-30,anti-pegida,demonstration,NA,NA,NA,0,NA,NA,"Nazis raus;Vielfalt, Toleranz, Offenheit"
428,02,1535460425Leipzig_article_1438,Leipzig,2015-01-30,pro-pegida,demonstration,Legida,1500,NA,0,NA,NA,NA
429,02,1535460425Leipzig_article_1438,Leipzig,2015-01-30,anti-pegida,demonstration;blockade,unions;churches;Courage zeigen,5000,NA,0,NA,NA,NA
430,02,1535460404Leipzig_article_1437,Leipzig,2015-01-30,pro-pegida,demonstration,Legida,1500,NA,0,NA,NA,NA
431,02,1535460404Leipzig_article_1437,Leipzig,2015-01-30,anti-pegida,demonstration;blockade,unions;churches;Courage zeigen;Stadt Leipzig;SPD,5000,2,2,NA,NA,NA
432,02,1535460384Leipzig_article_1436,Leipzig,2015-01-30,pro-pegida,demonstration,Legida,1500,NA,NA,NA,NA,NA
433,02,1535460384Leipzig_article_1436,Leipzig,2015-01-30,anti-pegida,demonstration;blockade,NA,5000,2,2,NA,NA,NA
434,02,1535460323Leipzig_article_1433,Leipzig,2015-01-30,pro-pegida,demonstration,Legida,1500,NA,NA,NA,NA,NA
435,02,1535460323Leipzig_article_1433,Leipzig,2015-01-30,anti-pegida,demonstration,NA,5000,NA,NA,NA,NA,NA
436,NA,1535459399Leipzig_article_1395,Leipzig,2015-02-09,pro-pegida,demonstration,NA,NA,NA,0,NA,NA,NA
438,02,1535459342Leipzig_article_1392,Leipzig,2015-02-09,pro-pegida,spontaneuos demonstration,Legida,100,3,0,2,police dispersal,NA
439,02,1535459342Leipzig_article_1392,Leipzig,2015-02-09,anti-pegida,demonstration,Antifa,NA,3,0,NA,NA,NA
440,02,1535451933Leipzig_article_1375,Leipzig,2015-02-09,pro-pegida,spontaneuos demonstration,Legida;hooligans,150,NA,NA,2,police dispersal,NA
441,02,1535451933Leipzig_article_1375,Leipzig,2015-02-09,anti-pegida,demonstration;blockade,Antifa,NA,NA,2,NA,NA,NA
442,02,1535451865Leipzig_article_1372,Leipzig,2015-02-09,pro-pegida,spontaneuos demonstration,Legida;hooligans,200,4,2,2,police dispersal,NA
443,02,1535451865Leipzig_article_1372,Leipzig,2015-02-09,anti-pegida,demonstration;blockade,Antifa,NA,4,2,NA,NA,NA
444,02,1535455396Leipzig_article_1342,Leipzig,2015-02-16,pro-pegida,demonstration,Legida,650,NA,0,NA,NA,NA
445,02,1535455396Leipzig_article_1342,Leipzig,2015-02-16,anti-pegida,demonstration,NA,2000,NA,0,NA,NA,NA
446,02,1535375082Leipzig_article_1320,Leipzig,2015-02-23,pro-pegida,demonstration,Legida,200,NA,0,NA,NA,NA
447,02,1535375082Leipzig_article_1320,Leipzig,2015-02-23,anti-pegida,demonstration,NA,NA,NA,0,NA,NA,NA
448,02,1535374900Leipzig_article_1312,Leipzig,2015-02-23,pro-pegida,demonstration,Legida,200,NA,NA,NA,NA,NA
449,02,1535374900Leipzig_article_1312,Leipzig,2015-02-23,anti-pegida,demonstration,NA,200,NA,NA,NA,NA,Nazis raus
450,02,1535374613Leipzig_article_1299,Leipzig,2015-03-02,pro-pegida,demonstration,Legida,1000,NA,0,NA,NA,NA
451,02,1535374613Leipzig_article_1299,Leipzig,2015-03-02,anti-pegida,demonstration;drown,NA,1000,NA,0,NA,NA,NA
452,02,1535374581Leipzig_article_1298,Leipzig,2015-03-02,pro-pegida,demonstration,Legida,1000,3,NA,NA,NA,NA
453,02,1535374581Leipzig_article_1298,Leipzig,2015-03-02,anti-pegida,demonstration,NA,1000,3,NA,NA,NA,NA
454,02,1535374429Leipzig_article_1291,Leipzig,2015-03-02,pro-pegida,demonstration,Legida,700,NA,NA,NA,NA,NA
455,02,1535374429Leipzig_article_1291,Leipzig,2015-03-02,anti-pegida,demonstration;blockade,NA,1000,NA,NA,NA,NA,NA
456,02,1535374019Leipzig_article_1274,Leipzig,2015-03-23,pro-pegida,demonstration,Legida,875,NA,NA,NA,NA,NA
457,02,1535374019Leipzig_article_1274,Leipzig,2015-03-23,anti-pegida,demonstration,NoLegida,875,NA,NA,NA,NA,NA
458,02,1535373987Leipzig_article_1273,Leipzig,2015-03-23,pro-pegida,demonstration,Legida,1000,NA,NA,NA,NA,NA
459,02,1535373987Leipzig_article_1273,Leipzig,2015-03-23,anti-pegida,demonstration,NA,1000,NA,NA,NA,NA,NA
460,02,1535373368Leipzig_article_1245,Leipzig,2015-03-30,pro-pegida,demonstration,Legida,600,NA,NA,NA,NA,NA
461,02,1535372741Leipzig_article_1217,Leipzig,2015-04-27,pro-pegida,demonstration,Legida,300,4,2,2,counter-demonstrators;Legida decision,NA
462,02,1535372741Leipzig_article_1217,Leipzig,2015-04-27,anti-pegida,demonstration,Refugees Welcome,450,4,2,NA,NA,NA
463,02,1535372542Leipzig_article_1208,Leipzig,2015-05-04,pro-pegida,demonstration,Legida,300,NA,0,0,NA,NA
464,02,1535372542Leipzig_article_1208,Leipzig,2015-05-04,anti-pegida,demonstration,Leipzig nimmt Platz,600,NA,0,0,NA,NA
465,02,1535361333Leipzig_article_1159,Leipzig,2015-06-17,pro-pegida,demonstration,Legida,400,NA,NA,NA,NA,NA
466,02,1535360948Leipzig_article_1146,Leipzig,2015-07-06,pro-pegida,demonstration,Legida;Pegida,800,3,0,0,NA,Freiheit für Deutschland;Volksentscheid Nato - Asylrecht - EU;Rettet Europa vor der EU
467,02,1535360948Leipzig_article_1146,Leipzig,2015-07-06,anti-pegida,demonstration;drown,NA,800,3,0,0,NA,NA
468,02,1535360926Leipzig_article_1145,Leipzig,2015-07-06,pro-pegida,demonstration,Legida;Pegida,800,NA,NA,NA,NA,NA
469,02,1535360926Leipzig_article_1145,Leipzig,2015-07-06,anti-pegida,demonstration,NA,800,NA,NA,NA,NA,NA
470,02,1535360412Leipzig_article_1122,Leipzig,2015-08-03,pro-pegida,demonstration,Legida;Pegida,600,NA,0,0,NA,NA
471,02,1535360412Leipzig_article_1122,Leipzig,2015-08-03,anti-pegida,demonstration,NA,1000,3,0,NA,NA,NA
472,02,1535359885Leipzig_article_1102,Leipzig,2015-08-31,pro-pegida,demonstration,Legida,600,NA,2,1,counter-demonstrators,NA
473,02,1535359885Leipzig_article_1102,Leipzig,2015-08-31,anti-pegida,demonstration;blockade;prayer;drown,Willkommen in Leipzig - eine weltoffene Stadt der Vielfalt;Leipzig nimmt Platz;DGB;Stadt Leipzig;SPD;Regierung Sachsen,3000,4,2,NA,NA,Nie wieder Deutschland
474,02,1535359820Leipzig_article_1099,Leipzig,2015-08-31,pro-pegida,demonstration,NA,600,NA,NA,2,counter-demonstrators,NA
475,02,1535359820Leipzig_article_1099,Leipzig,2015-08-31,anti-pegida,demonstration;blockade,NA,3000,NA,NA,NA,NA,NA
476,02,1535359798Leipzig_article_1098,Leipzig,2015-09-07,pro-pegida,demonstration,Legida,500,NA,0,1,NA,NA
477,02,1535359798Leipzig_article_1098,Leipzig,2015-09-07,anti-pegida,demonstration;blockade;drown,Leipzig nimmt Platz;NoLegida,1100,NA,2,NA,NA,Nazis raus;Nationalismus raus aus den Köpfen
478,02,1535359798Leipzig_article_1098,Leipzig,2015-09-07,anti-pegida,demonstration,NA,400,NA,NA,0,NA,NA
479,02,1535359472Leipzig_article_1088,Leipzig,2015-09-21,pro-pegida,demonstration,Legida,700,0,0,NA,NA,NA
480,02,1535359472Leipzig_article_1088,Leipzig,2015-09-21,anti-pegida,demonstration,NA,1500,0,0,NA,NA,NA
481,02,1535358154Leipzig_article_1051,Leipzig,2015-10-05,pro-pegida,demonstration,Legida,600,0,0,NA,NA,NA
482,02,1535358154Leipzig_article_1051,Leipzig,2015-10-05,anti-pegida,demonstration,Die Grünen,NA,0,0,NA,NA,NA
483,NA,1535357305Leipzig_article_1017,Leipzig,2015-09-26,pro-pegida,demonstration,Offensive für Deutschland;neonazis;hooligans,350,NA,NA,NA,NA,NA
484,NA,1535357305Leipzig_article_1017,Leipzig,2015-09-26,anti-pegida,demonstration,NA,2000,2,NA,NA,NA,NA
485,02,1535122288Leipzig_article_856,Leipzig,2015-12-07,pro-pegida,demonstration,Legida,300,NA,NA,NA,NA,NA
486,02,1535122097Leipzig_article_848,Leipzig,2015-12-13,pro-pegida,demonstration,Die Rechte;Offensive für Deutschland;Thügida,150,NA,0,NA,NA,NA
487,02,1535122097Leipzig_article_848,Leipzig,2015-12-13,anti-pegida,demonstration;blockade,Antifa,200,4,2,NA,NA,NA
488,02,1535122097Leipzig_article_848,Leipzig,2015-12-13,anti-pegida,demonstration,Leipzig nimmt Platz,NA,0,2,NA,NA,NA
489,02,1535120138Leipzig_article_764,Leipzig,2016-01-04,pro-pegida,demonstration,Legida,300,0,0,0,NA,NA
490,02,1535120138Leipzig_article_764,Leipzig,2016-01-04,anti-pegida,demonstration,Leipzig nimmt Platz,400,0,0,NA,NA,NA
491,02,1535119734Leipzig_article_746,Leipzig,2016-01-11,pro-pegida,demonstration,Legida;Pegida,1500,3,2,NA,NA,NA
492,02,1535119734Leipzig_article_746,Leipzig,2016-01-11,anti-pegida,demonstration;chain of light;prayer,politicians;churches,5000,3,2,NA,NA,NA
493,02,1535119711Leipzig_article_745,Leipzig,2016-01-11,pro-pegida,demonstration,Legida;Pegida,1500,NA,0,NA,NA,NA
494,02,1535119711Leipzig_article_745,Leipzig,2016-01-11,pro-pegida,demonstration,hooligans,250,1,NA,NA,NA,NA
495,02,1535119711Leipzig_article_745,Leipzig,2016-01-11,anti-pegida,demonstration;chain of light,Stadt Leipzig;SPD;Die Grünen;Die Linke;unions;cultural associations,2800,NA,0,NA,NA,NA
496,02,1535119690Leipzig_article_744,Leipzig,2016-01-11,pro-pegida,demonstration,Legida,2000,0,0,NA,NA,NA
497,02,1535119690Leipzig_article_744,Leipzig,2016-01-11,pro-pegida,demonstration,hooligans,250,1,2,NA,NA,NA
498,02,1535119690Leipzig_article_744,Leipzig,2016-01-11,anti-pegida,demonstration,NA,2000,0,0,NA,NA,NA
499,02,1535119623Leipzig_article_741,Leipzig,2016-01-11,pro-pegida,demonstration,Legida;Pegida,2500,NA,0,NA,NA,Wir sind das Volk;Merkel muss weg
500,02,1535119623Leipzig_article_741,Leipzig,2016-01-11,pro-pegida,demonstration;vandalism,hooligans,250,3,2,2,police engagement,NA
501,02,1535119623Leipzig_article_741,Leipzig,2016-01-11,anti-pegida,demonstration;prayer;chain of light;drown;concert,Stadt Leipzig;SPD;churches,2500,NA,0,0,NA,NA
502,02,1535119535Leipzig_article_737,Leipzig,2016-01-11,pro-pegida,demonstration,Legida;Pegida,200,NA,0,NA,NA,NA
503,02,1535119535Leipzig_article_737,Leipzig,2016-01-11,anti-pegida,demonstration;chain of light,NA,NA,NA,0,NA,NA,NA
504,02,1535119512Leipzig_article_736,Leipzig,2016-01-11,pro-pegida,demonstration,Legida;Pegida,3000,NA,0,NA,NA,NA
505,02,1535119512Leipzig_article_736,Leipzig,2016-01-11,pro-pegida,demonstration;vandalism,hooligans,250,1,2,2,police engagement,NA
506,02,1535119512Leipzig_article_736,Leipzig,2016-01-11,anti-pegida,demonstration;chain of light,NA,NA,NA,0,NA,NA,NA
507,02,1535119444Leipzig_article_733,Leipzig,2016-01-11,pro-pegida,demonstration,Legida;Pegida,2500,NA,0,NA,NA,NA
508,02,1535119444Leipzig_article_733,Leipzig,2016-01-11,pro-pegida,demonstration;vandalism,hooligans,250,1,2,2,police engagement,NA
509,02,1535119444Leipzig_article_733,Leipzig,2016-01-11,anti-pegida,demonstration;chain of light;prayer,Regierung Sachsen;Stadt Leipzig;SPD;Die Grünen;Die Linke;unions;cultural associations,2300,NA,0,NA,NA,NA
510,02,1535119190Leipzig_article_722,Leipzig,2016-01-11,pro-pegida,demonstration,Legida;Pegida,NA,NA,NA,NA,NA,NA
511,02,1535119190Leipzig_article_722,Leipzig,2016-01-11,anti-pegida,demonstration;prayer;chain of light,Stadt Leipzig;SPD;churches;CDU;Regierung Sachsen,1000,NA,NA,0,NA,NA
512,02,1535119190Leipzig_article_722,Leipzig,2016-01-11,anti-pegida,demonstration,Legida? Läuft nicht,300,NA,NA,NA,NA,NA
513,02,1535119120Leipzig_article_719,Leipzig,2016-01-11,pro-pegida,demonstration,Legida;Pegida;NPD,3400,0,0,2,rain,NA
514,02,1535119120Leipzig_article_719,Leipzig,2016-01-11,pro-pegida,demonstration;vandalism,hooligans,NA,1,2,2,police engagement,NA
515,02,1535119120Leipzig_article_719,Leipzig,2016-01-11,anti-pegida,demonstration,NA,NA,0,0,NA,NA,NA
516,02,1535119073Leipzig_article_717,Leipzig,2016-01-11,pro-pegida,demonstration,Legida;Pegida,1500,NA,0,NA,NA,NA
517,02,1535119073Leipzig_article_717,Leipzig,2016-01-11,pro-pegida,demonstration;vandalism,hooligans,250,1,NA,NA,NA,NA
518,02,1535119073Leipzig_article_717,Leipzig,2016-01-11,anti-pegida,demonstration;prayer;chain of light,politicians;unions;economic associations;cultural associations;SPD;Die Grünen;Die Linke,2300,NA,0,NA,NA,NA
519,02,1535119052Leipzig_article_716,Leipzig,2016-01-11,pro-pegida,demonstration,Legida;Pegida,2000,NA,0,NA,NA,NA
520,02,1535119052Leipzig_article_716,Leipzig,2016-01-11,pro-pegida,demonstration;vandalism,hooligans,250,1,2,2,police engagement,NA
521,02,1535119052Leipzig_article_716,Leipzig,2016-01-11,anti-pegida,demonstration;chain of light,Regierung Sachsen;Stadt Leipzig;SPD;Die Grünen;Die Linke,200,NA,0,NA,NA,NA
522,02,1535119008Leipzig_article_714,Leipzig,2016-01-11,pro-pegida,demonstration,Legida;Pegida;NPD,3000,NA,0,NA,NA,Merkel muss weg
523,02,1535119008Leipzig_article_714,Leipzig,2016-01-11,pro-pegida,demonstration;vandalism,hooligans;right-wing extremists,200,1,NA,NA,NA,NA
524,02,1535119008Leipzig_article_714,Leipzig,2016-01-11,anti-pegida,demonstration;chain of light,Stadt Leipzig;SPD;Die Grünen;Die Linke,2000,NA,0,NA,NA,NA
525,02,1535118985Leipzig_article_713,Leipzig,2016-01-11,pro-pegida,demonstration,Legida;Pegida,3400,NA,0,NA,NA,NA
526,02,1535118985Leipzig_article_713,Leipzig,2016-01-11,pro-pegida,demonstration;vandalism,hooligans,250,1,2,2,police engagement,NA
527,02,1535118985Leipzig_article_713,Leipzig,2016-01-11,anti-pegida,demonstration;chain of light,Stadt Leipzig;SPD;Regierung Sachsen,2500,NA,0,NA,NA,NA
528,02,1535118985Leipzig_article_713,Leipzig,2016-01-11,anti-pegida,demonstration;vandalism,Antifa,NA,1,NA,NA,NA,NA
529,02,1535118960Leipzig_article_712,Leipzig,2016-01-11,pro-pegida,demonstration,Legida;Pegida,NA,NA,NA,NA,NA,NA
530,02,1535118960Leipzig_article_712,Leipzig,2016-01-11,pro-pegida,demonstration;vandalism,hooligans,200,2,2,2,police engagement,NA
531,02,1535118939Leipzig_article_711,Leipzig,2016-01-11,pro-pegida,demonstration,Legida;Pegida,NA,0,NA,NA,NA,NA
532,02,1535118939Leipzig_article_711,Leipzig,2016-01-11,pro-pegida,demonstration;vandalism,hooligans,200,2,2,2,police engagement,NA
533,02,1535118792Leipzig_article_705,Leipzig,2016-01-11,pro-pegida,demonstration,Legida;Pegida,NA,NA,NA,NA,NA,NA
534,02,1535118792Leipzig_article_705,Leipzig,2016-01-11,pro-pegida,demonstration;vandalism,hooligans,250,1,2,2,police engagement,NA
535,02,1535118792Leipzig_article_705,Leipzig,2016-01-11,anti-pegida,demonstration;vandalism,Antifa,NA,4,NA,NA,NA,NA
536,02,1535118768Leipzig_article_704,Leipzig,2016-01-11,pro-pegida,demonstration;vandalism,Legida;Pegida;hooligans;right-wing extremists,NA,1,2,NA,NA,NA
537,02,1535118768Leipzig_article_704,Leipzig,2016-01-11,anti-pegida,demonstration;chain of light,NA,NA,NA,0,NA,NA,NA
538,02,1535118745Leipzig_article_703,Leipzig,2016-01-11,pro-pegida,demonstration,Legida,NA,0,NA,NA,NA,NA
539,02,1535118745Leipzig_article_703,Leipzig,2016-01-11,pro-pegida,demonstration;vandalism,right-wing extremists,250,1,NA,NA,NA,NA
540,02,1535118745Leipzig_article_703,Leipzig,2016-01-11,anti-pegida,demonstration,NA,NA,0,NA,NA,NA,NA
541,02,1535118721Leipzig_article_702,Leipzig,2016-01-11,pro-pegida,demonstration,Legida;Pegida,3400,3,0,NA,NA,NA
542,02,1535118721Leipzig_article_702,Leipzig,2016-01-11,pro-pegida,demonstration;vandalism,hooligans;right-wing extremists,250,1,2,NA,NA,NA
543,02,1535118721Leipzig_article_702,Leipzig,2016-01-11,anti-pegida,demonstration;chain of light,NA,3400,NA,0,NA,NA,NA
544,02,1535118721Leipzig_article_702,Leipzig,2016-01-11,anti-pegida,demonstration;vandalism,Antifa,NA,1,NA,NA,NA,NA
545,02,1535118545Leipzig_article_694,Leipzig,2016-01-11,pro-pegida,demonstration,Legida;Pegida,NA,NA,NA,NA,NA,NA
546,02,1535118545Leipzig_article_694,Leipzig,2016-01-11,pro-pegida,demonstration;vandalism,hooligans;right-wing extremists,211,1,2,NA,NA,NA
547,02,1535118501Leipzig_article_692,Leipzig,2016-01-11,pro-pegida,demonstration,Legida,3000,NA,0,NA,NA,NA
548,02,1535118501Leipzig_article_692,Leipzig,2016-01-11,pro-pegida,demonstration;vandalism,hooligans;right-wing extremists;autonomous nationalists,211,1,2,NA,NA,NA
549,02,1535118501Leipzig_article_692,Leipzig,2016-01-11,anti-pegida,demonstration,NA,2000,NA,0,NA,NA,NA
550,02,1535116726Leipzig_article_626,Leipzig,2016-02-01,pro-pegida,demonstration,Legida,700,3,0,NA,NA,Schützt unsere Kinder und Frauen;Deutsche Volksherrschaft Pegida
551,02,1535116726Leipzig_article_626,Leipzig,2016-02-01,anti-pegida,demonstration;drown,NA,1000,3,NA,NA,NA,Nazis raus;Nie wieder Deutschland
552,02,1535115010Leipzig_article_554,Leipzig,2016-03-07,pro-pegida,demonstration,Legida;Pegida,800,NA,NA,NA,NA,Festung Europa - macht die Grenzen dicht
553,02,1535115010Leipzig_article_554,Leipzig,2016-03-07,anti-pegida,demonstration,NA,1500,NA,NA,NA,NA,NA
554,02,1535114989Leipzig_article_553,Leipzig,2016-03-07,pro-pegida,demonstration,Legida;Pegida,800,3,NA,NA,NA,NA
555,02,1535114989Leipzig_article_553,Leipzig,2016-03-07,anti-pegida,demonstration,NoLegida;Leipzig nimmt Platz,1200,NA,NA,NA,NA,NA
556,02,1535114989Leipzig_article_553,Leipzig,2016-03-07,anti-pegida,demonstration,Global Space Odyssey,500,NA,NA,NA,NA,NA
557,02,1535114858Leipzig_article_547,Leipzig,2016-03-07,pro-pegida,demonstration,Legida;Pegida,800,3,NA,0,NA,NA
558,02,1535114858Leipzig_article_547,Leipzig,2016-03-07,anti-pegida,demonstration,SPD;Die Grünen;Die Linke;Bundestag,700,NA,0,0,NA,NA
559,02,1535114858Leipzig_article_547,Leipzig,2016-03-07,anti-pegida,demonstration,Global Space Odyssey,500,NA,0,0,NA,NA
560,02,1535113873Leipzig_article_503,Leipzig,2016-04-04,pro-pegida,demonstration,Legida;Thügida,555,NA,0,0,NA,NA
561,02,1535113873Leipzig_article_503,Leipzig,2016-04-04,anti-pegida,demonstration;chain of light,Leipzig nimmt Platz;Global Space Odyssey;Antifa,1300,NA,0,0,NA,NA
562,02,1535110415Leipzig_article_423,Leipzig,2016-06-06,pro-pegida,demonstration,Legida,400,0,0,0,NA,NA
563,02,1535110415Leipzig_article_423,Leipzig,2016-06-06,anti-pegida,demonstration;drown,NA,500,0,0,0,NA,NA
564,02,1535110415Leipzig_article_423,Leipzig,2016-06-06,anti-pegida,demonstration,NA,150,0,0,0,NA,NA
565,02,1535109577Leipzig_article_386,Leipzig,2016-07-09,pro-pegida,demonstration,Legida,140,0,0,0,NA,NA
566,02,1535109577Leipzig_article_386,Leipzig,2016-07-09,anti-pegida,demonstration,NA,100,0,0,0,NA,"Wir sind keine Hooligans, wir sind Biene-Maja-Fans"
567,02,1535108695Leipzig_article_346,Leipzig,2016-09-05,pro-pegida,demonstration,Legida,200,0,0,2,lack of attendance;counter-demonstrators,NA
568,02,1535108695Leipzig_article_346,Leipzig,2016-09-05,anti-pegida,demonstration,Leipzig nimmt Platz;Antifa,200,3,0,NA,NA,NA
569,02,1535105122Leipzig_article_195,Leipzig,2017-01-09,pro-pegida,demonstration,Legida,400,NA,0,NA,NA,NA
570,02,1535105122Leipzig_article_195,Leipzig,2017-01-09,anti-pegida,demonstration,NA,2000,NA,0,NA,NA,NA
571,02,1528875550Cottbus_article_93,Cottbus,2015-02-11,pro-pegida,demonstration,Cogida,300,NA,NA,NA,NA,NA
572,02,1528875550Cottbus_article_93,Cottbus,2015-02-11,anti-pegida,demonstration,NA,350,NA,NA,NA,NA,NA
573,02,1528875425Cottbus_article_92,Cottbus,2015-02-11,pro-pegida,demonstration,Cogida;Hoygida;NPD,300,NA,NA,NA,NA,NA
574,02,1528805428Cottbus_article_19,Cottbus,2017-06-27,pro-pegida,demonstration,Zukunft Heimat;Pegida;AfD,400,0,0,NA,NA,"Wer Deutschland nicht liebt, soll Deutschland verlassen;Bürger, lasst das Glotzen sein, kommt herunter, reiht Euch ein"
575,02,1528805428Cottbus_article_19,Cottbus,2017-06-27,anti-pegida,demonstration,Cottbus Nazifrei;Cottbuser Aufbruch;Stadt Cottbus;churches;students;families,400,0,0,NA,NA,NA
576,02,1528805338Cottbus_article_15,Cottbus,2017-08-15,pro-pegida,demonstration,Zukunft Heimat,150,NA,NA,NA,NA,NA
577,04,1539377874Würzburg_article_289,Würzburg,2014-12-01,pro-pegida,demonstration,Pegida,25,0,0,2,blockade by counter-demonstrants,Bleiberecht ist kein Einwanderungsrecht - Stoppt die staatliche Rechtsbeugung
578,04,1539377874Würzburg_article_289,Würzburg,2014-12-01,anti-pegida,demonstration;blockade,DGB;catholic church,250,0,0,NA,NA,NA
579,04,1539377801Würzburg_article_286,Würzburg,2014-12-01,pro-pegida,demonstration,Pegida,25,NA,NA,2,blockade by counter-demonstrants,NA
580,04,1539377801Würzburg_article_286,Würzburg,2014-12-01,anti-pegida,demonstration;blockade,NA,250,NA,NA,NA,NA,NA
581,04,1539377607Würzburg_article_278,Würzburg,2014-12-08,pro-pegida,demonstration,Pegida activists,40,NA,0,1,drowning by counter-demonstrants,"Unser Land, unsere Werte;Stoppt den Missbrauch des Asylrechts"
582,04,1539377607Würzburg_article_278,Würzburg,2014-12-08,anti-pegida,demonstration,unions;religious groups;parties;initiatives,400,0,0,0,NA,NA
583,04,1539377607Würzburg_article_278,Würzburg,2014-12-08,anti-pegida,demonstration;drowning,Antifa,NA,NA,0,NA,NA,Nazis raus aus unserer Stadt;Es gibt kein Recht auf Nazi-Propaganda
584,04,1539377558Würzburg_article_276,Würzburg,2014-12-08,pro-pegida,demonstration,Pegida,NA,NA,0,1,drowning and blockade by counter-demonstrants,NA
585,04,1539377558Würzburg_article_276,Würzburg,2014-12-08,anti-pegida,demonstration,catholic church,400,NA,0,0,NA,NA
586,04,1539377558Würzburg_article_276,Würzburg,2014-12-08,anti-pegida,demonstration;blockade;drowning,NA,200,NA,0,NA,NA,NA
589,NA,1539377182Würzburg_article_260,Würzburg,2014-12-08,anti-pegida,demonstration;drowning,Antifa,300,NA,1,NA,NA,Nazis raus
590,04,1539377110Würzburg_article_257,Würzburg,2014-12-08,pro-pegida,demonstration,Bagida,40,NA,0,NA,NA,Wir sind das Volk
591,04,1539377110Würzburg_article_257,Würzburg,2014-12-08,anti-pegida,demonstration,NA,200,NA,0,NA,NA,NA
592,04,1539377087Würzburg_article_256,Würzburg,2014-12-08,pro-pegida,demonstration,Bagida,40,NA,0,NA,NA,NA
593,04,1539377087Würzburg_article_256,Würzburg,2014-12-08,anti-pegida,demonstration,NA,200,NA,0,NA,NA,NA
594,04,1539377087Würzburg_article_256,Würzburg,2014-12-08,anti-pegida,demonstration,catholic church,400,0,0,NA,NA,NA
595,04,1539376648Würzburg_article_251,Würzburg,2014-12-15,pro-pegida,demonstration,Bagida,100,NA,NA,NA,NA,NA
596,04,1539376622Würzburg_article_250,Würzburg,2014-12-15,pro-pegida,demonstration,Pegida,100,3,NA,NA,NA,NA
597,04,1539376622Würzburg_article_250,Würzburg,2014-12-15,anti-pegida,demonstration,NA,NA,3,NA,NA,NA,NA
598,04,1539376599Würzburg_article_249,Würzburg,2014-12-15,pro-pegida,demonstration,Pegida,100,NA,NA,NA,NA,NA
599,04,1539376574Würzburg_article_248,Würzburg,2014-12-15,anti-pegida,demonstration,Antifa,NA,2,2,NA,NA,NA
600,04,1539376389Würzburg_article_240,Würzburg,2014-12-22,pro-pegida,demonstration,Pegida,NA,NA,NA,NA,NA,NA
601,04,1539376389Würzburg_article_240,Würzburg,2014-12-22,anti-pegida,peace prayer,churches,NA,NA,NA,NA,NA,NA
602,04,1539376364Würzburg_article_239,Würzburg,2014-12-22,pro-pegida,demonstration,Pegida,NA,NA,NA,NA,NA,NA
603,04,1539376364Würzburg_article_239,Würzburg,2014-12-22,anti-pegida,demonstration;blockade,NA,NA,NA,NA,NA,NA,NA
604,04,1539376340Würzburg_article_238,Würzburg,2014-12-22,anti-pegida,demonstration,NA,700,NA,NA,NA,NA,NA
605,04,1539376295Würzburg_article_236,Würzburg,2014-12-22,pro-pegida,demonstration,Pegida,200,NA,0,1,drowning by counter-demonstrants,"Unser Land, unsere Rente;Stoppt die Islamisierung Europas;Wir sind das Volk"
606,04,1539376295Würzburg_article_236,Würzburg,2014-12-22,anti-pegida,demonstration;drowning,NA,600,1,1,0,NA,Nazis raus
607,04,1539376295Würzburg_article_236,Würzburg,2014-12-22,anti-pegida,peace prayer,NA,400,0,NA,0,NA,NA
608,04,1539376270Würzburg_article_235,Würzburg,2014-12-22,pro-pegida,demonstration,Wügida,NA,0,0,0,NA,NA
609,04,1539376270Würzburg_article_235,Würzburg,2014-12-22,anti-pegida,demonstration,NA,NA,3,1,NA,NA,NA
610,04,1539375870Würzburg_article_227,Würzburg,2014-12-22,pro-pegida,demonstration,Pegida,200,NA,NA,NA,NA,NA
611,04,1539375870Würzburg_article_227,Würzburg,2014-12-22,anti-pegida,demonstration,NA,1000,NA,NA,NA,NA,NA
612,04,1539375870Würzburg_article_227,Würzburg,2014-12-01,pro-pegida,demonstration,Pegida,NA,NA,NA,NA,NA,NA
613,04,1539375870Würzburg_article_227,Würzburg,2014-12-01,anti-pegida,demonstration,NA,NA,NA,NA,NA,NA,NA
614,04,1539375798Würzburg_article_224,Würzburg,2015-01-05,pro-pegida,demonstration,Pegida,300,NA,NA,NA,NA,NA
615,04,1539375798Würzburg_article_224,Würzburg,2015-01-05,anti-pegida,demonstration,NA,1400,NA,NA,NA,NA,NA
616,04,1539365740Würzburg_article_211,Würzburg,2015-01-05,pro-pegida,demonstration,Pegida,300,NA,NA,NA,NA,NA
617,04,1539365740Würzburg_article_211,Würzburg,2015-01-05,anti-pegida,demonstration,NA,1400,NA,NA,NA,NA,NA
618,04,1539365310Würzburg_article_206,Würzburg,2015-01-05,pro-pegida,demonstration,Pegida,300,NA,NA,NA,NA,NA
619,04,1539365310Würzburg_article_206,Würzburg,2015-01-05,anti-pegida,demonstration,NA,1400,NA,NA,NA,NA,NA
620,04,1539365262Würzburg_article_204,Würzburg,2015-01-05,pro-pegida,demonstration,Pegida,250,3,2,NA,NA,Lügenpresse;Lügenpolitiker
621,04,1539365262Würzburg_article_204,Würzburg,2015-01-05,anti-pegida,demonstration;darkening,university;left groups,1500,2,2,NA,NA,NA
622,04,1539365237Würzburg_article_203,Würzburg,2015-01-05,pro-pegida,demonstration,Wügida,275,3,2,0,NA,"Merkel muss weg. Merkel = Asylmissbrauch, Islamismus, Kriminalität;Lügenpresse, Lügenpresse...;Wir sind das Volk"
623,04,1539365237Würzburg_article_203,Würzburg,2015-01-05,anti-pegida,demonstration;darkening,university,1600,NA,NA,0,NA,NA
624,04,1539365237Würzburg_article_203,Würzburg,2015-01-05,anti-pegida,demonstration;blockade,left groups;NoWügida,30,2,1,NA,NA,NA
625,04,1539365237Würzburg_article_203,Würzburg,2015-01-05,anti-pegida,demonstration;drowning,NA,700,1,2,NA,NA,NA
626,04,1539364874Würzburg_article_196,Würzburg,2015-01-12,anti-pegida,demonstration,Stadt Würzburg,1200,NA,NA,NA,NA,NA
627,04,1539364849Würzburg_article_195,Würzburg,2015-01-12,anti-pegida,demonstration,NA,NA,NA,NA,NA,NA,NA
628,04,1539364699Würzburg_article_193,Würzburg,2015-01-12,pro-pegida,demonstration,Pegida,250,0,0,NA,NA,"Unser Land, unsere Werte;Lügenpresse;Je suis Charlie"
629,04,1539364699Würzburg_article_193,Würzburg,2015-01-12,anti-pegida,demonstration;darkening;drowning,Stadt Würzburg;Würzburger Montagsspaziergang,1350,0,0,NA,NA,Nazis raus
630,04,1539364649Würzburg_article_191,Würzburg,2015-01-12,pro-pegida,demonstration,Wügida,325,NA,NA,NA,NA,Wir wollen nicht mehr Opfer sein;Glaubt den Medien nichts;Politiker sind Verbrecher in Nadelstreifen;Deutsches Steuergeld für Landsleute;Freiheit und Demokratie statt Islam;79 300 Euro für jeden Flüchtling
631,04,1539364649Würzburg_article_191,Würzburg,2015-01-12,anti-pegida,demonstration;darkening,university,1600,NA,NA,NA,NA,Haut ab;Nazis raus;Es gibt kein Recht auf Nazi-Propaganda
632,04,1539364363Würzburg_article_184,Würzburg,2015-01-12,pro-pegida,demonstration,Wügida;hooligans,250,NA,NA,NA,NA,NA
633,04,1539364363Würzburg_article_184,Würzburg,2015-01-05,pro-pegida,demonstration,Wügida;right-wing extremists,NA,NA,NA,NA,NA,NA
634,04,1539363997Würzburg_article_177,Würzburg,2015-01-19,pro-pegida,demonstration,Wügida,300,NA,NA,NA,NA,NA
635,04,1539363997Würzburg_article_177,Würzburg,2015-01-19,anti-pegida,demonstration,Die Linke;Die Grünen;SPD;CSU;unions,1350,NA,NA,0,NA,NA
636,04,1539363997Würzburg_article_177,Würzburg,2015-01-19,anti-pegida,peace prayer,NA,150,NA,NA,NA,NA,NA
637,04,1539363929Würzburg_article_174,Würzburg,2015-01-12,pro-pegida,demonstration,Pegida;hooligans;right-wing extremists,NA,3,NA,NA,NA,NA
638,04,1539363929Würzburg_article_174,Würzburg,2015-01-12,anti-pegida,demonstration,NA,NA,3,NA,NA,NA,NA
639,04,1539363905Würzburg_article_173,Würzburg,2015-01-19,pro-pegida,demonstration,Wügida;right-wing extremists,NA,NA,NA,NA,NA,NA
640,04,1539363834Würzburg_article_170,Würzburg,2015-01-26,pro-pegida,demonstration,Pegida,120,NA,NA,NA,NA,NA
641,04,1539363834Würzburg_article_170,Würzburg,2015-01-26,anti-pegida,demonstration,NA,800,NA,NA,NA,NA,NA
642,04,1539363812Würzburg_article_169,Würzburg,2015-01-26,pro-pegida,demonstration,Wügida,120,NA,0,NA,NA,Wir sind das Volk;Lügenpresse
643,04,1539363812Würzburg_article_169,Würzburg,2015-01-26,anti-pegida,demonstration;drowning,SPD,900,NA,0,NA,NA,NA
644,04,1539363587Würzburg_article_160,Würzburg,2015-01-26,pro-pegida,demonstration,Wügida;right-wing extremists,120,NA,0,1,drowning by counter-demonstrants,Lügenpresse;Wir sind das Volk
645,04,1539363587Würzburg_article_160,Würzburg,2015-01-26,anti-pegida,demonstration;drowning;darkening,university;catholic church,800,NA,0,NA,NA,NA
646,04,1539363562Würzburg_article_159,Würzburg,2015-01-26,pro-pegida,demonstration,Wügida,120,NA,NA,NA,NA,Wir kommen wieder;Wir sind das Volk
647,04,1539363495Würzburg_article_156,Würzburg,2015-02-02,anti-pegida,demonstration,NA,NA,NA,NA,NA,NA,NA
648,04,1539363472Würzburg_article_155,Würzburg,2015-02-02,pro-pegida,demonstration,Wügida,120,NA,0,NA,NA,Politiker sind Verbrecher in Nadelstreifen;Der Islam will Weltherrschaft;Wir sind das Volk
649,04,1539363472Würzburg_article_155,Würzburg,2015-02-02,anti-pegida,demonstration,Schweinfurt ist bunt;DGB;protestant church,500,NA,0,NA,NA,NA
650,04,1539363425Würzburg_article_153,Würzburg,2015-02-02,pro-pegida,demonstration,Wügida,NA,NA,NA,NA,NA,NA
651,04,1539363252Würzburg_article_150,Würzburg,2015-02-09,pro-pegida,demonstration,Wügida;Pegida,100,NA,0,NA,NA,Verbrecher in Nadelstreifen;Die Medien lügen
652,04,1539363252Würzburg_article_150,Würzburg,2015-02-09,anti-pegida,demonstration,DGB,350,NA,0,NA,NA,NA
653,04,1539363252Würzburg_article_150,Würzburg,2015-02-09,anti-pegida,demonstration;drowning,NA,160,NA,0,NA,NA,Nazis raus
654,04,1539362693Würzburg_article_135,Würzburg,2015-03-14,anti-pegida,demonstration,Stadt Würzburg,6000,0,NA,0,NA,NA
655,04,1539362500Würzburg_article_127,Würzburg,2015-03-14,anti-pegida,demonstration,Bündnis für Zivilcourage;DGB;religious communities;SPD;CSU;Stadt Würzburg;Zentralrat der Juden;fraternities;Antifa;Samba Osenga;Schweinfurt ist bunt;Kreisau-Initiative;DGB-youth;Winterstein-Sintett,6000,0,0,0,NA,Wir für mehr Menschlichkeit;Asylbewerber einen sicheren Hafen bieten;Respekt Fairness Solidarität;Deutsche Täter sind keine Opfer;Flüchtlinge sind willkommen
656,04,1539362425Würzburg_article_124,Würzburg,2015-03-14,anti-pegida,demonstration,Bündnis für Zivilcourage;DGB;religious communities;SPD;CSU;Stadt Würzburg;Zentralrat der Juden;Burschenschaften;Antifa;Samba Osenga;Schweinfurt ist bunt;Kreisau-Initiative;DGB-youth;Winterstein-Sintett,6000,0,0,0,NA,Wir für mehr Menschlichkeit;Asylbewerber einen sicheren Hafen bieten;Respekt Fairness Solidarität;Deutsche Täter sind keine Opfer;Flüchtlinge sind willkommen
657,04,1539362288Würzburg_article_118,Würzburg,2015-03-23,pro-pegida,demonstration,Pegida;Wügida,60,NA,0,1,drowning by counter-demonstrants,NA
658,04,1539362288Würzburg_article_118,Würzburg,2015-03-23,anti-pegida,demonstration;drowing,NA,100,NA,0,NA,NA,Nazis raus
659,04,1539362254Würzburg_article_117,Würzburg,2015-03-23,pro-pegida,demonstration,Wügida,60,NA,NA,NA,NA,NA
660,04,1539362038Würzburg_article_108,Würzburg,2015-10-12,pro-pegida,demonstration,Pegida,NA,NA,NA,NA,NA,NA
661,04,1539362011Würzburg_article_106,Würzburg,2015-10-12,pro-pegida,demonstration,Pegida,NA,NA,NA,NA,NA,NA
662,04,1539362011Würzburg_article_106,Würzburg,2015-10-12,anti-pegida,demonstration,NA,NA,NA,NA,NA,NA,NA
663,04,1539361084Würzburg_article_86,Würzburg,2015-10-12,pro-pegida,demonstration,Wügida,NA,NA,NA,NA,NA,NA
664,04,1539361012Würzburg_article_83,Würzburg,2015-10-12,pro-pegida,demonstration,Wügida;right-wing extremists,100,NA,NA,NA,NA,NA
665,04,1539360713Würzburg_article_71,Würzburg,2016-02-06,anti-pegida,demonstration,Mobile Flüchtlingshilfe;Die Linke;refugees;catholic church,300,NA,NA,NA,NA,NA
666,04,1537811804Bielefeld_article_230,Bielefeld,2015-01-19,anti-pegida,demonstration,Bündnis gegen Rechts;Bielefelder Integrationsrat;Arminia Bielefeld,10000,NA,NA,NA,NA,NA
667,04,1537811779Bielefeld_article_229,Bielefeld,2015-01-19,anti-pegida,demonstration,NA,NA,NA,NA,NA,NA,NA
668,04,1537811730Bielefeld_article_227,Bielefeld,2015-01-19,anti-pegida,demonstration,NA,10000,NA,NA,NA,NA,NA
669,04,1537472298Bielefeld_article_223,Bielefeld,2015-01-19,anti-pegida,demonstration;minute's silence;sea of lights;bell-ringing,Bündnis gegen Rechts;Stadt Bielefeld;churches;islamic communities;Neue Westfälische,10000,0,NA,NA,NA,NA
670,04,1537472276Bielefeld_article_222,Bielefeld,2015-01-19,anti-pegida,demonstration,NA,2000,NA,NA,NA,NA,NA
671,04,1537472251Bielefeld_article_221,Bielefeld,2015-01-19,anti-pegida,demonstration,NA,NA,NA,NA,NA,NA,NA
672,04,1537471775Bielefeld_article_201,Bielefeld,2015-01-19,anti-pegida,demonstration,NA,10000,NA,NA,NA,NA,NA
673,04,1537471752Bielefeld_article_200,Bielefeld,2015-01-19,anti-pegida,demonstration,Stadt Bielefeld;IHK;Stadtwerke;SPD;Bündnis gegen Rechts,10000,0,NA,NA,NA,Menschenrechte statt rechte Menschen
674,04,1537471439Bielefeld_article_191,Bielefeld,2015-01-19,anti-pegida,demonstration,NA,NA,NA,NA,NA,NA,NA
675,04,1537471332Bielefeld_article_187,Bielefeld,2015-01-19,anti-pegida,demonstration,NA,NA,NA,NA,NA,NA,NA
676,04,1537468905Bielefeld_article_107,Bielefeld,2015-07-20,anti-pegida,demonstration,parties;unions;universities;churches,1000,NA,NA,NA,NA,NA
677,04,1537468861Bielefeld_article_105,Bielefeld,2015-07-20,anti-pegida,demonstration,Bündnis gegen Rechts;Stadt Bielefeld;SPD;CDU;musicians;IG Metall;Piratenpartei,NA,0,0,NA,NA,NA
678,04,1537468838Bielefeld_article_104,Bielefeld,2015-07-20,anti-pegida,demonstration,NA,1000,NA,NA,NA,NA,NA
679,04,1537468495Bielefeld_article_98,Bielefeld,2015-07-20,anti-pegida,demonstration,Bündnis gegen Rechts,1000,NA,NA,NA,NA,NA
680,04,1537468365Bielefeld_article_93,Bielefeld,2015-09-21,pro-pegida,demonstration,Biegida,24,NA,NA,NA,NA,NA
681,04,1537468365Bielefeld_article_93,Bielefeld,2015-09-21,anti-pegida,demonstration,Bündnis gegen Rechts,3500,NA,NA,NA,NA,NA
682,04,1537468317Bielefeld_article_91,Bielefeld,2015-09-21,pro-pegida,demonstration,Biegida,NA,NA,NA,NA,NA,NA
683,04,1537468267Bielefeld_article_89,Bielefeld,2015-09-21,pro-pegida,demonstration,Biegida,25,NA,NA,NA,NA,NA
684,04,1537468267Bielefeld_article_89,Bielefeld,2015-09-21,anti-pegida,demonstration,Bündnis gegen Rechts,3500,NA,NA,NA,NA,NA
685,04,1537467028Bielefeld_article_48,Bielefeld,2016-04-02,pro-pegida,demonstration,Biegida,26,0,0,1,blockade by counter-demonstrants,NA
686,04,1537467028Bielefeld_article_48,Bielefeld,2016-04-02,anti-pegida,demonstration;blockade,DKP;Die Linke;Jusos;SPD;Die Grünen;Antifa;Islamisches Zentrum Bielefeld;Die Partei;Aktionsbündnis Bewegungsfreiheit statt Abschiebelager,1500,0,1,NA,NA,Laugenpresse;Wirr ist das Volk;Gegen rassistische Medienhetze;Nationalismus raus aus den Köpfen;Nie wieder Deutschland;Stop ZAB Stop Deportation;Der Fuchs ist schlau und stellt sich dumm - Bei der AFD ist es andersrum
687,04,1537467003Bielefeld_article_47,Bielefeld,2016-04-02,pro-pegida,demonstration,Biegida,26,NA,NA,NA,NA,NA
688,04,1537467003Bielefeld_article_47,Bielefeld,2016-04-02,anti-pegida,demonstration,NA,NA,NA,NA,NA,NA,NA
689,04,1537467003Bielefeld_article_47,Bielefeld,2016-04-02,anti-pegida,demonstration,NA,NA,NA,NA,NA,NA,NA
690,04,1537466977Bielefeld_article_46,Bielefeld,2016-04-02,pro-pegida,demonstration,Biegida,24,0,0,1,blockade by counter-demonstrants,NA
691,04,1537466977Bielefeld_article_46,Bielefeld,2016-04-02,anti-pegida,demonstration;blockade,NA,1500,0,0,NA,NA,NA
692,04,1540939389Fürth_article_30,Fürth,2016-10-14,pro-pegida,demonstration,Pegida,NA,NA,NA,NA,NA,NA
693,04,1540939389Fürth_article_30,Fürth,2016-10-14,anti-pegida,demonstration,Bündnis gegen Rechtsextrimismus und Rassismus;protestant church,NA,2,2,NA,NA,NA
694,04,1540939343Fürth_article_28,Fürth,2016-10-14,pro-pegida,demonstration,Pegida,NA,NA,NA,NA,NA,NA
695,04,1540939343Fürth_article_28,Fürth,2016-10-14,anti-pegida,demonstration,churches;Bündnis gegen Rechtsextremismus und Rassismus;unions;Antifa,NA,2,2,NA,NA,NA
696,04,1540939289Fürth_article_26,Fürth,2016-11-11,pro-pegida,demonstration,Pegida,NA,NA,NA,NA,NA,NA
697,04,1540939265Fürth_article_25,Fürth,2016-11-11,pro-pegida,demonstration,Pegida,30,NA,NA,NA,NA,NA
698,04,1540939265Fürth_article_25,Fürth,2016-11-11,anti-pegida,demonstration,NA,NA,NA,NA,NA,NA,NA
699,04,1540939219Fürth_article_23,Fürth,2016-11-11,pro-pegida,demonstration,Pegida,35,NA,NA,NA,NA,NA
700,04,1540939219Fürth_article_23,Fürth,2016-11-11,anti-pegida,demonstration,Bündnis gegen Rechts;protestant youth,170,NA,NA,NA,NA,NA
701,04,1540939063Fürth_article_21,Fürth,2016-11-11,pro-pegida,demonstration,Pegida,NA,NA,NA,NA,NA,NA
702,04,1540935240Fürth_article_12,Fürth,2017-02-10,pro-pegida,demonstration,Pegida,NA,NA,NA,NA,NA,NA
703,04,1541695884Braunschweig_article_139,Braunschweig,2015-01-19,pro-pegida,demonstration,Bragida,250,NA,NA,2,blockade by counter-demonstrants,NA
704,04,1541695884Braunschweig_article_139,Braunschweig,2015-01-19,anti-pegida,demonstration;blockade,NA,5000,NA,NA,NA,NA,NA
705,04,1541695863Braunschweig_article_138,Braunschweig,2015-01-19,pro-pegida,demonstration,Pegida,250,NA,NA,2,blockade by counter-demonstrants,NA
706,04,1541695863Braunschweig_article_138,Braunschweig,2015-01-19,anti-pegida,demonstration;blockade,NA,5000,NA,NA,NA,NA,NA
707,04,1541695838Braunschweig_article_137,Braunschweig,2015-01-19,pro-pegida,demonstration,Bragida,250,NA,NA,2,blockade by counter-demonstrants,NA
708,04,1541695838Braunschweig_article_137,Braunschweig,2015-01-19,anti-pegida,demonstration;blockade,NA,5000,NA,NA,NA,NA,NA
709,04,1541695814Braunschweig_article_136,Braunschweig,2015-01-19,anti-pegida,demonstration,NA,2000,NA,NA,NA,NA,NA
710,04,1541695792Braunschweig_article_135,Braunschweig,2015-01-19,anti-pegida,demonstration,NA,8000,NA,NA,NA,NA,NA
711,04,1541695768Braunschweig_article_134,Braunschweig,2015-01-19,pro-pegida,demonstration,Bragida,300,NA,NA,NA,NA,NA
712,04,1541695768Braunschweig_article_134,Braunschweig,2015-01-19,anti-pegida,demonstration,Bündnis gegen Rechts,8000,NA,NA,NA,NA,NA
713,04,1541695747Braunschweig_article_133,Braunschweig,2015-01-26,pro-pegida,demonstration,NA,NA,NA,0,NA,NA,NA
714,04,1541695747Braunschweig_article_133,Braunschweig,2015-01-26,anti-pegida,demonstration,NA,NA,NA,0,NA,NA,NA
715,04,1541695724Braunschweig_article_132,Braunschweig,2015-01-26,pro-pegida,demonstration,Pegida,NA,NA,NA,NA,NA,NA
716,04,1541695724Braunschweig_article_132,Braunschweig,2015-01-26,anti-pegida,demonstration,NA,NA,NA,NA,NA,NA,NA
717,04,1541695403Braunschweig_article_119,Braunschweig,2015-02-02,anti-pegida,demonstration,NA,NA,NA,NA,NA,NA,NA
718,04,1541695358Braunschweig_article_117,Braunschweig,2015-02-09,anti-pegida,demonstration,NA,NA,NA,NA,NA,NA,NA
719,04,1541693199Braunschweig_article_35,Braunschweig,2015-11-09,pro-pegida,demonstration,Bragida,50,NA,NA,NA,NA,NA
720,04,1541693199Braunschweig_article_35,Braunschweig,2015-11-09,anti-pegida,demonstration,Bündnis gegen Rechts,1000,NA,NA,NA,NA,NA
721,04,1541692946Braunschweig_article_25,Braunschweig,2016-01-25,pro-pegida,demonstration,Bragida,50,NA,NA,NA,NA,NA
722,04,1541692834Braunschweig_article_20,Braunschweig,2016-02-01,pro-pegida,demonstration,Bragida;hooligans;right-wing extremists,50,NA,NA,NA,NA,NA
723,04,1541692834Braunschweig_article_20,Braunschweig,2016-02-01,anti-pegida,demonstration;drowning,Bündnis gegen Rechts,300,NA,NA,NA,NA,NA
724,04,1541191298Karlsruhe_article_295,Karlsruhe,2015-01-26,anti-pegida,demonstration,NA,1000,NA,NA,NA,NA,NA
725,04,1541191276Karlsruhe_article_294,Karlsruhe,2015-01-26,anti-pegida,demonstration,NA,1000,NA,NA,NA,NA,NA
726,04,1541190926Karlsruhe_article_292,Karlsruhe,2015-01-26,anti-pegida,demonstration,NA,1000,NA,NA,NA,NA,NA
727,04,1541190901Karlsruhe_article_291,Karlsruhe,2015-01-26,anti-pegida,demonstration,NA,1000,NA,NA,NA,NA,NA
728,04,1541190137Karlsruhe_article_289,Karlsruhe,2015-01-26,anti-pegida,demonstration,NA,1000,NA,NA,NA,NA,NA
729,04,1541189957Karlsruhe_article_282,Karlsruhe,2015-02-24,pro-pegida,demonstration,Pegida,100,NA,0,NA,NA,NA
730,04,1541189957Karlsruhe_article_282,Karlsruhe,2015-02-24,anti-pegida,demonstration,Antifa,200,NA,0,NA,NA,Es gibt kein Recht auf Nazi-Propaganda
731,04,1541189936Karlsruhe_article_281,Karlsruhe,2015-02-24,pro-pegida,demonstration,Pegida,200,NA,0,NA,NA,NA
732,04,1541189936Karlsruhe_article_281,Karlsruhe,2015-02-24,anti-pegida,demonstration,Antifa,700,NA,1,NA,NA,NA
733,04,1541189913Karlsruhe_article_280,Karlsruhe,2015-02-24,pro-pegida,demonstration,Pegida,200,2,2,NA,NA,Lügenpresse;Widerstand;Wir sind das Volk
734,04,1541189913Karlsruhe_article_280,Karlsruhe,2015-02-24,anti-pegida,demonstration,NA,700,2,2,NA,NA,NA
735,04,1541189890Karlsruhe_article_279,Karlsruhe,2015-02-24,pro-pegida,demonstration,Pegida,NA,2,NA,NA,NA,NA
736,04,1541189890Karlsruhe_article_279,Karlsruhe,2015-02-24,anti-pegida,demonstration,NA,NA,2,NA,NA,NA,NA
737,04,1541189844Karlsruhe_article_277,Karlsruhe,2015-02-24,pro-pegida,demonstration,Pegida,200,2,NA,NA,NA,NA
738,04,1541189844Karlsruhe_article_277,Karlsruhe,2015-02-24,anti-pegida,demonstration,NA,700,2,NA,NA,NA,NA
739,04,1541189823Karlsruhe_article_276,Karlsruhe,2015-02-24,pro-pegida,demonstration,Pegida,200,2,NA,NA,NA,NA
740,04,1541189823Karlsruhe_article_276,Karlsruhe,2015-02-24,anti-pegida,demonstration,NA,700,2,NA,NA,NA,NA
741,04,1541189779Karlsruhe_article_274,Karlsruhe,2015-03-03,pro-pegida,demonstration,Pegida,200,0,0,NA,NA,"Wer Deutschland nicht liebt, soll Deutschland verlassen"
742,04,1541189779Karlsruhe_article_274,Karlsruhe,2015-03-03,anti-pegida,demonstration,NA,500,4,2,NA,NA,NA
743,04,1541189656Karlsruhe_article_273,Karlsruhe,2015-03-03,pro-pegida,demonstration,Pegida,NA,0,0,NA,NA,NA
744,04,1541189656Karlsruhe_article_273,Karlsruhe,2015-03-03,anti-pegida,demonstration,NA,NA,2,2,NA,NA,NA
745,04,1541189632Karlsruhe_article_272,Karlsruhe,2015-03-09,pro-pegida,demonstration,Pegida,200,0,0,NA,NA,NA
746,04,1541189632Karlsruhe_article_272,Karlsruhe,2015-03-09,anti-pegida,demonstration,NA,600,0,0,NA,NA,NA
747,04,1541189037Karlsruhe_article_247,Karlsruhe,2015-03-31,pro-pegida,demonstration,Pegida,100,NA,0,NA,NA,NA
748,04,1541189037Karlsruhe_article_247,Karlsruhe,2015-03-31,anti-pegida,demonstration,NA,NA,NA,0,NA,NA,NA
749,04,1541188967Karlsruhe_article_244,Karlsruhe,2015-03-31,pro-pegida,demonstration,Kargida,120,0,0,NA,NA,"Unsre Fahne, unser Land, maximaler Widerstand"
750,04,1541188967Karlsruhe_article_244,Karlsruhe,2015-03-31,anti-pegida,demonstration;blockade,NA,NA,2,2,NA,NA,NA
751,04,1541188945Karlsruhe_article_243,Karlsruhe,2015-03-31,pro-pegida,demonstration,Kargida,120,NA,0,NA,NA,NA
752,04,1541188945Karlsruhe_article_243,Karlsruhe,2015-03-31,anti-pegida,demonstration;blockade,Antifa,NA,NA,2,NA,NA,NA
753,04,1541188923Karlsruhe_article_242,Karlsruhe,2015-03-31,pro-pegida,demonstration,Kargida,120,0,0,NA,NA,"Unsre Fahne, unser Land, maximaler Widerstand"
754,04,1541188923Karlsruhe_article_242,Karlsruhe,2015-03-31,anti-pegida,demonstration;blockade,Antifa,NA,2,2,NA,NA,NA
755,04,1541188899Karlsruhe_article_241,Karlsruhe,2015-03-31,pro-pegida,demonstration,Pegida,120,NA,NA,NA,NA,NA
756,04,1541188899Karlsruhe_article_241,Karlsruhe,2015-03-31,anti-pegida,demonstration,NA,NA,NA,NA,NA,NA,NA
757,04,1541184810Karlsruhe_article_225,Karlsruhe,2015-04-14,pro-pegida,demonstration,Pegida,120,NA,0,NA,NA,NA
758,04,1541184810Karlsruhe_article_225,Karlsruhe,2015-04-14,anti-pegida,demonstration;blockade,NA,360,NA,2,NA,NA,NA
759,04,1541184370Karlsruhe_article_211,Karlsruhe,2015-04-28,pro-pegida,demonstration,Pegida,100,NA,NA,NA,NA,NA
760,04,1541184370Karlsruhe_article_211,Karlsruhe,2015-04-28,anti-pegida,demonstration,theater actors;pupils,24,NA,NA,NA,NA,Lasst uns nicht mit Deutschland alleine!
761,04,1541184347Karlsruhe_article_210,Karlsruhe,2015-04-28,pro-pegida,demonstration,Pegida,100,3,NA,NA,NA,NA
762,04,1541184347Karlsruhe_article_210,Karlsruhe,2015-04-28,anti-pegida,demonstration,NA,NA,3,NA,NA,NA,NA
763,04,1541184274Karlsruhe_article_207,Karlsruhe,2015-05-12,pro-pegida,demonstration,Pegida,120,NA,2,NA,NA,NA
764,04,1541184274Karlsruhe_article_207,Karlsruhe,2015-05-12,anti-pegida,demonstration,NA,600,NA,2,NA,NA,NA
765,04,1541183998Karlsruhe_article_199,Karlsruhe,2015-05-19,pro-pegida,demonstration,Pegida,70,NA,0,NA,NA,NA
766,04,1541183998Karlsruhe_article_199,Karlsruhe,2015-05-19,anti-pegida,demonstration,NA,NA,1,2,NA,NA,NA
767,04,1541183950Karlsruhe_article_197,Karlsruhe,2015-05-19,pro-pegida,demonstration,Pegida,NA,NA,NA,NA,NA,NA
768,04,1541183673Karlsruhe_article_186,Karlsruhe,2015-07-28,pro-pegida,demonstration,Widerstand Karlsruhe,60,0,NA,NA,NA,NA
769,04,1541183673Karlsruhe_article_186,Karlsruhe,2015-07-28,anti-pegida,demonstration,NA,200,0,NA,NA,NA,NA
770,04,1541182965Karlsruhe_article_156,Karlsruhe,2015-11-03,pro-pegida,demonstration,Widerstand Karlsruhe,60,NA,NA,NA,NA,NA
771,04,1541182942Karlsruhe_article_155,Karlsruhe,2015-11-03,pro-pegida,demonstration,Widerstand Karlsruhe,60,NA,NA,NA,NA,NA
772,04,1541182919Karlsruhe_article_154,Karlsruhe,2015-11-03,pro-pegida,demonstration,Widerstand Karlsruhe,60,NA,NA,NA,NA,NA
773,04,1541612141Paderborn_article_93,Paderborn,2015-01-01,anti-pegida,demonstration,Flüchtlingsrat;refugees;SPD,200,0,NA,0,NA,NA
774,04,1541612050Paderborn_article_89,Paderborn,2015-01-01,anti-pegida,demonstration,NA,NA,NA,NA,NA,NA,NA
775,04,1541611519Paderborn_article_67,Paderborn,2015-01-01,anti-pegida,demonstration,NA,200,NA,NA,NA,NA,NA
776,04,1541610527Paderborn_article_41,Paderborn,2015-02-07,anti-pegida,demonstration,Integrationsrat;Flüchtlingsrat;Bündnis gegen Rechts;DGB;Jusos;Linksjugend;Grüne Jugend;Evangelische Jugend;Die Grünen;SPD;BUND;Attac Paderborn;Amnesty International;Paderbunt;Nabu,400,NA,NA,NA,NA,Paderbron ist weltoffen;Flüchtlinge willkommen
777,04,1541610505Paderborn_article_40,Paderborn,2015-02-07,anti-pegida,demonstration,Bündnis gegen Rechts;party youth organizations,400,NA,NA,0,NA,"Paderborn ist weltoffen;Paderborn ist bunt statt braun;Kein Mensch ist illegal, Bleiberecht überall"
778,04,1543254556Plauen_article_49,Plauen,2015-10-04,pro-pegida,demonstration,Wir sind Deutschland,5000,NA,NA,NA,NA,NA
779,04,1539379653Lübeck_article_2,Lübeck,2015-01-17,anti-pegida,demonstration,Lübecker Flüchtlingsforum;Regierung Schleswig-Holstein;parties;unions;churches,4500,NA,NA,NA,NA,NA
780,04,1538675689Ludwigshafen_Rhein_article_2,Ludwigshafen am Rhein,2017-08-30,pro-pegida,demonstration;drowning,Pegida,24,0,NA,NA,NA,Hau ab;Heuchler;Volksverräter;Merkel muss weg;Wir sind das Volk
781,04,1539569105Münster_article_164,Münster,2015-01-05,anti-pegida,demonstration,NA,10000,NA,NA,NA,NA,NA
782,04,1539569083Münster_article_163,Münster,2015-01-05,anti-pegida,demonstration,NA,10000,NA,NA,NA,NA,NA
783,04,1539569061Münster_article_162,Münster,2015-01-05,anti-pegida,demonstration,NA,10000,NA,NA,NA,NA,NA
784,04,1539569038Münster_article_161,Münster,2015-01-05,anti-pegida,demonstration,NA,2000,NA,NA,NA,NA,NA
785,04,1539569013Münster_article_160,Münster,2015-01-05,anti-pegida,demonstration,NA,10000,NA,NA,NA,NA,NA
786,04,1539568991Münster_article_159,Münster,2015-01-05,anti-pegida,demonstration,NA,NA,NA,NA,NA,NA,NA
787,04,1539568968Münster_article_158,Münster,2015-01-05,anti-pegida,demonstration,NA,10000,NA,NA,NA,NA,NA
788,04,1539568944Münster_article_157,Münster,2015-01-05,anti-pegida,demonstration,NA,10000,NA,NA,NA,NA,NA
789,04,1539568920Münster_article_156,Münster,2015-01-05,anti-pegida,demonstration,NA,10000,NA,NA,NA,NA,NA
790,04,1539568893Münster_article_155,Münster,2015-01-05,anti-pegida,demonstration,NA,10000,NA,NA,NA,NA,NA
791,04,1539568867Münster_article_154,Münster,2015-01-05,anti-pegida,demonstration,NA,NA,NA,NA,NA,NA,NA
792,04,1539568846Münster_article_153,Münster,2015-01-05,anti-pegida,demonstration,NA,NA,NA,NA,NA,NA,NA
793,04,1539568386Münster_article_134,Münster,2015-01-05,anti-pegida,demonstration,churches;musicians,10000,NA,NA,NA,NA,NA
794,04,1539784787Osnabrück_article_10,Osnabrück,2015-01-19,anti-pegida,demonstration,NA,2000,NA,NA,NA,NA,NA
795,04,1539784773Osnabrück_article_9,Osnabrück,2015-01-19,anti-pegida,demonstration,NA,NA,NA,NA,NA,NA,NA
796,04,1539561534Wuppertal_article_75,Wuppertal,2015-03-14,pro-pegida,demonstration,Pegida;right-wing extremists;hooligans,800,2,2,2,Attack on police forces,NA
797,04,1539561534Wuppertal_article_75,Wuppertal,2015-03-14,anti-pegida,demonstration,left-wing extremists,NA,NA,0,NA,NA,NA
798,04,1539561512Wuppertal_article_74,Wuppertal,2015-03-14,pro-pegida,demonstration,Pegida;hooligans,NA,NA,NA,NA,NA,NA
799,04,1539561512Wuppertal_article_74,Wuppertal,2015-03-14,anti-pegida,demonstration,Stadt Wuppertal;Wuppertaler Initiative für Demokratie und Toleranz,NA,NA,NA,NA,NA,Kein Extremismus
800,04,1539561490Wuppertal_article_73,Wuppertal,2015-03-14,pro-pegida,demonstration,Pegida;right-wing extremists;hooligans,1000,4,2,2,High security risk,NA
801,04,1539561490Wuppertal_article_73,Wuppertal,2015-03-14,anti-pegida,demonstration,NA,NA,NA,NA,NA,NA,NA
802,04,1539561317Wuppertal_article_66,Wuppertal,2015-03-14,pro-pegida,demonstration,Pegida;right-wing extremists;hooligans,800,2,2,2,Attack on police forces,NA
803,04,1539561317Wuppertal_article_66,Wuppertal,2015-03-14,anti-pegida,demonstration,left-wing extremists;Wuppertaler Bündnis gegen Nazis,2000,0,0,NA,NA,NA
804,04,1539561262Wuppertal_article_64,Wuppertal,2015-03-14,pro-pegida,demonstration,Pegida;hooligans,NA,2,2,2,Attack on police forces,NA
805,04,1539561239Wuppertal_article_63,Wuppertal,2015-03-14,pro-pegida,demonstration,Pegida,800,NA,NA,NA,NA,NA
806,04,1539561239Wuppertal_article_63,Wuppertal,2015-03-14,anti-pegida,demonstration,Wuppertaler Bündnis gegen Nazis;Stadt Wuppertal,2000,NA,NA,NA,NA,NA
807,04,1539561214Wuppertal_article_62,Wuppertal,2015-03-14,pro-pegida,demonstration,Pegida;hooligans,NA,2,2,2,Using fireworks,NA
808,04,1539561214Wuppertal_article_62,Wuppertal,2015-03-14,anti-pegida,demonstration,Stadt Wuppertal;Bündnis für Demokratie,NA,NA,NA,NA,NA,NA
809,04,1539561192Wuppertal_article_61,Wuppertal,2015-03-14,pro-pegida,demonstration,Pegida;Hogesa,NA,NA,NA,NA,NA,NA
810,04,1539561168Wuppertal_article_60,Wuppertal,2015-03-14,pro-pegida,demonstration,Pegida;right-wing extremists;hooligans;Hogesa,800,2,2,2,Using fireworks,NA
811,04,1539561168Wuppertal_article_60,Wuppertal,2015-03-14,anti-pegida,demonstration,NA,NA,NA,NA,NA,NA,NA
812,04,1539561144Wuppertal_article_59,Wuppertal,2015-03-14,pro-pegida,demonstration,Pegida;right-wing extremists;hooligans,800,2,NA,2,Attack on police forces,NA
813,04,1539561121Wuppertal_article_58,Wuppertal,2015-03-14,pro-pegida,demonstration,Pegida;right-wing extremists;hooligans,800,2,NA,2,Attack on police forces,NA
814,04,1539561097Wuppertal_article_57,Wuppertal,2015-03-14,pro-pegida,demonstration,Pegida;right-wing extremists;hooligans,800,2,NA,2,Using fireworks,NA
815,04,1539561097Wuppertal_article_57,Wuppertal,2015-03-14,anti-pegida,demonstration,Wuppertaler Bündnis gegen Nazis,NA,NA,NA,NA,NA,NA
816,04,1539561073Wuppertal_article_56,Wuppertal,2015-03-14,pro-pegida,demonstration,Pegida;right-wing extremists;hooligans,NA,NA,NA,NA,NA,NA
817,04,1539561073Wuppertal_article_56,Wuppertal,2015-03-14,anti-pegida,demonstration,NA,NA,0,NA,NA,NA,NA
818,04,1539561050Wuppertal_article_55,Wuppertal,2015-03-14,pro-pegida,demonstration,Pegida,NA,NA,NA,NA,NA,NA
819,04,1539561050Wuppertal_article_55,Wuppertal,2015-03-14,anti-pegida,demonstration,Bündnis gegen Nazis,NA,NA,NA,NA,NA,NA
820,04,1539561004Wuppertal_article_53,Wuppertal,2015-03-14,pro-pegida,demonstration,Pegida;right-wing extremists,NA,NA,NA,NA,NA,NA
821,04,1539560982Wuppertal_article_52,Wuppertal,2015-03-14,pro-pegida,demonstration,Pegida;right-wing extremists;hooligans,800,2,2,2,Attack on police forces,NA
822,04,1539560982Wuppertal_article_52,Wuppertal,2015-03-14,anti-pegida,demonstration,Antifa,NA,NA,NA,NA,NA,NA
823,04,1539560959Wuppertal_article_51,Wuppertal,2015-03-14,pro-pegida,demonstration,Pegida;right-wing extremists;hooligans,800,2,2,2,Attack on police forces,NA
824,04,1539560959Wuppertal_article_51,Wuppertal,2015-03-14,anti-pegida,demonstration,NA,NA,NA,NA,NA,NA,NA
825,04,1539560935Wuppertal_article_50,Wuppertal,2015-03-14,pro-pegida,demonstration,Pegida;right-wing extremists;hooligans,800,2,2,2,Attack on police forces,NA
826,04,1539560935Wuppertal_article_50,Wuppertal,2015-03-14,anti-pegida,demonstration,NA,NA,NA,NA,NA,NA,NA
827,04,1539560911Wuppertal_article_49,Wuppertal,2015-03-14,pro-pegida,demonstration,Pegida;hooligans,800,2,2,2,Attack on police forces,Wir sind das Volk;Lügenpresse
828,04,1539560911Wuppertal_article_49,Wuppertal,2015-03-14,anti-pegida,demonstration,Initiative für Demokratie und Toleranz,NA,NA,NA,NA,NA,NA
829,04,1539560865Wuppertal_article_47,Wuppertal,2015-03-14,pro-pegida,demonstration,Pegida;right-wing extremists,NA,NA,NA,NA,NA,NA
830,04,1539560865Wuppertal_article_47,Wuppertal,2015-03-14,anti-pegida,demonstration,NA,NA,NA,NA,NA,NA,NA
831,04,1539560842Wuppertal_article_46,Wuppertal,2015-03-14,pro-pegida,demonstration,Pegida;right-wing extremists;hooligans,800,2,2,2,Attack on police forces,NA
832,04,1539560842Wuppertal_article_46,Wuppertal,2015-03-14,anti-pegida,demonstration,Antifa,NA,NA,NA,NA,NA,NA
833,04,1539560819Wuppertal_article_45,Wuppertal,2015-03-14,pro-pegida,demonstration,hooligans,NA,3,2,NA,NA,NA
834,04,1539560819Wuppertal_article_45,Wuppertal,2015-03-14,anti-pegida,demonstration,left-wing extremists,NA,3,2,NA,NA,NA
835,04,1539560797Wuppertal_article_44,Wuppertal,2015-03-14,pro-pegida,demonstration,Pegida;Hogesa,NA,NA,NA,NA,NA,NA
836,04,1539560797Wuppertal_article_44,Wuppertal,2015-03-14,anti-pegida,demonstration,NA,NA,NA,NA,NA,NA,NA
837,04,1539560773Wuppertal_article_43,Wuppertal,2015-03-14,pro-pegida,demonstration,Pegida;right-wing extremists;Hogesa,800,2,2,2,Attack on police forces,Wir sind das Volk
838,04,1539560773Wuppertal_article_43,Wuppertal,2015-03-14,anti-pegida,demonstration,Stadt Wuppertal;Wuppertaler Bündnis gegen Nazis,2000,NA,NA,NA,NA,NA
839,04,1539560726Wuppertal_article_41,Wuppertal,2015-03-14,pro-pegida,demonstration,Pegida;Hogesa,NA,2,NA,2,Attack on police forces,NA
840,04,1539560542Wuppertal_article_38,Wuppertal,2015-03-14,pro-pegida,demonstration,Pegida,NA,NA,NA,2,Excessive violence,NA
841,04,1539560396Wuppertal_article_36,Wuppertal,2015-03-14,pro-pegida,demonstration,Pegida;Hogesa,NA,NA,NA,NA,NA,NA
842,04,1539560370Wuppertal_article_35,Wuppertal,2015-03-14,pro-pegida,demonstration,Pegida;Hogesa,NA,NA,NA,NA,NA,NA
843,04,1539560370Wuppertal_article_35,Wuppertal,2015-03-14,anti-pegida,demonstration,NA,NA,NA,NA,NA,NA,NA
844,03,1528895396Görlitz_article_195,Görlitz,2014-12-20,anti-pegida,demonstration,NA,300,NA,NA,NA,NA,NA
845,03,1528895372Görlitz_article_194,Görlitz,2014-12-22,anti-pegida,demonstration,NA,200,NA,NA,NA,NA,NA
846,03,1528888465Görlitz_article_125,Görlitz,2015-06-10,pro-pegida,demonstration,NA,1000,NA,NA,NA,NA,NA
847,03,1528888465Görlitz_article_125,Görlitz,2015-06-10,anti-pegida,demonstration,NA,500,NA,NA,NA,NA,NA
848,03,1528887673Görlitz_article_91,Görlitz,2015-11-14,pro-pegida,demonstration,Görlitz bewegt sich,NA,0,0,0,NA,NA
849,03,1528887673Görlitz_article_91,Görlitz,2015-11-14,anti-pegida,demonstration,NA,NA,0,0,0,NA,NA
850,03,1528887630Görlitz_article_89,Görlitz,2015-11-14,pro-pegida,demonstration;moment of silence,Görlitz bewegt sich;Pegida,2833.333333333333,3,1,1,Physical attacks on protesters,Merkel muss weg;Wir sind das Volk
851,03,1528887630Görlitz_article_89,Görlitz,2015-11-14,anti-pegida,demonstration;moment of silence,Sport fit,150,NA,0,0,NA,"Ihr seid das Volk, wir sind Volker;Esst mehr Rübenkresse;Esst mehr besorgte Burger;Zu Risiken und Nebenwirkungen von Nazi-Aufmärschen lesen Sie ein Geschichtsbuch oder fragen Sie Ihre Großeltern"
852,03,1528887405Görlitz_article_79,Görlitz,2015-12-26,pro-pegida,demonstration,Görlitz bewegt sich,350,0,NA,NA,NA,NA
853,03,1527501794Freiburg_article_157,Freiburg,2015-01-23,anti-pegida,demonstration,NA,20000,NA,NA,NA,NA,NA
854,03,1527501257Freiburg_article_156,Freiburg,2015-01-23,anti-pegida,demonstration,parties;organizations;Stadt Freiburg,20000,1,NA,NA,NA,NA
855,03,1527501237Freiburg_article_155,Freiburg,2015-01-23,anti-pegida,demonstration,Stadt Freiburg;Universität Freiburg;parties,20000,0,NA,1,too many participants,Euer doofes Abendland reicht nicht mal bis zum Tellerrand;Für Vielfalt gegen Einfalt;Besser mehr Menschenrechte als mehr rechte Menschen
856,03,1527501215Freiburg_article_154,Freiburg,2015-01-23,anti-pegida,demonstration,NA,20000,NA,NA,NA,NA,NA
857,03,1527501190Freiburg_article_153,Freiburg,2015-01-24,anti-pegida,demonstration,Stadt Freiburg;Universität Freiburg,20000,0,0,1,too many participants,NA
858,03,1527501166Freiburg_article_152.,Freiburg,2015-01-23,anti-pegida,demonstration,Stadt Freiburg;Universität Freiburg;parties,20000,0,NA,NA,NA,NA
859,03,1527501097Freiburg_article_149,Freiburg,2015-01-23,anti-pegida,demonstration,NA,20000,NA,NA,NA,NA,NA
860,03,1527500973Freiburg_article_148,Freiburg,2015-01-23,anti-pegida,demonstration,NA,20000,NA,NA,NA,NA,"Viele Farben, viel Miteinander, Vielfalt;Gute Laune;Ja zur Moschee im Wolfswinkel;Patriotismus verdirbt die Geschichte;Beleidigte Leberwurst gegen die Salamisierung des Abendbrots"
861,03,1527500949Freiburg_article_147,Freiburg,2015-01-23,anti-pegida,demonstration,Stadt Freiburg,20000,NA,1,1,disruptors,NA
862,03,1527500779Freiburg_article_140,Freiburg,2015-01-28,anti-pegida,demonstration,NA,20000,NA,NA,NA,NA,NA
863,03,1528985561Halle_article_145,Halle,2015-11-02,anti-pegida,demonstration,No Halgida,400,0,0,NA,NA,NA
864,03,1528985561Halle_article_145,Halle,2015-11-02,pro-pegida,demonstration,NA,480,0,0,1,NA,NA
865,03,1528985224Halle_article_130,Halle,2015-11-09,anti-pegida,demonstration,NA,470,4,2,NA,NA,NA
866,03,1528985224Halle_article_130,Halle,2015-11-09,pro-pegida,demonstration,NA,320,4,2,NA,NA,NA
867,03,1528984801Halle_article_112,Halle,2015-12-08,pro-pegida,demonstration,NA,NA,NA,NA,NA,NA,NA
868,03,1528279034Mannheim_article_59,Mannheim,2015-01-17,anti-pegida,demonstration,Die Grünen;Stadt Mannheim;Regierung Baden-Württemberg;SPD,12000,0,0,NA,NA,"Toleranz;Mannheim ist bunt;Je suis Charlie;Vielfalt statt Einfalt;Liebe Asylanten, bitte lasst uns mit den Pegida-Deutschen nicht allein"
869,03,1528279012Mannheim_article_58,Mannheim,2015-01-17,anti-pegida,demonstration,Die Grünen;SPD;Stadt Mannheim,11750,0,NA,NA,NA,"Für eine Willkommenskultur;Vielfalt statt Einfalt;iebe Asylanten, bitte lasst uns mit den Pegida-Deutschen nicht allein;Für ein buntes Deutschland"
870,03,1528278990Mannheim_article_57,Mannheim,2015-01-17,anti-pegida,demonstration,NA,12000,0,NA,NA,NA,NA
871,03,1527586779Hamburg_article_236,Hamburg,2015-01-05,anti-pegida,demonstration,Tegida,5000,NA,NA,NA,NA,Bunt statt braun;Kein Mensch ist illegal;In Hamburg sagt man moin!
872,03,1527586755Hamburg_article_235,Hamburg,2015-01-06,anti-pegida,demonstration,Tegida,2000,NA,NA,NA,NA,NA
873,03,1527586731Hamburg_article_234,Hamburg,2015-01-05,anti-pegida,demonstration,Tegida;unions;Hamburgische Bürgschaft,1000,NA,NA,NA,NA,NA
874,03,1527586610Hamburg_article_233,Hamburg,2015-01-05,anti-pegida,demonstration,NA,4500,NA,NA,NA,NA,NA
875,03,1527586586Hamburg_article_232,Hamburg,2015-01-05,anti-pegida,demonstration,Tegida;Die Grünen;FDP;Paritätischer Wohlfahrtsverband;Refugee Aid Harvestehude;Die Linke;Recht auf Stadt;Piratenpartei,4500,0,NA,NA,NA,NA
876,03,1527586391Hamburg_article_228.,Hamburg,2015-01-05,anti-pegida,demonstration,Tegida;Hamburgische Bürgschaft;unions,4000,NA,NA,NA,NA,NA
877,03,1527586259Hamburg_article_222,Hamburg,2015-01-06,anti-pegida,demonstration,Tegida;Die Linke,5000,NA,NA,NA,NA,NA
878,03,1529325435Bonn_article_501,Bonn,2014-12-16,anti-pegida,demonstration,Bonn stellt sich quer,1600,NA,NA,NA,NA,NA
879,03,1529325435Bonn_article_501,Bonn,2014-12-16,pro-pegida,demonstration,Pegida,NA,NA,NA,NA,NA,NA
880,03,1529325345Bonn_article_497,Bonn,2014-12-16,anti-pegida,demonstration,Bonn stellt sich quer,1600,NA,NA,NA,NA,NA
881,03,1529325345Bonn_article_497,Bonn,2014-12-16,pro-pegida,demonstration,Pegida,NA,NA,NA,NA,NA,NA
882,03,1529325301Bonn_article_495,Bonn,2014-12-16,anti-pegida,demonstration,Bonn stellt sich quer,1600,NA,NA,NA,NA,NA
883,03,1529325301Bonn_article_495,Bonn,2014-12-16,pro-pegida,demonstration,Pegida,NA,NA,NA,NA,NA,NA
884,03,1529325211Bonn_article_491,Bonn,2014-12-15,anti-pegida,demonstration,NA,1600,NA,NA,NA,NA,NA
885,03,1529325211Bonn_article_491,Bonn,2014-12-15,pro-pegida,demonstration,Pegida;Pro NRW,300,NA,NA,NA,NA,NA
886,03,1529325189Bonn_article_490,Bonn,2014-12-15,pro-pegida,demonstration,NA,24,NA,NA,NA,NA,NA
887,03,1529325165Bonn_article_489,Bonn,2014-12-15,pro-pegida,demonstration,Pegida,24,NA,NA,NA,NA,NA
888,03,1529325143Bonn_article_488,Bonn,2014-12-16,anti-pegida,demonstration,Bonn stellt sich quer,1600,NA,NA,NA,NA,NA
889,03,1529325143Bonn_article_488,Bonn,2014-12-16,pro-pegida,demonstration,Pegida,NA,NA,NA,NA,NA,NA
890,03,1529325120Bonn_article_487,Bonn,2014-12-15,pro-pegida,demonstration,Pegida,300,NA,NA,NA,NA,NA
891,03,1529325096Bonn_article_486,Bonn,2014-12-15,anti-pegida,"demonstration, blockade",NA,1600,NA,NA,NA,NA,NA
892,03,1529325096Bonn_article_486,Bonn,2014-12-15,pro-pegida,demonstration,Pegida,NA,NA,NA,2,counter-demonstrators,NA
893,03,1529324964Bonn_article_485,Bonn,2014-12-15,pro-pegida,demonstration,Pegida;Bogida,200,0,0,2,counter-demonstrators,NA
894,03,1529324964Bonn_article_485,Bonn,2014-12-15,anti-pegida,"demonstration, blockade",Bonn stellt sich quer,3000,2,2,0,NA,NA
895,03,1529324941Bonn_article_484,Bonn,2014-12-15,pro-pegida,demonstration,Pegida;Bogida,NA,NA,0,NA,NA,NA
896,03,1529324941Bonn_article_484,Bonn,2014-12-15,anti-pegida,demonstration;drown,SPD;Die Grünen;Antifa,NA,NA,0,NA,NA,NA
897,03,1529324919Bonn_article_483,Bonn,2014-12-15,anti-pegida,demonstration;blockade,Bonn stellt sich quer,2000,NA,NA,NA,NA,NA
898,03,1529324919Bonn_article_483,Bonn,2014-12-15,pro-pegida,demonstration,Bogida,300,NA,NA,1,counter-demonstrators,NA
899,03,1529324874Bonn_article_481,Bonn,2014-12-15,anti-pegida,demonstration;blockade,Bonn stellt sich quer,3000,NA,NA,NA,NA,NA
900,03,1529324874Bonn_article_481,Bonn,2014-12-15,pro-pegida,demonstration,Bogida,300,NA,NA,2,counter-demonstrators,NA
901,03,1529324851Bonn_article_480,Bonn,2014-12-15,anti-pegida,demonstration;blockade,Bonn stellt sich quer,3000,2,2,NA,NA,NA
902,03,1529324851Bonn_article_480,Bonn,2014-12-15,pro-pegida,demonstration,Pegida;neonazis;Bogida,200,0,0,2,counter-demonstrators,NA
903,03,1529324637Bonn_article_479,Bonn,2014-12-15,anti-pegida,demonstration,churches;union;Die Grünen;SPD;CDU;left groups,800,NA,NA,NA,NA,NA
904,03,1529324637Bonn_article_479,Bonn,2014-12-15,pro-pegida,demonstration,Bogida,NA,NA,NA,NA,NA,NA
905,03,1529324614Bonn_article_478,Bonn,2014-12-15,pro-pegida,demonstration,Bogida,150,NA,NA,NA,NA,NA
906,03,1529324614Bonn_article_478,Bonn,2014-12-15,anti-pegida,demonstration,churches;unions;clubs;parties,1000,NA,NA,NA,NA,NA
907,03,1529324592Bonn_article_477,Bonn,2014-12-15,pro-pegida,demonstration,Bogida,NA,NA,NA,2,counter-demonstrators,NA
908,03,1529324592Bonn_article_477,Bonn,2014-12-15,anti-pegida,demonstration;blockade,Bonn stellt sich quer;parties;unions;churches;clubs,NA,NA,NA,NA,NA,NA
909,03,1529324570Bonn_article_476,Bonn,2014-12-15,pro-pegida,demonstration,Pegida,NA,NA,NA,NA,NA,NA
910,03,1529324570Bonn_article_476,Bonn,2014-12-15,anti-pegida,demonstration;blockade,NA,NA,NA,NA,NA,NA,NA
911,03,1529324547Bonn_article_475,Bonn,2014-12-17,pro-pegida,demonstration,Bogida;Pro NRW,200,NA,NA,NA,NA,NA
912,03,1529324479Bonn_article_472,Bonn,2014-12-15,pro-pegida,demonstration,Pegida,300,NA,NA,NA,NA,NA
913,03,1529324412Bonn_article_469,Bonn,2014-12-15,pro-pegida,demonstration,Bogida;Pro NRW,200,NA,NA,2,counter-demonstrators,"Gegen jeden, der es unternimmt, diese demokratische Ordnung zu beseitigen, haben alle Deutschen das Recht zum Widerstand, wenn andere Abhilfe nicht möglich ist"
914,03,1529324412Bonn_article_469,Bonn,2014-12-15,anti-pegida,demonstration;blockade,Bonn stellt sich quer;Antifa,2000,NA,NA,NA,NA,NA
915,03,1529323341Bonn_article_437,Bonn,2014-12-22,anti-pegida,demonstration,NA,2500,NA,NA,NA,NA,NA
916,03,1529323341Bonn_article_437,Bonn,2014-12-22,pro-pegida,demonstration,Bogida,250,NA,NA,NA,NA,NA
917,03,1529321921Bonn_article_419,Bonn,2014-12-22,pro-pegida,demonstration,Bogida,300,0,NA,NA,NA,NA
918,03,1529321921Bonn_article_419,Bonn,2014-12-22,anti-pegida,demonstration,Bonn stellt sich quer;Stadt Bonn,3000,0,NA,NA,NA,NA
919,03,1529321899Bonn_article_418,Bonn,2014-12-22,pro-pegida,demonstration,Bogida;Pro NRW,300,0,NA,NA,NA,NA
920,03,1529321899Bonn_article_418,Bonn,2014-12-22,anti-pegida,demonstration,Bonn stellt sich quer;Stadt Bonn,3000,0,NA,NA,NA,NA
921,03,1529321850Bonn_article_416,Bonn,2014-12-22,pro-pegida,demonstration,Bogida,250,0,NA,NA,NA,NA
922,03,1529321850Bonn_article_416,Bonn,2014-12-22,anti-pegida,demonstration,NA,2500,0,NA,NA,NA,NA
923,03,1529321714Bonn_article_410,Bonn,2014-12-22,pro-pegida,demonstration,NA,200,NA,NA,NA,NA,NA
924,03,1529321714Bonn_article_410,Bonn,2014-12-22,anti-pegida,demonstration,NA,2500,NA,NA,NA,NA,NA
925,03,1529321690Bonn_article_409,Bonn,2014-12-22,pro-pegida,demonstration,Bogida,300,NA,NA,NA,NA,NA
926,03,1529321690Bonn_article_409,Bonn,2014-12-22,anti-pegida,demonstration,Bonn stellt sich quer;Stadt Bonn,3000,NA,NA,NA,NA,NA
927,03,1529321645Bonn_article_407,Bonn,2014-12-22,pro-pegida,demonstration,Bogida,300,0,NA,NA,NA,NA
928,03,1529321645Bonn_article_407,Bonn,2014-12-22,anti-pegida,demonstration,Bonn stellt sich quer,3000,0,NA,NA,NA,NA
929,03,1529321600Bonn_article_405,Bonn,2014-12-22,pro-pegida,demonstration,Bogida,200,NA,NA,NA,NA,NA
930,03,1529321600Bonn_article_405,Bonn,2014-12-22,anti-pegida,demonstration,NA,2500,NA,NA,NA,NA,NA
931,03,1529319698Bonn_article_326,Bonn,2015-01-13,pro-pegida,demonstration,Pegida,200,NA,NA,NA,NA,NA
932,03,1529319698Bonn_article_326,Bonn,2015-01-13,anti-pegida,demonstration,NA,2000,NA,NA,NA,NA,NA
933,03,1529929833Trier_article_73,Trier,2015-01-26,anti-pegida,demonstration,Trier für alle,1000,0,NA,NA,NA,NA
934,03,1529929812Trier_article_72,Trier,2015-01-26,anti-pegida,demonstration,Trier für alle,900,0,NA,0,NA,"Say it loud, say it clear - Refugees are welcome here!"
935,03,1529929791Trier_article_71,Trier,2015-01-26,anti-pegida,demonstration,"Für ein buntes Trier, gemeinsam gegen Rechts",800,0,0,NA,NA,NA
936,03,1529929767Trier_article_70,Trier,2015-01-27,anti-pegida,demonstration,NA,800,NA,NA,NA,NA,NA
937,03,1527522458Schwerin_article_253,Schwerin,2015-01-12,pro-pegida,demonstration,Mvgida,NA,NA,NA,NA,NA,NA
938,03,1527522458Schwerin_article_253,Schwerin,2015-01-12,anti-pegida,demonstration,NA,NA,NA,NA,NA,NA,NA
939,03,1527522392Schwerin_article_250,Schwerin,2015-01-12,pro-pegida,demonstration,Pegida,300,NA,0,1,counter-demonstrators,Je suis Charlie
940,03,1527522392Schwerin_article_250,Schwerin,2015-01-12,anti-pegida,demonstration;drowning,Stadt Schwerin,NA,NA,0,0,NA,Ihr könnt nach Hause gehen
941,03,1527522366Schwerin_article_249,Schwerin,2015-01-12,pro-pegida,demonstration,Mvgida;NPD;neonazis,300,NA,0,1,counter-demonstrators,Lügenpresse auf die Fresse;Asylbetrug stoppen - Heimat und Identität wahren;Fernsehen und Presse lügen;Wir sind das Volk
942,03,1527522366Schwerin_article_249,Schwerin,2015-01-12,anti-pegida,demonstration;darkening;blockade,Landesjugendring;unions;parties;churches;Schwegdida;Regierung Mecklenburg-Vorpommern;Landtag Mecklenburg-Vorpommern;SPD;Die Linke;Stadt Schwerin;Antifa,1600,NA,0,NA,NA,NA
943,03,1527522323Schwerin_article_247,Schwerin,2015-01-13,pro-pegida,demonstration,Mvgida,NA,NA,NA,1,counter-demonstrators,NA
944,03,1527522323Schwerin_article_247,Schwerin,2015-01-13,anti-pegida,demonstration;darkening;blockade,NA,NA,NA,NA,NA,NA,NA
945,03,1527522077Schwerin_article_239,Schwerin,2015-01-12,pro-pegida,demonstration,Mvgida;NPD;kameradschaften,NA,NA,NA,1,counter-demonstrators,NA
946,03,1527522077Schwerin_article_239,Schwerin,2015-01-12,anti-pegida,demonstration;blockade,unions;parties;churches,NA,NA,NA,NA,NA,NA
947,03,1527521091Schwerin_article_197,Schwerin,2015-01-26,pro-pegida,demonstration,Megida;NPD;Mvgida;neonazis,500,NA,0,NA,NA,Lügenpresse
948,03,1527521091Schwerin_article_197,Schwerin,2015-01-26,anti-pegida,demonstration;darkening,Aktionsbündnis für ein friedliches und weltoffenes Schwerin;Regierung Mecklenburg-Vorpommer;DGB;SPD;Die Linke;Stadt Schwerin,500,NA,0,1,blackout,NA
949,03,1527520962Schwerin_article_192,Schwerin,2015-01-26,pro-pegida,demonstration,Mvgida;Megida;Rogida,NA,NA,NA,NA,NA,NA
950,03,1527520962Schwerin_article_192,Schwerin,2015-01-26,anti-pegida,demonstration,Stadt Schwerin,NA,NA,NA,NA,NA,NA
951,03,1527520381Schwerin_article_167,Schwerin,2015-02-09,pro-pegida,demonstration,Mvgida;neonazis,250,NA,0,0,NA,NA
952,03,1527520381Schwerin_article_167,Schwerin,2015-02-09,anti-pegida,demonstration,Gemeinsam für ein weltoffenes und friedliches Schwerin;DGB;Unternehmerverband,NA,NA,NA,NA,NA,NA
953,03,1527520381Schwerin_article_167,Schwerin,2015-02-09,anti-pegida,demonstration,Aktionsbündnis für ein friedliches und weltoffenes Schwerin;DGB;Unternehmerverband,150,2,2,NA,NA,NA
954,03,1527520359Schwerin_article_166,Schwerin,2015-02-09,pro-pegida,demonstration,Mvgida;Megida,250,NA,NA,NA,NA,NA
955,03,1527520359Schwerin_article_166,Schwerin,2015-02-09,anti-pegida,demonstration,DGB,300,NA,NA,NA,NA,NA
956,03,1527520359Schwerin_article_166,Schwerin,2015-02-09,anti-pegida,demonstration,NA,NA,NA,NA,NA,NA,NA
957,03,1527520359Schwerin_article_166,Schwerin,2015-02-09,anti-pegida,demonstration,NA,NA,NA,NA,NA,NA,NA
958,03,1527520154Schwerin_article_157,Schwerin,2015-02-23,pro-pegida,demonstration,Megida,260,NA,NA,NA,NA,NA
959,03,1527520154Schwerin_article_157,Schwerin,2015-02-23,anti-pegida,demonstration,SPD;Für ein friedliches und weltoffenes Schwerin,180,NA,NA,NA,NA,NA
960,03,1527520154Schwerin_article_157,Schwerin,2015-02-23,anti-pegida,demonstration,SPD;Aktionsbündnis für ein friedliches und weltoffenes Schwerin,70,NA,NA,NA,NA,NA
961,03,1527520154Schwerin_article_157,Schwerin,2015-02-23,anti-pegida,demonstration,NA,NA,NA,NA,NA,NA,NA
962,03,1527519025Schwerin_article_118,Schwerin,2015-10-17,pro-pegida,demonstration,Pegida,300,0,0,NA,NA,NA
963,03,1527519001Schwerin_article_117,Schwerin,2015-10-17,pro-pegida,demonstration,Pegida,300,0,0,NA,NA,NA
964,03,1528274750Stuttgart_article_255,Stuttgart,2015-01-05,anti-pegida,demonstration,Stadt Stuttgart;Die Grünen,8000,NA,NA,NA,NA,NA
965,03,1528274617Stuttgart_article_254,Stuttgart,2015-01-05,anti-pegida,demonstration,NA,8000,NA,NA,NA,NA,NA
966,03,1528273640Stuttgart_article_249,Stuttgart,2015-01-05,anti-pegida,demonstration,NA,8000,NA,NA,NA,NA,NA
967,03,1528273592Stuttgart_article_247,Stuttgart,2015-01-05,anti-pegida,demonstration;church bells,Die AnStifter;SPD;Die Grünen;Regierung Baden-Württemberg;Stadt Stuttgart,8000,NA,NA,NA,NA,NA
968,03,1528273548Stuttgart_article_245,Stuttgart,2015-01-05,anti-pegida,demonstration,Stadt Stuttgart;Die Grünen,8000,NA,NA,NA,NA,NA
969,03,1528273527Stuttgart_article_244,Stuttgart,2015-01-07,anti-pegida,demonstration,NA,8000,NA,NA,NA,NA,NA
970,03,1528273504Stuttgart_article_243,Stuttgart,2015-01-05,anti-pegida,demonstration,Stadt Stuttgart;Die Grünen,8000,NA,NA,NA,NA,NA
971,03,1528273481Stuttgart_article_242,Stuttgart,2015-01-05,anti-pegida,demonstration,Die AnStifter;GEW;SPD;Die Grünen;Die Linke;anti-Stuttgart 21 activists;Animal Protection Alliance;Stadt Stuttgart;Regierung Baden-Württemberg,2000,NA,NA,NA,NA,NA
972,03,1528273460Stuttgart_article_241,Stuttgart,2015-01-05,anti-pegida,demonstration,Stadt Stuttgart;Die Grünen,8000,NA,NA,NA,NA,NA
973,03,1528273327Stuttgart_article_240,Stuttgart,2015-01-05,anti-pegida,demonstration,NA,8000,NA,NA,NA,NA,NA
974,03,1528273305Stuttgart_article_239,Stuttgart,2015-01-07,anti-pegida,demonstration,Stadt Stuttgart;Die Grünen;SPD;Die Linke;Regierung Baden-Württemberg;Die AnStifter;GEW,8000,NA,NA,NA,NA,Stuttgart bleibt bunt;Say no to racism
975,03,1528273132Stuttgart_article_236,Stuttgart,2015-01-07,anti-pegida,demonstration,Die AnStifter;Stadt Stuttgart;unions;Die Grünen;Regierung Baden-Württemberg;left groups;churches,8000,NA,NA,NA,NA,Gegen Neonazis und Pegida-Falschmünzer;Vielfalt tut gut in jeder Beziehung;
976,03,1528273089Stuttgart_article_234,Stuttgart,2015-01-07,anti-pegida,demonstration,Stadt Stuttgart;Die Grünen,8000,NA,NA,NA,NA,NA
977,03,1528273040Stuttgart_article_232,Stuttgart,2015-01-07,anti-pegida,demonstration,NA,8000,NA,NA,NA,NA,NA
978,03,1528272938Stuttgart_article_228,Stuttgart,2015-01-05,anti-pegida,demonstration,NA,NA,NA,NA,NA,NA,NA
979,03,1528272800Stuttgart_article_222,Stuttgart,2015-01-12,anti-pegida,demonstration,Stopegida,300,NA,NA,NA,NA,Hoch die internationale Solidarität
980,03,1528272775Stuttgart_article_221,Stuttgart,2015-01-12,anti-pegida,demonstration,NA,NA,NA,NA,NA,NA,NA
981,03,1528208262Stuttgart_article_134,Stuttgart,2015-05-17,pro-pegida,demonstration,Pegida;Berserker Pforzheim;Freikorps Villingen Bodensee,200,NA,0,0,NA,NA
982,03,1528208262Stuttgart_article_134,Stuttgart,2015-05-17,anti-pegida,demonstration;blockade,"Für Vielfalt, gegen Rassismus;CDU;SPD;Regierung Baden-Württemberg;unions;anti-Stuttgart 21 activists;Environmental Protection Youth;left groups;Turkish Community of Germany;DGB",4000,2,2,NA,NA,NA
983,03,1528208238Stuttgart_article_133,Stuttgart,2015-05-17,pro-pegida,demonstration,Pegida;Berserker Pforzheim,200,NA,0,1,counter-demonstrators,NA
984,03,1528208238Stuttgart_article_133,Stuttgart,2015-05-17,anti-pegida,demonstration;blockade;drowning,"Für Vielfalt, gegen Rassismus;unions;Turkish Community of Germany;DGB;local politicians",4000,4,2,NA,NA,"Flüchtlinge bleiben, Pegida vertreiben;Egal wie viel Volk ihr seid, wir sind Völker!"
985,03,1528208214Stuttgart_article_132,Stuttgart,2015-05-17,pro-pegida,demonstration,Pegida,200,NA,0,1,counter-demonstrators,NA
986,03,1528208214Stuttgart_article_132,Stuttgart,2015-05-17,anti-pegida,demonstration;blockade;drowning,Nogida,4000,2,2,NA,NA,"Nazis raus!;Stoppt Pegida!;Ich sehe Menschen, keine Ausländer oder Flüchtlinge"
987,03,1528208192Stuttgart_article_131,Stuttgart,2015-05-17,pro-pegida,demonstration,Pegida;Berserker Pforzheim,200,NA,0,1,NA,NA
988,03,1528208192Stuttgart_article_131,Stuttgart,2015-05-17,anti-pegida,demonstration;blockade;drowning,"Für Vielfalt, gegen Rassismus;parties;unions;local politicians",4000,4,2,NA,NA,"Nazis raus!;Stoppt Pegida!;Ich sehe Menschen, keine Ausländer oder Flüchtlinge;Flüchtlinge bleiben, Pegida vertreiben;Egal wie viel Volk ihr seid, wir sind Völker!;Mit Diskriminierung macht man keinen Staat"
989,03,1528208068Stuttgart_article_130,Stuttgart,2015-05-17,pro-pegida,demonstration,Pegida,200,NA,0,1,counter-demonstrators,NA
990,03,1528208068Stuttgart_article_130,Stuttgart,2015-05-17,anti-pegida,demonstration;blockade;drowning,"Für Vielfalt, gegen Rassismus;unions;local politicians",4000,NA,NA,NA,NA,NA
991,03,1528208044Stuttgart_article_129,Stuttgart,2015-05-18,pro-pegida,demonstration,Pegida,100,NA,NA,NA,NA,NA
992,03,1528208044Stuttgart_article_129,Stuttgart,2015-05-18,anti-pegida,demonstration,NA,3000,NA,NA,NA,NA,NA
993,03,1528208000Stuttgart_article_127,Stuttgart,2015-05-17,anti-pegida,demonstration,NA,NA,2,2,NA,NA,NA
994,03,1528208000Stuttgart_article_127,Stuttgart,2015-05-17,pro-pegida,demonstration,Pegida,NA,NA,NA,NA,NA,NA
995,03,1528207977Stuttgart_article_126,Stuttgart,2015-05-17,pro-pegida,demonstration,Pegida,200,NA,0,1,counter-demonstrators,NA
996,03,1528207977Stuttgart_article_126,Stuttgart,2015-05-17,anti-pegida,demonstration;blockade,Nogida,4000,4,2,NA,NA,NA
997,03,1528207850Stuttgart_article_125,Stuttgart,2015-05-19,pro-pegida,demonstration,Pegida,200,NA,0,1,counter-demonstrators,NA
998,03,1528207850Stuttgart_article_125,Stuttgart,2015-05-19,anti-pegida,demonstration;blockade,NA,3000,2,2,NA,NA,NA
999,03,1528207826Stuttgart_article_124,Stuttgart,2015-05-17,pro-pegida,demonstration,Pegida,200,NA,NA,NA,NA,NA
1000,03,1528207826Stuttgart_article_124,Stuttgart,2015-05-17,anti-pegida,demonstration;blockade,NA,4000,2,2,NA,NA,NA
1001,03,1528787884Leverkusen_article_25,Leverkusen,2015-02-04,anti-pegida,demonstration;candles,NA,30,NA,NA,NA,NA,"Taten, Offenheit, Liebe, Ehrlichkeit, Akzeptanz und Zusammenhalt"
1002,03,1527696512Rostock_article_212,Rostock,2015-01-05,anti-pegida,demonstration,NA,NA,NA,NA,NA,NA,NA
1003,03,1527696487Rostock_article_211,Rostock,2015-01-05,anti-pegida,demonstration,Die Grünen;Landtag Mecklenburg-Vorpommern,800,NA,NA,NA,NA,NA
1004,03,1527696442Rostock_article_209,Rostock,2015-01-05,anti-pegida,demonstration,NA,800,NA,NA,NA,NA,NA
1005,03,1527696421Rostock_article_208,Rostock,2015-01-06,anti-pegida,demonstration,NA,800,NA,NA,NA,NA,NA
1006,03,1527696397Rostock_article_207,Rostock,2015-01-05,anti-pegida,demonstration,NA,800,NA,NA,NA,NA,NA
1007,03,1527696375Rostock_article_206,Rostock,2015-01-05,anti-pegida,demonstration,Die Linke;churches;SPD;Landtag Mecklenburg-Vorpommern,800,NA,NA,NA,NA,NA
1008,03,1527696350Rostock_article_205,Rostock,2015-01-05,anti-pegida,demonstration,NA,800,NA,NA,NA,NA,NA
1009,03,1527696330Rostock_article_204,Rostock,2015-01-05,anti-pegida,demonstration,NA,800,NA,NA,NA,NA,NA
1010,03,1527695994Rostock_article_194,Rostock,2015-01-12,anti-pegida,demonstration,NA,2000,NA,NA,NA,NA,NA
1011,03,1528798668Duisburg_article_353,Duisburg,2015-01-20,pro-pegida,demonstration,Pegida;Hogesa,600,2,2,NA,NA,NA
1012,03,1528798668Duisburg_article_353,Duisburg,2015-01-20,anti-pegida,demonstration,NA,3000,NA,NA,NA,NA,NA
1013,03,1528798654Duisburg_article_352,Duisburg,2015-01-19,anti-pegida,demonstration,NA,NA,NA,NA,NA,NA,NA
1014,03,1528798632Duisburg_article_351,Duisburg,2015-01-19,pro-pegida,demonstration,NA,NA,NA,NA,NA,NA,NA
1015,03,1528798632Duisburg_article_351,Duisburg,2015-01-19,anti-pegida,demonstration,NA,NA,NA,NA,NA,NA,NA
1016,03,1528798589Duisburg_article_349,Duisburg,2015-01-20,pro-pegida,demonstration,Pegida,260,NA,0,1,Antifa attacks,NA
1017,03,1528798589Duisburg_article_349,Duisburg,2015-01-20,anti-pegida,demonstration;darkening,Stadt Duisburg,3600,NA,0,1,Antifa attacks,NA
1018,03,1528798462Duisburg_article_348,Duisburg,2015-01-19,pro-pegida,demonstration,Pegida,400,NA,0,1,NA,Lügenpresse;Wir sind das Volk;
1019,03,1528798462Duisburg_article_348,Duisburg,2015-01-19,anti-pegida,demonstration,autonomists,NA,NA,NA,NA,NA,Hoch die internationale Solidarität;Nieder mit der Nazigang;Deutsche Polizisten schützen die Faschisten
1020,03,1528798417Duisburg_article_346,Duisburg,2015-01-19,pro-pegida,demonstration,Dügida,150,NA,NA,NA,NA,NA
1021,03,1528798417Duisburg_article_347,Duisburg,2015-01-19,anti-pegida,demonstration,NA,4000,NA,NA,NA,NA,NA
1022,03,1528798395Duisburg_article_345,Duisburg,2015-01-19,pro-pegida,demonstration,Dügida,150,NA,NA,NA,NA,NA
1023,03,1528798395Duisburg_article_345,Duisburg,2015-01-19,anti-pegida,demonstration,NA,4000,NA,NA,NA,NA,NA
1024,03,1528798373Duisburg_article_344,Duisburg,2015-01-19,anti-pegida,demonstration,NA,NA,NA,NA,NA,NA,NA
1025,03,1528798350Duisburg_article_343,Duisburg,2015-01-19,pro-pegida,demonstration,Pegida,500,NA,NA,NA,NA,NA
1026,03,1528798350Duisburg_article_343,Duisburg,2015-01-19,anti-pegida,demonstration,Stadt Duisburg;SPD;Bündnis für Toleranz und Zivilcourage;DGB;,3000,NA,NA,NA,NA,NA
1027,03,1528797891Duisburg_article_332,Duisburg,2015-01-19,pro-pegida,demonstration,Pegida;NPD;Kameradschaften,NA,NA,NA,2,counter-demonstrators,NA
1028,03,1528797891Duisburg_article_332,Duisburg,2015-01-19,anti-pegida,demonstration;darkening,Pegida;NPD;camaraderie,NA,4,2,NA,NA,NA
1029,03,1528797435Duisburg_article_312,Duisburg,2015-01-19,pro-pegida,demonstration,NA,600,NA,NA,NA,NA,NA
1030,03,1528797435Duisburg_article_312,Duisburg,2015-01-19,anti-pegida,demonstration,NA,4000,NA,NA,NA,NA,NA
1031,03,1528797380Duisburg_article_310,Duisburg,2015-01-19,pro-pegida,demonstration,neonazis;Pegida,600,NA,NA,NA,NA,NA
1032,03,1528797380Duisburg_article_310,Duisburg,2015-01-19,anti-pegida,demonstration,Regierung Nordrhein-Westfalen;autonomists,NA,2,NA,NA,NA,NA
1033,03,1528797312Duisburg_article_307,Duisburg,2015-01-19,pro-pegida,demonstration,neonazis;Pegida,600,NA,NA,NA,NA,NA
1034,03,1528797312Duisburg_article_307,Duisburg,2015-01-19,anti-pegida,demonstration,Regierung Nordrhein-Westfalen;autonomists,NA,2,NA,NA,NA,NA
1035,03,1528796593Duisburg_article_287,Duisburg,2015-01-26,pro-pegida,demonstration,Pegida;hooligans,1000,NA,NA,NA,NA,NA
1036,03,1528796593Duisburg_article_287,Duisburg,2015-01-26,anti-pegida,demonstration,NA,300,NA,NA,NA,NA,NA
1037,03,1528796547Duisburg_article_285,Duisburg,2015-01-26,pro-pegida,demonstration,Pegida;Hogesa;NPD;Kameradschaften,300,NA,1,NA,NA,NA
1038,03,1528796547Duisburg_article_285,Duisburg,2015-01-26,anti-pegida,demonstration;drowning,Pegida;Hogesa;NPD;camaraderie,900,NA,1,NA,NA,NA
1039,03,1528796524Duisburg_article_284,Duisburg,2015-01-26,pro-pegida,demonstration,Pegida,NA,NA,NA,NA,NA,NA
1040,03,1528796503Duisburg_article_283,Duisburg,2015-01-27,anti-pegida,demonstration,NA,2000,NA,NA,NA,NA,NA
1041,03,1528796480Duisburg_article_282,Duisburg,2015-01-27,anti-pegida,demonstration,NA,2000,NA,NA,NA,NA,NA
1042,03,1528796458Duisburg_article_281,Duisburg,2015-01-26,pro-pegida,demonstration,Pegida,NA,NA,NA,NA,NA,NA
1043,03,1528796231Duisburg_article_271,Duisburg,2015-01-26,pro-pegida,demonstration,Pegida;Division;Forever;Neudorfer Aktionsfront;Die Rechte;MSV Duisburg fans;hooligans;right-wing extremists,300,NA,NA,NA,NA,NA
1044,03,1528796231Duisburg_article_271,Duisburg,2015-01-26,anti-pegida,demonstration,Duisburger Netzwerk gegen Rechts,NA,NA,NA,NA,NA,NA
1045,03,1528796119Duisburg_article_266,Duisburg,2015-02-02,pro-pegida,demonstration,Pegida;neonazis,130,NA,NA,1,demonstration stopped by organizer because of neo-nazis among the protesters,NA
1046,03,1528796119Duisburg_article_266,Duisburg,2015-02-02,anti-pegida,demonstration,NA,NA,0,NA,NA,NA,NA
1047,03,1528796097Duisburg_article_265,Duisburg,2015-02-02,pro-pegida,demonstration,Pegida,170,0,0,0,NA,NA
1048,03,1528796097Duisburg_article_265,Duisburg,2015-02-02,anti-pegida,demonstration,Duisburg stellt sich quer;Duisburger Netzwerk gegen Rechts,300,0,0,0,NA,NA
1049,03,1528795834Duisburg_article_254,Duisburg,2015-02-09,pro-pegida,demonstration,Pegida,100,NA,NA,NA,NA,NA
1050,03,1528795834Duisburg_article_254,Duisburg,2015-02-09,anti-pegida,demonstration,NA,300,NA,NA,NA,NA,NA
1051,03,1528793752Duisburg_article_170,Duisburg,2015-10-12,pro-pegida,demonstration,Pegida,200,NA,0,1,sit-in by leftists,NA
1052,03,1528793752Duisburg_article_170,Duisburg,2015-10-12,anti-pegida,demonstration;sit-in,NA,50,NA,1,2,dissolved by police,NA
1053,03,1528793378Duisburg_article_155,Duisburg,2015-11-09,pro-pegida,demonstration,Pegida;neonazis;Hogesa,350,NA,0,NA,NA,Ausländer raus
1054,03,1528793378Duisburg_article_155,Duisburg,2015-11-09,anti-pegida,demonstration,NA,450,2,2,NA,NA,NA
1055,03,1528793198Duisburg_article_147,Duisburg,2015-12-07,pro-pegida,demonstration,Pegida,NA,NA,0,NA,NA,NA
1056,03,1528793198Duisburg_article_147,Duisburg,2015-12-07,anti-pegida,demonstration,leftists,NA,4,2,NA,NA,NA
1057,03,1528793175Duisburg_article_146,Duisburg,2015-12-07,pro-pegida,demonstration,Pegida,150,NA,NA,NA,NA,NA
1058,03,1528793175Duisburg_article_146,Duisburg,2015-12-07,anti-pegida,demonstration,leftists,400,2,2,NA,NA,NA
1059,03,1528792507Duisburg_article_121,Duisburg,2016-01-18,pro-pegida,demonstration,Pegida,350,NA,0,NA,NA,NA
1060,03,1528792507Duisburg_article_121,Duisburg,2016-01-18,anti-pegida,demonstration,Die Linke;Duisburger Netzwerk gegen Rechts;Duisburg stellt sich quer,450,NA,0,NA,NA,NA
1061,03,1528792460Duisburg_article_119,Duisburg,2016-01-25,pro-pegida,demonstration,Pegida,330,NA,2,1,sit-in by counter-demonstrators,NA
1062,03,1528792460Duisburg_article_119,Duisburg,2016-01-25,anti-pegida,demonstration;sit-in,NA,120,NA,1,NA,NA,NA
1063,03,1528792405Duisburg_article_117,Duisburg,2016-02-01,pro-pegida,demonstration,Pegida,300,NA,1,1,sit-in by counter-demonstrators,NA
1064,03,1528792405Duisburg_article_117,Duisburg,2016-02-01,anti-pegida,demonstration;sit-in,NA,150,NA,2,NA,NA,NA
1065,03,1528792360Duisburg_article_115,Duisburg,2016-02-15,pro-pegida,demonstration,Pegida,NA,NA,0,NA,NA,NA
1066,03,1528792360Duisburg_article_115,Duisburg,2016-02-15,anti-pegida,demonstration;concert;art,Duisburg stellt sich quer;Duisburger Netzwerk gegen Rechts;musicians,300,NA,0,NA,NA,NA
1067,03,1528791973Duisburg_article_98,Duisburg,2016-03-14,anti-pegida,demonstration,parties;associations;Duisburg stellt sich quer,300,0,0,0,NA,NA
1068,03,1527681049München_article_923,München,2014-12-22,anti-pegida,demonstration,Stadt München;SPD;artists;representatives of religions;refugee-aid organizations,18500,NA,0,NA,NA,NA
1069,03,1527680874München_article_916,München,2014-12-22,anti-pegida,demonstration,Stadt München;SPD,18500,NA,0,NA,NA,NA
1070,03,1527680848München_article_915,München,2014-12-22,anti-pegida,demonstration,Stadt München;SPD;artists;representatives of religions;refugee-aid organizations;musicians,18500,NA,0,NA,NA,NA
1071,03,1527680848München_article_915,München,2014-12-22,pro-pegida,demonstration,Pegida,20,NA,0,NA,NA,NA
1072,03,1527680848München_article_915,München,2014-12-22,anti-pegida,demonstration,NA,200,NA,0,NA,NA,NA
1073,03,1527680754München_article_911,München,2014-12-22,anti-pegida,demonstration,NA,12000,NA,NA,NA,NA,NA
1074,03,1527680709München_article_909,München,2014-12-22,anti-pegida,demonstration,churches;unions;civil groups,NA,NA,NA,NA,NA,NA
1075,03,1527680638München_article_906,München,2014-12-22,anti-pegida,demonstration,parties;churches;artists;refugee-aid organizations,18500,NA,0,NA,NA,NA
1076,03,1527680614München_article_905,München,2014-12-22,anti-pegida,demonstration,Stadt München;SPD,18500,NA,0,NA,NA,NA
1077,03,1527680614München_article_905,München,2014-12-22,pro-pegida,demonstration,Pegida,20,NA,0,NA,NA,NA
1078,03,1527680614München_article_905,München,2014-12-22,anti-pegida,demonstration,NA,200,NA,0,NA,NA,NA
1079,03,1527680591München_article_904,München,2014-12-22,anti-pegida,demonstration,Bündnis Bellevue di Monaco;Bayrischer Flüchtlingsrat;Goldgrund;Stadt München;churches;refugee-aid organizations;musicians;cabaret artists,19000,NA,0,NA,NA,NA
1080,03,1527680570München_article_903,München,2014-12-22,anti-pegida,demonstration,NA,12000,NA,NA,NA,NA,NA
1081,03,1527680548München_article_902,München,2014-12-22,anti-pegida,demonstration,NA,18500,NA,0,NA,NA,NA
1082,03,1527680375München_article_895,München,2014-12-22,anti-pegida,demonstration,Stadt München;SPD,18500,NA,0,NA,NA,NA
1083,03,1527680375München_article_895,München,2014-12-22,pro-pegida,demonstration,Pegida,20,NA,0,NA,NA,NA
1084,03,1527680375München_article_895,München,2014-12-22,anti-pegida,demonstration,NA,200,NA,0,NA,NA,NA
1085,03,1527680045München_article_890,München,2014-12-22,anti-pegida,demonstration,NA,18500,NA,0,NA,NA,NA
1086,03,1527680023München_article_889,München,2014-12-22,anti-pegida,demonstration,Stadt München;SPD;Die Grünen;Die Linke;Muslim Council Munich;Pro Familia;BDKJ;musicians;cabaret artists,18500,NA,0,NA,NA,NA
1087,03,1527680023München_article_889,München,2014-12-22,pro-pegida,demonstration,Muegida,36,NA,NA,NA,NA,NA
1088,03,1527680001München_article_888,München,2014-12-22,anti-pegida,demonstration,Stadt München;SPD;churches;artists,18500,NA,0,NA,NA,NA
1089,03,1527679869München_article_887,München,2014-12-22,anti-pegida,demonstration,Stadt München;SPD;churches;artists,18500,NA,0,NA,NA,NA
1090,03,1527679550München_article_878,München,2014-12-30,anti-pegida,demonstration,NA,400,NA,0,NA,NA,NA
1091,03,1527679470München_article_875,München,2014-12-30,anti-pegida,demonstration,refugee-aid organizations,400,NA,0,NA,NA,NA
1092,03,1527678333München_article_835,München,2015-01-05,pro-pegida,demonstration,Pegida,350,NA,NA,NA,NA,NA
1093,03,1527678333München_article_835,München,2015-01-05,anti-pegida,demonstration,NA,1500,NA,NA,NA,NA,Nazis raus;Haut ab!;München ist bunt;Refugees Welcome
1094,03,1527677580München_article_830,München,2015-01-05,pro-pegida,demonstration,Pegida,350,NA,NA,NA,NA,NA
1095,03,1527677580München_article_830,München,2015-01-05,anti-pegida,demonstration,NA,1500,NA,NA,NA,NA,NA
1096,03,1527677277München_article_826,München,2015-01-05,pro-pegida,demonstration,Pegida,350,NA,NA,NA,NA,NA
1097,03,1527677277München_article_826,München,2015-01-05,anti-pegida,demonstration,NA,1500,NA,NA,NA,NA,NA
1098,03,1527676883München_article_818,München,2015-01-05,pro-pegida,demonstration,Pegida,60,NA,NA,NA,NA,NA
1099,03,1527676883München_article_818,München,2015-01-05,anti-pegida,demonstration,Stadt München,2000,NA,NA,NA,NA,NA
1100,03,1527675491München_article_800,München,2015-01-12,anti-pegida,demonstration,NA,20000,NA,NA,NA,NA,NA
1101,03,1527675445München_article_798,München,2015-01-12,anti-pegida,demonstration,Stadt München;SPD;churches;unions;Antifa,20000,2,2,NA,NA,Freiheit und Toleranz
1102,03,1527675445München_article_798,München,2015-01-12,pro-pegida,demonstration,Bagida,1500,NA,0,NA,NA,NA
1103,03,1527675388München_article_796,München,2015-01-12,anti-pegida,demonstration,NA,20000,NA,NA,NA,NA,NA
1104,03,1527675365München_article_795,München,2015-01-12,anti-pegida,demonstration,Stadt München;SPD,20000,NA,0,NA,NA,NA
1105,03,1527675365München_article_795,München,2015-01-12,pro-pegida,demonstration,Pegida,NA,NA,0,NA,NA,NA
1106,03,1527675344München_article_794,München,2015-01-12,anti-pegida,demonstration,NA,18000,NA,NA,NA,NA,NA
1107,03,1527675344München_article_794,München,2015-01-12,pro-pegida,demonstration,Pegida,1500,NA,NA,NA,NA,NA
1108,03,1527675302München_article_792,München,2015-01-12,anti-pegida,demonstration,NA,20000,NA,NA,NA,NA,NA
1109,03,1527675179München_article_791,München,2015-01-12,anti-pegida,demonstration,NA,20000,NA,NA,NA,NA,NA
1110,03,1527675157München_article_790,München,2015-01-13,anti-pegida,demonstration,NA,20000,NA,NA,NA,NA,NA
1111,03,1527675134München_article_789,München,2015-01-12,anti-pegida,demonstration,NA,20000,NA,NA,NA,NA,NA
1112,03,1527675111München_article_788,München,2015-01-12,anti-pegida,demonstration,NA,20000,NA,NA,NA,NA,NA
1113,03,1527675061München_article_786,München,2015-01-13,anti-pegida,demonstration;drowning,SPD;churches;Die Linke;CSU;sport associations;unions;Stadt München;artists;München ist bunt,20000,2,2,0,NA,"München ist bunt;Mehr Baghira statt Pegida;No Racism;Liberté, Égalité, Fraternité;Nazis raus;Es gibt kein Recht auf Nazipropaganda"
1114,03,1527675061München_article_786,München,2015-01-13,pro-pegida,demonstration,Bagida;Die Freiheit;right-wing extremists,1500,NA,0,0,NA,Wir sind das Volk
1115,03,1527675015München_article_784,München,2015-01-12,anti-pegida,demonstration,Stadt München;SPD;churches,20000,NA,NA,NA,NA,NA
1116,03,1527674576München_article_783,München,2015-01-12,anti-pegida,demonstration,Stadt München;SPD,20000,NA,NA,NA,NA,Freiheit und Toleranz
1117,03,1527674555München_article_782,München,2015-01-12,anti-pegida,demonstration,Stadt München;SPD,20000,NA,NA,NA,NA,NA
1118,03,1527674531München_article_781,München,2015-01-12,anti-pegida,demonstration,NA,NA,NA,NA,NA,NA,Freiheit und Toleranz
1119,03,1527674463München_article_778,München,2015-01-12,pro-pegida,demonstration,Bagida;Die Rechte;NPD;Freiheit;right-wing extremists;neonazis,NA,3,2,NA,NA,NA
1120,03,1527674463München_article_779,München,2015-01-12,anti-pegida,demonstration;darkening,churches,NA,NA,0,NA,NA,NA
1121,03,1527674269München_article_770,München,2015-01-12,pro-pegida,demonstration,NA,20000,NA,0,NA,NA,Nazis raus
1122,03,1527674269München_article_770,München,2015-01-12,anti-pegida,demonstration,neonazis;hooligans;Identitarian Movement;right-wing extremists;Die Freiheit,1500,NA,0,NA,NA,NA
1123,03,1527674126München_article_764,München,2015-01-12,pro-pegida,demonstration,neonazis;hooligans;Freies Netzwerk Süd;right-wing extremists;Die Freiheit,1500,NA,0,NA,NA,NA
1124,03,1527674126München_article_764,München,2015-01-12,pro-pegida,demonstration,NA,20000,NA,0,NA,NA,Nazis raus
1125,03,1527673309München_article_729,München,2015-01-19,pro-pegida,demonstration,Bagida,11000,NA,0,1,glass bottles thrown at demonstrators,NA
1126,03,1527673309München_article_729,München,2015-01-19,anti-pegida,demonstration,NA,1100,NA,0,NA,NA,NA
1127,03,1527673156München_article_723,München,2015-01-19,anti-pegida,demonstration,NA,NA,NA,NA,NA,NA,NA
1128,03,1527673156München_article_723,München,2015-01-19,pro-pegida,demonstration,NA,NA,NA,NA,NA,NA,NA
1129,03,1527673133München_article_722,München,2015-01-19,anti-pegida,demonstration,NA,NA,NA,0,NA,NA,"Muslime sind willkommen - Nazis nicht;Ruhig Brauner;Ich bin aus Afrika und trotzdem haben mich alle lieb;Mia san bunt!;Bunt statt Braun, Vielfalt statt Einfalt"
1130,03,1527673015München_article_717,München,2015-01-19,anti-pegida,demonstration,NA,NA,NA,NA,NA,NA,NA
1131,03,1527672991München_article_716,München,2015-01-19,anti-pegida,demonstration,NA,11000,NA,NA,NA,NA,NA
1132,03,1527672991München_article_716,München,2015-01-19,pro-pegida,demonstration,Pegida,800,NA,NA,NA,NA,NA
1133,03,1527672838München_article_714,München,2015-01-19,anti-pegida,demonstration,NA,12000,NA,NA,NA,NA,NA
1134,03,1527672771München_article_711,München,2015-01-19,anti-pegida,demonstration,NA,10000,NA,NA,NA,NA,NA
1135,03,1527672654München_article_706,München,2015-01-19,anti-pegida,demonstration,NA,10000,NA,NA,NA,NA,NA
1136,03,1527672473München_article_703,München,2015-01-19,anti-pegida,demonstration,NA,10000,NA,NA,NA,NA,NA
1137,03,1527672450München_article_702,München,2015-01-19,anti-pegida,demonstration,NA,11000,NA,NA,NA,NA,NA
1138,03,1527672400München_article_700,München,2015-01-19,pro-pegida,demonstration,Bagida;neonazis;hooligans;NPD;Bia;Die Rechte;Die Freiheit;Freies Netz Süd,1100,2,2,0,NA,NA
1139,03,1527672400München_article_700,München,2015-01-19,anti-pegida,demonstration,Bündnis Bellevue di Monaco;left-wing extremists,12500,NA,2,0,NA,Ihr könnt nach Hause geh`n
1140,03,1527671947München_article_681,München,2015-01-26,anti-pegida,demonstration;music,NA,2300,NA,NA,NA,NA,NA
1141,03,1527671846München_article_677,München,2015-01-26,pro-pegida,demonstration,Bagida;neonazis;right-wing extremists,850,NA,2,0,NA,NA
1142,03,1527671846München_article_677,München,2015-01-26,anti-pegida,demonstration;music,NA,2300,4,2,0,NA,"Keiner mag euch, keiner hat euch lieb!"
1143,03,1527671325München_article_668,München,2015-02-02,pro-pegida,demonstration,Bagida;neonazis,350,NA,0,NA,NA,NA
1144,03,1527671325München_article_668,München,2015-02-02,anti-pegida,demonstration,NA,800,NA,2,NA,NA,NA
1145,03,1527671302München_article_667,München,2015-02-02,anti-pegida,demonstration,NA,15000,NA,NA,NA,NA,NA
1146,03,1527671006München_article_655,München,2015-02-02,pro-pegida,demonstration,Pegida,350,NA,0,NA,NA,NA
1147,03,1527670762München_article_649,München,2015-02-09,anti-pegida,demonstration,NA,NA,NA,NA,NA,NA,NA
1148,03,1527668680München_article_561,München,2015-07-20,pro-pegida,demonstration,Pegida,150,NA,0,NA,NA,NA
1149,03,1527668680München_article_561,München,2015-07-20,anti-pegida,demonstration;drowning,Stadt München,1300,NA,0,NA,NA,NA
1150,03,1527668655München_article_560,München,2015-07-20,pro-pegida,demonstration,NA,170,NA,2,NA,NA,NA
1151,03,1527668655München_article_560,München,2015-07-20,anti-pegida,demonstration;mooning,NA,1300,NA,1,NA,NA,NA
1152,03,1527667989München_article_550,München,2015-08-29,anti-pegida,demonstration,München ist bunt,150,NA,NA,NA,NA,NA
1153,03,1527667969München_article_549,München,2015-08-29,anti-pegida,demonstration,NA,NA,NA,NA,NA,NA,NA
1154,03,1527667290München_article_520,München,2015-10-05,pro-pegida,demonstration,Pegida;neonazis;right-wing extremists,NA,NA,0,NA,NA,NA
1155,03,1527667290München_article_520,München,2015-10-05,anti-pegida,demonstration,NA,NA,NA,NA,NA,NA,NA
1156,03,1527667265München_article_519,München,2015-10-05,pro-pegida,demonstration,Pegida,180,NA,NA,NA,NA,NA
1157,03,1527666881München_article_508,München,2015-10-19,pro-pegida,demonstration,Pegida,250,NA,0,NA,NA,NA
1158,03,1527666881München_article_508,München,2015-10-19,anti-pegida,demonstration,NA,600,NA,0,NA,NA,NA
1159,03,1527666814München_article_505,München,2015-10-19,pro-pegida,demonstration,Pegida,250,NA,0,NA,NA,NA
1160,03,1527666814München_article_505,München,2015-10-19,anti-pegida,demonstration,NA,600,NA,0,NA,NA,NA
1161,03,1527666766München_article_503,München,2015-10-19,pro-pegida,demonstration,Pegida,250,2,2,NA,NA,NA
1162,03,1527666766München_article_503,München,2015-10-19,anti-pegida,demonstration,NA,600,2,2,NA,NA,NA
1163,03,1527666744München_article_502,München,2015-10-19,pro-pegida,demonstration,Pegida,250,NA,NA,NA,NA,NA
1164,03,1527607477München_article_486,München,2015-10-28,pro-pegida,demonstration,Pegida;right-wing extremists,200,NA,0,NA,NA,Merkel raus;Nazis raus
1165,03,1527607477München_article_486,München,2015-10-28,anti-pegida,demonstration,Stadt München;CSU;SPD,350,NA,1,NA,NA,NA
1166,03,1527605509München_article_436,München,2015-11-09,pro-pegida,demonstration,Pegida,NA,NA,NA,NA,NA,NA
1167,03,1527605509München_article_436,München,2015-11-09,anti-pegida,demonstration,Stadt München;SPD,3000,NA,NA,NA,NA,NA
1168,03,1527605463München_article_434,München,2015-11-09,anti-pegida,demonstration,NA,3000,NA,NA,NA,NA,NA
1169,03,1527605439München_article_433,München,2015-11-09,anti-pegida,demonstration,NA,3000,NA,NA,NA,NA,NA
1170,03,1527605418München_article_432,München,2015-11-09,anti-pegida,demonstration,NA,3000,NA,NA,NA,NA,NA
1171,03,1527605239München_article_429,München,2015-11-09,pro-pegida,demonstration,Pegida,100,NA,0,2,counter-demonstrators,NA
1172,03,1527605239München_article_429,München,2015-11-09,anti-pegida,demonstration,Stadt München,3000,NA,0,NA,NA,NA
1173,03,1527604156München_article_397,München,2016-01-11,pro-pegida,demonstration,Pegida;right-wing extremists,450,NA,0,1,sit-in by couter-demonstrators,NA
1174,03,1527604156München_article_397,München,2016-01-11,anti-pegida,demonstration;sit-in,München ist bunt;autonomists,1000,NA,0,NA,NA,NA
1175,03,1527604135München_article_396,München,2016-01-11,pro-pegida,demonstration,Pegida;neonazis,400,NA,2,1,sit-in by couter-demonstrators,NA
1176,03,1527604135München_article_396,München,2016-01-11,anti-pegida,demonstration;sit-in,München ist bunt,1050,NA,2,NA,NA,NA
1177,03,1527603887München_article_390,München,2016-01-11,pro-pegida,demonstration,Pegida,NA,NA,2,1,sit-in by couter-demonstrators,NA
1178,03,1527603887München_article_390,München,2016-01-11,anti-pegida,demonstration;sit-in,NA,NA,NA,2,NA,NA,NA
1179,03,1527603770München_article_385,München,2016-01-11,pro-pegida,demonstration,Pegida,400,NA,NA,NA,NA,NA
1180,03,1527603770München_article_385,München,2016-01-11,anti-pegida,demonstration;drowning,NA,500,NA,NA,NA,NA,NA
1181,03,1527603484München_article_373,München,2016-01-11,pro-pegida,demonstration,Pegida,400,NA,NA,NA,NA,NA
1182,03,1527603484München_article_373,München,2016-01-11,anti-pegida,demonstration;drowning,NA,500,NA,NA,NA,NA,NA
1183,03,1527598831München_article_232,München,2016-05-02,pro-pegida,demonstration,Pegida,90,NA,0,NA,NA,NA
1184,03,1527598380München_article_213,München,2016-05-13,pro-pegida,demonstration,Pegida,5,NA,0,NA,NA,NA
1185,03,1527598334München_article_211,München,2016-05-13,pro-pegida,demonstration,Pegida,10,NA,0,NA,NA,NA
1186,03,1527597307München_article_167,München,2016-07-18,pro-pegida,demonstration,Pegida,120,NA,0,0,NA,NA
1187,03,1527597307München_article_167,München,2016-07-18,anti-pegida,demonstration;sit-in,NA,200,NA,2,NA,NA,NA
1188,03,1527596976München_article_153,München,2016-08-01,pro-pegida,demonstration,Pegida,140,NA,0,NA,NA,NA
1189,03,1527596976München_article_153,München,2016-08-01,anti-pegida,demonstration;sit-in,NA,NA,NA,2,NA,NA,NA
1190,03,1527596908München_article_150,München,2016-08-01,pro-pegida,demonstration,Pegida,NA,NA,NA,NA,NA,NA
1191,03,1527596706München_article_146,München,2016-08-22,pro-pegida,demonstration,Pegida;neonazis,NA,NA,NA,NA,NA,NA
1192,03,1527595744München_article_109,München,2016-11-07,pro-pegida,demonstration,Pegida;neonazis,100,NA,NA,NA,NA,Wir sind das Volk
1193,03,1527595744München_article_109,München,2016-11-07,anti-pegida,demonstration,Die Grünen;CSU;Stadtrat München,400,NA,NA,NA,NA,NA
1194,03,1527595011München_article_78,München,2017-01-16,pro-pegida,demonstration,Pegida;neonazis,60,NA,NA,NA,NA,NA
1195,03,1527595011München_article_78,München,2017-01-16,anti-pegida,demonstration,NA,600,NA,NA,NA,NA,NA
1196,03,1527594859München_article_72,München,2017-02-13,pro-pegida,demonstration,Pegida,NA,NA,NA,NA,NA,NA
1197,03,1527594859München_article_72,München,2017-02-13,anti-pegida,demonstration,NA,NA,2,2,NA,NA,NA
1198,03,1527593158München_article_3,München,2017-11-03,pro-pegida,demonstration,Pegida;AfD;neonazis,24,NA,0,NA,NA,"Von Wies`n bis DGB Haus ist`s nicht weit / Da nimmt sich Paulchen gerne Zeit . . .  Von jetzt ab, da ist eines klar: Das Paulchen jagt bald Antifa!"
1199,03,1527593158München_article_3,München,2017-11-04,pro-pegida,demonstration,Pegida;AfD;neonazis,24,NA,0,NA,NA,NA
1200,03,1528804297Bremen_article_26,Bremen,2015-01-26,anti-pegida,demonstration,NA,NA,NA,NA,NA,NA,NA
1201,03,1528883262Chemnitz_article_250,Chemnitz,2015-02-02,pro-pegida,demonstration,Cegida,600,0,0,0,NA,NA
1202,03,1528883262Chemnitz_article_250,Chemnitz,2015-02-02,anti-pegida,demonstration,NA,300,0,0,0,NA,NA
1203,03,1528883051Chemnitz_article_241,Chemnitz,2015-02-09,pro-pegida,demonstration,Cegida,NA,NA,NA,NA,NA,NA
1204,03,1528883051Chemnitz_article_241,Chemnitz,2015-02-09,anti-pegida,demonstration,NA,200,NA,NA,NA,NA,NA
1205,03,1528883028Chemnitz_article_240,Chemnitz,2015-02-09,pro-pegida,demonstration,Cegida,500,NA,NA,NA,NA,NA
1206,03,1528883028Chemnitz_article_240,Chemnitz,2015-02-09,anti-pegida,demonstration,Stadt Chemnitz;SPD,1000,NA,NA,NA,NA,NA
1207,03,1528883006Chemnitz_article_239,Chemnitz,2015-02-09,anti-pegida,demonstration,NA,NA,NA,NA,NA,NA,NA
1208,03,1528882805Chemnitz_article_230,Chemnitz,2015-02-16,pro-pegida,demonstration,Gida,200,NA,NA,NA,NA,NA
1209,03,1528882628Chemnitz_article_222,Chemnitz,2015-02-25,pro-pegida,demonstration,Cegida,600,NA,NA,NA,NA,NA
1210,03,1528882628Chemnitz_article_222,Chemnitz,2015-02-25,anti-pegida,demonstration,NA,250,NA,NA,NA,NA,NA
1211,03,1528882465Chemnitz_article_215,Chemnitz,2015-03-23,pro-pegida,demonstration,Pegida,NA,NA,NA,NA,NA,NA
1212,03,1528882443Chemnitz_article_214,Chemnitz,2015-03-23,pro-pegida,demonstration,Pegida,NA,NA,NA,NA,NA,NA
1213,03,1528882443Chemnitz_article_214,Chemnitz,2015-03-23,anti-pegida,demonstration,NA,NA,NA,NA,NA,NA,NA
1214,03,1528881344Chemnitz_article_166,Chemnitz,2015-07-20,pro-pegida,demonstration,Pegida,1000,0,0,NA,NA,NA
1215,03,1528881344Chemnitz_article_166,Chemnitz,2015-07-20,anti-pegida,demonstration,Chemnitz Nazifrei;Die Linke;Die Grünen;Landtag Sachsen,400,0,0,NA,NA,NA
1216,03,1533044465Erfurt_article_660,Erfurt,2015-01-26,pro-pegida,demonstration;machine-gun sounds,Pegada;conspiracy theorists;neonazis;hooligans,1000,NA,0,NA,NA,NA
1217,03,1533044465Erfurt_article_660,Erfurt,2015-01-26,anti-pegida,demonstration;blockade;drowning,NA,600,2,2,NA,NA,NA
1218,03,1533044264Erfurt_article_651,Erfurt,2015-01-26,pro-pegida,demonstration,Pegada;conspiracy theorists;neonazis,1000,NA,NA,NA,NA,NA
1219,03,1533044264Erfurt_article_651,Erfurt,2015-01-26,anti-pegida,demonstration,NA,600,NA,NA,NA,NA,NA
1220,03,1533044242Erfurt_article_650,Erfurt,2015-01-25,pro-pegida,demonstration,Pegada,1000,NA,0,NA,NA,NA
1221,03,1533044242Erfurt_article_650,Erfurt,2015-01-25,anti-pegida,demonstration;drowning,NA,600,NA,0,NA,NA,NA
1222,03,1533044187Erfurt_article_648,Erfurt,2015-01-26,pro-pegida,demonstration,Pegada;conspiracy theorists;neonazis;hooligans,1000,NA,0,NA,NA,NA
1223,03,1533044187Erfurt_article_648,Erfurt,2015-01-26,anti-pegida,demonstration;blockade,NA,600,2,2,NA,NA,NA
1224,03,1533040078Erfurt_article_510,Erfurt,2015-03-23,pro-pegida,demonstration,Thügida;right-wing extremists;NPD,200,NA,0,NA,NA,NA
1225,03,1533040078Erfurt_article_510,Erfurt,2015-03-23,anti-pegida,demonstration,NA,300,NA,0,NA,NA,NA
1226,03,1533040045Erfurt_article_509,Erfurt,2015-03-23,pro-pegida,demonstration,Thügida;right-wing extremists;NPD,200,NA,0,NA,NA,NA
1227,03,1533040045Erfurt_article_509,Erfurt,2015-03-23,anti-pegida,demonstration;blockade,Stadt Erfurt;students;leftists,300,NA,0,NA,NA,NA
1228,03,1533040023Erfurt_article_508,Erfurt,2015-03-23,pro-pegida,demonstration,Thügida,200,NA,0,NA,NA,NA
1229,03,1533040023Erfurt_article_508,Erfurt,2015-03-23,anti-pegida,demonstration;blockade,Stadt Erfurt;students;leftists,400,NA,0,NA,NA,NA
1230,03,1533039489Erfurt_article_493,Erfurt,2015-04-13,pro-pegida,demonstration,Thügida,100,NA,0,1,sit-in by counter-demonstrators,NA
1231,03,1533039489Erfurt_article_493,Erfurt,2015-04-13,anti-pegida,demonstration;sit-in,NA,300,NA,0,NA,NA,NA
1232,03,1533039443Erfurt_article_491,Erfurt,2015-04-13,pro-pegida,demonstration,Thügida;NPD;Division Thüringen;Die Rechte;neonazis,NA,NA,0,1,sit-in by counter-demonstrators,NA
1233,03,1533039443Erfurt_article_491,Erfurt,2015-04-13,anti-pegida,demonstration;sit-in,NA,300,NA,0,NA,NA,"Mehr Sex mit Ausländern!;Alerta alerta, Antifascista!;Wir sind die Mauer, das Volk muss weg!"
1234,03,1533039420Erfurt_article_490,Erfurt,2015-04-13,pro-pegida,demonstration,Thügida;NPD,150,NA,0,1,counter-demonstrators,NA
1235,03,1533039420Erfurt_article_490,Erfurt,2015-04-13,anti-pegida,demonstration;blockade,NA,350,NA,0,NA,NA,NA
1236,03,1533551928Magdeburg_article_196,Magdeburg,2015-01-19,anti-pegida,demonstration,NA,6000,NA,NA,NA,NA,NA
1237,03,1533551906Magdeburg_article_195,Magdeburg,2015-01-19,pro-pegida,demonstration,Magida,600,NA,0,NA,NA,NA
1238,03,1533551906Magdeburg_article_195,Magdeburg,2015-01-19,anti-pegida,demonstration,NA,6000,NA,0,NA,NA,NA
1239,03,1533551874Magdeburg_article_194,Magdeburg,2015-01-19,pro-pegida,demonstration,Magida,600,NA,NA,NA,NA,NA
1240,03,1533551874Magdeburg_article_194,Magdeburg,2015-01-19,anti-pegida,demonstration,NA,6000,NA,NA,NA,NA,NA
1241,03,1533551851Magdeburg_article_193,Magdeburg,2015-01-19,pro-pegida,demonstration,Magida,600,NA,NA,NA,NA,NA
1242,03,1533551851Magdeburg_article_193,Magdeburg,2015-01-19,anti-pegida,demonstration,NA,6000,NA,NA,NA,NA,NA
1243,03,1533551759Magdeburg_article_189,Magdeburg,2015-01-19,pro-pegida,demonstration,Pegida,NA,NA,NA,NA,NA,NA
1244,03,1533551737Magdeburg_article_188,Magdeburg,2015-01-19,pro-pegida,demonstration,Magida,600,NA,0,2,counter-demonstrators,NA
1245,03,1533551737Magdeburg_article_188,Magdeburg,2015-01-19,anti-pegida,demonstration;blockade,NA,7000,NA,0,NA,NA,NA
1246,03,1533551714Magdeburg_article_187,Magdeburg,2015-01-19,pro-pegida,demonstration,Magida;hooligans,600,NA,0,2,counter-demonstrators,Wir sind das Volk
1247,03,1533551714Magdeburg_article_187,Magdeburg,2015-01-19,anti-pegida,demonstration;blockade;drowning,students;families;pensioners;workers,6000,NA,0,NA,NA,Haut ab
1248,03,1533551691Magdeburg_article_186,Magdeburg,2015-01-19,anti-pegida,demonstration,NA,2000,NA,NA,NA,NA,NA
1249,03,1533551668Magdeburg_article_185,Magdeburg,2015-01-19,pro-pegida,demonstration,Magida,600,NA,0,NA,NA,NA
1250,03,1533551668Magdeburg_article_185,Magdeburg,2015-01-19,anti-pegida,demonstration,NA,6000,NA,0,NA,NA,NA
1251,03,1533551624Magdeburg_article_183,Magdeburg,2015-01-19,anti-pegida,demonstration,NA,6000,NA,NA,NA,NA,NA
1252,03,1533551602Magdeburg_article_182,Magdeburg,2015-01-19,pro-pegida,demonstration,Pegida,NA,NA,NA,NA,NA,NA
1253,03,1533551602Magdeburg_article_182,Magdeburg,2015-01-19,anti-pegida,demonstration,NA,NA,NA,NA,NA,NA,NA
1254,03,1533551557Magdeburg_article_180,Magdeburg,2015-01-19,pro-pegida,demonstration,Magida;hooligans;AfD supporters;families;bikers;pensioners,600,NA,NA,NA,NA,NA
1255,03,1533551557Magdeburg_article_180,Magdeburg,2015-01-19,anti-pegida,demonstration,NA,6000,NA,NA,NA,NA,NA
1256,03,1533551396Magdeburg_article_173,Magdeburg,2015-02-02,pro-pegida,demonstration,Pegida,NA,NA,NA,NA,NA,NA
1257,03,1533551374Magdeburg_article_172,Magdeburg,2015-02-02,anti-pegida,demonstration,NA,2000,NA,NA,NA,NA,NA
1258,03,1533551353Magdeburg_article_171,Magdeburg,2015-02-02,pro-pegida,demonstration,Magida,600,NA,NA,NA,NA,NA
1259,03,1533551353Magdeburg_article_171,Magdeburg,2015-02-02,anti-pegida,demonstration,NA,2000,NA,NA,NA,NA,NA
1260,03,1533551298Magdeburg_article_169,Magdeburg,2015-02-09,pro-pegida,demonstration,Magida,380,NA,0,NA,NA,NA
1261,03,1533551298Magdeburg_article_169,Magdeburg,2015-02-09,anti-pegida,demonstration,NA,900,NA,0,NA,NA,NA
1262,03,1533551252Magdeburg_article_167,Magdeburg,2015-02-16,pro-pegida,demonstration,Magida,780,NA,NA,NA,NA,NA
1263,03,1533551252Magdeburg_article_167,Magdeburg,2015-02-16,anti-pegida,demonstration,NA,700,NA,NA,NA,NA,NA
1264,03,1533549780Magdeburg_article_107,Magdeburg,2016-01-16,pro-pegida,demonstration,Magida;right-wing extremists,230,NA,0,NA,NA,NA
1265,03,1533549780Magdeburg_article_107,Magdeburg,2016-01-16,anti-pegida,demonstration;sit-in,NA,NA,NA,2,NA,NA,NA
1266,03,1528189049Köln_article_1388,Köln,2014-12-14,anti-pegida,demonstration;concert,Arsch Huh;Stadt Köln;musicians;artists,15000,0,0,NA,NA,NA
1267,03,1528189025Köln_article_1387,Köln,2014-12-14,anti-pegida,demonstration,artists' initiative,15000,NA,NA,NA,NA,NA
1268,03,1528189003Köln_article_1386,Köln,2014-12-14,anti-pegida,demonstration,NA,15000,NA,NA,NA,NA,NA
1269,03,1528188982Köln_article_1385,Köln,2014-12-14,anti-pegida,demonstration,musicians;artists,15000,NA,NA,NA,NA,NA
1270,03,1528188951Köln_article_1384,Köln,2014-12-14,anti-pegida,demonstration,NA,15000,NA,NA,NA,NA,NA
1271,03,1528188929Köln_article_1383,Köln,2014-12-14,anti-pegida,demonstration,Arsch Huh 2014;Coloniacs;Kölnkongress,16000,0,NA,0,NA,NA
1272,03,1528188905Köln_article_1382,Köln,2014-12-14,anti-pegida,demonstration,Arsch Huh 2014;Coloniacs;Kölnkongress;Stadt Köln;cabaret artists;musicians,16000,0,NA,0,NA,NA
1273,03,1528188880Köln_article_1381,Köln,2014-12-15,anti-pegida,demonstration,Arsch Huh 2014;Coloniacs;Kölnkongress;Stadt Köln;cabaret artists;musicians,16000,0,NA,0,NA,NA
1274,03,1528188739Köln_article_1375,Köln,2014-12-14,anti-pegida,demonstration,Arsch Huh 2014;Festkomitee,16000,NA,NA,NA,NA,NA
1275,03,1528184410Köln_article_1223,Köln,2015-01-05,pro-pegida,demonstration,Kögida,NA,NA,NA,2,counter-demonstrators,NA
1276,03,1528184410Köln_article_1223,Köln,2015-01-05,anti-pegida,demonstration,NA,2000,NA,NA,NA,NA,NA
1277,03,1528184390Köln_article_1222,Köln,2015-01-05,anti-pegida,demonstration;darkening,churches,NA,NA,NA,NA,NA,Vielfalt statt Einfalt
1278,03,1528184258Köln_article_1221,Köln,2015-01-05,pro-pegida,demonstration,Pegida,NA,NA,NA,2,counter-demonstrators,NA
1279,03,1528184258Köln_article_1221,Köln,2015-01-05,anti-pegida,demonstration;darkening,churches,2000,NA,NA,NA,NA,NA
1280,03,1528184231Köln_article_1220,Köln,2015-01-06,pro-pegida,demonstration,Pegida,200,NA,NA,2,counter-demonstrators,NA
1281,03,1528184231Köln_article_1220,Köln,2015-01-06,anti-pegida,demonstration;darkening,churches,2000,NA,NA,NA,NA,NA
1282,03,1528184208Köln_article_1219,Köln,2015-01-05,pro-pegida,demonstration,Kögida;Pro NRW,250,NA,0,2,counter-demonstrators,NA
1283,03,1528184208Köln_article_1219,Köln,2015-01-05,anti-pegida,demonstration;darkening;blockade,churches,2500,NA,NA,NA,NA,Wir lassen uns nicht einsperren;Nazis raus!;Ihr könnt nach Hause fahr'n
1284,03,1528184153Köln_article_1217,Köln,2015-01-05,anti-pegida,demonstration;darkening,churches;IHK;Handwerkskammer;Maritim-Hotel;Chocolate Museum;Rhein-Energie-Stadion;Stadt Köln,2000,NA,2,NA,NA,NA
1285,03,1528184001Köln_article_1215,Köln,2015-01-05,pro-pegida,demonstration,Pegida,250,NA,NA,NA,NA,NA
1286,03,1528184001Köln_article_1215,Köln,2015-01-05,anti-pegida,demonstration;darkening,churches;IHK;Maritim-Hotel,2000,NA,NA,NA,NA,NA
1287,03,1528183459Köln_article_1193,Köln,2015-01-05,pro-pegida,demonstration,Kögida,200,NA,NA,2,counter-demonstrators,NA
1288,03,1528183459Köln_article_1193,Köln,2015-01-05,anti-pegida,demonstration;darkening;blockade,churches;muslim organizations;jewish community;Arsch Huh;Stadt Köln;Chocolate Museum,2000,NA,NA,NA,NA,NA
1289,03,1528183316Köln_article_1187,Köln,2015-01-05,pro-pegida,demonstration,Kögida,NA,NA,NA,2,counter-demonstrators,NA
1290,03,1528183316Köln_article_1187,Köln,2015-01-05,anti-pegida,demonstration;darkening,NA,2000,NA,NA,NA,NA,NA
1291,03,1528128587Köln_article_1143,Köln,2015-01-05,pro-pegida,demonstration,Kögida,200,NA,NA,2,counter-demonstrators,NA
1292,03,1528128587Köln_article_1143,Köln,2015-01-05,anti-pegida,demonstration;darkening;blockade,churches;muslim organizations;jewish community;Arsch Huh;Stadt Köln;Chocolate Museum,2000,NA,NA,NA,NA,NA
1293,03,1528128492Köln_article_1137,Köln,2015-01-05,pro-pegida,demonstration,Kögida,NA,NA,NA,2,counter-demonstrators,NA
1294,03,1528128492Köln_article_1137,Köln,2015-01-05,anti-pegida,demonstration;darkening,churches,2000,NA,NA,NA,NA,NA
1295,03,1528128470Köln_article_1136,Köln,2015-01-05,pro-pegida,demonstration,Kögida,200,NA,0,2,counter-demonstrators,NA
1296,03,1528128470Köln_article_1136,Köln,2015-01-05,anti-pegida,demonstration;darkening;blockade,churches;muslim organizations;jewish community;Arsch Huh;Stadt Köln,7500,NA,0,NA,NA,NA
1297,03,1528128448Köln_article_1135,Köln,2015-01-06,pro-pegida,demonstration,NA,200,NA,0,2,counter-demonstrators,NA
1298,03,1528128448Köln_article_1135,Köln,2015-01-06,anti-pegida,demonstration;blockade,NA,2000,NA,0,NA,NA,NA
1299,03,1528128427Köln_article_1134,Köln,2015-01-05,anti-pegida,demonstration,NA,NA,NA,NA,NA,NA,NA
1300,03,1528128376Köln_article_1132,Köln,2015-01-05,pro-pegida,demonstration,Pegida,NA,NA,NA,2,counter-demonstrators,NA
1301,03,1528128376Köln_article_1132,Köln,2015-01-05,anti-pegida,demonstration;darkening,churches,2000,NA,NA,NA,NA,NA
1302,03,1528128354Köln_article_1131,Köln,2015-01-05,pro-pegida,demonstration,Kögida,200,NA,NA,2,NA,NA
1303,03,1528128354Köln_article_1131,Köln,2015-01-05,anti-pegida,demonstration;darkening,churches;Stadt Köln,2000,NA,NA,NA,NA,NA
1304,03,1528128330Köln_article_1130,Köln,2015-01-05,pro-pegida,demonstration,Kögida,500,0,0,2,counter-demonstrators,NA
1305,03,1528128330Köln_article_1130,Köln,2015-01-05,anti-pegida,demonstration;darkening;blockade;,Köln stellt sich quer;churches;muslim organizations;jewish community;Arsch Huh;Stadt Köln;Kein Veedel für Rassismus;museums,2000,0,0,NA,NA,Ihr seid eine Schande für unser Land
1306,03,1528128305Köln_article_1129,Köln,2015-01-05,pro-pegida,demonstration,Kögida,500,NA,0,2,counter-demonstrators,NA
1307,03,1528128305Köln_article_1129,Köln,2015-01-05,anti-pegida,demonstration;darkening;blockade;,Köln stellt sich quer;churches;muslim organizations;jewish community;Arsch Huh;Stadt Köln;Kein Veedel für Rassismus;museums;Musical Dome;Messe Köln,2000,NA,0,NA,NA,NA
1308,03,1528128238Köln_article_1126,Köln,2015-01-05,pro-pegida,demonstration,Kögida,NA,NA,0,2,counter-demonstrators,NA
1309,03,1528128238Köln_article_1126,Köln,2015-01-05,anti-pegida,demonstration;darkening;blockade;,Wir stellen uns quer;Kein Veedel für Rassismus;churches;Stadt Köln;Chocolate Museum,8750,NA,0,NA,NA,NA
1310,03,1528128190Köln_article_1123,Köln,2015-01-05,pro-pegida,demonstration,Kögida,NA,NA,NA,NA,NA,NA
1311,03,1528128190Köln_article_1123,Köln,2015-01-05,anti-pegida,demonstration,NA,NA,NA,NA,NA,NA,NA
1312,03,1528128176Köln_article_1122,Köln,2015-01-05,pro-pegida,demonstration,Kögida,NA,NA,NA,NA,NA,NA
1313,03,1528128176Köln_article_1122,Köln,2015-01-05,anti-pegida,demonstration;darkening,churches,NA,NA,NA,NA,NA,Gemeinsam für ein tolerantes und buntes Köln;Vielfalt statt Einfalt
1314,03,1528128135Köln_article_1120,Köln,2015-01-05,pro-pegida,demonstration,Kögida,500,0,0,2,counter-demonstrators,NA
1315,03,1528128135Köln_article_1120,Köln,2015-01-05,anti-pegida,demonstration;darkening;blockade;,Die Linke;churches;unions;Arsch Huh;Stadt Köln,2000,0,0,NA,NA,Wir brauchen Platz
1316,03,1528128069Köln_article_1117,Köln,2015-01-05,pro-pegida,demonstration,Kögida,500,0,0,2,counter-demonstrators,NA
1317,03,1528128069Köln_article_1117,Köln,2015-01-05,anti-pegida,demonstration;darkening;blockade;,Die Linke;churches;unions;Arsch Huh;Stadt Köln,2000,0,0,NA,NA,NA
1318,03,1528127912Köln_article_1110,Köln,2015-01-05,pro-pegida,demonstration,Kögida,500,0,0,NA,NA,NA
1319,03,1528127912Köln_article_1110,Köln,2015-01-05,anti-pegida,demonstration;darkening;blockade;,churches;Stadt Köln;Maritim-Hotel;Handwerkskammer;Musical Dome;leftists,NA,0,0,NA,NA,NA
1320,03,1528127849Köln_article_1107,Köln,2015-01-05,pro-pegida,demonstration,Kögida,500,0,0,2,counter-demonstrators,NA
1321,03,1528127849Köln_article_1107,Köln,2015-01-05,anti-pegida,demonstration;darkening;blockade;,Stadt Köln;SPD;CDU;leftists;churches;Musical Dome;IHK;Maritim-Hotel,5000,0,0,NA,NA,NA
1322,03,1528127827Köln_article_1106,Köln,2015-01-05,pro-pegida,demonstration,Kögida,500,0,0,NA,NA,NA
1323,03,1528127827Köln_article_1106,Köln,2015-01-05,anti-pegida,demonstration;darkening;blockade;,Arsch Huh;Stadt Köln;churches;muslim organizations;RTL;Maritim-Hotel;Handwerkskammer;Chocolate Museum;Neptunbad,2000,2,2,NA,NA,I love Immigration;Frigida;Und die Erde ist eine Scheibe
1324,03,1528127416Köln_article_1088,Köln,2015-01-05,anti-pegida,demonstration,NA,NA,NA,NA,NA,NA,NA
1325,03,1528127005Köln_article_1075,Köln,2015-01-05,anti-pegida,demonstration;darkening,churches,NA,NA,NA,NA,NA,NA
1326,03,1528126983Köln_article_1074,Köln,2015-01-05,pro-pegida,demonstration,NA,500,NA,NA,NA,NA,NA
1327,03,1528126983Köln_article_1074,Köln,2015-01-05,anti-pegida,demonstration,NA,7500,NA,NA,NA,NA,NA
1328,03,1528126956Köln_article_1073,Köln,2015-01-05,pro-pegida,demonstration,Pegida,NA,NA,NA,NA,NA,NA
1329,03,1528126956Köln_article_1073,Köln,2015-01-05,anti-pegida,demonstration;darkening,churches,NA,NA,NA,NA,NA,NA
1330,03,1528126866Köln_article_1069,Köln,2015-01-07,pro-pegida,demonstration,Kögida,500,NA,0,2,counter-demonstrators,Wir sind das Volk.
1331,03,1528126866Köln_article_1069,Köln,2015-01-07,anti-pegida,demonstration;darkening,Köln stellt sich quer;migrant organizations;Arsch Huh;churches,6000,NA,0,NA,NA,Wir brauchen Platz.
1332,03,1528126842Köln_article_1068,Köln,2015-01-05,pro-pegida,demonstration,Kögida,NA,NA,NA,2,counter-demonstrators,NA
1333,03,1528126842Köln_article_1068,Köln,2015-01-05,anti-pegida,demonstration;darkening,NA,7500,NA,NA,NA,NA,NA
1334,03,1528125273Köln_article_1006,Köln,2015-01-15,pro-pegida,demonstration,Pegida,150,NA,0,NA,NA,NA
1335,03,1528125250Köln_article_1005,Köln,2015-01-14,pro-pegida,demonstration,Kögida;hooligans;Pro NRW,150,NA,0,NA,NA,NA
1336,03,1528125250Köln_article_1005,Köln,2015-01-14,anti-pegida,demonstration,NA,6500,NA,0,NA,NA,NA
1337,03,1528125103Köln_article_999,Köln,2015-01-14,pro-pegida,demonstration,Kögida;hooligans,150,NA,0,NA,NA,NA
1338,03,1528125103Köln_article_999,Köln,2015-01-14,anti-pegida,demonstration,NA,6500,NA,0,NA,NA,NA
1339,03,1528125056Köln_article_997,Köln,2015-01-14,pro-pegida,demonstration,Kögida;hooligans,80,NA,0,NA,NA,NA
1340,03,1528125056Köln_article_997,Köln,2015-01-14,anti-pegida,demonstration,Köln stellt sich quer;Messe Köln,3000,NA,NA,NA,NA,NA
1341,03,1528124960Köln_article_993,Köln,2015-01-14,pro-pegida,demonstration,Pegida,150,NA,NA,NA,NA,NA
1342,03,1528124960Köln_article_993,Köln,2015-01-14,anti-pegida,demonstration,NA,6500,NA,NA,NA,NA,NA
1343,03,1528124846Köln_article_988,Köln,2015-01-14,pro-pegida,demonstration,Kögida;Pro NRW;hooligans,150,1,1,1,NA,Lügenpresse auf die Fresse;Antifa Hurensöhne
1344,03,1528124846Köln_article_988,Köln,2015-01-14,anti-pegida,demonstration,leftist autonomists,6500,0,1,NA,NA,NA
1345,03,1528123989Köln_article_956,Köln,2015-01-21,pro-pegida,demonstration,Kögida;hooligans;Pro NRW,200,0,2,1,sit-in by counter-demonstrators,Lügenpresse;Linke
1346,03,1528123989Köln_article_956,Köln,2015-01-21,anti-pegida,demonstration;sit-in,Kein Veedel für Rassismus;Die Linke,1000,0,0,NA,NA,Nazis raus!
1347,03,1528123883Köln_article_952,Köln,2015-01-21,pro-pegida,demonstration,Kögida,100,NA,NA,NA,NA,NA
1348,03,1528123883Köln_article_952,Köln,2015-01-21,anti-pegida,demonstration,Köln stellt sich quer,1500,NA,NA,NA,NA,NA
1349,03,1528123862Köln_article_951,Köln,2015-01-21,pro-pegida,demonstration,Kögida,70,NA,NA,NA,NA,NA
1350,03,1528123862Köln_article_951,Köln,2015-01-21,anti-pegida,demonstration,Köln stellt sich quer,1000,NA,NA,NA,NA,NA
1351,03,1528122461Köln_article_900,Köln,2015-01-28,anti-pegida,demonstration,Köln gegen Rechts,400,NA,NA,NA,NA,NA
1352,03,1528109368Köln_article_495,Köln,2015-10-25,pro-pegida,demonstration,Hogesa;Kögida;hooligans;right-wing extremists,1500,0,0,1,delayed start due to difficulties to find sober security guards without criminal record,NA
1353,03,1528109368Köln_article_495,Köln,2015-10-25,anti-pegida,demonstration,carnival clubs;students;leftist autonomists,10000,2,2,NA,NA,Kein Mensch ist illegal;Bunte Funken gegen braune Halunken
1354,03,1528109346Köln_article_494,Köln,2015-10-25,pro-pegida,demonstration,Hogesa;Kögida;hooligans,1000,3,2,NA,NA,NA
1355,03,1528109346Köln_article_494,Köln,2015-10-25,anti-pegida,demonstration,associations;leftist autonomists,15000,3,2,NA,NA,Kein Mensch ist illegal;Refugees welcome
1356,03,1528109232Köln_article_489,Köln,2015-10-25,pro-pegida,demonstration,Hogesa;Kögida,1000,NA,0,1,delayed start due to difficulties to find sober security guards without criminal record,NA
1357,03,1528109232Köln_article_489,Köln,2015-10-25,anti-pegida,demonstration,Arsch Huh;Köln gegen Rechts;Köln stellt sich quer,15000,NA,0,NA,NA,Refugees welcome
1358,03,1528107422Köln_article_413,Köln,2016-01-10,pro-pegida,demonstration,Pegida;hooligans;neonazis,NA,2,2,2,ended by police because of violence by participants,NA
1359,03,1528107399Köln_article_412,Köln,2016-01-10,pro-pegida,demonstration,Pegida;hooligans;neonazis,1700,4,2,2,ended by police because of violence by participants,NA
1360,03,1528107399Köln_article_412,Köln,2016-01-10,anti-pegida,demonstration,leftists,1500,NA,NA,NA,ended by police because of violence by participants,NA
1361,03,1528107350Köln_article_410,Köln,2016-01-09,pro-pegida,demonstration,Pegida;Pro NRW;hooligans;neonazis,NA,4,2,2,ended by police because of violence by participants,NA
1362,03,1528107350Köln_article_410,Köln,2016-01-09,anti-pegida,demonstration,NA,NA,NA,NA,NA,NA,Nazis raus
1363,03,1528107017Köln_article_396,Köln,2016-01-09,pro-pegida,demonstration,Pegida;Pro NRW;hooligans,NA,4,2,2,ended by police because of violence by participants,Abschieben
1364,03,1528107017Köln_article_396,Köln,2016-01-09,anti-pegida,demonstration,NA,NA,NA,NA,NA,NA,Nazis raus
1365,03,1528106949Köln_article_393,Köln,2016-01-09,pro-pegida,demonstration,Pegida;hooligans,1700,2,2,2,ended by police because of violence by participants,NA
1366,03,1528106949Köln_article_393,Köln,2016-01-09,anti-pegida,demonstration,NA,1300,0,NA,NA,NA,NA
1367,03,1528106927Köln_article_392,Köln,2016-01-11,pro-pegida,demonstration,Pegida;far-right parties;hooligans,1700,2,2,2,ended by police because of violence by participants,NA
1368,03,1528106927Köln_article_392,Köln,2016-01-11,anti-pegida,demonstration,NA,1300,NA,NA,NA,NA,NA
1369,03,1528106880Köln_article_390,Köln,2016-01-09,pro-pegida,demonstration,Pegida;Pro NRW;hooligans;right-wing extremists,NA,2,2,2,ended by police because of violence by participants,Abschieben
1370,03,1528106880Köln_article_390,Köln,2016-01-09,anti-pegida,demonstration,NA,NA,NA,NA,NA,NA,Nazis raus
1371,03,1528106856Köln_article_389,Köln,2016-01-11,pro-pegida,demonstration,Pegida;Pro NRW,NA,NA,2,NA,NA,NA
1372,03,1528106834Köln_article_388,Köln,2016-01-11,pro-pegida,demonstration,Pegida;far-right parties;hooligans,NA,4,2,2,ended by police because of violence by participants,NA
1373,03,1528106809Köln_article_387,Köln,2016-01-09,pro-pegida,demonstration,Pegida;hooligans,1700,4,2,2,ended by police because of violence by participants,Abschieben
1374,03,1528106809Köln_article_387,Köln,2016-01-09,anti-pegida,demonstration,Köln gegen Rechts,1300,NA,NA,NA,NA,NA
1375,03,1528106679Köln_article_386,Köln,2016-01-09,pro-pegida,demonstration,Pegida;hooligans;right-wing extremists,NA,4,2,2,ended by police because of violence by participants,NA
1376,03,1528106602Köln_article_383,Köln,2016-01-09,pro-pegida,demonstration,Pegida;right-wing extremists,NA,NA,2,2,ended by police,NA
1377,03,1528106602Köln_article_383,Köln,2016-01-09,anti-pegida,demonstration,NA,1300,NA,NA,NA,NA,NA
1378,03,1528106556Köln_article_381,Köln,2016-01-09,pro-pegida,demonstration,Pegida;hooligans;right-wing extremists,1700,4,2,2,ended by police because of violence by participants,NA
1379,03,1528106556Köln_article_381,Köln,2016-01-09,pro-pegida,demonstration,Köln gegen Rechts,1700,NA,NA,NA,NA,Nazis raus
1380,03,1528106345Köln_article_376,Köln,2016-01-09,pro-pegida,demonstration,Pegida;right-wing extremists,NA,NA,2,2,ended by police,NA
1381,03,1528106345Köln_article_376,Köln,2016-01-09,anti-pegida,demonstration,NA,1300,NA,NA,NA,NA,NA
1382,03,1528106325Köln_article_375,Köln,2016-01-09,pro-pegida,demonstration,Pegida;far-right parties;hooligans,1700,4,2,2,ended by police because of violence by participants,NA
1383,03,1528106325Köln_article_375,Köln,2016-01-09,anti-pegida,demonstration,NA,1300,NA,NA,NA,NA,NA
1384,03,1528106304Köln_article_374,Köln,2016-01-09,pro-pegida,demonstration,Pegida;Pro NRW;hooligans,NA,4,2,2,ended by police because of violence by participants,Abschieben
1385,03,1528106304Köln_article_374,Köln,2016-01-09,anti-pegida,demonstration,NA,NA,NA,NA,NA,NA,Nazis raus
1386,03,1528106282Köln_article_373,Köln,2016-01-09,anti-pegida,demonstration,Pegida;far-right parties;hooligans,1700,4,2,2,ended by police because of violence by participants,NA
1387,03,1528106237Köln_article_371,Köln,2016-01-09,pro-pegida,demonstration,Pegida NRW,1700,4,2,2,ended by police because of violence by participants,NA
1388,03,1528106237Köln_article_371,Köln,2016-01-09,anti-pegida,demonstration,NA,1400,NA,NA,NA,NA,NA
1389,03,1528106190Köln_article_369,Köln,2016-01-09,pro-pegida,demonstration,Pegida;hooligans;right-wing extremists,1700,4,2,2,ended by police because of violence by participants,NA
1390,03,1528106190Köln_article_369,Köln,2016-01-09,anti-pegida,demonstration,NA,1400,NA,NA,NA,NA,NA
1391,03,1528106098Köln_article_365,Köln,2016-01-11,pro-pegida,demonstration,Pegida;hooligans,NA,4,2,NA,NA,NA
1392,03,1528106050Köln_article_363,Köln,2016-01-09,pro-pegida,demonstration,Pegida NRW;hooligans,1700,2,2,NA,NA,Wo wart ihr Silvester? Wo wart ihr Silvester?;Deutschland hat wieder eine Jugend.
1393,03,1528106050Köln_article_363,Köln,2016-01-09,anti-pegida,demonstration,Unser Köln;Köln gegen Rechts,2650,0,0,NA,NA,NA
1394,03,1528106027Köln_article_362,Köln,2016-01-09,pro-pegida,demonstration,Pegida;hooligans,NA,2,2,2,ended by police because of violence by participants,NA
1395,03,1528728003Berlin_article_2096,Berlin,2014-12-22,anti-pegida,demonstration,NA,30,NA,NA,NA,NA,NA
1396,03,1528727670Berlin_article_2081,Berlin,2014-12-22,anti-pegida,demonstration,NoBergida,12,NA,NA,NA,NA,NA
1397,03,1528718121Berlin_article_1986,Berlin,2015-01-05,pro-pegida,demonstration,Bärgida;Patrioten e.V.;NPD;right-wing extremists,450,NA,0,2,counter-demonstrators,NA
1398,03,1528718121Berlin_article_1986,Berlin,2015-01-05,anti-pegida,demonstration;darkening;blockade,"Bündnis gegen Rassismus, Nationalismus und Ausgrenzung;Regierung Berlin;Senat Berlin;Bundesregierung;SPD",6000,NA,0,NA,NA,Wir sind die Mauer
1399,03,1528718121Berlin_article_1986,Berlin,2015-01-05,anti-pegida,demonstration,Türkischer Bund;Die Grünen;churches,1000,NA,0,NA,NA,NA
1400,03,1528718055Berlin_article_1983,Berlin,2015-01-05,pro-pegida,demonstration,Bärgida;Patrioten e.V,NA,NA,0,NA,NA,NA
1401,03,1528718055Berlin_article_1983,Berlin,2015-01-05,anti-pegida,demonstration,"Bündnis gegen Rassismus, Nationalismus und Ausgrenzung;Bundesregierung;SPD;churches;Türkischer Bund;Die Grünen",1500,NA,0,NA,NA,NA
1402,03,1528717894Berlin_article_1980,Berlin,2015-01-05,anti-pegida,demonstration,NA,5000,NA,NA,NA,NA,NA
1403,03,1528717872Berlin_article_1979,Berlin,2015-01-05,pro-pegida,demonstration,Bärgida,300,NA,0,2,counter-demonstrators,NA
1404,03,1528717872Berlin_article_1979,Berlin,2015-01-05,anti-pegida,demonstration;darkening;blockade,SPD;Die Linke;Die Grünen;Antifa;Regierung Berlin;Bundesregierung;Turkish community;Zentralrat der Juden;unions,2000,NA,0,NA,NA,NA
1405,03,1528717849Berlin_article_1978,Berlin,2015-01-05,anti-pegida,demonstration;darkening;blockade,Regierung Berlin,5000,NA,0,NA,NA,NA
1406,03,1528717828Berlin_article_1977,Berlin,2015-01-05,pro-pegida,demonstration,Pegida,NA,NA,NA,NA,NA,NA
1407,03,1528717828Berlin_article_1977,Berlin,2015-01-05,anti-pegida,demonstration,NA,NA,NA,NA,NA,NA,NA
1408,03,1528717805Berlin_article_1976,Berlin,2015-01-05,pro-pegida,demonstration,Pegida,NA,NA,NA,2,counter-demonstrators,NA
1409,03,1528717805Berlin_article_1976,Berlin,2015-01-05,anti-pegida,demonstration;darkening;blockade,Regierung Berlin,NA,NA,NA,NA,NA,NA
1410,03,1528717693Berlin_article_1971,Berlin,2015-01-05,anti-pegida,demonstration;darkening;blockade,SPD;Die Linke;unions;Bundesregierung;Regierung Berlin;Senat Berlin;Bundestag;Die Grünen,5000,NA,NA,NA,NA,NA
1411,03,1528717651Berlin_article_1969,Berlin,2015-01-05,anti-pegida,demonstration,NA,5000,NA,NA,NA,NA,NA
1412,03,1528717618Berlin_article_1968,Berlin,2015-01-05,anti-pegida,demonstration,NA,2000,NA,NA,NA,NA,NA
1413,03,1528717596Berlin_article_1967,Berlin,2015-01-05,anti-pegida,demonstration;blockade,Türkischer Bund;Turkish Community,2000,NA,0,NA,NA,NA
1414,03,1528717596Berlin_article_1967,Berlin,2015-01-05,pro-pegida,demonstration,Bärgida,300,NA,0,2,counter-demonstrators,NA
1415,03,1528717574Berlin_article_1966,Berlin,2015-01-05,pro-pegida,demonstration,Bärgida,300,NA,NA,2,counter-demonstrators,NA
1416,03,1528717574Berlin_article_1966,Berlin,2015-01-05,anti-pegida,demonstration;darkening;blockade,Regierung Berlin,5000,NA,NA,NA,NA,NA
1417,03,1528717530Berlin_article_1964,Berlin,2015-01-05,pro-pegida,demonstration,Pegida,300,NA,NA,NA,NA,NA
1418,03,1528717530Berlin_article_1964,Berlin,2015-01-05,anti-pegida,demonstration;darkening,Senat Berlin,5000,NA,NA,NA,NA,NA
1419,03,1528717386Berlin_article_1962,Berlin,2015-01-05,pro-pegida,demonstration,Bärgida,300,NA,0,2,counter-demonstrators,"Wir sind das Volk;Lügenpresse;Räumen, räumen, räumen!"
1420,03,1528717386Berlin_article_1962,Berlin,2015-01-05,anti-pegida,demonstration;darkening;blockade,Bundesregierung;SPD;Die Linke;unions;Antifa;Senat Berlin,5000,2,2,NA,NA,NA
1421,03,1528717362Berlin_article_1961,Berlin,2015-01-05,pro-pegida,demonstration,Bärgida,400,NA,0,2,counter-demonstrators,NA
1422,03,1528717362Berlin_article_1961,Berlin,2015-01-05,anti-pegida,demonstration;blockade,Bundesregierung;SPD;Die Linke;unions;Antifa;Regierung Berlin;Die Grünen,5000,2,2,NA,NA,NA
1423,03,1528717320Berlin_article_1959,Berlin,2015-01-05,pro-pegida,demonstration,Bärgida;hooligans,400,3,0,2,counter-demonstrators,Keine Islamisirung Europas (sic)
1424,03,1528717320Berlin_article_1959,Berlin,2015-01-05,anti-pegida,demonstration;blockade;darkening,Bündnis gegen Rassismus;Türkischer Bund;Piratenpartei;Bundesregierung;Regierung Berlin;SPD;Die Grünen,5000,2,2,NA,NA,NA
1425,03,1528717275Berlin_article_1957,Berlin,2015-01-05,pro-pegida,demonstration,Bärgida;neonazis,300,NA,0,2,counter-demonstrators,AfD forever;Lügenpresse. Lügenpresse!
1426,03,1528717275Berlin_article_1957,Berlin,2015-01-05,anti-pegida,demonstrations;blockade;darkening,Senat Berlin;Bundesregierung;SPD,5000,NA,0,NA,NA,NA
1427,03,1528716887Berlin_article_1944,Berlin,2015-01-05,pro-pegida,demonstration,Bärgida,300,NA,NA,NA,NA,NA
1428,03,1528716887Berlin_article_1944,Berlin,2015-01-05,anti-pegida,demonstration;darkening,Senat Berlin,5000,NA,NA,NA,NA,NA
1429,03,1528716733Berlin_article_1937,Berlin,2015-01-05,pro-pegida,demonstration,Bärgida,300,NA,NA,NA,NA,NA
1430,03,1528716733Berlin_article_1937,Berlin,2015-01-05,anti-pegida,demonstration,NA,5000,NA,NA,NA,NA,NA
1431,03,1528716433Berlin_article_1923,Berlin,2015-01-05,pro-pegida,demonstration,Bärgida,500,NA,0,2,counter-demonstrators,NA
1432,03,1528716433Berlin_article_1923,Berlin,2015-01-05,anti-pegida,demonstration,NA,5000,3,0,NA,NA,NA
1433,03,1528715423Berlin_article_1882,Berlin,2015-01-12,anti-pegida,demonstration,NA,NA,NA,NA,NA,NA,NA
1434,03,1528715333Berlin_article_1878,Berlin,2015-01-13,pro-pegida,demonstration,Bärgida;neonazis;NPD,500,NA,NA,2,counter-demonstrators,Je Suis Charlie;Lügenpresse
1435,03,1528715333Berlin_article_1878,Berlin,2015-01-13,anti-pegida,demonstration;blockade,Bundesregierung;Regierung Berlin;SPD,4300,NA,NA,NA,NA,Wir sind Charlie. Wir sind nicht Pegida.
1436,03,1528715287Berlin_article_1876,Berlin,2015-01-13,anti-pegida,demonstration,NA,4000,NA,NA,NA,NA,NA
1437,03,1528715264Berlin_article_1875,Berlin,2015-01-12,pro-pegida,demonstration,Bärgida,400,NA,NA,NA,NA,NA
1438,03,1528715264Berlin_article_1875,Berlin,2015-01-12,anti-pegida,demonstration,NA,4000,NA,NA,NA,NA,NA
1439,03,1528715219Berlin_article_1873,Berlin,2015-01-12,anti-pegida,demonstration,NA,4000,NA,NA,NA,NA,Wir sind Charlie. Wir sind nicht Pegida.
1440,03,1528715195Berlin_article_1872,Berlin,2015-01-12,pro-pegida,demonstration,Bärgida,400,0,0,NA,NA,NA
1441,03,1528715195Berlin_article_1872,Berlin,2015-01-12,anti-pegida,demonstration,NA,4000,0,0,NA,NA,Wir sind Charlie. Wir sind nicht Pegida.
1442,03,1528715162Berlin_article_1871,Berlin,2015-01-12,pro-pegida,demonstration,Bärgida,400,NA,NA,2,counter-demonstrators,NA
1443,03,1528715162Berlin_article_1871,Berlin,2015-01-12,anti-pegida,demonstration;blockade,NA,200,NA,NA,NA,NA,NA
1444,03,1528715032Berlin_article_1865,Berlin,2015-01-12,pro-pegida,demonstration,Bärgida,400,NA,0,NA,NA,NA
1445,03,1528715032Berlin_article_1865,Berlin,2015-01-12,anti-pegida,demonstration,NA,4000,NA,0,NA,NA,Wir sind Charlie. Wir sind nicht Pegida.
1446,03,1528714986Berlin_article_1863,Berlin,2015-01-13,pro-pegida,demonstration,Bärgida,400,NA,NA,NA,NA,NA
1447,03,1528714986Berlin_article_1863,Berlin,2015-01-13,anti-pegida,demonstration,NA,4000,NA,NA,NA,NA,NA
1448,03,1528714963Berlin_article_1862,Berlin,2015-01-12,anti-pegida,demonstration,NA,4000,NA,NA,NA,NA,NA
1449,03,1528714898Berlin_article_1859,Berlin,2015-01-12,anti-pegida,demonstration,SPD;Bundesregierung;Regierung Berlin;Turkish Community Germany,4000,NA,NA,NA,NA,Wir sind Charlie. Wir sind nicht Pegida.
1450,03,1528714806Berlin_article_1855,Berlin,2015-01-12,pro-pegida,demonstration,Bärgida;NPD,400,NA,NA,NA,NA,NA
1451,03,1528714806Berlin_article_1855,Berlin,2015-01-12,anti-pegida,demonstration,NA,4000,NA,NA,NA,NA,NA
1452,03,1528714785Berlin_article_1854,Berlin,2015-01-12,pro-pegida,demonstration,Bärgida,600,NA,NA,NA,NA,NA
1453,03,1528714785Berlin_article_1854,Berlin,2015-01-12,anti-pegida,demonstration,NA,700,NA,NA,NA,NA,NA
1454,03,1528714762Berlin_article_1853,Berlin,2015-01-12,pro-pegida,demonstration,Bärgida,400,0,0,2,counter-demonstrators,NA
1455,03,1528714762Berlin_article_1853,Berlin,2015-01-12,anti-pegida,demonstration;blockade,Bundesregierung;Regierung Berlin;SPD,4000,0,0,NA,NA,NA
1456,03,1528714739Berlin_article_1852,Berlin,2015-01-12,pro-pegida,demonstration,Bärgida,400,NA,0,2,counter-demonstrators,Wir sind das Volk;Je suis Charlie;Volksverräter.
1457,03,1528714739Berlin_article_1852,Berlin,2015-01-12,anti-pegida,demonstration;singing,Nopegida,4000,NA,0,NA,NA,Wir sind das Volk
1458,03,1528714695Berlin_article_1850,Berlin,2015-01-13,pro-pegida,demonstration,Bärgida,NA,NA,NA,NA,NA,NA
1459,03,1528714695Berlin_article_1850,Berlin,2015-01-13,anti-pegida,demonstration,Nopegida;Regierung Berlin;SPD;Die Grünen,2000,NA,NA,NA,NA,NA
1460,03,1528714673Berlin_article_1849,Berlin,2015-01-12,pro-pegida,demonstration,Bärgida;NPD,400,NA,0,2,counter-demonstrators,Freiheit ist immer die Freiheit des Andersdenkenden;Je suis Charlie
1461,03,1528714673Berlin_article_1849,Berlin,2015-01-12,anti-pegida,demonstration;blockade,Nopegida;Regierung Berlin;SPD;Die Grünen,5000,NA,0,NA,NA,NA
1462,03,1528712534Berlin_article_1763,Berlin,2015-01-19,pro-pegida,demonstration,Bärgida,400,NA,0,NA,NA,NA
1463,03,1528712534Berlin_article_1763,Berlin,2015-01-19,anti-pegida,demonstration,NA,1000,NA,0,NA,NA,NA
1464,03,1528712445Berlin_article_1759,Berlin,2015-01-19,pro-pegida,demonstration,Bärgida,400,NA,0,2,counter-demonstrators,Merkel muss weg;Wir sind das Volk;Volksverräter
1465,03,1528712445Berlin_article_1759,Berlin,2015-01-19,anti-pegida,demonstration;blockade,leftists;Türkischer Bund;Kino International,1000,NA,0,NA,NA,Haut ab;No Bärgida - Wir sind bunt - No Racism
1466,03,1528712378Berlin_article_1756,Berlin,2015-01-19,pro-pegida,demonstration,Bärgida,300,NA,NA,NA,NA,NA
1467,03,1528712378Berlin_article_1756,Berlin,2015-01-19,anti-pegida,demonstration,NA,1000,NA,NA,NA,NA,NA
1468,03,1528712091Berlin_article_1748,Berlin,2015-01-19,pro-pegida,demonstration,Bärgida,400,NA,0,NA,NA,NA
1469,03,1528712091Berlin_article_1748,Berlin,2015-01-19,anti-pegida,demonstration,NA,1000,NA,0,NA,NA,NA
1470,03,1528712003Berlin_article_1744,Berlin,2015-01-19,pro-pegida,demonstration,Pegida,NA,NA,NA,NA,NA,NA
1471,03,1528711849Berlin_article_1737,Berlin,2015-01-19,pro-pegida,demonstration,Bärgida,300,NA,NA,NA,NA,NA
1472,03,1528711849Berlin_article_1737,Berlin,2015-01-19,anti-pegida,demonstration,NA,200,NA,NA,NA,NA,NA
1473,03,1528711828Berlin_article_1736,Berlin,2015-01-19,pro-pegida,demonstration,Bärgida,300,NA,NA,NA,NA,NA
1474,03,1528711828Berlin_article_1736,Berlin,2015-01-19,anti-pegida,demonstration,NA,200,NA,NA,NA,NA,NA
1475,03,1528711764Berlin_article_1733,Berlin,2015-01-19,pro-pegida,demonstration,Bärgida,400,NA,NA,NA,NA,NA
1476,03,1528711764Berlin_article_1733,Berlin,2015-01-19,anti-pegida,demonstration,NA,200,NA,NA,NA,NA,NA
1477,03,1528711742Berlin_article_1732,Berlin,2015-01-19,pro-pegida,demonstration,Bärgida,400,NA,NA,NA,NA,NA
1478,03,1528711742Berlin_article_1732,Berlin,2015-01-19,anti-pegida,demonstration,NA,200,NA,NA,NA,NA,NA
1479,03,1528711742Berlin_article_1732,Berlin,2015-01-19,anti-pegida,demonstration,leftists,150,NA,NA,NA,NA,Haut ab
1480,03,1528711697Berlin_article_1730,Berlin,2015-01-20,pro-pegida,demonstration,Bärgida,400,NA,0,NA,NA,NA
1481,03,1528711697Berlin_article_1730,Berlin,2015-01-20,anti-pegida,demonstration,NA,600,NA,0,NA,NA,NA
1482,03,1528709379Berlin_article_1641,Berlin,2015-01-26,pro-pegida,demonstration,Bärgida,550,NA,0,NA,NA,NA
1483,03,1528709379Berlin_article_1641,Berlin,2015-01-26,anti-pegida,demonstration,NA,1100,NA,0,NA,NA,NA
1484,03,1528709357Berlin_article_1640,Berlin,2015-01-27,pro-pegida,demonstration,Pegida,NA,NA,0,NA,NA,NA
1485,03,1528709357Berlin_article_1640,Berlin,2015-01-27,anti-pegida,demonstration,NA,NA,NA,0,NA,NA,NA
1486,03,1528709147Berlin_article_1635,Berlin,2015-01-27,pro-pegida,demonstration,Bärgida,300,NA,0,NA,NA,NA
1487,03,1528709147Berlin_article_1635,Berlin,2015-01-27,anti-pegida,demonstration,NA,750,NA,0,NA,NA,NA
1488,03,1528707933Berlin_article_1581,Berlin,2015-02-01,anti-pegida,demonstration;fair,Vielfalt Berlin;Bezirk Berlin-Mitte;SPD;musicians;refugees,5000,NA,NA,NA,NA,Die Welt ist 1. Heimat;Bunt ist gesund
1489,03,1528707912Berlin_article_1580,Berlin,2015-02-01,anti-pegida,demonstration;fair,Vielfalt Berlin;musicians;refugees,NA,NA,NA,NA,NA,NA
1490,03,1528707858Berlin_article_1578,Berlin,2015-02-02,anti-pegida,demonstration,NA,NA,NA,NA,NA,NA,NA
1491,03,1528707267Berlin_article_1552,Berlin,2015-02-02,pro-pegida,demonstration,Pegida,230,NA,0,NA,NA,NA
1492,03,1528707043Berlin_article_1542,Berlin,2015-02-09,pro-pegida,demonstration,Bärgida,300,NA,0,0,NA,NA
1493,03,1528707021Berlin_article_1541,Berlin,2015-02-09,anti-pegida,demonstration,NA,NA,NA,NA,NA,NA,NA
1494,03,1528707001Berlin_article_1540,Berlin,2015-02-09,pro-pegida,demonstration,Bärgida,300,NA,NA,0,NA,NA
1495,03,1528459184Berlin_article_958,Berlin,2015-11-19,anti-pegida,demonstration;strike,students;apprentices,NA,NA,0,NA,NA,"Ob Pegida oder Staat, brennende Heime sind die Früchte ihrer Saat."
1496,03,1528453431Berlin_article_801,Berlin,2015-11-21,pro-pegida,demonstration,Internationaler Konvent der Russlanddeutschen;Bärgida,700,NA,NA,NA,NA,NA
1497,03,1528453420Berlin_article_800,Berlin,2016-01-23,pro-pegida,demonstration,Internationaler Konvent der Russlanddeutschen;Pegida,700,0,1,NA,NA,Wir haben Angst um unsere Kinder
1498,03,1528396335Berlin_article_793,Berlin,2016-01-23,pro-pegida,demonstration,Bärgida;Russian speakers,700,NA,NA,NA,NA,NA
1499,03,1528396311Berlin_article_792,Berlin,2016-01-23,pro-pegida,demonstration,Bärgida;Russian speakers,700,NA,NA,NA,NA,NA
1500,03,1528396287Berlin_article_791,Berlin,2016-01-25,pro-pegida,demonstration,Bärgida;Russian speakers,700,NA,NA,NA,NA,NA
1501,03,1528396257Berlin_article_790,Berlin,2016-01-23,pro-pegida,demonstration,Bärgida,700,NA,NA,NA,NA,NA
1502,03,1528396191Berlin_article_787,Berlin,2016-01-23,pro-pegida,demonstration,Bärgida;Russian speakers,700,NA,NA,NA,NA,NA
1503,03,1528396124Berlin_article_784,Berlin,2016-01-23,pro-pegida,demonstration,Bärgida;Russian speakers,700,NA,NA,NA,NA,NA
1504,03,1528382968Berlin_article_315,Berlin,2016-11-06,pro-pegida,demonstration,Bärgida;NPD,500,0,0,NA,NA,NA
1505,03,1528382968Berlin_article_315,Berlin,2016-11-07,anti-pegida,demonstration,SPD;Verdi,800,0,0,NA,NA,NA
1506,03,1528382441Berlin_article_297,Berlin,2016-11-26,pro-pegida,demonstration,Bärgida,120,0,0,0,NA,NA
1507,03,1528382441Berlin_article_297,Berlin,2016-11-26,anti-pegida,demonstration,NA,200,0,0,0,NA,NA
1508,03,1528381423Berlin_article_265,Berlin,2017-01-17,pro-pegida,demonstration,Bärgida,NA,NA,0,NA,NA,NA
1509,03,1535974862Kassel_article_178,Kassel,2014-12-01,pro-pegida,demonstration,Kagida;NPD,NA,NA,NA,NA,NA,NA
1510,03,1535974862Kassel_article_178,Kassel,2014-12-01,anti-pegida,demonstration,NA,NA,NA,NA,NA,NA,NA
1511,03,1535974313Kassel_article_152,Kassel,2014-12-20,anti-pegida,demonstration,NA,NA,NA,NA,NA,NA,NA
1512,03,1535974121Kassel_article_143,Kassel,2014-12-22,pro-pegida,demonstration,Kagida,165,NA,NA,NA,NA,NA
1513,03,1535974121Kassel_article_143,Kassel,2014-12-22,anti-pegida,demonstration,NA,2000,NA,NA,NA,NA,NA
1514,03,1535974080Kassel_article_141,Kassel,2014-12-22,pro-pegida,demonstration,Kagida,165,NA,0,NA,NA,NA
1515,03,1535974080Kassel_article_141,Kassel,2014-12-22,anti-pegida,demonstration,Ausländerrat Kassel;parties;human rights organizations;churches;university groups,2000,0,0,NA,NA,NA
1516,03,1535974069Kassel_article_140,Kassel,2014-12-22,pro-pegida,demonstration,Kagida,165,NA,NA,NA,NA,NA
1517,03,1535974069Kassel_article_140,Kassel,2014-12-22,anti-pegida,demonstration,NA,2000,NA,NA,NA,NA,NA
1518,03,1535974058Kassel_article_139,Kassel,2014-12-22,pro-pegida,demonstration,Kagida,165,NA,NA,NA,NA,NA
1519,03,1535974058Kassel_article_139,Kassel,2014-12-22,anti-pegida,demonstration,NA,2000,NA,NA,NA,NA,NA
1520,03,1535973980Kassel_article_138,Kassel,2014-12-22,pro-pegida,demonstration,Kagida,165,NA,0,NA,NA,NA
1521,03,1535973980Kassel_article_138,Kassel,2014-12-22,anti-pegida,demonstration,NA,2000,NA,0,NA,NA,NA
1522,03,1535973949Kassel_article_137,Kassel,2014-12-22,pro-pegida,demonstration,Kagida,NA,NA,NA,NA,NA,NA
1523,03,1535973949Kassel_article_137,Kassel,2014-12-22,anti-pegida,demonstration,NA,2000,NA,NA,NA,NA,NA
1524,03,1535973883Kassel_article_134,Kassel,2015-01-05,pro-pegida,demonstration,Kagida,200,NA,NA,NA,NA,NA
1525,03,1535973883Kassel_article_134,Kassel,2015-01-05,anti-pegida,demonstration,NA,250,NA,NA,NA,NA,NA
1526,03,1535973756Kassel_article_128,Kassel,2015-01-19,pro-pegida,demonstration,Pegida,NA,NA,NA,NA,NA,NA
1527,03,1535973670Kassel_article_124,Kassel,2015-01-19,pro-pegida,demonstration,Kagida,200,NA,0,NA,NA,NA
1528,03,1535973670Kassel_article_124,Kassel,2015-01-19,anti-pegida,demonstration,NA,550,NA,0,NA,NA,NA
1529,03,1535973649Kassel_article_123,Kassel,2015-01-19,pro-pegida,demonstration,Kagida,200,NA,0,NA,NA,NA
1530,03,1535973649Kassel_article_123,Kassel,2015-01-19,anti-pegida,demonstration,NA,550,NA,0,NA,NA,NA
1531,03,1535973515Kassel_article_117,Kassel,2015-02-01,pro-pegida,demonstration,Kagida,56,NA,0,NA,NA,NA
1532,03,1535973515Kassel_article_117,Kassel,2015-02-01,anti-pegida,demonstration,NA,170,NA,0,NA,NA,NA
1533,03,1535973492Kassel_article_116,Kassel,2015-02-02,anti-pegida,demonstration,NA,NA,NA,NA,NA,NA,NA
1534,03,1535973472Kassel_article_115,Kassel,2015-02-02,anti-pegida,demonstration;whistles,NA,NA,NA,NA,NA,NA,NA
1535,03,1535973450Kassel_article_114,Kassel,2015-02-02,anti-pegida,demonstration,Regierung Hessen,2000,NA,NA,NA,NA,NA
1536,03,1535973023Kassel_article_95,Kassel,2015-02-23,pro-pegida,demonstration,Pegida,60,NA,NA,NA,NA,NA
1537,03,1535985300Wiesbaden_article_260,Wiesbaden,2015-01-19,anti-pegida,demonstration,NA,10000,NA,NA,NA,NA,Je suis Flüchtling
1538,03,1535984993Wiesbaden_article_247,Wiesbaden,2015-01-19,anti-pegida,demonstration,Stadt Wiesbaden;Wiesbadener Bündnis für Demokratie;churches;parties;unions;associations;SPD;Die Grünen;Landtag Hessen;Stadtrat Wiesbaden;Municipal Jobcenter;Youth Parliament;Consortum of Muslim Communities Wiesbaden;DGB;Sinti-Union Hessen;Turkish Community,8000,NA,0,NA,NA,Gegen Ausgrenzung und Fremdenhass
1539,03,1535984882Wiesbaden_article_242,Wiesbaden,2015-01-19,anti-pegida,demonstration,NA,10000,NA,NA,NA,NA,NA
1540,03,1535984859Wiesbaden_article_241,Wiesbaden,2015-01-19,anti-pegida,demonstration,Stadt Wiesbaden;SPD;churches;jewish community;unions;parties;Consortium of Muslim Communities Wiesbaden;Turkish Community,10000,NA,NA,NA,NA,NA
1541,03,1535984836Wiesbaden_article_240,Wiesbaden,2015-01-19,anti-pegida,demonstration,NA,10000,NA,NA,NA,NA,NA
1542,03,1535984812Wiesbaden_article_239,Wiesbaden,2015-01-19,anti-pegida,demonstration,NA,10000,NA,NA,NA,NA,NA
1543,03,1529494087Düsseldorf_article_1044,Düsseldorf,2014-12-08,pro-pegida,demonstration,Pegida;far-right parties,450,NA,0,NA,NA,NA
1544,03,1529494087Düsseldorf_article_1044,Düsseldorf,2014-12-08,anti-pegida,demonstration,leftist autonomists,1100,NA,0,NA,NA,NA
1545,03,1529494041Düsseldorf_article_1042,Düsseldorf,2014-12-08,anti-pegida,demonstration,parties;unions;churches;leftist groups,NA,NA,NA,NA,NA,NA
1546,03,1529494019Düsseldorf_article_1041,Düsseldorf,2014-12-08,pro-pegida,demonstration,NA,400,NA,NA,NA,NA,NA
1547,03,1529494019Düsseldorf_article_1041,Düsseldorf,2014-12-08,anti-pegida,demonstration,NA,1100,NA,NA,NA,NA,NA
1548,03,1529493998Düsseldorf_article_1040,Düsseldorf,2014-12-08,pro-pegida,demonstration,Dügida,450,NA,0,NA,NA,NA
1549,03,1529493998Düsseldorf_article_1040,Düsseldorf,2014-12-08,anti-pegida,demonstration;blockade,Stadt Düsseldorf;SPD;Die Grünen;FDP;churches;DGB,750,NA,0,NA,NA,NA
1550,03,1529493949Düsseldorf_article_1037,Düsseldorf,2014-12-09,pro-pegida,demonstration,Dügida,450,NA,0,NA,NA,NA
1551,03,1529493949Düsseldorf_article_1037,Düsseldorf,2014-12-09,anti-pegida,demonstration;blockade,Stay;SPD;Die Grünen;Piratenpartei;Düsseldorfer Appell;unions;churches,750,NA,0,NA,NA,Mit Freuden entschieden sein;Mit Freunden verschieden sein;Wir sind alle NRW
1552,03,1529493926Düsseldorf_article_1036,Düsseldorf,2014-12-08,pro-pegida,demonstration,Dügida,400,NA,NA,NA,NA,NA
1553,03,1529493926Düsseldorf_article_1036,Düsseldorf,2014-12-08,anti-pegida,demonstration,NA,1100,NA,NA,NA,NA,NA
1554,03,1529493882Düsseldorf_article_1034,Düsseldorf,2014-12-08,pro-pegida,demonstration,Pegida,NA,NA,NA,NA,NA,NA
1555,03,1529493856Düsseldorf_article_1033,Düsseldorf,2014-12-08,pro-pegida,demonstration,Pegida;right-wing extremists,400,NA,0,NA,NA,NA
1556,03,1529493856Düsseldorf_article_1033,Düsseldorf,2014-12-08,anti-pegida,demonstration,leftist autonomists,1100,NA,0,NA,NA,NA
1557,03,1529493787Düsseldorf_article_1030,Düsseldorf,2014-12-09,pro-pegida,demonstration,Dügida,NA,NA,NA,NA,NA,NA
1558,03,1529493729Düsseldorf_article_1028,Düsseldorf,2014-12-08,pro-pegida,demonstration,Dügida,400,NA,0,NA,NA,NA
1559,03,1529493729Düsseldorf_article_1028,Düsseldorf,2014-12-08,anti-pegida,demonstration,Landtag Nordrhein-Westfalen;Stadt Düsseldorf;SPD;parties;churches;unions;migrant associations,400,NA,0,NA,NA,NA
1560,03,1529493707Düsseldorf_article_1027,Düsseldorf,2014-12-08,pro-pegida,demonstration,Dügida,500,0,0,NA,NA,NA
1561,03,1529493707Düsseldorf_article_1027,Düsseldorf,2014-12-08,anti-pegida,demonstration,parties;churches;unions;migrant associations;Landtag Nordrhein-Westfalen;Stadt Düsseldorf;SPD,700,0,0,NA,NA,NA
1562,03,1529493243Düsseldorf_article_1011,Düsseldorf,2014-12-08,pro-pegida,demonstration,Dügida,NA,NA,NA,NA,NA,NA
1563,03,1529493173Düsseldorf_article_1008,Düsseldorf,2014-12-08,pro-pegida,demonstration,Dügida,NA,0,0,NA,NA,Wir sind das Volk;Ahu;Deutsche Presse auf die Fresse
1564,03,1529493073Düsseldorf_article_1004,Düsseldorf,2014-12-08,anti-pegida,demonstration,associations;churches;parties,NA,0,0,NA,NA,NA
1565,03,1529492957Düsseldorf_article_999,Düsseldorf,2014-12-08,pro-pegida,demonstration,Pegida,NA,NA,NA,NA,NA,NA
1566,03,1529492869Düsseldorf_article_995,Düsseldorf,2014-12-08,pro-pegida,demonstration,Pegida,NA,NA,NA,NA,NA,NA
1567,03,1529492707Düsseldorf_article_988,Düsseldorf,2014-12-08,pro-pegida,demonstration,Dügida,450,NA,0,NA,NA,NA
1568,03,1529492641Düsseldorf_article_985,Düsseldorf,2014-12-08,pro-pegida,demonstration,Dügida,450,NA,0,NA,NA,NA
1569,03,1529492550Düsseldorf_article_981,Düsseldorf,2014-12-08,pro-pegida,demonstration,Dügida,450,NA,0,NA,NA,NA
1570,03,1529489056Düsseldorf_article_843,Düsseldorf,2015-01-12,anti-pegida,demonstration,NA,5000,NA,NA,NA,NA,NA
1571,03,1529489034Düsseldorf_article_842,Düsseldorf,2015-01-12,pro-pegida,demonstration;drowning,Dügida,150,NA,NA,NA,NA,Wir sind das Volk!;Deutschland!
1572,03,1529489034Düsseldorf_article_842,Düsseldorf,2015-01-12,anti-pegida,demonstration;drowning,NA,5500,4,NA,NA,NA,Nazis raus!
1573,03,1529489010Düsseldorf_article_841,Düsseldorf,2015-01-12,pro-pegida,demonstration,Dügida,150,NA,NA,NA,NA,NA
1574,03,1529489010Düsseldorf_article_841,Düsseldorf,2015-01-12,anti-pegida,demonstration,Stadt Düsseldorf;students;parties;families;Fortuna Düsseldorf fans,5500,NA,NA,NA,NA,"Wir sind Charlie. Wir sind nicht Pegida;Toleranz statt Angst;Düsseldorf gegen Dummheit;Wir sind Düsseldorf, wir sind NRW."
1575,03,1529488965Düsseldorf_article_839,Düsseldorf,2015-01-12,pro-pegida,demonstration,Dügida,150,NA,NA,NA,NA,NA
1576,03,1529488965Düsseldorf_article_839,Düsseldorf,2015-01-12,anti-pegida,demonstration;darkening,Stadt Düsseldorf;unions;churches,5500,NA,NA,NA,NA,NA
1577,03,1529488920Düsseldorf_article_837,Düsseldorf,2015-01-12,pro-pegida,demonstration,Dügida;hooligans,150,NA,0,1,counter-demonstrators,"Wir sind das Volk;Wir wollen keine Salafisten-Schweine;Deutsche Presse, halt die Fresse"
1578,03,1529488920Düsseldorf_article_837,Düsseldorf,2015-01-12,anti-pegida,demonstration;blockade;darkening,NA,NA,NA,0,NA,NA,Nazis raus
1579,03,1529488818Düsseldorf_article_833,Düsseldorf,2015-01-12,pro-pegida,demonstration,Dügida,300,NA,0,NA,NA,NA
1580,03,1529488818Düsseldorf_article_833,Düsseldorf,2015-01-12,anti-pegida,demonstration;darkening,Düsseldorfer Appell;Stadt Düsseldorf;Regierung Nordrhein-Westfalen;cultural institutions;sport clubs;SPD;CDU;FDP;Die Grünen;churches;jewish community;muslims;Landtag Nordrhein-Westfalen,5500,NA,0,NA,NA,NA
1581,03,1529488685Düsseldorf_article_827,Düsseldorf,2015-01-12,pro-pegida,demonstration,Dügida;PRO NRW;Die Rechte,220,NA,0,1,counter-demonstrators,NA
1582,03,1529488685Düsseldorf_article_827,Düsseldorf,2015-01-14,anti-pegida,demonstration,Düsseldorfer Appell;parties;unions;sport clubs;faith communities;cultural institutions;Stadt Düsseldorf;SPD;IG Metall;Circle of the Muslims of Düsseldorf,3500,NA,0,NA,NA,NA
1583,03,1529488685Düsseldorf_article_827,Düsseldorf,2015-01-12,anti-pegida,demonstration;blockade,Düsseldorf stellt sich quer,2000,2,0,NA,NA,NA
1584,03,1529488663Düsseldorf_article_826,Düsseldorf,2015-01-13,pro-pegida,demonstration,Pegida,200,NA,NA,NA,NA,NA
1585,03,1529488663Düsseldorf_article_826,Düsseldorf,2015-01-13,anti-pegida,demonstration,NA,5000,NA,NA,NA,NA,NA
1586,03,1529488642Düsseldorf_article_825,Düsseldorf,2015-01-12,pro-pegida,demonstration,Dügida,350,NA,NA,NA,NA,NA
1587,03,1529488642Düsseldorf_article_825,Düsseldorf,2015-01-12,anti-pegida,demonstration,NA,5000,NA,NA,NA,NA,NA
1588,03,1529488620Düsseldorf_article_824,Düsseldorf,2015-01-13,pro-pegida,demonstration,Dügida,NA,NA,0,NA,NA,NA
1589,03,1529488620Düsseldorf_article_824,Düsseldorf,2015-01-13,anti-pegida,demonstration,NA,5500,NA,0,NA,NA,NA
1590,03,1529488598Düsseldorf_article_823,Düsseldorf,2015-01-12,pro-pegida,demonstration,Dügida,NA,NA,0,NA,NA,NA
1591,03,1529488598Düsseldorf_article_823,Düsseldorf,2015-01-12,anti-pegida,demonstration,NA,5500,NA,0,NA,NA,NA
1592,03,1529488575Düsseldorf_article_822,Düsseldorf,2015-01-12,pro-pegida,demonstration,Dügida;PRO NRW,350,NA,0,NA,NA,NA
1593,03,1529488575Düsseldorf_article_822,Düsseldorf,2015-01-12,anti-pegida,demonstration;darkening,Landtag Nordrhein-Westfalen;SPD;opera;museums;Sound Hall;Stadt Düsseldorf;parties;unions;christian organizations;refugee organizations,5500,2,0,NA,NA,Wir sind Charlie -  Wir sind nicht Pegida;Humanität -  Respekt -  Vielfalt;Toleranz statt Angst;NRW ist bunt;Rassismus führt zum Verlust des Mitgefühls
1594,03,1529488530Düsseldorf_article_820,Düsseldorf,2015-01-13,pro-pegida,demonstration,Dügida,NA,NA,0,NA,NA,NA
1595,03,1529488530Düsseldorf_article_820,Düsseldorf,2015-01-13,anti-pegida,demonstration,NA,5500,NA,0,NA,NA,NA
1596,03,1529488508Düsseldorf_article_819,Düsseldorf,2015-01-12,pro-pegida,demonstration,Dügida,NA,NA,0,NA,NA,NA
1597,03,1529488508Düsseldorf_article_819,Düsseldorf,2015-01-12,anti-pegida,demonstration,NA,5500,NA,0,NA,NA,NA
1598,03,1529488438Düsseldorf_article_816,Düsseldorf,2015-01-12,pro-pegida,demonstration,Dügida,350,NA,NA,NA,NA,NA
1599,03,1529488438Düsseldorf_article_816,Düsseldorf,2015-01-12,anti-pegida,demonstration,NA,5000,NA,NA,NA,NA,NA
1600,03,1529488416Düsseldorf_article_815,Düsseldorf,2015-01-12,pro-pegida,demonstration,Dügida,NA,NA,NA,NA,NA,NA
1601,03,1529488416Düsseldorf_article_815,Düsseldorf,2015-01-12,anti-pegida,demonstration;darkening,Stadt Düsseldorf,NA,NA,NA,NA,NA,NA
1602,03,1529488393Düsseldorf_article_814,Düsseldorf,2015-01-12,pro-pegida,demonstration,Dügida,NA,NA,NA,NA,NA,NA
1603,03,1529488393Düsseldorf_article_814,Düsseldorf,2015-01-12,anti-pegida,demonstration,NA,NA,NA,NA,NA,NA,NA
1604,03,1529488371Düsseldorf_article_813,Düsseldorf,2015-01-12,pro-pegida,demonstration,Dügida;neonazis,NA,NA,0,1,counter-protester,NA
1605,03,1529488371Düsseldorf_article_813,Düsseldorf,2015-01-12,anti-pegida,demonstration;darkening;blockade,NA,NA,2,0,NA,NA,NA
1606,03,1529488349Düsseldorf_article_812,Düsseldorf,2015-01-12,pro-pegida,demonstration,Dügida,200,NA,NA,NA,NA,NA
1607,03,1529488349Düsseldorf_article_812,Düsseldorf,2015-01-12,anti-pegida,demonstration;darkening,Stadt Düsseldorf;SPD;Sound Hall;television tower,3000,NA,NA,NA,NA,NA
1608,03,1529488324Düsseldorf_article_811,Düsseldorf,2015-01-12,pro-pegida,demonstration,Dügida,150,NA,0,NA,NA,NA
1609,03,1529488324Düsseldorf_article_811,Düsseldorf,2015-01-12,anti-pegida,demonstration;darkening,Stadt Düsseldorf,5000,NA,0,NA,NA,NA
1610,03,1529488277Düsseldorf_article_809,Düsseldorf,2015-01-12,pro-pegida,demonstration,Dügida,NA,NA,0,NA,NA,NA
1611,03,1529488277Düsseldorf_article_809,Düsseldorf,2015-01-12,anti-pegida,demonstration,NA,NA,0,0,NA,NA,NA
1612,03,1529488277Düsseldorf_article_809,Düsseldorf,2015-01-12,anti-pegida,demonstration,NA,NA,2,0,NA,NA,NA
1613,03,1529488131Düsseldorf_article_803,Düsseldorf,2015-01-12,pro-pegida,demonstration,Dügida;right-wing extremists;NPD;Die Rechte,300,NA,0,NA,NA,NA
1614,03,1529488131Düsseldorf_article_803,Düsseldorf,2015-01-12,anti-pegida,demonstration,Düsseldorfer Appell,3500,NA,0,NA,NA,NA
1615,03,1529488131Düsseldorf_article_803,Düsseldorf,2015-01-12,anti-pegida,demonstration,Düsseldorf stellt sich quer,2000,NA,0,NA,NA,NA
1616,03,1529487749Düsseldorf_article_786,Düsseldorf,2015-01-12,pro-pegida,demonstration,Dügida,350,NA,0,NA,NA,NA
1617,03,1529487749Düsseldorf_article_786,Düsseldorf,2015-01-12,anti-pegida,demonstration,NA,5000,NA,0,NA,NA,NA
1618,03,1529486745Düsseldorf_article_747,Düsseldorf,2015-01-19,pro-pegida,demonstration,Pegida,NA,NA,NA,NA,NA,NA
1619,03,1529486745Düsseldorf_article_747,Düsseldorf,2015-01-19,anti-pegida,demonstration,NA,NA,NA,NA,NA,NA,NA
1620,03,1529486571Düsseldorf_article_739,Düsseldorf,2015-01-19,pro-pegida,demonstration,NA,NA,NA,NA,NA,NA,NA
1621,03,1529486571Düsseldorf_article_739,Düsseldorf,2015-01-19,anti-pegida,demonstration,NA,NA,NA,NA,NA,NA,NA
1622,03,1529486526Düsseldorf_article_737,Düsseldorf,2015-01-20,pro-pegida,demonstration,Dügida;PRO NRW,160,NA,NA,NA,NA,"Wer Deutschland nicht liebt, soll Deutschland verlassen"
1623,03,1529486526Düsseldorf_article_737,Düsseldorf,2015-01-20,anti-pegida,demonstration,Die Grünen;Regierung Nordrhein-Westfalen;churches,1000,NA,NA,NA,NA,NA
1624,03,1529486378Düsseldorf_article_731,Düsseldorf,2015-01-20,pro-pegida,demonstration,Dügida;PRO NRW,160,0,0,NA,NA,Wir sind das Volk
1625,03,1529486378Düsseldorf_article_731,Düsseldorf,2015-01-20,anti-pegida,demonstration,Düsseldorfer Appell;churches,1000,0,0,NA,NA,NA
1626,03,1529486305Düsseldorf_article_728,Düsseldorf,2015-01-19,anti-pegida,demonstration,NA,NA,NA,NA,NA,NA,NA
1627,03,1529486166Düsseldorf_article_722,Düsseldorf,2015-01-19,pro-pegida,demonstration,Dügida,1500,NA,NA,NA,NA,NA
1628,03,1529486166Düsseldorf_article_722,Düsseldorf,2015-01-19,anti-pegida,demonstration,Die Grünen;Regierung Nordrhein-Westfalen;,120,NA,NA,NA,NA,NA
1629,03,1529486121Düsseldorf_article_720,Düsseldorf,2015-01-19,pro-pegida,demonstration,Dügida;PRO NRW,NA,NA,0,NA,NA,NA
1630,03,1529486121Düsseldorf_article_720,Düsseldorf,2015-01-19,anti-pegida,demonstration,NA,NA,NA,0,NA,NA,NA
1631,03,1529486098Düsseldorf_article_719,Düsseldorf,2015-01-19,pro-pegida,demonstration,Dügida,120,NA,0,NA,NA,NA
1632,03,1529486098Düsseldorf_article_719,Düsseldorf,2015-01-19,anti-pegida,demonstration,Die Grünen;Regierung Nordrhein-Westfalen;Düsseldorfer Appell;churches,1500,NA,0,NA,NA,NA
1633,03,1529485567Düsseldorf_article_696,Düsseldorf,2015-01-19,pro-pegida,demonstration,NA,150,NA,NA,NA,NA,NA
1634,03,1529485567Düsseldorf_article_696,Düsseldorf,2015-01-19,anti-pegida,demonstration,NA,1000,NA,NA,NA,NA,NA
1635,03,1529485544Düsseldorf_article_695,Düsseldorf,2015-01-19,pro-pegida,demonstration,NA,150,NA,NA,NA,NA,NA
1636,03,1529485521Düsseldorf_article_694,Düsseldorf,2015-01-20,pro-pegida,demonstration,NA,150,NA,NA,NA,NA,NA
1637,03,1529484794Düsseldorf_article_663,Düsseldorf,2015-01-26,pro-pegida,demonstration,Dügida,110,NA,0,NA,NA,NA
1638,03,1529484794Düsseldorf_article_663,Düsseldorf,2015-01-26,anti-pegida,demonstration,NA,600,NA,0,NA,NA,NA
1639,03,1529484536Düsseldorf_article_661,Düsseldorf,2015-01-27,pro-pegida,demonstration,Pegida;right-wing extremists,100,NA,NA,NA,NA,NA
1640,03,1529484536Düsseldorf_article_661,Düsseldorf,2015-01-27,anti-pegida,demonstration,NA,NA,NA,NA,NA,NA,NA
1641,03,1529484512Düsseldorf_article_660,Düsseldorf,2015-01-27,pro-pegida,demonstration,Pegida;right-wing extremists,100,NA,NA,NA,NA,NA
1642,03,1529484512Düsseldorf_article_660,Düsseldorf,2015-01-27,anti-pegida,demonstration,NA,NA,NA,NA,NA,NA,NA
1643,03,1529484489Düsseldorf_article_659,Düsseldorf,2015-01-26,pro-pegida,demonstration,Dügida,NA,NA,0,NA,NA,NA
1644,03,1529484489Düsseldorf_article_659,Düsseldorf,2015-01-26,anti-pegida,demonstration,NA,NA,NA,0,NA,NA,NA
1645,03,1529483360Düsseldorf_article_617,Düsseldorf,2015-02-02,pro-pegida,demonstration,Dügida,NA,NA,0,NA,NA,NA
1646,03,1529483360Düsseldorf_article_617,Düsseldorf,2015-02-02,anti-pegida,demonstration;blockade,NA,NA,NA,2,NA,NA,"Humanität, Respekt, Vielfalt"
1647,03,1529483338Düsseldorf_article_616,Düsseldorf,2015-02-02,pro-pegida,demonstration,Pegida,80,NA,NA,NA,NA,NA
1648,03,1529483338Düsseldorf_article_616,Düsseldorf,2015-02-02,anti-pegida,demonstration,NA,800,NA,NA,NA,NA,NA
1649,03,1529483212Düsseldorf_article_611,Düsseldorf,2015-02-02,pro-pegida,demonstration,Dügida;Kögida;Duigida;neonazis;hooligans;PRO NRW;NPD,NA,NA,0,NA,NA,NA
1650,03,1529418546Düsseldorf_article_553,Düsseldorf,2015-02-26,pro-pegida,demonstration,Pegida NRW;right-wing extremists,50,NA,0,2,march prohibited by police,NA
1651,03,1529418546Düsseldorf_article_553,Düsseldorf,2015-02-26,anti-pegida,demonstration;blockade,Düsseldorfer Appell;jewish community,800,NA,0,NA,NA,NA
1652,03,1529417301Düsseldorf_article_516,Düsseldorf,2015-02-23,pro-pegida,demonstration,Dügida,NA,NA,0,NA,NA,NA
1653,03,1529417301Düsseldorf_article_516,Düsseldorf,2015-02-23,anti-pegida,demonstration,Düsseldorf stellt sich quer,NA,NA,0,NA,march slowed down because route crossed Dügida's route,NA
1654,03,1529417232Düsseldorf_article_513,Düsseldorf,2015-02-25,pro-pegida,demonstration,Pegida;PI-News,50,0,0,2,march prohibited by police,NA
1655,03,1529417232Düsseldorf_article_513,Düsseldorf,2015-02-25,anti-pegida,demonstration;blockade;concerts,jewish community;musicians;Düsseldorfer Appell,700,0,0,NA,NA,NA
1656,03,1529417209Düsseldorf_article_512,Düsseldorf,2015-02-26,pro-pegida,demonstration,Pegida,50,0,0,NA,NA,NA
1657,03,1529417209Düsseldorf_article_512,Düsseldorf,2015-02-26,anti-pegida,demonstration,NA,700,0,0,NA,NA,NA
1658,03,1529417161Düsseldorf_article_510,Düsseldorf,2015-02-25,pro-pegida,demonstration,Pegida,50,NA,0,NA,NA,NA
1659,03,1529417161Düsseldorf_article_510,Düsseldorf,2015-02-25,anti-pegida,demonstration;concerts,NA,700,NA,0,NA,NA,NA
1660,03,1529416379Düsseldorf_article_484,Düsseldorf,2015-02-26,pro-pegida,demonstration,Pegida NRW;right-wing extremists,50,NA,0,2,march prohibited by police,NA
1661,03,1529416379Düsseldorf_article_484,Düsseldorf,2015-02-26,anti-pegida,demonstration;blockade,Düsseldorfer Appell;jewish community,800,NA,0,NA,NA,NA
1662,03,1529415278Düsseldorf_article_454,Düsseldorf,2015-02-19,anti-pegida,demonstration,NA,30,NA,NA,NA,NA,NA
1663,03,1529414960Düsseldorf_article_440,Düsseldorf,2015-02-25,pro-pegida,demonstration,Pegida,50,NA,0,NA,NA,NA
1664,03,1529414960Düsseldorf_article_440,Düsseldorf,2015-02-25,anti-pegida,demonstration,NA,800,NA,0,NA,NA,NA
1665,03,1529413167Düsseldorf_article_365,Düsseldorf,2015-02-26,pro-pegida,demonstration,Pegida NRW;right-wing extremists;right-wing populists,50,NA,0,2,march prohibited by police,NA
1666,03,1529413167Düsseldorf_article_365,Düsseldorf,2015-02-26,anti-pegida,demonstration;blockade,Düsseldorfer Apell;jewish community,700,NA,0,NA,NA,NA
1667,03,1529413156Düsseldorf_article_364,Düsseldorf,2015-02-25,pro-pegida,demonstration,Pegida NRW,50,0,0,NA,NA,NA
1668,03,1529413156Düsseldorf_article_364,Düsseldorf,2015-02-25,anti-pegida,demonstration,DGB,700,0,0,NA,NA,NA
1669,03,1529403222Düsseldorf_article_268,Düsseldorf,2015-09-18,pro-pegida,demonstration,Dügida,128,NA,0,NA,NA,NA
1670,03,1529403222Düsseldorf_article_268,Düsseldorf,2015-09-18,anti-pegida,demonstration;blockade,Düsseldorfer Appell;Düsseldorf stellt sich quer;NPD,1200,NA,0,1,counter-demonstrators,NA
1671,03,1529399640Düsseldorf_article_152,Düsseldorf,2016-04-02,anti-pegida,demonstration,NA,NA,NA,NA,NA,NA,NA
1672,03,1536931405Mainz_article_570,Mainz,2015-01-12,anti-pegida,demonstration,NA,1500,NA,NA,NA,NA,NA
1673,03,1536931381Mainz_article_569,Mainz,2015-01-12,anti-pegida,demonstration,NA,1500,NA,NA,NA,NA,NA
1674,03,1536931358Mainz_article_568,Mainz,2015-01-12,anti-pegida,demonstration,NA,1500,NA,NA,NA,NA,NA
1675,03,1536931333Mainz_article_567,Mainz,2015-01-12,anti-pegida,demonstration,Regierung Rheinland-Pfalz;Die Grünen;Stadt Mainz;SPD;Landtag Rheinland-Pfalz,1500,NA,NA,NA,NA,Gegen die Idiotisierung des Abendlandes;Vielfalt statt Einfalt;Keine Angst vor langen Bärten;Je suis Charlie
1676,03,1536931277Mainz_article_565,Mainz,2015-01-12,anti-pegida,demonstration,Refugees Solidarity Mainz;SPD;Die Grünen;Stadt Mainz;Regierung Rheinland-Pfalz,2500,NA,NA,NA,NA,"Vielfalt statt Einfalt;Je suis Charlie, aber nicht Pegida;Muslims are welcome;Nazis nein Danke"
1677,03,1536931232Mainz_article_563,Mainz,2015-01-12,anti-pegida,demonstration,NA,2000,0,0,NA,NA,NA
1678,03,1536058868Mainz_article_183,Mainz,2016-02-20,pro-pegida,demonstration,Karlsruhe wehrt sich,35,NA,NA,NA,NA,NA
1679,03,1536058868Mainz_article_183,Mainz,2016-02-20,anti-pegida,demonstration;blockade,Bündnis für Pressefreiheit und unabhängige Berichterstattung;Die Grünen;CDU;SPD;FDP;Die Linke;Verdi;GEW;Reporters Without Borders;Association of Newspaper Editors,300,NA,2,NA,NA,NA
1680,03,1536058823Mainz_article_181,Mainz,2016-02-22,pro-pegida,demonstration,Karlsruhe wehrt sich,25,NA,NA,NA,NA,NA
1681,03,1536058823Mainz_article_181,Mainz,2016-02-22,anti-pegida,demonstration;,Bündnis für Pressefreiheit und unabhängige Berichterstattung;journalists;politicians;Die Grünen,500,NA,NA,NA,NA,NA
1682,03,1536058801Mainz_article_180,Mainz,2016-02-20,pro-pegida,demonstration,Karlsruhe wehrt sich,35,NA,NA,1,counter-demonstrators;church bells,NA
1683,03,1536058801Mainz_article_180,Mainz,2016-02-20,anti-pegida,demonstration;blockade,Verlagsgruppe Rhein-Main;politicians;journalists;SWR;Allgemeine Zeitung;Antifa,300,3,2,NA,NA,NA
1684,03,1536058733Mainz_article_177,Mainz,2016-02-20,pro-pegida,demonstration,Karlsruhe wehrt sich,35,NA,NA,1,counter-demonstrators;church bells,NA
1685,03,1536058733Mainz_article_177,Mainz,2016-02-20,anti-pegida,demonstration;blockade,Bündnis für Pressefreiheit und unabhängige Berichterstattung;Die Grünen;SPD;CDU;Die Linke;FDP;Verdi;GEW;Journalists Without Borders;Association of Newspaper Editors,NA,NA,2,NA,NA,NA
1686,03,1532009203Dresden_article_6168,Dresden,2014-10-27,pro-pegida,demonstration,Pegida,500,0,0,NA,NA,NA
1687,03,1532009180Dresden_article_6167,Dresden,2014-10-27,pro-pegida,demonstration,Pegida;Faust des Ostens;families;hooligans;neonazis,500,0,0,0,NA,"Wer Deutschland nicht liebt, muss Deutschland verlassen!;Wir wollen keine - Salafisten-Schweine!"
1688,03,1532009135Dresden_article_6165,Dresden,2014-11-03,pro-pegida,demonstration,Pegida,1000,NA,0,NA,NA,NA
1689,03,1532009135Dresden_article_6165,Dresden,2014-11-03,anti-pegida,demonstration,Antifa;Studentenrat;unions;Die Linke;Die Grünen,300,NA,0,NA,NA,Flüchtlingen helfen;Neonazis entgegentreten
1690,03,1532009038Dresden_article_6161,Dresden,2014-11-10,pro-pegida,demonstration,Pegida,1700,0,0,NA,NA,NA
1691,03,1532009038Dresden_article_6161,Dresden,2014-11-10,anti-pegida,demonstration,NA,300,NA,0,NA,NA,NA
1692,03,1532008830Dresden_article_6152,Dresden,2014-11-17,pro-pegida,demonstration,Pegida,3000,NA,0,1,blockade by antifascist counter-demonstrators,NA
1693,03,1532008830Dresden_article_6152,Dresden,2014-11-17,anti-pegida,demonstration;blockade,Antifa,500,NA,0,NA,NA,NA
1694,03,1532008830Dresden_article_6152,Dresden,2014-11-18,anti-pegida,demonstration,churches;religious initiatives;unions;parties;associations;Sächsischer Flüchtlingsrat,200,NA,NA,NA,NA,NA
1695,03,1532008717Dresden_article_6147,Dresden,2014-11-24,pro-pegida,demonstration,Pegida,5500,NA,0,NA,NA,NA
1696,03,1532008717Dresden_article_6147,Dresden,2014-11-24,anti-pegida,demonstration,NA,400,NA,0,NA,NA,"Gegen Heimat, gegen Volk, gegen Vaterland"
1697,03,1532008251Dresden_article_6127,Dresden,2014-12-01,pro-pegida,demonstration,Pegida;right-wing extremists,7500,NA,0,2,sit-in by counter-demonstrators,NA
1698,03,1532008251Dresden_article_6127,Dresden,2014-12-02,anti-pegida,demonstration;blockade,Semperoper;Staatsschauspiel Dresden;German Museum of Hygiene,1200,NA,0,NA,NA,NA
1699,03,1532008207Dresden_article_6125,Dresden,2014-12-01,pro-pegida,demonstration,Pegida;neonazis;hooligans;families;cashiers;pensioners;academics;craftsmen,7500,NA,NA,2,counter-demonstrators,Wir sind das Volk!
1700,03,1532008207Dresden_article_6125,Dresden,2014-12-01,anti-pegida,demonstration;blockade,Antifa,1200,NA,NA,NA,NA,Nazis raus!
1701,03,1532008184Dresden_article_6124,Dresden,2014-12-01,pro-pegida,demonstration,Pegida,7500,NA,0,2,counter-demonstrators,NA
1702,03,1532008184Dresden_article_6124,Dresden,2014-12-01,anti-pegida,demonstration;blockade,NA,1000,NA,0,NA,NA,NA
1703,03,1532008160Dresden_article_6123,Dresden,2014-12-01,pro-pegida,demonstration,Pegida,7500,NA,0,2,counter-demonstrators,NA
1704,03,1532008160Dresden_article_6123,Dresden,2014-12-01,anti-pegida,demonstration;blockade,NA,1000,NA,0,NA,NA,NA
1705,03,1532008039Dresden_article_6122,Dresden,2014-12-01,pro-pegida,demonstration,Pegida,7500,NA,0,2,counter-demonstrators,NA
1706,03,1532008039Dresden_article_6122,Dresden,2014-12-01,anti-pegida,demonstration;blockade,Antifa;Grüne Jugend,1200,NA,0,NA,NA,NA
1707,03,1532007972Dresden_article_6119,Dresden,2014-12-01,pro-pegida,demonstration,Pegida,7500,NA,0,2,NA,NA
1708,03,1532007972Dresden_article_6119,Dresden,2014-12-01,anti-pegida,demonstration;blockade,NA,1200,NA,0,NA,NA,NA
1709,03,1532007951Dresden_article_6118,Dresden,2014-12-01,pro-pegida,demonstration,Pegida;hooligans;families;neonazis;cashiers;pensioners;academics;craftsmen,7500,NA,NA,2,counter-demonstrators,Wir sind das Volk!
1710,03,1532007951Dresden_article_6118,Dresden,2014-12-01,anti-pegida,demonstration;blockade,Antifa,1200,NA,NA,NA,NA,Nazis raus!
1711,03,1532007930Dresden_article_6117,Dresden,2014-12-01,pro-pegida,demonstration,Pegida;NPD,7500,NA,0,2,counter-demonstrators,Bitte weiterflüchten
1712,03,1532007930Dresden_article_6117,Dresden,2014-12-01,anti-pegida,demonstration;blockade,NA,1000,NA,0,0,NA,NA
1713,03,1532007908Dresden_article_6116,Dresden,2014-12-01,pro-pegida,demonstration,Pegida;right-wing extremists,7500,NA,0,2,counter-demonstrators,NA
1714,03,1532007908Dresden_article_6116,Dresden,2014-12-01,anti-pegida,demonstration;blockade,NA,1000,NA,0,NA,NA,NA
1715,03,1532007885Dresden_article_6115,Dresden,2014-12-01,pro-pegida,demonstration,Pegida,7500,NA,0,2,counter-demonstrators,NA
1716,03,1532007885Dresden_article_6115,Dresden,2014-12-01,anti-pegida,demonstration;blockade,NA,1500,NA,0,NA,NA,NA
1717,03,1532007861Dresden_article_6114,Dresden,2014-12-01,pro-pegida,demonstration,Pegida;families;pensioners;academics;NPD;hooligans,7500,NA,0,2,NA,Wir sind das Volk
1718,03,1532007861Dresden_article_6114,Dresden,2014-12-01,anti-pegida,demonstration;blockade,Antifa,1200,NA,0,NA,NA,NA
1719,03,1532007093Dresden_article_6081,Dresden,2014-12-08,pro-pegida,demonstration,Pegida,10000,3,NA,NA,NA,NA
1720,03,1532007093Dresden_article_6081,Dresden,2014-12-08,anti-pegida,demonstration,CDU;Stadt Dresden;Stadtrat Dresden;jewish community;Universität Dresden;Regierung Sachsen,10000,3,NA,NA,NA,NA
1721,03,1532007022Dresden_article_6078,Dresden,2014-12-08,pro-pegida,demonstration,Pegida,10000,NA,0,NA,NA,NA
1722,03,1532007022Dresden_article_6078,Dresden,2014-12-08,anti-pegida,demonstration,churches;faith communities;parties;associations,9000,NA,0,NA,NA,NA
1723,03,1532006999Dresden_article_6077,Dresden,2014-12-08,pro-pegida,demonstration,Pegida,10000,3,0,NA,NA,NA
1724,03,1532006999Dresden_article_6077,Dresden,2014-12-08,anti-pegida,demonstration,churches;unions;artists;parties;associations,9000,0,0,NA,NA,NA
1725,03,1532006980Dresden_article_6076,Dresden,2014-12-08,pro-pegida,demonstration,Pegida;pensioners,10000,NA,0,NA,NA,NA
1726,03,1532006980Dresden_article_6076,Dresden,2014-12-08,anti-pegida,demonstration,Dresden Nazifrei;Die Linke;Die Grünen;SPD;Regierung Sachsen;students;Dresden für alle,9000,NA,0,NA,NA,NA
1727,03,1532006958Dresden_article_6075,Dresden,2014-12-08,pro-pegida,demonstration,Pegida,10000,3,0,0,NA,NA
1728,03,1532006958Dresden_article_6075,Dresden,2014-12-08,anti-pegida,demonstration,NA,9000,0,0,0,NA,NA
1729,03,1532006934Dresden_article_6074,Dresden,2014-12-08,pro-pegida,demonstration,Pegida,8000,NA,0,NA,NA,NA
1730,03,1532006934Dresden_article_6074,Dresden,2014-12-08,anti-pegida,demonstration,parties;associations;clubs;Dresden Nazifrei;Antifa;Die Linke;SPD;Landtag Sachsen;CDU;Regierung Sachsen,7000,NA,0,NA,NA,NA
1731,03,1532006911Dresden_article_6073,Dresden,2014-12-08,pro-pegida,demonstration,Pegida,10000,3,1,NA,NA,NA
1732,03,1532006911Dresden_article_6073,Dresden,2014-12-08,anti-pegida,demonstration,churches;Islamic Center;jewish community;Ausländerrat Dresden;Dresden Nazifrei;student bodies;Regierung Sachsen;Technische Universität Dresden,9000,NA,0,NA,NA,NA
1733,03,1532006795Dresden_article_6068,Dresden,2014-12-08,pro-pegida,demonstration,Pegida,10000,NA,0,NA,NA,NA
1734,03,1532006795Dresden_article_6068,Dresden,2014-12-08,anti-pegida,demonstration,Dresden für alle;churches;faith communities;parties;associations;clubs;SPD;CDU;Regierung Sachsen;Landtag Sachsen;Stadt Dresden;Technische Universität Dresden,9000,NA,0,NA,NA,NA
1735,03,1532006702Dresden_article_6064,Dresden,2014-12-08,pro-pegida,demonstration,Pegida,10000,NA,0,NA,NA,NA
1736,03,1532006702Dresden_article_6064,Dresden,2014-12-08,anti-pegida,demonstration,Dresden für alle;churches;faith communities;parties;associations;clubs;SPD;CDU;Regierung Sachsen;Landtag Sachsen;Stadt Dresden;Technische Universität Dresden,9000,NA,0,NA,NA,NA
1737,03,1532006669Dresden_article_6063,Dresden,2014-12-08,pro-pegida,demonstration,Pegida,10000,3,1,NA,NA,NA
1738,03,1532006669Dresden_article_6063,Dresden,2014-12-08,anti-pegida,demonstration,Dresden für alle;churches;faith communities;parties;associations;clubs;Technische Universität Dresden;Die Linke;Stadtrat Dresden;SPD;Die Grünen;jewish community;CDU;Regierung Sachsen,9000,0,0,NA,NA,NA
1739,03,1532006625Dresden_article_6061,Dresden,2014-12-08,pro-pegida,demonstration,Pegida,10000,3,1,NA,NA,NA
1740,03,1532006625Dresden_article_6061,Dresden,2014-12-08,anti-pegida,demonstration,churches;Islamic Center;jewish community;Ausländerrat Dresden;Dresden Nazifrei;student bodies;Technische Universität Dresden,9000,NA,0,NA,NA,NA
1741,03,1532006602Dresden_article_6060,Dresden,2014-12-08,pro-pegida,demonstration,Pegida,10000,NA,0,NA,NA,NA
1742,03,1532006602Dresden_article_6060,Dresden,2014-12-08,anti-pegida,demonstration,churches;Islamic Center;jewish community;Ausländerrat Dresden;student bodies;Technische Universität Dresden;Dresden Nazifrei;Regierung Sachsen,9000,NA,0,NA,NA,NA
1743,03,1532006465Dresden_article_6054,Dresden,2014-12-08,pro-pegida,demonstration,NA,10000,NA,NA,NA,NA,NA
1744,03,1532006465Dresden_article_6054,Dresden,2014-12-08,anti-pegida,demonstration,Stadt Dresden;Regierung Sachsen;churches;unions;artists,10000,NA,NA,NA,NA,NA
1745,03,1532006373Dresden_article_6050,Dresden,2014-12-08,pro-pegida,demonstration,Pegida,10000,NA,NA,NA,NA,NA
1746,03,1532006373Dresden_article_6050,Dresden,2014-12-08,anti-pegida,demonstration,NA,10000,NA,NA,NA,NA,NA
1747,03,1532006304Dresden_article_6047,Dresden,2014-12-08,pro-pegida,demonstration,Pegida,10000,NA,0,NA,NA,NA
1748,03,1532006304Dresden_article_6047,Dresden,2014-12-08,anti-pegida,demonstration,Dresden für alle,9000,NA,0,NA,NA,NA
1749,03,1532006237Dresden_article_6044,Dresden,2014-12-08,pro-pegida,demonstration,Pegida,10000,3,0,NA,NA,NA
1750,03,1532006237Dresden_article_6044,Dresden,2014-12-08,anti-pegida,demonstration,jewish community;Universität Dresden,9000,3,0,NA,NA,Vielfalt statt Einfalt;Wo ist eure Menschlichkeit?
1751,03,1532006214Dresden_article_6043,Dresden,2014-12-08,pro-pegida,demonstration,Pegida,10000,NA,NA,NA,NA,NA
1752,03,1532006214Dresden_article_6043,Dresden,2014-12-08,anti-pegida,demonstration,Stadt Dresden;Stadtrat Dresden;churches;unions;artists;Universität Dresden;CDU,9000,NA,NA,NA,NA,NA
1753,03,1532006191Dresden_article_6042,Dresden,2014-12-08,pro-pegida,demonstration,Pegida,10000,NA,NA,NA,NA,NA
1754,03,1532006191Dresden_article_6042,Dresden,2014-12-08,anti-pegida,demonstration,Dresden für alle;churches;faith communities;parties;associations;clubs;Universität Dresden;Die Linke;Stadtrat Dresden;jewish community;Regierung Sachsen;SPD;CDU,9000,NA,NA,NA,NA,NA
1755,03,1532006024Dresden_article_6035,Dresden,2014-12-08,pro-pegida,demonstration,Pegida,10000,NA,0,NA,NA,NA
1756,03,1532006024Dresden_article_6035,Dresden,2014-12-08,anti-pegida,demonstration,CDU;SPD;Regierung Sachsen;parties;churches;Ausländerrat Dresden;clubs;scientists;artists,9000,NA,0,NA,NA,NA
1757,03,1531919487Dresden_article_6007,Dresden,2014-12-08,pro-pegida,demonstration,Pegida,10000,NA,NA,NA,NA,NA
1758,03,1531917896Dresden_article_5942,Dresden,2014-12-15,pro-pegida,demonstration,Pegida,15000,NA,NA,NA,NA,NA
1759,03,1531917896Dresden_article_5942,Dresden,2014-12-15,anti-pegida,demonstration,Dresden für alle;Dresden Nazifrei,6500,NA,NA,NA,NA,NA
1760,03,1531917853Dresden_article_5940,Dresden,2014-12-15,pro-pegida,demonstration,Pegida;AfD,15000,NA,0,NA,NA,"Wir sind das Volk;Familienpolitik auf den Prüfstand, geschiedene Väter werden benachteiligt.;Lügenpresse, Lügenpresse"
1761,03,1531917853Dresden_article_5940,Dresden,2014-12-15,anti-pegida,demonstration,NA,6000,NA,0,NA,NA,NA
1762,03,1531917810Dresden_article_5938,Dresden,2014-12-16,pro-pegida,demonstration,Pegida,15000,NA,0,NA,NA,NA
1763,03,1531917810Dresden_article_5938,Dresden,2014-12-16,anti-pegida,demonstration,NA,6500,NA,0,NA,NA,NA
1764,03,1531917787Dresden_article_5937,Dresden,2014-12-16,pro-pegida,demonstration,Pegida,15000,NA,NA,NA,NA,NA
1765,03,1531917787Dresden_article_5937,Dresden,2014-12-16,anti-pegida,demonstration,NA,5600,NA,NA,NA,NA,NA
1766,03,1531917754Dresden_article_5936,Dresden,2014-12-15,pro-pegida,demonstration,Pegida,15000,NA,0,NA,NA,NA
1767,03,1531917754Dresden_article_5936,Dresden,2014-12-15,anti-pegida,demonstration,Dresden für alle,5600,NA,0,NA,NA,NA
1768,03,1531917733Dresden_article_5935,Dresden,2014-12-15,pro-pegida,demonstration,Pegida,15000,NA,NA,1,"silent march was planned, but participants started shouting","Lügenpresse;Wir sind das Volk;Frei, sozial und national"
1769,03,1531917711Dresden_article_5934,Dresden,2014-12-15,pro-pegida,demonstration,Pegida,2000,NA,0,NA,NA,NA
1770,03,1531917711Dresden_article_5934,Dresden,2014-12-15,anti-pegida,demonstration,Dresden Nazifrei;Die Grünen,5000,NA,0,NA,NA,Dresden den Dresdnern - Chemnitzer raus!
1771,03,1531917665Dresden_article_5932,Dresden,2014-12-15,pro-pegida,demonstration,Pegida;AfD,15000,NA,0,NA,NA,NA
1772,03,1531917665Dresden_article_5932,Dresden,2014-12-15,anti-pegida,demonstration,Dresden Nazifrei;Dresden für alle;Die Grünen,6500,NA,0,NA,NA,NA
1773,03,1531917525Dresden_article_5926,Dresden,2014-12-15,pro-pegida,demonstration,Pegida;AfD,15000,NA,NA,NA,NA,NA
1774,03,1531917525Dresden_article_5926,Dresden,2014-12-15,anti-pegida,demonstration,Dresden für alle;Dresden Nazifrei,5600,NA,NA,NA,NA,NA
1775,03,1531917349Dresden_article_5923,Dresden,2014-12-15,pro-pegida,demonstration,Pegida,15000,NA,0,NA,NA,"Wir sind das Volk;Familienpolitik auf den Prüfstand, geschiedene Väter werden benachteiligt;Lügenpresse, Lügenpresse"
1776,03,1531917349Dresden_article_5923,Dresden,2014-12-15,anti-pegida,demonstration,NA,6000,NA,0,NA,NA,NA
1777,03,1531917304Dresden_article_5921,Dresden,2014-12-15,pro-pegida,demonstration,Pegida,15000,NA,0,NA,NA,NA
1778,03,1531917304Dresden_article_5921,Dresden,2014-12-15,anti-pegida,demonstration,Dresden für alle;Dresden Nazifrei,6500,NA,0,NA,NA,NA
1779,03,1531917281Dresden_article_5920,Dresden,2014-12-15,pro-pegida,demonstration,Pegida;AfD,15000,NA,0,NA,NA,NA
1780,03,1531917281Dresden_article_5920,Dresden,2014-12-15,anti-pegida,demonstration,NA,NA,NA,0,NA,NA,NA
1781,03,1531917121Dresden_article_5913,Dresden,2014-12-15,pro-pegida,demonstration,Pegida,15000,NA,0,NA,NA,NA
1782,03,1531917121Dresden_article_5913,Dresden,2014-12-15,anti-pegida,demonstration,Dresden für alle;Dresden Nazifrei;Die Grünen,5600,NA,0,NA,NA,NA
1783,03,1531916880Dresden_article_5908,Dresden,2014-12-15,pro-pegida,demonstration,Pegida;AfD,15000,NA,0,NA,NA,NA
1784,03,1531916880Dresden_article_5908,Dresden,2014-12-15,anti-pegida,demonstration,Dresden für alle;Dresden Nazifrei,6000,NA,0,NA,NA,NA
1785,03,1531916749Dresden_article_5902,Dresden,2014-12-17,pro-pegida,demonstration,Pegida,15000,NA,NA,NA,NA,NA
1786,03,1531916461Dresden_article_5894,Dresden,2014-12-15,pro-pegida,demonstration,Pegida;AfD,2000,NA,0,0,NA,Mut zur Wahrheit;Kein Krieg in Europa;Buh;Pfui;Wir sind das Volk;
1787,03,1531916461Dresden_article_5894,Dresden,2014-12-15,anti-pegida,demonstration,Dresden Nazifrei,NA,NA,0,0,NA,NA
1788,03,1531914408Dresden_article_5813,Dresden,2014-12-15,pro-pegida,demonstration,Pegida,15000,NA,NA,NA,NA,NA
1789,03,1531913571Dresden_article_5781,Dresden,2014-12-22,pro-pegida,demonstration,Pegida,17500,NA,0,NA,NA,NA
1790,03,1531913403Dresden_article_5774,Dresden,2014-12-22,pro-pegida,demonstration,Pegida,17500,NA,0,NA,NA,Lügenpresse;Ali Baba und die 40 Dealer
1791,03,1531913403Dresden_article_5774,Dresden,2014-12-22,anti-pegida,demonstration;darkening,Dresden für alle;Semperoper,4500,NA,0,NA,NA,NA
1792,03,1531913336Dresden_article_5771,Dresden,2014-12-22,pro-pegida,demonstration,Pegida,17500,NA,NA,NA,NA,NA
1793,03,1531913336Dresden_article_5771,Dresden,2014-12-22,anti-pegida,demonstration,Dresden Nazifrei,4500,NA,NA,NA,NA,NA
1794,03,1531913292Dresden_article_5769,Dresden,2014-12-22,pro-pegida,demonstration;singing,Pegida,17500,3,0,NA,NA,NA
1795,03,1531913292Dresden_article_5769,Dresden,2014-12-22,anti-pegida,demonstration;projections,Dresden Nazifrei;Dresden für alle;Semperoper;Staatliche Kunstsammlungen,4500,3,0,NA,NA,Augen auf;Herzen auf;Türen auf;Die Würde des Menschen ist unantastbar;Dresden ist für alle da;Flüchtlinge willkommen;Menschenrechte sind nicht teilbar
1796,03,1531913269Dresden_article_5768,Dresden,2014-12-22,pro-pegida,demonstration;singing,Pegida,17500,3,0,NA,NA,NA
1797,03,1531913269Dresden_article_5768,Dresden,2014-12-22,anti-pegida,demonstration,NA,4500,NA,0,NA,NA,NA
1798,03,1531913205Dresden_article_5765,Dresden,2014-12-22,pro-pegida,demonstration;singing,Pegida,17500,NA,NA,NA,NA,NA
1799,03,1531913205Dresden_article_5765,Dresden,2014-12-22,anti-pegida,demonstration,Dresden für Alle;Dresden Nazifrei,4500,NA,NA,NA,NA,NA
1800,03,1531913181Dresden_article_5764,Dresden,2014-12-22,pro-pegida,demonstration;singing,Pegida,17500,NA,0,NA,NA,NA
1801,03,1531913181Dresden_article_5764,Dresden,2014-12-22,anti-pegida,demonstration,NA,4500,NA,0,NA,NA,NA
1802,03,1531913134Dresden_article_5762,Dresden,2014-12-22,pro-pegida,demonstration;singing,Pegida,17500,NA,0,NA,NA,Lügenpresse!;89 ist zurück: Die Politikerkaste sollte sich warm anziehen.;Wir sind das Volk.
1803,03,1531913134Dresden_article_5762,Dresden,2014-12-22,anti-pegida,demonstration,NA,4500,NA,0,NA,NA,"Türen auf! Herzen auf! Augen auf!;Denk ich an Deutschland in der Nacht, dann bin ich um den Schlaf gebracht."
1804,03,1531913111Dresden_article_5761,Dresden,2014-12-22,pro-pegida,demonstration;singing,Pegida,17500,NA,0,NA,NA,NA
1805,03,1531913111Dresden_article_5761,Dresden,2014-12-22,anti-pegida,demonstration,Dresden Nazifrei,NA,NA,0,NA,NA,NA
1806,03,1531913087Dresden_article_5760,Dresden,2014-12-22,pro-pegida,demonstration,Pegida,14500,NA,0,NA,NA,NA
1807,03,1531913087Dresden_article_5760,Dresden,2014-12-22,anti-pegida,demonstration,Dresden Nazifrei,4500,NA,0,NA,NA,NA
1808,03,1531913041Dresden_article_5758,Dresden,2014-12-22,pro-pegida,demonstration,Pegida,17500,NA,NA,NA,NA,NA
1809,03,1531913041Dresden_article_5758,Dresden,2014-12-22,anti-pegida,demonstration,NA,4500,NA,NA,NA,NA,NA
1810,03,1531912975Dresden_article_5755,Dresden,2014-12-22,pro-pegida,demonstration;singing,Pegida,17500,NA,NA,NA,NA,NA
1811,03,1531912975Dresden_article_5755,Dresden,2014-12-22,anti-pegida,demonstration;darkening,Semperoper,4500,NA,NA,NA,NA,NA
1812,03,1531912930Dresden_article_5753,Dresden,2014-12-22,pro-pegida,demonstration,Pegida,17500,NA,0,NA,NA,NA
1813,03,1531912930Dresden_article_5753,Dresden,2014-12-22,anti-pegida,demonstration,Dresden Nazifrei;Dresden für alle;Staatliche Kunstsammlungen;Semperoper,4500,NA,1,NA,NA,Menschenrechte sind nicht teilbar
1814,03,1531912883Dresden_article_5751,Dresden,2014-12-22,pro-pegida,demonstration,Pegida,17500,NA,0,NA,NA,NA
1815,03,1531912883Dresden_article_5751,Dresden,2014-12-22,anti-pegida,demonstration,NA,4500,NA,0,NA,NA,NA
1816,03,1531912829Dresden_article_5749,Dresden,2014-12-22,pro-pegida,demonstration;singing,Pegida,17500,NA,0,NA,NA,NA
1817,03,1531912829Dresden_article_5749,Dresden,2014-12-22,anti-pegida,demonstration;darkening,Semperoper,4500,NA,0,NA,NA,Gegen Rassismus und religiösen Fanatismus
1818,03,1531912808Dresden_article_5748,Dresden,2014-12-22,pro-pegida,demonstration,Pegida,17500,NA,0,NA,NA,NA
1819,03,1531912808Dresden_article_5748,Dresden,2014-12-22,anti-pegida,demonstration,NA,4500,NA,0,NA,NA,NA
1820,03,1531912786Dresden_article_5747,Dresden,2014-12-22,anti-pegida,demonstration;darkening;projections,Semperoper,4500,1,1,NA,NA,"Die Würde des Menschen ist unantastbar.;Türen auf, Herzen auf, Augen auf.;Dresden für alle;Refugees welcome"
1821,03,1531912741Dresden_article_5745,Dresden,2014-12-22,pro-pegida,demonstration,Pegida,17500,NA,NA,NA,NA,NA
1822,03,1531912741Dresden_article_5745,Dresden,2014-12-22,anti-pegida,demonstration;darkening,Semperoper,4500,NA,NA,NA,NA,Für ein weltoffenes Dresden
1823,03,1531912609Dresden_article_5739,Dresden,2014-12-22,pro-pegida,demonstration,Pegida,17500,NA,0,NA,NA,NA
1824,03,1531912609Dresden_article_5739,Dresden,2014-12-22,anti-pegida,demonstration,NA,4500,NA,0,NA,NA,NA
1825,03,1531912056Dresden_article_5715,Dresden,2014-12-22,pro-pegida,demonstration,Pegida,17500,NA,0,NA,NA,NA
1826,03,1531912035Dresden_article_5714,Dresden,2014-12-22,pro-pegida,demonstration,Pegida,17500,NA,0,NA,NA,NA
1827,03,1531912035Dresden_article_5714,Dresden,2014-12-22,anti-pegida,demonstration,NA,NA,NA,0,1,Police restricted access to anti-Pegida demonstration,NA
1828,03,1531911884Dresden_article_5712,Dresden,2014-12-22,pro-pegida,demonstration,Pegida,17500,NA,NA,NA,NA,NA
1829,03,1531911884Dresden_article_5712,Dresden,2014-12-22,anti-pegida,demonstration,NA,4500,NA,NA,NA,NA,NA
1830,03,1531911841Dresden_article_5710,Dresden,2014-12-22,pro-pegida,demonstration;singing,Pegida,17500,3,0,NA,NA,NA
1831,03,1531911841Dresden_article_5710,Dresden,2014-12-22,anti-pegida,demonstration,Dresden Nazifrei,4500,3,1,NA,NA,NA
1832,03,1531909124Dresden_article_5601,Dresden,2015-01-05,pro-pegida,demonstration,Pegida,18000,NA,NA,NA,NA,NA
1833,03,1531909124Dresden_article_5601,Dresden,2015-01-05,anti-pegida,demonstration;darkening,Semperoper,NA,NA,NA,NA,NA,NA
1834,03,1531908866Dresden_article_5594,Dresden,2015-01-05,pro-pegida,demonstration,NA,NA,NA,0,NA,NA,NA
1835,03,1531908866Dresden_article_5594,Dresden,2015-01-05,anti-pegida,demonstration;darkening;concert;cleaning,Volkswagen;Banda Comunale;Yellow Umbrella,4000,NA,0,NA,NA,NA
1836,03,1531908843Dresden_article_5593,Dresden,2015-01-05,pro-pegida,demonstration,Pegida,18000,NA,0,NA,NA,NA
1837,03,1531908843Dresden_article_5593,Dresden,2015-01-05,anti-pegida,demonstration;dialogue,Dresden für alle,150,NA,0,NA,NA,NA
1838,03,1531908843Dresden_article_5593,Dresden,2015-01-05,anti-pegida,demonstration;symbolic cleaning,NA,4000,NA,0,NA,NA,NA
1839,03,1531908801Dresden_article_5591,Dresden,2015-01-05,pro-pegida,demonstration,Pegida,18000,NA,0,NA,NA,NA
1840,03,1531908801Dresden_article_5591,Dresden,2015-01-05,anti-pegida,demonstration,NA,NA,NA,0,NA,NA,NA
1841,03,1531908780Dresden_article_5590,Dresden,2015-01-05,pro-pegida,demonstration,Pegida,18000,NA,0,NA,NA,NA
1842,03,1531908780Dresden_article_5590,Dresden,2015-01-05,anti-pegida,demonstration,NA,5000,NA,0,NA,NA,NA
1843,03,1531908758Dresden_article_5589,Dresden,2015-01-05,pro-pegida,demonstration,Pegida,18000,NA,NA,NA,NA,NA
1844,03,1531908734Dresden_article_5588,Dresden,2015-01-05,pro-pegida,demonstration,Pegida,18000,NA,0,NA,NA,Merkel muss weg.;Sachsen bleibt Deutsch;Mischpoke Özdemir
1845,03,1531908734Dresden_article_5588,Dresden,2015-01-05,anti-pegida,demonstration;darkening,Volkswagen,5000,NA,0,NA,NA,NA
1846,03,1531908688Dresden_article_5586,Dresden,2015-01-05,pro-pegida,demonstration,Pegida,18000,NA,NA,NA,NA,NA
1847,03,1531908688Dresden_article_5586,Dresden,2015-01-05,anti-pegida,demonstration;darkening,Volkswagen,200,NA,NA,NA,NA,NA
1848,03,1531908643Dresden_article_5584,Dresden,2015-01-05,pro-pegida,demonstration,Pegida,18000,NA,0,NA,NA,NA
1849,03,1531908643Dresden_article_5584,Dresden,2015-01-05,anti-pegida,demonstration,NA,5000,NA,0,NA,NA,NA
1850,03,1531908622Dresden_article_5583,Dresden,2015-01-05,pro-pegida,demonstration,Pegida,10000,NA,0,NA,NA,NA
1851,03,1531908622Dresden_article_5583,Dresden,2015-01-05,anti-pegida,demonstration,NA,200,NA,0,NA,NA,NA
1852,03,1531908554Dresden_article_5580,Dresden,2015-01-05,pro-pegida,demonstration,NA,18000,NA,0,NA,NA,"Wir sind das Volk;Lügenpresse, Lügenpresse!"
1853,03,1531908554Dresden_article_5580,Dresden,2015-01-05,anti-pegida,demonstration;dialogue;darkening,SPD;Die Linke;Die Grünen;Regierung Sachsen;Volkswagen,200,NA,0,NA,NA,NA
1854,03,1527515405Flensburg_article_1,Flensburg,2015-01-19,anti-pegida,demonstration,NA,NA,NA,NA,NA,NA,NA
1855,03,1531908531Dresden_article_5579,Dresden,2015-01-06,pro-pegida,demonstration,Pegida,1800,NA,NA,NA,NA,NA
1856,03,1531908531Dresden_article_5579,Dresden,2015-01-06,anti-pegida,demonstration;darkening,Volkswagen,NA,NA,NA,NA,NA,NA
1857,03,1531908479Dresden_article_5577,Dresden,2015-01-05,pro-pegida,demonstration,Pegida,18000,NA,0,NA,NA,NA
1858,03,1531908479Dresden_article_5577,Dresden,2015-01-05,anti-pegida,demonstration,NA,NA,NA,0,1,police stopped attempt by Pegida demonstrators to stop counter-demonstration,NA
1859,03,1531908479Dresden_article_5577,Dresden,2015-01-05,anti-pegida,demonstration,NA,500,NA,NA,NA,NA,NA
1860,03,1531908416Dresden_article_5574,Dresden,2015-01-05,pro-pegida,demonstration,Pegida,18000,NA,0,NA,NA,NA
1861,03,1531908416Dresden_article_5574,Dresden,2015-01-05,anti-pegida,demonstration,NA,5000,NA,0,NA,NA,NA
1862,03,1531908251Dresden_article_5571,Dresden,2015-01-05,pro-pegida,demonstration,Pegida,18000,NA,0,NA,NA,Sachsen bleibt deutsch;Merkel muss weg
1863,03,1531908229Dresden_article_5570,Dresden,2015-01-05,anti-pegida,demonstration,NA,5000,NA,NA,NA,NA,NA
1864,03,1531908205Dresden_article_5569,Dresden,2015-01-05,pro-pegida,demonstration,Pegida,18000,NA,0,NA,NA,"Wir sind das Volk;Lügenpresse, Lügenpresse!"
1865,03,1531908205Dresden_article_5569,Dresden,2015-01-05,anti-pegida,demonstration;dialogue;symbolic cleaning,Regierung Sachsen;SPD,5000,NA,0,NA,NA,NA
1866,03,1531907859Dresden_article_5558,Dresden,2015-01-05,anti-pegida,demonstration;symbolic cleaning,NA,4000,NA,NA,NA,NA,NA
1867,03,1531907859Dresden_article_5558,Dresden,2015-01-05,pro-pegida,demonstration,Pegida,18000,NA,NA,NA,NA,NA
1868,03,1531907345Dresden_article_5536,Dresden,2015-01-05,pro-pegida,demonstration,Pegida,2000,NA,NA,NA,NA,NA
1869,03,1531907325Dresden_article_5535,Dresden,2015-01-05,pro-pegida,demonstration,Pegida,18000,NA,NA,NA,NA,NA
1870,03,1531907301Dresden_article_5534,Dresden,2015-01-05,pro-pegida,demonstration,Pegida,15100,NA,0,NA,NA,NA
1871,03,1531907234Dresden_article_5531,Dresden,2015-01-05,pro-pegida,demonstration,Pegida,18000,NA,NA,NA,NA,NA
1872,03,1531907234Dresden_article_5531,Dresden,2015-01-05,anti-pegida,demonstration,NA,4000,NA,NA,NA,NA,NA
1873,03,1531907203Dresden_article_5530,Dresden,2015-01-05,pro-pegida,demonstration,Pegida,18000,NA,0,0,NA,Lügenpresse;Volksverräter
1874,03,1531907203Dresden_article_5530,Dresden,2015-01-05,anti-pegida,demonstration,NA,4000,NA,0,0,NA,NA
1875,03,1531907136Dresden_article_5527,Dresden,2015-01-05,pro-pegida,demonstration,Pegida,18000,NA,NA,NA,NA,NA
1876,03,1531907067Dresden_article_5524,Dresden,2015-01-05,pro-pegida,demonstration,Pegida,18000,NA,NA,NA,NA,NA
1877,03,1531907067Dresden_article_5524,Dresden,2015-01-05,anti-pegida,demonstration,NA,5000,NA,NA,NA,NA,NA
1878,03,1531907000Dresden_article_5521,Dresden,2015-01-05,pro-pegida,demonstration,Pegida,18000,NA,NA,NA,NA,NA
1879,03,1531906629Dresden_article_5509,Dresden,2015-01-05,pro-pegida,demonstration,Pegida,18000,NA,0,NA,NA,NA
1880,03,1531906629Dresden_article_5509,Dresden,2015-01-05,anti-pegida,demonstration,NA,4000,NA,0,NA,NA,NA
1881,03,1531906583Dresden_article_5507,Dresden,2015-01-05,pro-pegida,demonstration,Pegida,18000,NA,NA,NA,NA,NA
1882,03,1531906583Dresden_article_5507,Dresden,2015-01-05,anti-pegida,demonstration,NA,4000,NA,NA,NA,NA,NA
1883,03,15313277461531327746Dresden_article_5353,Dresden,2015-01-10,anti-pegida,demonstration,Regierung Sachsen;Stadt Dresden;CDU,35000,NA,NA,NA,NA,NA
1884,03,15313277221531327722Dresden_article_5352,Dresden,2015-01-10,anti-pegida,demonstration,Regierung Sachsen;Stadt Dresden;CDU;churches;unions;associations;initiatives,35000,NA,NA,NA,NA,NA
1885,03,15313276771531327677Dresden_article_5350,Dresden,2015-01-10,anti-pegida,demonstration,Regierung Sachsen;Stadt Dresden;CDU;churches;Islamic Center Dresden;artists;Yellow Umbrella,35000,NA,NA,NA,NA,"Schön, dass Ihr auch schon da seid!"
1886,03,15313276351531327635Dresden_article_5348,Dresden,2015-01-10,anti-pegida,demonstration,NA,35000,NA,NA,NA,NA,NA
1887,03,15313273691531327369Dresden_article_5341,Dresden,2015-01-10,anti-pegida,demonstration,Regierung Sachsen;Stadt Dresden;CDU;Yellow Umbrella;jewish community;Islamic Center Dresden;musicians;actors;art schools;museums,2000,NA,NA,NA,NA,"Frieden und Handel mit Russland;Meine Stimme fürs Revier - pro Lausitz;Schön, dass ihr auch schon da seid"
1888,03,15313273241531327324Dresden_article_5339,Dresden,2015-01-10,anti-pegida,demonstration,Regierung Sachsen;Stadt Dresden;CDU;parties;unions;churches;business representatives,35000,NA,NA,NA,NA,NA
1889,03,15313273011531327301Dresden_article_5338,Dresden,2015-01-10,anti-pegida,demonstration,Regierung Sachsen;Stadt Dresden;CDU;parties;unions;churches;business representatives,35000,NA,NA,NA,NA,NA
1890,03,15313272151531327215Dresden_article_5334,Dresden,2015-01-10,anti-pegida,demonstration,Regierung Sachsen;Stadt Dresden;CDU,35000,NA,NA,NA,NA,NA
1891,03,15313271691531327169Dresden_article_5332,Dresden,2015-01-10,anti-pegida,demonstration,Regierung Sachsen;Stadt Dresden;CDU;Yellow Umbrella;Islamic Center Dresden,35000,NA,NA,NA,NA,"Schön, dass Ihr auch schon da seid!"
1892,03,15313271231531327123Dresden_article_5330,Dresden,2015-01-10,anti-pegida,demonstration,Regierung Sachsen;Stadt Dresden;CDU,35000,NA,NA,NA,NA,NA
1893,03,15313270101531327010Dresden_article_5325,Dresden,2015-01-10,anti-pegida,demonstration,Regierung Sachsen;Stadt Dresden,35000,NA,0,NA,NA,NA
1894,03,15313269881531326988Dresden_article_5324,Dresden,2015-01-10,anti-pegida,demonstration,Regierung Sachsen;Stadt Dresden;CDU,35000,NA,0,NA,NA,NA
1895,03,15313269461531326946Dresden_article_5322,Dresden,2015-01-10,anti-pegida,demonstration,Regierung Sachsen;Stadt Dresden;CDU;Yellow Umbrella;Saxonia Systems;jewish community Dresden,35000,NA,0,NA,NA,"Schön, dass ihr auch schon da seid;Abschiebestopp"
1896,03,15313268451531326845Dresden_article_5318,Dresden,2015-01-10,anti-pegida,demonstration,Regierung Sachsen;Stadt Dresden;CDU;SPD;Globalfoundries;jewish community Dresden;Islamic Centre Dresden,35000,NA,NA,NA,NA,Pegida hat Recht!!!
1897,03,15313267801531326780Dresden_article_5315,Dresden,2015-01-12,pro-pegida,demonstration,Pegida,NA,NA,NA,NA,NA,Je suis Charlie.
1898,03,15313266221531326622Dresden_article_5308,Dresden,2015-01-12,pro-pegida,demonstration,Pegida,25000,NA,0,NA,NA,NA
1899,03,15313265981531326598Dresden_article_5307,Dresden,2015-01-10,anti-pegida,demonstration,NA,35000,NA,NA,NA,NA,NA
1900,03,15313265071531326507Dresden_article_5303,Dresden,2015-01-12,pro-pegida,demonstration,Pegida,25000,NA,NA,NA,NA,NA
1901,03,15313265071531326507Dresden_article_5303,Dresden,2015-01-10,anti-pegida,demonstration,NA,35000,NA,NA,NA,NA,NA
1902,03,15313264851531326485Dresden_article_5302,Dresden,2015-01-12,pro-pegida,demonstration,Pegida,25000,NA,0,NA,NA,NA
1903,03,15313264431531326443Dresden_article_5300,Dresden,2015-01-12,pro-pegida,demonstration,Pegida,32500,NA,0,NA,NA,NA
1904,03,15313262941531326294Dresden_article_5294,Dresden,2015-01-12,pro-pegida,demonstration,Pegida,25000,NA,0,NA,NA,NA
1905,03,15313262941531326294Dresden_article_5294,Dresden,2015-01-10,anti-pegida,demonstration,NA,35000,NA,0,NA,NA,NA
1906,03,15313262731531326273Dresden_article_5293,Dresden,2015-01-12,pro-pegida,demonstration,Pegida,NA,NA,0,0,NA,Quo vadis - wohin gehst du Deutschland?;Wir sind der Aufstand der Anständigen
1907,03,15313262731531326273Dresden_article_5293,Dresden,2015-01-12,anti-pegida,demonstration;blockade,NA,NA,NA,0,NA,NA,NA
1908,03,15313262511531326251Dresden_article_5292,Dresden,2015-01-12,pro-pegida,demonstration,Pegida,25000,NA,0,0,NA,NA
1909,03,15313262511531326251Dresden_article_5292,Dresden,2015-01-12,anti-pegida,demonstration;blockade,NA,1200,NA,0,NA,NA,NA
1910,03,15313262511531326251Dresden_article_5292,Dresden,2015-01-12,anti-pegida,demonstration;symbolic cleaning,NA,7500,NA,0,NA,NA,NA
1911,03,15313262301531326230Dresden_article_5291,Dresden,2015-01-12,pro-pegida,demonstration,Pegida,25000,NA,0,NA,NA,NA
1912,03,15313262301531326230Dresden_article_5291,Dresden,2015-01-10,anti-pegida,demonstration,NA,35000,NA,NA,NA,NA,NA
1913,03,15313260731531326073Dresden_article_5284,Dresden,2015-01-12,pro-pegida,demonstration,Pegida,32500,NA,0,NA,NA,NA
1914,03,15313260501531326050Dresden_article_5283,Dresden,2015-01-12,pro-pegida,demonstration,Pegida,25000,NA,0,NA,NA,NA
1915,03,15313259041531325904Dresden_article_5281,Dresden,2015-01-12,pro-pegida,demonstration,Pegida,25000,NA,0,NA,NA,Je suis Charlie
1916,03,15313259041531325904Dresden_article_5281,Dresden,2015-01-12,anti-pegida,demonstration,NA,NA,NA,0,NA,NA,NA
1917,03,15313258581531325858Dresden_article_5279,Dresden,2015-01-12,pro-pegida,demonstration,Pegida,25000,NA,0,NA,NA,Je suis Charlie;Meinungsfreiheit statt Salafistenterror
1918,03,15313258581531325858Dresden_article_5279,Dresden,2015-01-12,anti-pegida,demonstration,NA,NA,NA,0,NA,NA,NA
1919,03,15313258121531325812Dresden_article_5277,Dresden,2015-01-12,pro-pegida,demonstration,Pegida,32500,NA,0,NA,NA,NA
1920,03,15313257901531325790Dresden_article_5276,Dresden,2015-01-12,pro-pegida,demonstration,Pegida,2000,NA,0,NA,NA,NA
1921,03,15313257901531325790Dresden_article_5276,Dresden,2015-01-10,anti-pegida,demonstration,NA,35000,NA,NA,NA,NA,NA
1922,03,15313257201531325720Dresden_article_5273,Dresden,2015-01-12,pro-pegida,demonstration,Pegida,25000,NA,0,NA,NA,NA
1923,03,15313257201531325720Dresden_article_5273,Dresden,2015-01-10,anti-pegida,demonstration,NA,35000,NA,NA,NA,NA,NA
1924,03,15313256731531325673Dresden_article_5271,Dresden,2015-01-12,pro-pegida,demonstration,Pegida,25000,NA,0,NA,NA,NA
1925,03,15313256731531325673Dresden_article_5271,Dresden,2015-01-10,anti-pegida,demonstration,NA,35000,NA,NA,NA,NA,NA
1926,03,15313256731531325673Dresden_article_5271,Dresden,2015-01-12,anti-pegida,demonstration,NA,8700,NA,0,NA,NA,NA
1927,03,15313255731531325573Dresden_article_5267,Dresden,2015-01-12,pro-pegida,demonstration,Pegida,32500,NA,0,NA,NA,NA
1928,03,15313255731531325573Dresden_article_5267,Dresden,2015-01-12,anti-pegida,demonstration;blockade,Dresden für alle;Dresden Nazifrei;artists,8700,NA,0,NA,NA,NA
1929,03,15313254881531325488Dresden_article_5263,Dresden,2015-01-12,pro-pegida,demonstration,Pegida,32500,NA,0,NA,NA,NA
1930,03,15313254881531325488Dresden_article_5263,Dresden,2015-01-12,anti-pegida,demonstration;symbolic cleaning;blockade,NA,7000,NA,0,NA,NA,NA
1931,03,15313254661531325466Dresden_article_5262,Dresden,2015-01-12,pro-pegida,demonstration,Pegida,2000,NA,0,NA,NA,NA
1932,03,15313254461531325446Dresden_article_5261,Dresden,2015-01-12,pro-pegida,demonstration,Pegida,2000,NA,0,NA,NA,NA
1933,03,15313254461531325446Dresden_article_5261,Dresden,2015-01-12,anti-pegida,demonstration,Dresden Nazifrei,200,NA,0,NA,NA,NA
1934,03,15313254461531325446Dresden_article_5261,Dresden,2015-01-12,anti-pegida,demonstration,Dresden Nazifrei,200,NA,0,NA,NA,NA
1935,03,15313253771531325377Dresden_article_5260,Dresden,2015-01-12,pro-pegida,demonstration,Pegida,32500,NA,0,NA,NA,NA
1936,03,15313253771531325377Dresden_article_5260,Dresden,2015-01-12,anti-pegida,demonstration;symbolic cleaning,NA,7000,NA,0,NA,NA,NA
1937,03,15313253561531325356Dresden_article_5259,Dresden,2015-01-12,pro-pegida,demonstration,Pegida,32500,NA,0,NA,NA,NA
1938,03,15313253561531325356Dresden_article_5259,Dresden,2015-01-12,anti-pegida,demonstration;symbolic cleaning;blockade,NA,7000,NA,0,NA,NA,NA
1939,03,15313253351531325335Dresden_article_5258,Dresden,2015-01-12,pro-pegida,demonstration,Pegida,25000,NA,0,NA,NA,Stopp Multi-Kulti;Wir sind das Volk
1940,03,15313253121531325312Dresden_article_5257,Dresden,2015-01-12,pro-pegida,demonstration,Pegida,NA,NA,NA,NA,NA,NA
1941,03,15313253121531325312Dresden_article_5257,Dresden,2015-01-12,anti-pegida,demonstration,NA,NA,NA,NA,NA,NA,NA
1942,03,15313252671531325267Dresden_article_5255,Dresden,2015-01-12,pro-pegida,demonstration,Pegida,25000,NA,0,NA,NA,NA
1943,03,15313252461531325246Dresden_article_5254,Dresden,2015-01-12,pro-pegida,demonstration,Pegida;neonazis,25000,NA,0,NA,NA,"Lügenpresse, Lügenpresse"
1944,03,15313252021531325202Dresden_article_5252,Dresden,2015-01-12,pro-pegida,demonstration,Pegida,NA,NA,NA,NA,NA,"Lieber zu Fuß mit Pegida als auf Knien nach Mekka;Macht kaputt, was euch kaputt macht;Multikulti tötet;Kein Krieg mit Russland;Schluss mit Kapitalismus;Wir sind das Volk"
1945,03,15313252021531325202Dresden_article_5252,Dresden,2015-01-12,anti-pegida,demonstration,NA,NA,NA,NA,NA,NA,Eure Kinder werden so wie wir
1946,03,15313239891531323989Dresden_article_5222,Dresden,2015-01-12,pro-pegida,demonstration,Pegida,25000,NA,0,1,sit-in by counter-demonstrators,NA
1947,03,15313239891531323989Dresden_article_5222,Dresden,2015-01-12,anti-pegida,demonstration;sit-in,NA,8700,NA,0,NA,NA,NA
1948,03,15313206441531320644Dresden_article_5103,Dresden,2015-01-12,pro-pegida,demonstration,Pegida,25000,NA,NA,NA,NA,NA
1949,03,15313199751531319975Dresden_article_5074,Dresden,2015-01-17,anti-pegida,demonstration,Sächsischer Flüchtlingsrat;Netzwerk Asyl-Migration-Flucht;Central Council of African Communities in Germany;Opferberatung RAA;Stadt Dresden,3000,NA,NA,NA,NA,NA
1950,03,15313131481531313148Dresden_article_4789,Dresden,2015-01-25,pro-pegida,demonstration,Pegida,17300,3,NA,NA,NA,NA
1951,03,15313131481531313148Dresden_article_4789,Dresden,2015-01-25,anti-pegida,demonstration,Dresden für alle,5000,3,NA,NA,NA,NA
1952,03,15313131041531313104Dresden_article_4787,Dresden,2015-01-25,pro-pegida,demonstration,Pegida,17300,0,0,NA,NA,NA
1953,03,15313131041531313104Dresden_article_4787,Dresden,2015-01-25,anti-pegida,demonstration,NA,5000,0,0,NA,NA,NA
1954,03,15313128911531312891Dresden_article_4778,Dresden,2015-01-25,pro-pegida,demonstration,Pegida,17300,0,0,NA,NA,Lügenpresse;Wir sind das Volk
1955,03,15313128911531312891Dresden_article_4778,Dresden,2015-01-25,anti-pegida,demonstration;symbolic cleaning,Dresden für alle;Ausländerrat Dresden;Ukrainians,5000,0,0,NA,NA,Kee Bier da
1956,03,15313127771531312777Dresden_article_4773,Dresden,2015-01-25,pro-pegida,demonstration,Pegida,17300,NA,0,NA,NA,NA
1957,03,15313127771531312777Dresden_article_4773,Dresden,2015-01-25,anti-pegida,demonstration,NA,5000,NA,0,NA,NA,NA
1958,03,15313126181531312618Dresden_article_4766,Dresden,2015-01-25,pro-pegida,demonstration,Pegida,17000,3,NA,NA,NA,NA
1959,03,15313126181531312618Dresden_article_4766,Dresden,2015-01-25,anti-pegida,demonstration,Dresden für alle,5000,3,NA,NA,NA,NA
1960,03,15313125731531312573Dresden_article_4764,Dresden,2015-01-25,pro-pegida,demonstration,Pegida,17300,3,NA,NA,NA,NA
1961,03,15313125731531312573Dresden_article_4764,Dresden,2015-01-25,anti-pegida,demonstration,NA,5000,3,NA,NA,NA,NA
1962,03,15313125491531312549Dresden_article_4763,Dresden,2015-01-25,pro-pegida,demonstration,Pegida,18000,NA,0,NA,NA,NA
1963,03,15313125281531312528Dresden_article_4762,Dresden,2015-01-25,pro-pegida,demonstration,Pegida,17300,NA,0,NA,NA,NA
1964,03,15313124741531312474Dresden_article_4760,Dresden,2015-01-25,pro-pegida,demonstration,Pegida,17300,3,NA,NA,NA,NA
1965,03,15313124741531312474Dresden_article_4760,Dresden,2015-01-25,anti-pegida,demonstration,Dresden für alle,5000,3,NA,NA,NA,NA
1966,03,15313123361531312336Dresden_article_4754,Dresden,2015-01-25,pro-pegida,demonstration,Pegida,2000,NA,NA,NA,NA,NA
1967,03,15313123361531312336Dresden_article_4754,Dresden,2015-01-25,anti-pegida,demonstration,Dresden für alle;Aktion Neujahrsputz,2000,NA,NA,NA,NA,NA
1968,03,15313121691531312169Dresden_article_4751,Dresden,2015-01-25,pro-pegida,demonstration,Pegida,17300,NA,0,NA,NA,NA
1969,03,15313121691531312169Dresden_article_4751,Dresden,2015-01-25,anti-pegida,demonstration,Dresden für alle,5000,NA,0,NA,NA,NA
1970,03,15313121261531312126Dresden_article_4749,Dresden,2015-01-25,pro-pegida,demonstration,Pegida,17300,3,0,0,NA,Lügenpresse
1971,03,15313121261531312126Dresden_article_4749,Dresden,2015-01-25,anti-pegida,demonstration,Dresden für alle,5000,3,0,0,NA,NA
1972,03,15313119691531311969Dresden_article_4742,Dresden,2015-01-25,pro-pegida,demonstration,Pegida,17300,NA,0,NA,NA,NA
1973,03,15313119011531311901Dresden_article_4739,Dresden,2015-01-25,pro-pegida,demonstration,Pegida,17300,3,NA,NA,NA,NA
1974,03,15313119011531311901Dresden_article_4739,Dresden,2015-01-25,anti-pegida,demonstration,Dresden für alle,5000,3,NA,NA,NA,NA
1975,03,15313118541531311854Dresden_article_4737,Dresden,2015-01-25,pro-pegida,demonstration,Pegida,17300,NA,0,NA,NA,NA
1976,03,15313118541531311854Dresden_article_4737,Dresden,2015-01-25,anti-pegida,demonstration,NA,5000,NA,0,NA,NA,NA
1977,03,15313118221531311822Dresden_article_4736,Dresden,2015-01-25,pro-pegida,demonstration,Pegida,18500,NA,0,NA,NA,Lügenpresse - Lügenpresse;Multi-Kulti stoppen;Neukirch braucht kein Asylheim
1978,03,15313118221531311822Dresden_article_4736,Dresden,2015-01-25,anti-pegida,demonstration;drowning,NA,5000,NA,0,NA,NA,NA
1979,03,15313118001531311800Dresden_article_4735,Dresden,2015-01-25,pro-pegida,demonstration,Pegida,17000,NA,0,NA,NA,NA
1980,03,15313118001531311800Dresden_article_4735,Dresden,2015-01-25,anti-pegida,demonstration,NA,5000,NA,0,NA,NA,NA
1981,03,15313117791531311779Dresden_article_4734,Dresden,2015-01-26,anti-pegida,demonstration;concert,Dresden - Place to be!;Silly;Keimzeit;BAP,30000,NA,NA,NA,NA,NA
1982,03,15313117101531311710Dresden_article_4731,Dresden,2015-01-27,anti-pegida,demonstration;concert,NA,10000,NA,NA,NA,NA,NA
1983,03,15313113441531311344Dresden_article_4724,Dresden,2015-01-26,anti-pegida,demonstration;concert,Offen und bunt - Dresden für alle;Dresden - Place to be!;Dresdner Staatsschauspiel;Silly;Keimzeit,22000,NA,NA,1,Pegida supporters tried to disturb the concert,NA
1984,03,15313113011531311301Dresden_article_4722,Dresden,2015-01-26,anti-pegida,demonstration;concert;projections,Schauspielhaus;Banda Communale,10000,NA,NA,1,"Pegida supporters chanted ""Wir sind das Volk""","Der Islam gehört nicht zu Sachsen, weil er nicht weltoffen ist.;Faschistische Kackscheiße;Liebe"
1985,03,15313112331531311233Dresden_article_4719,Dresden,2015-01-26,anti-pegida,demonstration;concert,Dresden - Place to be!;Keimzeit;Silly,20000,NA,NA,NA,NA,NA
1986,03,15313110431531311043Dresden_article_4715,Dresden,2015-01-26,anti-pegida,demonstration;concert,Dresden - Place to be!;Silly;Keimzeit;Woods of Birnam;Pegida,40000,NA,0,NA,NA,Wir sind das Volk;Der Islam gehört nicht zu Sachsen;Der Islam gehört nicht zu Deutschland
1987,03,15313110431531311043Dresden_article_4715,Dresden,2015-01-25,pro-pegida,demonstration,Pegida,17300,NA,0,NA,NA,NA
1988,03,15313110101531311010Dresden_article_4714,Dresden,2015-01-26,anti-pegida,demonstration;concert;projections,Dresden - Place to be!;Dresden für alle;initiative of cultural workers;Silly;Keimzeit;Pegida,NA,NA,NA,NA,NA,"Liebe, Hoffnung, Humanismus, Nächstenliebe;Der Islam gehört nicht zu Sachsen"
1989,03,15313109881531310988Dresden_article_4713,Dresden,2015-01-27,anti-pegida,demonstration;concert,Silly;Keimzeit;Woods of Birnam,10000,NA,NA,NA,NA,NA
1990,03,15313108981531310898Dresden_article_4709,Dresden,2015-01-26,anti-pegida,demonstration;concert,Dresden - Place to be!;Silly;Keimzeit;Woods of Birnam;BAP,25000,NA,NA,NA,NA,NA
1991,03,15313108331531310833Dresden_article_4706,Dresden,2015-01-26,anti-pegida,demonstration;concert;projections,Silly;Die Prinzen,23500,NA,0,NA,"Pegida supporters chanted ""Wir sind das Volk""","Der Islam gehört nicht zu Sachsen;Liebe, Hoffnung, Humanismus, Nächstenliebe"
1992,03,15313107421531310742Dresden_article_4702,Dresden,2015-01-26,anti-pegida,demonstration;concert,Silly;Keimzeit;Dresden Place to be!;Dresden für alle;initiative of cultural workers;Pegida;BAP,40000,0,0,NA,NA,"Liebe, Hoffnung, Humanismus, Nächstenliebe"
1993,03,15313107211531310721Dresden_article_4701,Dresden,2015-01-26,anti-pegida,demonstration;concert;projections,Silly;Die Prinzen;Dresden - Place to be!;Dresden für alle;initiative of cultural workers;Pegida,10000,NA,NA,NA,NA,"Der Islam gehört nicht zu Sachsen;Liebe, Hoffnung, Humanismus, Nächstenliebe"
1994,03,15313069621531306962Dresden_article_4541,Dresden,2015-02-02,anti-pegida,demonstration,NA,200,NA,NA,NA,NA,NA
1995,03,15313069301531306930Dresden_article_4540,Dresden,2015-02-02,anti-pegida,demonstration,Dresden für alle,200,NA,0,NA,NA,NA
1996,03,15313068381531306838Dresden_article_4536,Dresden,2018-02-02,anti-pegida,demonstration;music;street art,Dresden für alle,200,NA,NA,NA,NA,NA
1997,03,15313063561531306356Dresden_article_4515,Dresden,2015-02-02,anti-pegida,demonstration,NA,400,NA,0,NA,NA,NA
1998,03,15313046731531304673Dresden_article_4455,Dresden,2015-02-08,pro-pegida,demonstration,Direkte Demokratie für Europa,700,NA,0,NA,NA,NA
1999,03,15313046281531304628Dresden_article_4453,Dresden,2015-02-08,pro-pegida,demonstration,Direkte Demokratie für Europa,700,NA,NA,NA,NA,NA
2000,03,15313045591531304559Dresden_article_4450,Dresden,2015-02-08,pro-pegida,demonstration,Direkte Demokratie für Europa,200,NA,NA,NA,NA,NA
2001,03,15313044881531304488Dresden_article_4447,Dresden,2015-02-08,pro-pegida,demonstration,Direkte Demokratie für Europa,200,NA,NA,NA,NA,NA
2002,03,15313044431531304443Dresden_article_4445,Dresden,2015-02-08,pro-pegida,demonstration,Direkte Demokratie für Europa,500,NA,NA,NA,NA,NA
2003,03,15313044201531304420Dresden_article_4444,Dresden,2015-02-08,pro-pegida,demonstration,Direkte Demokratie für Europa,500,NA,NA,NA,NA,NA
2004,03,15313043441531304344Dresden_article_4441,Dresden,2015-02-08,pro-pegida,demonstration,Direkte Demokratie für Europa,200,NA,NA,NA,NA,NA
2005,03,15313043221531304322Dresden_article_4440,Dresden,2015-02-08,pro-pegida,demonstration,Direkte Demokratie für Europa,200,NA,0,NA,NA,NA
2006,03,15313041821531304182Dresden_article_4434,Dresden,2015-02-08,pro-pegida,demonstration,Pegida-Abspaltung,200,NA,NA,NA,NA,NA
2007,03,15313041381531304138Dresden_article_4432,Dresden,2015-02-08,pro-pegida,demonstration,Direkte Demokratie für Europa,500,0,0,NA,NA,"Wer ein Wort bricht, verliert seine Glaubwürdigkeit für immer"
2008,03,15313040941531304094Dresden_article_4430,Dresden,2015-02-08,pro-pegida,demonstration,Direkte Demokratie für Europa,200,NA,0,NA,NA,NA
2009,03,15313040471531304047Dresden_article_4428,Dresden,2015-02-08,pro-pegida,demonstration,Direkte Demokratie für Europa,750,NA,0,NA,NA,NA
2010,03,15313040241531304024Dresden_article_4427,Dresden,2015-02-08,pro-pegida,demonstration,Direkte Demokratie für Europa,500,NA,0,NA,NA,NA
2011,03,15313040031531304003Dresden_article_4426,Dresden,2015-02-08,pro-pegida,demonstration,Direkte Demokratie für Europa,200,NA,NA,NA,NA,NA
2012,03,15313039801531303980Dresden_article_4425,Dresden,2015-02-09,pro-pegida,demonstration,Pegida,2000,NA,NA,NA,NA,NA
2013,03,15313039331531303933Dresden_article_4423,Dresden,2015-02-08,pro-pegida,demonstration,Direkte Demokratie für Europa,500,NA,NA,NA,NA,NA
2014,03,15313039091531303909Dresden_article_4422,Dresden,2015-02-09,pro-pegida,demonstration,Pegida,2000,NA,0,NA,NA,NA
2015,03,15313039091531303909Dresden_article_4422,Dresden,2015-02-08,pro-pegida,demonstration,Direkte Demokratie für Europa,500,NA,NA,NA,NA,NA
2016,03,15313037381531303738Dresden_article_4415,Dresden,2015-02-09,pro-pegida,demonstration,Pegida,2000,NA,0,NA,NA,NA
2017,03,15313037381531303738Dresden_article_4415,Dresden,2015-02-09,anti-pegida,demonstration;darkening,churches,400,NA,0,NA,NA,NA
2018,03,15313037381531303738Dresden_article_4415,Dresden,2015-02-08,pro-pegida,demonstration,Direkte Demokratie für Europa,500,NA,NA,NA,NA,NA
2019,03,15313037171531303717Dresden_article_4414,Dresden,2015-02-08,pro-pegida,demonstration,Direkte Demokratie für Europa,500,NA,NA,NA,NA,NA
2020,03,15313037171531303717Dresden_article_4414,Dresden,2015-02-09,pro-pegida,demonstration,Pegida,2000,NA,NA,NA,NA,NA
2021,03,15313037171531303717Dresden_article_4414,Dresden,2015-02-09,anti-pegida,demonstration;darkening,Dresden für alle;churches,NA,NA,NA,NA,NA,NA
2022,03,15313036941531303694Dresden_article_4413,Dresden,2015-02-08,pro-pegida,demonstration,Direkte Demokratie für Europa,500,NA,NA,NA,NA,NA
2023,03,15313036941531303694Dresden_article_4413,Dresden,2015-02-09,pro-pegida,demonstration,Pegida,2000,NA,0,NA,NA,NA
2024,03,15313036941531303694Dresden_article_4413,Dresden,2015-02-09,anti-pegida,demonstration;darkening,Dresden für alle;churches,NA,NA,0,NA,NA,NA
2025,03,15313035791531303579Dresden_article_4408,Dresden,2015-02-09,pro-pegida,demonstration,NA,2000,NA,0,NA,NA,NA
2026,03,15313034591531303459Dresden_article_4407,Dresden,2015-02-09,pro-pegida,demonstration,Pegida;AfD,2500,NA,0,NA,NA,NA
2027,03,15313034591531303459Dresden_article_4407,Dresden,2015-02-09,anti-pegida,demonstration,NA,400,NA,0,NA,NA,NA
2028,03,15313034591531303459Dresden_article_4407,Dresden,2015-02-08,pro-pegida,demonstration,NA,500,NA,NA,NA,NA,NA
2029,03,15313033481531303348Dresden_article_4402,Dresden,2015-02-09,pro-pegida,demonstration,Pegida,2000,NA,0,NA,NA,NA
2030,03,15313033031531303303Dresden_article_4400,Dresden,2015-02-09,pro-pegida,demonstration,Pegida,2000,NA,0,NA,NA,NA
2031,03,15313031591531303159Dresden_article_4394,Dresden,2015-02-09,pro-pegida,demonstration,Pegida,200,NA,NA,NA,NA,NA
2032,03,15313015941531301594Dresden_article_4339,Dresden,2015-02-16,pro-pegida,demonstration,Pegida,7300,NA,0,NA,NA,"Licht aus, Licht aus!;Volksverräter;Lügenpresse"
2033,03,15313015941531301594Dresden_article_4339,Dresden,2015-02-16,anti-pegida,demonstration;concert,Aréré Canibal,300,NA,0,NA,NA,NA
2034,03,15313015941531301594Dresden_article_4339,Dresden,2015-02-16,anti-pegida,demonstration,Studentenrat;Flüchtlinge,200,NA,0,NA,NA,NA
2035,03,15313015481531301548Dresden_article_4337,Dresden,2015-02-16,pro-pegida,demonstration,Pegida,4300,NA,0,NA,NA,NA
2036,03,15313015481531301548Dresden_article_4337,Dresden,2015-02-16,anti-pegida,demonstration,NA,400,NA,0,NA,NA,NA
2037,03,15313013151531301315Dresden_article_4331,Dresden,2015-02-16,pro-pegida,demonstration,Pegida,4300,NA,0,NA,NA,NA
2038,03,15313013151531301315Dresden_article_4331,Dresden,2015-02-16,anti-pegida,demonstration,NA,400,NA,0,NA,NA,NA
2039,03,15313012921531301292Dresden_article_4330,Dresden,2015-02-16,pro-pegida,demonstration,Pegida,7150,0,0,NA,NA,NA
2040,03,15313012921531301292Dresden_article_4330,Dresden,2015-02-16,anti-pegida,demonstration,Erinnerung an Kahled,200,0,0,NA,NA,NA
2041,03,15313012691531301269Dresden_article_4329,Dresden,2015-02-16,pro-pegida,demonstration,Pegida,4300,NA,0,NA,NA,NA
2042,03,15313012691531301269Dresden_article_4329,Dresden,2015-02-16,anti-pegida,demonstration,NA,400,NA,0,NA,NA,NA
2043,03,15313009911531300991Dresden_article_4317,Dresden,2015-02-16,pro-pegida,demonstration,Pegida,4300,NA,0,NA,NA,NA
2044,03,15313007411531300741Dresden_article_4306,Dresden,2015-02-19,pro-pegida,demonstration,Direkte Demokratie für Europa;AfD,100,NA,0,NA,NA,NA
2045,03,15313004841531300484Dresden_article_4295,Dresden,2015-02-19,pro-pegida,demonstration,Direkte Demokratie für Europa;AfD,100,NA,0,NA,NA,NA
2046,03,15313004391531300439Dresden_article_4293,Dresden,2015-02-19,pro-pegida,demonstration,Direkte Demokratie für Europa;AfD,100,NA,0,NA,NA,NA
2047,03,15313003041531300304Dresden_article_4287,Dresden,2015-02-23,pro-pegida,demonstration,Pegida,4800,NA,0,NA,NA,NA
2048,03,15313002811531300281Dresden_article_4286,Dresden,2015-02-23,pro-pegida,demonstration,Pegida;Die Freiheit,5000,NA,0,NA,NA,NA
2049,03,15313002581531300258Dresden_article_4285,Dresden,2015-02-23,pro-pegida,demonstration,Pegida;Pax Europa,4800,0,0,0,NA,NA
2050,03,15313002581531300258Dresden_article_4285,Dresden,2015-02-23,anti-pegida,demonstration,NA,200,0,0,0,NA,NA
2051,03,15313002351531300235Dresden_article_4284,Dresden,2015-02-23,pro-pegida,demonstration,Pegida,4800,NA,NA,NA,NA,NA
2052,03,15313001871531300187Dresden_article_4282,Dresden,2015-02-23,pro-pegida,demonstration,Pegida,4800,NA,NA,NA,NA,NA
2053,03,15313001631531300163Dresden_article_4281,Dresden,2015-02-23,pro-pegida,demonstration,NA,5933.333333333333,0,0,NA,NA,NA
2054,03,15313001631531300163Dresden_article_4281,Dresden,2015-02-23,anti-pegida,demonstration;concert,NA,300,0,0,NA,NA,NA
2055,03,15312999721531299972Dresden_article_4273,Dresden,2015-02-25,pro-pegida,demonstration,Pegida;Die Freiheit,4800,NA,0,NA,NA,NA
2056,03,15312999721531299972Dresden_article_4273,Dresden,2015-02-25,anti-pegida,demonstration;concert,NA,250,NA,0,NA,NA,NA
2057,03,15312993331531299333Dresden_article_4245,Dresden,2015-02-28,anti-pegida,demonstration,NGOs;churches;unions;Die Linke;SPD;Die Grünen,3500,NA,0,NA,NA,NA
2058,03,15312991291531299129Dresden_article_4236,Dresden,2015-03-02,pro-pegida,demonstration,Pegida,6200,NA,0,NA,NA,"Räumen, räumen!"
2059,03,15312345441531234544Dresden_article_4220,Dresden,2015-03-02,pro-pegida,demonstration,Pegida,6200,NA,0,NA,NA,Deutsche wehrt Euch;Deutschland ertrinkt in der Asylantenschwemme
2060,03,15312336001531233600Dresden_article_4179,Dresden,2015-03-09,pro-pegida,demonstration,Pegida,6500,NA,0,NA,NA,NA
2061,03,15312336001531233600Dresden_article_4179,Dresden,2015-03-09,anti-pegida,demonstration,NA,450,NA,0,NA,NA,NA
2062,03,15312335791531233579Dresden_article_4178,Dresden,2015-03-09,pro-pegida,demonstration,Pegida,10750,NA,0,NA,NA,NA
2063,03,15312335791531233579Dresden_article_4178,Dresden,2015-03-09,anti-pegida,demonstration,NA,500,NA,0,NA,NA,NA
2064,03,15312327071531232707Dresden_article_4140,Dresden,2015-03-16,pro-pegida,demonstration,Pegida,7700,NA,0,NA,NA,NA
2065,03,15312324231531232423Dresden_article_4128,Dresden,2015-03-16,pro-pegida,demonstration,Pegida,7700,NA,0,NA,NA,NA
2066,03,15312319721531231972Dresden_article_4108,Dresden,2015-03-23,pro-pegida,demonstration,Pegida,5500,NA,0,NA,NA,NA
2067,03,15312319721531231972Dresden_article_4108,Dresden,2015-03-23,anti-pegida,demonstration,Dresden für alle,NA,NA,0,NA,NA,NA
2068,03,15312319051531231905Dresden_article_4105,Dresden,2015-03-23,pro-pegida,demonstration,Pegida,5500,NA,0,NA,NA,NA
2069,03,15312319051531231905Dresden_article_4105,Dresden,2015-03-23,anti-pegida,demonstration,NA,200,NA,0,NA,NA,NA
2070,03,15312318741531231874Dresden_article_4104,Dresden,2015-03-23,pro-pegida,demonstration,Pegida;hooligans;neonazis,5500,NA,0,NA,NA,NA
2071,03,15312318741531231874Dresden_article_4104,Dresden,2015-03-23,anti-pegida,demonstration,Dresden-für-alle;Banda Communale,900,NA,2,NA,NA,NA
2072,03,15312318271531231827Dresden_article_4102,Dresden,2015-03-23,pro-pegida,demonstration,Pegida,8000,NA,0,NA,NA,NA
2073,03,15312318271531231827Dresden_article_4102,Dresden,2015-03-23,anti-pegida,demonstration,NA,200,NA,0,NA,NA,NA
2074,03,15312310631531231063Dresden_article_4073,Dresden,2015-03-28,anti-pegida,demonstration,students,475,NA,0,NA,NA,NA
2075,03,15312310401531231040Dresden_article_4072,Dresden,2015-03-28,anti-pegida,demonstration,students,200,NA,NA,NA,NA,NA
2076,03,15312310401531231040Dresden_article_4072,Dresden,2015-03-28,anti-pegida,demonstration;concert,Dresden - Place to be!,NA,NA,NA,NA,NA,NA
2077,03,15312308481531230848Dresden_article_4068,Dresden,2015-03-28,anti-pegida,demonstration,students;Bildung statt Rassismus - Pegida stoppen,300,0,0,0,NA,NA
2078,03,15312308011531230801Dresden_article_4066,Dresden,2015-03-30,pro-pegida,demonstration,Pegida,2900,NA,0,NA,NA,NA
2079,03,15312307791531230779Dresden_article_4065,Dresden,2015-03-30,pro-pegida,demonstration,Pegida,2900,0,0,NA,NA,NA
2080,03,15312307791531230779Dresden_article_4065,Dresden,2015-03-30,anti-pegida,demonstration,NA,100,0,0,NA,NA,NA
2081,03,15312303841531230384Dresden_article_4048,Dresden,2015-04-06,pro-pegida,demonstration,Pegida,7100,NA,0,NA,NA,NA
2082,03,15312303611531230361Dresden_article_4047,Dresden,2015-04-06,pro-pegida,demonstration,Pegida,7100,NA,0,NA,NA,NA
2083,03,15312303141531230314Dresden_article_4045,Dresden,2015-04-06,pro-pegida,demonstration,Pegida,7100,NA,0,NA,NA,NA
2084,03,15312285751531228575Dresden_article_3978,Dresden,2015-04-13,pro-pegida,demonstration,Pegida,10000,NA,0,NA,NA,Lügenpresse;Volksverräter
2085,03,15312285751531228575Dresden_article_3978,Dresden,2015-04-13,anti-pegida,demonstration;concert,Dresden für alle;Dresden Nazifrei;students;Die Grünen;Regierung Sachsen;SPD,2500,NA,0,NA,NA,NA
2086,03,15312285751531228575Dresden_article_3978,Dresden,2015-04-13,anti-pegida,demonstration,NA,500,NA,0,NA,NA,NA
2087,03,15312285511531228551Dresden_article_3977,Dresden,2015-04-13,pro-pegida,demonstration,Pegida,10000,NA,NA,NA,NA,NA
2088,03,15312285511531228551Dresden_article_3977,Dresden,2015-04-13,anti-pegida,demonstration;blockade,Dresden für alle;Dresden Nazifrei,3000,NA,NA,NA,NA,NA
2089,03,15312285281531228528Dresden_article_3976,Dresden,2015-04-13,pro-pegida,demonstration,Pegida,10000,NA,NA,1,counter-demonstrators,Wir sind das Volk!;Volksverräter;Lügen presse (sic!);
2090,03,15312285281531228528Dresden_article_3976,Dresden,2015-04-13,anti-pegida,demonstration;blockade,Dresden für alle,3000,NA,NA,NA,NA,Haut ab;Nazis raus
2091,03,15312285281531228528Dresden_article_3976,Dresden,2015-04-13,anti-pegida,demonstration,jewish community,300,NA,0,NA,NA,NA
2092,03,15312285051531228505Dresden_article_3975,Dresden,2015-04-13,pro-pegida,demonstration,Pegida,10000,0,0,NA,NA,NA
2093,03,15312285051531228505Dresden_article_3975,Dresden,2015-04-13,anti-pegida,demonstration,NA,1000,0,0,NA,NA,NA
2094,03,15312284821531228482Dresden_article_3974,Dresden,2015-04-13,pro-pegida,demonstration,Pegida,10000,NA,NA,NA,NA,NA
2095,03,15312284591531228459Dresden_article_3973,Dresden,2015-04-13,pro-pegida,demonstration,Pegida,10000,0,0,NA,NA,NA
2096,03,15312284591531228459Dresden_article_3973,Dresden,2015-04-13,anti-pegida,demonstration,NA,1000,0,0,NA,NA,NA
2097,03,15312284371531228437Dresden_article_3972,Dresden,2015-04-13,pro-pegida,demonstration,Pegida,10000,NA,NA,NA,NA,NA
2098,03,15312284371531228437Dresden_article_3972,Dresden,2015-04-13,anti-pegida,demonstration,NA,2000,NA,NA,NA,NA,NA
2099,03,15312283931531228393Dresden_article_3970,Dresden,2015-04-13,pro-pegida,demonstration,Pegida,7000,0,0,NA,NA,Wir sind das Volk!
2100,03,15312283931531228393Dresden_article_3970,Dresden,2015-04-13,anti-pegida,demonstration,NA,3000,0,0,NA,NA,NA
2101,03,15312283481531228348Dresden_article_3968,Dresden,2015-04-13,pro-pegida,demonstration,Pegida,10000,0,0,NA,NA,NA
2102,03,15312283481531228348Dresden_article_3968,Dresden,2015-04-13,anti-pegida,demonstration,NA,1000,0,0,NA,NA,NA
2103,03,15312283241531228324Dresden_article_3967,Dresden,2015-04-13,pro-pegida,demonstration,Pegida,10000,NA,NA,NA,NA,NA
2104,03,15312283241531228324Dresden_article_3967,Dresden,2015-04-13,anti-pegida,demonstration,Die Grünen;Die Linke,3000,NA,NA,NA,NA,NA
2105,03,15312283011531228301Dresden_article_3966,Dresden,2015-04-13,pro-pegida,demonstration,Pegida;Partei für die Freiheit,10000,NA,NA,NA,NA,NA
2106,03,15312282781531228278Dresden_article_3965,Dresden,2015-04-13,anti-pegida,demonstration,Pegida,10000,NA,0,NA,NA,NA
2107,03,15312282541531228254Dresden_article_3964,Dresden,2015-04-13,pro-pegida,demonstration,Pegida,2000,NA,NA,NA,NA,NA
2108,03,15312282541531228254Dresden_article_3964,Dresden,2015-04-13,anti-pegida,demonstration,NA,NA,NA,NA,NA,NA,NA
2109,03,15312282291531228229Dresden_article_3963,Dresden,2015-04-13,anti-pegida,demonstration,NA,1000,NA,NA,NA,NA,NA
2110,03,15312282081531228208Dresden_article_3962,Dresden,2015-04-13,pro-pegida,demonstration,Pegida;Partei für die Freiheit,2000,NA,0,NA,NA,NA
2111,03,15312282081531228208Dresden_article_3962,Dresden,2015-04-13,anti-pegida,demonstration,NA,1500,NA,0,NA,NA,NA
2112,03,15312282081531228208Dresden_article_3962,Dresden,2015-04-13,anti-pegida,demonstration,NA,450,NA,0,NA,NA,NA
2113,03,15312281861531228186Dresden_article_3961,Dresden,2015-04-13,pro-pegida,demonstration,Pegida,10000,NA,0,NA,NA,NA
2114,03,15312281861531228186Dresden_article_3961,Dresden,2015-04-13,anti-pegida,demonstration,NA,1000,NA,0,NA,NA,NA
2115,03,15312281861531228186Dresden_article_3961,Dresden,2015-04-13,anti-pegida,demonstration,NA,NA,NA,0,NA,NA,NA
2116,03,15312131871531213187Dresden_article_3957,Dresden,2015-04-13,pro-pegida,demonstration,Pegida;Partei für die Freiheit,8000,NA,NA,NA,NA,NA
2117,03,15312131871531213187Dresden_article_3957,Dresden,2015-04-13,anti-pegida,demonstration,NA,3000,NA,NA,NA,NA,NA
2118,03,15312131641531213164Dresden_article_3956,Dresden,2015-04-13,pro-pegida,demonstration,Pegida,10000,NA,NA,NA,NA,NA
2119,03,15312130271531213027Dresden_article_3950,Dresden,2015-04-13,pro-pegida,demonstration,Pegida,10000,NA,NA,NA,NA,NA
2120,03,15312130021531213002Dresden_article_3949,Dresden,2015-04-13,pro-pegida,demonstration,NA,8000,NA,NA,NA,NA,NA
2121,03,15312130021531213002Dresden_article_3949,Dresden,2015-04-13,anti-pegida,demonstration,NA,2500,NA,NA,NA,NA,NA
2122,03,15312130021531213002Dresden_article_3949,Dresden,2015-04-13,anti-pegida,demonstration,NA,NA,NA,NA,NA,NA,NA
2123,03,15312127881531212788Dresden_article_3944,Dresden,2015-04-13,pro-pegida,demonstration,Pegida;Die Partei,10000,NA,NA,NA,NA,Pegida liebt deinen Pullermann
2124,03,15312118451531211845Dresden_article_3908,Dresden,2015-04-27,pro-pegida,demonstration,Pegida,3000,0,0,0,NA,NA
2125,03,15312118221531211822Dresden_article_3907,Dresden,2015-04-27,pro-pegida,demonstration,Pegida,200,NA,NA,NA,NA,NA
2126,03,15312117761531211776Dresden_article_3905,Dresden,2015-04-27,pro-pegida,demonstration,Pegida,1462,NA,0,NA,NA,NA
2127,03,15312112691531211269Dresden_article_3883,Dresden,2015-05-04,pro-pegida,demonstration,Pegida,2500,NA,0,NA,NA,NA
2128,03,15312112691531211269Dresden_article_3883,Dresden,2015-05-04,anti-pegida,demonstration,NA,250,NA,0,NA,NA,NA
2129,03,15312110631531211063Dresden_article_3874,Dresden,2015-05-11,pro-pegida,demonstration,Pegida,3000,NA,NA,NA,NA,NA
2130,03,15312106941531210694Dresden_article_3858,Dresden,2015-05-18,pro-pegida,demonstration,Pegida,3000,NA,NA,NA,NA,NA
2131,03,15312106471531210647Dresden_article_3856,Dresden,2015-05-18,pro-pegida,demonstration,Pegida,3000,NA,NA,NA,NA,NA
2132,03,15311440411531144041Dresden_article_3813,Dresden,2015-06-01,pro-pegida,demonstration,Pegida,2000,NA,NA,NA,NA,NA
2133,03,15311437621531143762Dresden_article_3801,Dresden,2015-06-01,pro-pegida,demonstration,Pegida,2000,NA,NA,NA,NA,NA
2134,03,15311434151531143415Dresden_article_3790,Dresden,2015-06-08,pro-pegida,demonstration,Pegida,1500,NA,NA,NA,NA,NA
2135,03,15311428091531142809Dresden_article_3764,Dresden,2015-06-15,pro-pegida,demonstration,Pegida,1600,3,0,NA,NA,Lügenpresse
2136,03,15311428091531142809Dresden_article_3764,Dresden,2015-06-15,anti-pegida,demonstration;drowning,NA,NA,NA,0,NA,NA,NA
2137,03,15311424341531142434Dresden_article_3752,Dresden,2015-06-22,pro-pegida,demonstration,Pegida,1450,NA,0,NA,NA,NA
2138,03,15311422331531142233Dresden_article_3743,Dresden,2015-06-22,pro-pegida,demonstration,Pegida,900,NA,0,NA,NA,NA
2139,03,15311417321531141732Dresden_article_3721,Dresden,2015-06-29,pro-pegida,demonstration,Pegida,1500,NA,0,NA,NA,NA
2140,03,15311416141531141614Dresden_article_3716,Dresden,2015-06-29,pro-pegida,demonstration,Pegida,2250,NA,NA,NA,NA,Volksverräter;Lügenpresse
2141,03,15311408781531140878Dresden_article_3684,Dresden,2015-07-13,pro-pegida,demonstration,Pegida,2000,NA,0,NA,NA,NA
2142,03,15311407801531140780Dresden_article_3680,Dresden,2015-07-13,pro-pegida,demonstration,Pegida,1000,NA,NA,NA,NA,NA
2143,03,15311394181531139418Dresden_article_3630,Dresden,2015-08-10,pro-pegida,demonstration,Pegida,3500,NA,NA,NA,NA,Volksverräter
2144,03,15311393291531139329Dresden_article_3626,Dresden,2015-08-10,pro-pegida,demonstration,Pegida,3000,NA,NA,NA,NA,NA
2145,03,15311385741531138574Dresden_article_3593,Dresden,2015-08-24,pro-pegida,demonstration,Pegida,3000,NA,0,NA,NA,"Wer Deutschland nicht liebt, soll Deutschland verlassen;Merkel muss weg;Volksverräter"
2146,03,15311374801531137480Dresden_article_3550,Dresden,2015-09-07,pro-pegida,demonstration,Pegida,7600,NA,0,NA,NA,NA
2147,03,15311372351531137235Dresden_article_3539,Dresden,2015-09-14,pro-pegida,demonstration,Pegida,5000,NA,NA,NA,NA,NA
2148,03,15311368551531136855Dresden_article_3527,Dresden,2015-09-21,pro-pegida,demonstration,Pegida,7500,NA,NA,NA,NA,NA
2149,03,15311368331531136833Dresden_article_3526,Dresden,2015-09-21,pro-pegida,demonstration,Pegida,7500,NA,NA,NA,NA,Volksverräter;Lügenpresse;Merkel muss weg;Widerstand;Wir sind das Pack
2150,03,15311367661531136766Dresden_article_3523,Dresden,2015-09-21,pro-pegida,demonstration,Pegida,7500,NA,NA,NA,NA,NA
2151,03,15311367221531136722Dresden_article_3521,Dresden,2015-09-22,pro-pegida,demonstration,Pegida,NA,NA,NA,NA,NA,NA
2152,03,15311366121531136612Dresden_article_3516,Dresden,2015-09-21,pro-pegida,demonstration,Pegida,5000,NA,NA,NA,NA,"Wer Deutschland nicht liebt, muss Deutschland verlassen;In 15 Jahren tragt ihr alle Kopftuch.;Volksverräter;Lügenpresse;Hure;Euch kriegen wir auch noch;Geht erstmal arbeiten"
2153,03,15311365901531136590Dresden_article_3515,Dresden,2015-09-21,pro-pegida,demonstration,Pegida,NA,NA,0,NA,NA,Faules Pack;Macht euch in die Schule;Schämt Euch
2154,03,15311365461531136546Dresden_article_3513,Dresden,2015-09-21,pro-pegida,demonstration,Pegida,5000,NA,NA,NA,NA,"Wer Deutschland nicht liebt, muss Deutschland verlassen;In 15 Jahren tragt ihr alle Kopftuch.;Volksverräter;Lügenpresse;Hure;Euch kriegen wir auch noch;"
2155,03,15311365231531136523Dresden_article_3512,Dresden,2015-09-21,pro-pegida,demonstration,Pegida,11250,NA,0,NA,NA,"Faules Pack;Macht Euch in die Schule;Euch kriegen wir noch;Wer Deutschland nicht liebt, muss Deutschland verlassen"
2156,03,15311290531531129053Dresden_article_3500,Dresden,2015-09-28,pro-pegida,demonstration,Pegida,9000,3,NA,NA,NA,NA
2157,03,15311289381531128938Dresden_article_3495,Dresden,2015-09-28,pro-pegida,demonstration,Pegida,8500,3,0,NA,NA,Asyltouristen
2158,03,15311275261531127526Dresden_article_3451,Dresden,2015-10-05,pro-pegida,demonstration,Pegida,10000,NA,NA,NA,NA,Lügenpresse;Volksverräter;Wir sind das Volk
2159,03,15311275261531127526Dresden_article_3451,Dresden,2015-10-05,anti-pegida,demonstration,Gepida,200,NA,NA,NA,NA,NA
2160,03,15311274811531127481Dresden_article_3449,Dresden,2015-10-06,pro-pegida,demonstration,Pegida,10000,NA,0,NA,NA,NA
2161,03,15311274811531127481Dresden_article_3449,Dresden,2015-10-06,anti-pegida,demonstration,Gepida,200,NA,0,NA,NA,NA
2162,03,15311274571531127457Dresden_article_3448,Dresden,2015-10-05,pro-pegida,demonstration,Pegida,10000,NA,NA,NA,NA,Volksverräter;Lügenpresse;Wir sind das Volk
2163,03,15311274571531127457Dresden_article_3448,Dresden,2015-10-05,anti-pegida,demonstration,Gepida,200,NA,NA,NA,NA,NA
2164,03,15311272531531127253Dresden_article_3439,Dresden,2015-10-05,pro-pegida,demonstration,Pegida,9000,NA,NA,NA,NA,NA
2165,03,15311271501531127150Dresden_article_3435,Dresden,2015-10-05,pro-pegida,demonstration,Pegida,9000,NA,0,NA,NA,NA
2166,03,15311271501531127150Dresden_article_3435,Dresden,2015-10-05,anti-pegida,demonstration,NA,NA,NA,0,NA,NA,NA
2167,03,15311271271531127127Dresden_article_3434,Dresden,2015-10-05,pro-pegida,demonstration,Pegida,9000,0,0,0,NA,NA
2168,03,15311264811531126481Dresden_article_3406,Dresden,2015-10-12,pro-pegida,demonstration,Pegida,8750,NA,NA,NA,NA,NA
2169,03,15311261821531126182Dresden_article_3393,Dresden,2015-10-12,pro-pegida,demonstration,Pegida,9000,NA,NA,NA,NA,NA
2170,03,15311258771531125877Dresden_article_3380,Dresden,2015-10-12,pro-pegida,demonstration,Pegida,9000,NA,NA,NA,NA,NA
2171,03,15311252421531125242Dresden_article_3352,Dresden,2015-10-12,pro-pegida,demonstration,Pegida,9000,NA,NA,NA,NA,Merkel muss weg;Asylbetrüger abschieben;jeder ist einer zu viel;
2172,03,15308842941530884294Dresden_article_3177,Dresden,2015-10-19,pro-pegida,demonstration,Pegida;hooligans;neonazis,15000,3,NA,NA,NA,Verpisst Euch;Merkel muss weg
2173,03,15308842941530884294Dresden_article_3177,Dresden,2015-10-19,anti-pegida,demonstration;darkening,Antifa;Semperoper;parties;unions;churches;organizations,14000,3,NA,NA,NA,Faschistenschweine;Wir sind kein Bühnenbild für Fremdenhass
2174,03,15308841581530884158Dresden_article_3171,Dresden,2015-10-20,pro-pegida,demonstration,Pegida,20000,3,NA,NA,NA,Wir sind das Volk;Merkel muss weg;Abschieben;Widerstand
2175,03,15308841581530884158Dresden_article_3171,Dresden,2015-10-20,anti-pegida,demonstration,Semperoper,19000,3,NA,NA,NA,Wir sind keine Bühne für Fremdenhass
2176,03,15308841351530884135Dresden_article_3170,Dresden,2015-10-19,pro-pegida,demonstration,Pegida,20000,NA,NA,NA,NA,NA
2177,03,15308841351530884135Dresden_article_3170,Dresden,2015-10-19,anti-pegida,demonstration,NA,19000,NA,NA,NA,NA,NA
2178,03,15308841121530884112Dresden_article_3169,Dresden,2015-10-19,pro-pegida,demonstration,Pegida,NA,NA,NA,NA,NA,NA
2179,03,15308841121530884112Dresden_article_3169,Dresden,2015-10-19,anti-pegida,demonstration,NA,NA,NA,NA,NA,NA,NA
2180,03,15308840641530884064Dresden_article_3167,Dresden,2015-10-19,pro-pegida,demonstration,Pegida;neonazis,15000,3,NA,NA,NA,Merkel muss weg;Lügenpresse
2181,03,15308840641530884064Dresden_article_3167,Dresden,2015-10-19,anti-pegida,demonstration;darkening,Semperoper;cultural institutions;churches;Volkswagen;parties;unions;initiatives;Technische Universität Dresden;SPD;Landtag Sachsen,14000,3,NA,NA,NA,Wir sind kein Bühnenbild für Fremdenhass
2182,03,15308840641530884064Dresden_article_3167,Dresden,2015-10-19,anti-pegida,demonstration,Die Partei,60,NA,NA,NA,NA,Ein Jahr im rechten Licht;Rational befreite Zone
2183,03,15308840181530884018Dresden_article_3165,Dresden,2015-10-19,pro-pegida,demonstration,Pegida,20000,3,2,NA,NA,Wir sind das Volk;Merkel muss weg;Abschieben
2184,03,15308840181530884018Dresden_article_3165,Dresden,2015-10-19,anti-pegida,demonstration,NA,14000,3,2,NA,NA,NA
2185,03,15308838361530883836Dresden_article_3159,Dresden,2015-10-19,pro-pegida,demonstration,Pegida,15000,NA,NA,NA,NA,NA
2186,03,15308838361530883836Dresden_article_3159,Dresden,2015-10-19,anti-pegida,demonstration,NA,15000,NA,NA,NA,NA,NA
2187,03,15308836601530883660Dresden_article_3156,Dresden,2015-10-19,pro-pegida,demonstration,Pegida,15000,2,NA,NA,NA,NA
2188,03,15308836601530883660Dresden_article_3156,Dresden,2015-10-19,anti-pegida,demonstration,Regierung Sachsen;Die Grünen;Semperoper,15000,NA,0,NA,NA,Wir sind kein Bühnenbild für Fremdenhass;Wir sind keine Kulisse für Intoleranz
2189,03,15308836141530883614Dresden_article_3154,Dresden,2015-10-19,pro-pegida,demonstration,Pegida,15000,3,NA,NA,NA,NA
2190,03,15308836141530883614Dresden_article_3154,Dresden,2015-10-19,anti-pegida,demonstration,Regierung Sachsen,14000,3,NA,NA,NA,NA
2191,03,15308835911530883591Dresden_article_3153,Dresden,2015-10-19,pro-pegida,demonstration,Pegida,15000,3,NA,NA,NA,NA
2192,03,15308835911530883591Dresden_article_3153,Dresden,2015-10-19,anti-pegida,demonstration,Semperoper,10000,3,NA,NA,NA,Wir sind kein Bühnenbild für Fremdenhass
2193,03,15308834971530883497Dresden_article_3149,Dresden,2015-10-19,pro-pegida,demonstration,Pegida;hooligans;neonazis,15000,3,0,NA,NA,Verpisst Euch;Merkel muss weg;CSU bundesweit
2194,03,15308834971530883497Dresden_article_3149,Dresden,2015-10-19,anti-pegida,demonstration;darkening,Antifa;Semperoper;parties;unions;churches;organizations,14000,4,2,NA,NA,Faschistenschweine;Wir sind kein Bühnenbild für Fremdenhass
2195,03,15308833841530883384Dresden_article_3144,Dresden,2015-10-19,pro-pegida,demonstration,Pegida,15000,3,0,NA,NA,NA
2196,03,15308833841530883384Dresden_article_3144,Dresden,2015-10-19,anti-pegida,demonstration,NA,15000,4,2,NA,NA,NA
2197,03,15308819641530881964Dresden_article_3135,Dresden,2015-10-19,pro-pegida,demonstration,Pegida,20000,NA,0,NA,NA,NA
2198,03,15308819641530881964Dresden_article_3135,Dresden,2015-10-19,anti-pegida,demonstration,parties;unions;curches;associations;inititatives;Semperoper;Die Grünen,15000,NA,0,NA,NA,Wir sind kein Bühnenbild für Fremdenhass;Wir sind keine Kulisse für In­toleranz
2199,03,15308819181530881918Dresden_article_3133,Dresden,2015-10-19,pro-pegida,demonstration,Pegida,20000,NA,NA,NA,NA,Wir sind das Volk;Merkel muss weg;Abschieben;Widerstand
2200,03,15308819181530881918Dresden_article_3133,Dresden,2015-10-19,anti-pegida,demonstration,Semperoper,19000,NA,NA,NA,NA,Nazis raus;haut ab;Wir sind kein Bühnenbild für Fremdenhass
2201,03,15308818961530881896Dresden_article_3132,Dresden,2015-10-19,pro-pegida,demonstration,Pegida,NA,NA,0,NA,NA,NA
2202,03,15308818961530881896Dresden_article_3132,Dresden,2015-10-19,anti-pegida,demonstration;darkening,Semperoper;Regierung Sachsen;Die Grünen,11000,NA,0,NA,NA,Wir sind kein Bühnenbild für Fremdenhass;Wir sind keine Kulisse für Intoleranz
2203,03,15308818731530881873Dresden_article_3131,Dresden,2015-10-19,pro-pegida,demonstration,Pegida;hooligans;neonazis,20000,2,2,NA,NA,NA
2204,03,15308818731530881873Dresden_article_3131,Dresden,2015-10-19,anti-pegida,demonstration,Regierung Sachsen;Die Grünen,19000,NA,0,NA,NA,NA
2205,03,15308818501530881850Dresden_article_3130,Dresden,2015-10-19,pro-pegida,demonstration,Pegida,20000,3,0,NA,NA,NA
2206,03,15308818501530881850Dresden_article_3130,Dresden,2015-10-19,anti-pegida,demonstration;darkening,Semperoper;Regierung Sachsen;Die Grünen,14000,3,0,NA,NA,Wir sind kein Bühnenbild für Fremdenhass;Wir sind keine Kulisse für Intoleranz
2207,03,15308818061530881806Dresden_article_3128,Dresden,2015-10-19,pro-pegida,demonstration,Pegida,20000,3,0,NA,NA,NA
2208,03,15308818061530881806Dresden_article_3128,Dresden,2015-10-19,anti-pegida,demonstration,NA,14000,3,0,NA,NA,NA
2209,03,15308816841530881684Dresden_article_3127,Dresden,2015-10-19,pro-pegida,demonstration,Pegida,15000,NA,NA,NA,NA,NA
2210,03,15308816391530881639Dresden_article_3125,Dresden,2015-10-19,anti-pegida,demonstration,Stadt Dresden;Universität Dresden;artists;unions;Sparkasse;parties;cultural institutions,19000,NA,NA,NA,NA,NA
2211,03,15308812831530881283Dresden_article_3110,Dresden,2015-10-19,pro-pegida,demonstration,Pegida;neonazis;hooligans,20000,4,2,NA,NA,NA
2212,03,15308812831530881283Dresden_article_3110,Dresden,2015-10-19,anti-pegida,demonstration,Herz statt Hetze;Dresden Nazifrei;SPD;CDU;Regierung Sachsen,20000,4,2,NA,NA,NA
2213,03,15308809821530880982Dresden_article_3097,Dresden,2015-10-19,pro-pegida,demonstration,Pegida,20000,NA,NA,NA,NA,Schluss mit Hetze;Keine Hetze;Pfui! Pfui! Pfui!
2214,03,15308809581530880958Dresden_article_3096,Dresden,2015-10-19,anti-pegida,demonstration,Stadt Dresden;Universität Dresden;artists;unions;Sparkasse;parties;cultural institutions,19000,NA,NA,NA,NA,NA
2215,03,15308803031530880303Dresden_article_3072,Dresden,2015-10-19,pro-pegida,demonstration,Pegida,15000,3,2,NA,NA,NA
2216,03,15308803031530880303Dresden_article_3072,Dresden,2015-10-19,anti-pegida,demonstration,NA,15000,3,2,NA,NA,NA
2217,03,15308785361530878536Dresden_article_3012,Dresden,2015-10-19,pro-pegida,demonstration,Pegida;right-wing extremists;hooligans,NA,3,0,NA,NA,NA
2218,03,15308785361530878536Dresden_article_3012,Dresden,2015-10-19,anti-pegida,demonstration,SPD;Landtag Sachsen;Antifa;Kurdish youth,NA,NA,0,NA,NA,Hoch die internationale Solidarität!
2219,03,15308779161530877916Dresden_article_2989,Dresden,2015-10-26,pro-pegida,demonstration,Pegida,10000,NA,NA,NA,NA,NA
2220,03,15308779161530877916Dresden_article_2989,Dresden,2015-10-26,anti-pegida,demonstration,NA,1300,NA,NA,NA,NA,NA
2221,03,15308778471530877847Dresden_article_2986,Dresden,2015-10-26,pro-pegida,demonstration,Pegida,10000,NA,0,NA,NA,NA
2222,03,15308778471530877847Dresden_article_2986,Dresden,2015-10-26,anti-pegida,demonstration,NA,1200,NA,0,NA,NA,NA
2223,03,15308776341530877634Dresden_article_2977,Dresden,2015-10-26,pro-pegida,demonstration,Pegida,10000,0,0,NA,NA,NA
2224,03,15308776341530877634Dresden_article_2977,Dresden,2015-10-26,anti-pegida,demonstration,NA,2000,0,0,NA,NA,NA
2225,03,15308775701530877570Dresden_article_2974,Dresden,2015-10-26,pro-pegida,demonstration,Pegida,2000,0,0,NA,NA,NA
2226,03,15308775701530877570Dresden_article_2974,Dresden,2015-10-26,anti-pegida,demonstration,NA,NA,0,0,NA,NA,NA
2227,03,15308775491530877549Dresden_article_2973,Dresden,2015-10-26,pro-pegida,demonstration,Pegida,NA,NA,NA,NA,NA,Lügenpresse;Merkel muss weg;Volksverräter
2228,03,15307198051530719805Dresden_article_2906,Dresden,2015-11-02,pro-pegida,demonstration,Pegida,8000,NA,NA,NA,NA,NA
2229,03,15307198051530719805Dresden_article_2906,Dresden,2015-11-02,anti-pegida,demonstration,NA,200,NA,NA,NA,NA,NA
2230,03,15307197161530719716Dresden_article_2902,Dresden,2015-11-02,pro-pegida,demonstration,NA,8000,NA,0,NA,NA,NA
2231,03,15307196401530719640Dresden_article_2899,Dresden,2015-11-02,pro-pegida,demonstration,Pegida,10000,NA,NA,NA,NA,NA
2232,03,15307196401530719640Dresden_article_2899,Dresden,2015-11-02,anti-pegida,demonstration,Gepida,8000,NA,NA,NA,NA,NA
2233,03,15307193831530719383Dresden_article_2889,Dresden,2015-11-02,pro-pegida,demonstration,Pegida,8000,NA,0,NA,NA,NA
2234,03,15307193831530719383Dresden_article_2889,Dresden,2015-11-02,anti-pegida,demonstration,NA,200,NA,0,NA,NA,NA
2235,03,15307192921530719292Dresden_article_2885,Dresden,2015-11-02,pro-pegida,demonstration,Pegida,NA,NA,NA,NA,NA,NA
2236,03,15307192711530719271Dresden_article_2884,Dresden,2015-11-02,pro-pegida,demonstration,Pegida,8000,NA,NA,NA,NA,NA
2237,03,15307167581530716758Dresden_article_2793,Dresden,2015-11-09,pro-pegida,demonstration,Pegida,6000,NA,NA,NA,NA,NA
2238,03,15307167581530716758Dresden_article_2793,Dresden,2015-11-09,anti-pegida,demonstration,NA,5000,NA,NA,NA,NA,NA
2239,03,15307167341530716734Dresden_article_2792,Dresden,2015-11-09,pro-pegida,demonstration,Pegida,6000,NA,NA,NA,NA,NA
2240,03,15307167341530716734Dresden_article_2792,Dresden,2015-11-09,anti-pegida,demonstration,Herz statt Hetze,5000,NA,NA,NA,NA,NA
2241,03,15307166671530716667Dresden_article_2789,Dresden,2015-11-09,pro-pegida,demonstration,Pegida,8500,NA,NA,NA,NA,Volksverräter;Volksschädling
2242,03,15307166671530716667Dresden_article_2789,Dresden,2015-11-09,anti-pegida,demonstration,Herz statt Hetze;jewish community,6000,NA,NA,NA,NA,Schämt Euch
2243,03,15307165741530716574Dresden_article_2785,Dresden,2015-11-09,pro-pegida,demonstration,Pegida,8500,NA,NA,NA,NA,NA
2244,03,15307165741530716574Dresden_article_2785,Dresden,2015-11-09,anti-pegida,demonstration,Herz statt Hetze;jewish community,6000,NA,NA,NA,NA,NA
2245,03,15307164871530716487Dresden_article_2781,Dresden,2015-11-09,pro-pegida,demonstration,Pegida,7000,NA,NA,NA,NA,NA
2246,03,15307164871530716487Dresden_article_2781,Dresden,2015-11-09,anti-pegida,demonstration,Herz statt Hetze,6000,NA,NA,NA,NA,NA
2247,03,15307163431530716343Dresden_article_2775,Dresden,2015-11-09,pro-pegida,demonstration,Pegida,7000,NA,NA,NA,NA,NA
2248,03,15307163431530716343Dresden_article_2775,Dresden,2015-11-09,anti-pegida,demonstration,Herz statt Hetze,4000,NA,NA,NA,NA,NA
2249,03,15307160251530716025Dresden_article_2761,Dresden,2015-11-09,pro-pegida,demonstration,Pegida,7000,NA,NA,NA,NA,NA
2250,03,15307160251530716025Dresden_article_2761,Dresden,2015-11-09,anti-pegida,demonstration,jewish community,6000,NA,NA,NA,NA,NA
2251,03,15307151931530715193Dresden_article_2725,Dresden,2015-11-16,pro-pegida,demonstration,Pegida,9000,NA,NA,NA,NA,NA
2252,03,15307151451530715145Dresden_article_2723,Dresden,2015-11-16,pro-pegida,demonstration,NA,12000,NA,0,NA,NA,NA
2253,03,15307151451530715145Dresden_article_2723,Dresden,2015-11-16,anti-pegida,demonstration,NA,1000,NA,0,NA,NA,NA
2254,03,15307150971530715097Dresden_article_2721,Dresden,2015-11-16,pro-pegida,demonstration,Pegida,7000,NA,NA,NA,NA,"Widerstand;Merkel muss weg;Mutter Terroresia;Zugabe, Zugabe"
2255,03,15307150751530715075Dresden_article_2720,Dresden,2015-11-16,pro-pegida,demonstration,Pegida,7000,NA,NA,NA,NA,NA
2256,03,15307150751530715075Dresden_article_2720,Dresden,2015-11-16,anti-pegida,demonstration,Gepida,1000,NA,NA,NA,NA,NA
2257,03,15307149581530714958Dresden_article_2715,Dresden,2015-11-16,pro-pegida,demonstration,Pegida,8000,NA,NA,NA,NA,Merkel muss weg
2258,03,15307149581530714958Dresden_article_2715,Dresden,2015-11-16,anti-pegida,demonstration,NA,1000,NA,NA,NA,NA,NA
2259,03,15307149131530714913Dresden_article_2713,Dresden,2015-11-16,pro-pegida,demonstration,Pegida,7000,NA,NA,NA,NA,NA
2260,03,15307149131530714913Dresden_article_2713,Dresden,2015-11-16,anti-pegida,demonstration,Gepida,1000,NA,NA,NA,NA,NA
2261,03,15307148881530714888Dresden_article_2712,Dresden,2015-11-16,pro-pegida,demonstration,Pegida,9000,NA,NA,NA,NA,NA
2262,03,15307148881530714888Dresden_article_2712,Dresden,2015-11-16,anti-pegida,demonstration,NA,500,NA,NA,NA,NA,NA
2263,03,15307141371530714137Dresden_article_2688,Dresden,2015-11-23,pro-pegida,demonstration,Pegida,5500,3,1,NA,NA,NA
2264,03,15307141371530714137Dresden_article_2688,Dresden,2015-11-23,anti-pegida,demonstration,Gepida,200,NA,0,NA,NA,NA
2265,03,15307139751530713975Dresden_article_2681,Dresden,2015-11-23,pro-pegida,demonstration,Pegida,4750,NA,0,NA,NA,NA
2266,03,15307139751530713975Dresden_article_2681,Dresden,2015-11-23,anti-pegida,demonstration,Gepida,800,NA,0,NA,NA,NA
2267,03,15307134321530713432Dresden_article_2657,Dresden,2015-11-23,pro-pegida,demonstration,Pegida,4750,NA,NA,NA,NA,NA
2268,03,15307114711530711471Dresden_article_2617,Dresden,2015-11-30,pro-pegida,demonstration,Pegida,4500,NA,NA,NA,NA,NA
2269,03,15307114711530711471Dresden_article_2617,Dresden,2015-11-30,anti-pegida,demonstration,NA,24,NA,NA,NA,NA,NA
2270,03,15307113021530711302Dresden_article_2610,Dresden,2015-11-30,pro-pegida,demonstration,Pegida,3500,NA,NA,NA,NA,NA
2271,03,15307109421530710942Dresden_article_2594,Dresden,2015-11-30,pro-pegida,demonstration,Pegida,NA,NA,0,NA,NA,NA
2272,03,15307101661530710166Dresden_article_2565,Dresden,2015-12-07,pro-pegida,demonstration,Pegida;Vlaams Belang,6000,NA,NA,NA,NA,NA
2273,03,15307068581530706858Dresden_article_2429,Dresden,2015-12-21,pro-pegida,demonstration,Pegida,6000,NA,NA,NA,NA,NA
2274,03,15307068581530706858Dresden_article_2429,Dresden,2015-12-21,anti-pegida,demonstration,Herz statt Hetze,3000,NA,NA,NA,NA,NA
2275,03,15307068351530706835Dresden_article_2428,Dresden,2015-12-21,pro-pegida,demonstration;singing,Pegida,6000,0,0,NA,NA,NA
2276,03,15307068351530706835Dresden_article_2428,Dresden,2015-12-21,anti-pegida,demonstration;darkening,Herz statt Hetze;Staatsschauspiel;Staatsoper Dresden;Regierung Sachsen;Kunstakademie Dresden,3000,0,0,NA,NA,NA
2277,03,15307067901530706790Dresden_article_2426,Dresden,2015-12-21,pro-pegida,demonstration;singing,Pegida,6000,NA,0,NA,NA,NA
2278,03,15307067901530706790Dresden_article_2426,Dresden,2015-12-21,anti-pegida,demonstration,Herz statt Hetze;Semperoper;CDU;SPD;Regierung Sachsen;churches,2000,NA,0,NA,NA,Presse willkommen. Ich möchte informiert sein
2279,03,15307067441530706744Dresden_article_2424,Dresden,2015-12-21,pro-pegida,demonstration;singing,Pegida,6000,0,0,NA,NA,Merkel muss weg
2280,03,15307067441530706744Dresden_article_2424,Dresden,2015-12-21,anti-pegida,demonstration;darkening,Herz statt Hetze;churches;Staatsschauspiel;Regierung Sachsen,3000,0,0,2,Pegida protesters,NA
2281,03,15307067441530706744Dresden_article_2424,Dresden,2015-12-21,anti-pegida,demonstration,NA,100,0,0,NA,NA,NA
2282,03,15307065771530706577Dresden_article_2417,Dresden,2015-12-21,pro-pegida,demonstration;singing,Pegida,8000,NA,0,NA,NA,NA
2283,03,15307065771530706577Dresden_article_2417,Dresden,2015-12-21,anti-pegida,demonstration;darkening,Herz statt Hetze;Regierung Sachsen;SPD;CDU;Staatsoper Dresden;Staatsschauspiel,3000,NA,0,NA,NA,NA
2284,03,15307065771530706577Dresden_article_2417,Dresden,2015-12-21,anti-pegida,demonstration,Dresden Nazifrei,900,NA,0,NA,NA,NA
2285,03,15307064891530706489Dresden_article_2413,Dresden,2015-12-21,pro-pegida,demonstration,Pegida,8000,NA,NA,NA,NA,NA
2286,03,15307064891530706489Dresden_article_2413,Dresden,2015-12-21,anti-pegida,demonstration,Herz statt Hetze,4000,NA,NA,NA,NA,NA
2287,03,15307053591530705359Dresden_article_2364,Dresden,2016-01-04,pro-pegida,demonstration,Pegida,3500,NA,NA,NA,NA,NA
2288,03,15307053151530705315Dresden_article_2362,Dresden,2016-01-04,pro-pegida,demonstration,Pegida;Identity Ireland,4000,NA,NA,NA,NA,NA
2289,03,15307053151530705315Dresden_article_2362,Dresden,2016-01-04,anti-pegida,demonstration,NA,140,NA,NA,NA,NA,NA
2290,03,15307006431530700643Dresden_article_2190,Dresden,2016-01-25,pro-pegida,demonstration,Pegida,4000,NA,NA,NA,NA,NA
2291,03,15307006431530700643Dresden_article_2190,Dresden,2016-01-25,anti-pegida,demonstration,NA,250,NA,NA,NA,NA,NA
2292,03,15307005331530700533Dresden_article_2185,Dresden,2016-01-25,pro-pegida,demonstration,Pegida,4000,NA,NA,NA,NA,NA
2293,03,15307005331530700533Dresden_article_2185,Dresden,2016-01-25,anti-pegida,demonstration,NA,300,NA,NA,NA,NA,NA
2294,03,15307002941530700294Dresden_article_2175,Dresden,2016-01-25,pro-pegida,demonstration,Pegida,3000,NA,0,NA,NA,NA
2295,03,15307002941530700294Dresden_article_2175,Dresden,2016-01-25,anti-pegida,demonstration,NA,250,NA,0,NA,NA,NA
2296,03,15307002721530700272Dresden_article_2174,Dresden,2016-01-25,pro-pegida,demonstration,Pegida,3000,NA,0,NA,NA,NA
2297,03,15307002721530700272Dresden_article_2174,Dresden,2016-01-25,anti-pegida,demonstration,NA,250,NA,0,NA,NA,NA
2298,03,15306997821530699782Dresden_article_2153,Dresden,2016-01-25,pro-pegida,demonstration,Pegida,3000,NA,0,NA,NA,NA
2299,03,15306997821530699782Dresden_article_2153,Dresden,2016-01-25,anti-pegida,demonstration,NA,300,NA,0,NA,NA,NA
2300,03,15306305581530630558Dresden_article_2028,Dresden,2016-02-07,pro-pegida,demonstration,Pegida,8000,NA,NA,NA,NA,NA
2301,03,15306305581530630558Dresden_article_2028,Dresden,2016-02-07,anti-pegida,demonstration;drowning,NA,2000,NA,NA,NA,NA,NA
2302,03,15306303131530630313Dresden_article_2026,Dresden,2016-02-06,pro-pegida,demonstration,Pegida,2000,NA,NA,NA,NA,NA
2303,03,15306302921530630292Dresden_article_2025,Dresden,2016-02-06,pro-pegida,demonstration,Pegida;neonazis;hooligans;Reichsbürger;Putin supporters,6000,0,0,NA,NA,Merkel muss weg;Volksverräter
2304,03,15306302921530630292Dresden_article_2025,Dresden,2016-02-06,anti-pegida,demonstration,NA,4000,0,0,NA,NA,NA
2305,03,15306301551530630155Dresden_article_2019,Dresden,2016-02-06,pro-pegida,demonstration,Pegida,10000,0,0,NA,NA,NA
2306,03,15306301551530630155Dresden_article_2019,Dresden,2016-02-06,anti-pegida,demonstration,Herz statt Hetze,4000,0,0,NA,NA,NA
2307,03,15306301551530630155Dresden_article_2019,Dresden,2016-02-06,anti-pegida,demonstration,Leftists,2000,0,0,NA,NA,NA
2308,03,15306301341530630134Dresden_article_2018,Dresden,2016-02-06,pro-pegida,demonstration,Pegida;right-wing extremists;camaraderie;fraternities,10000,NA,1,NA,NA,Merkel muss weg
2309,03,15306301341530630134Dresden_article_2018,Dresden,2016-02-06,anti-pegida,demonstration,Regierung Sachsen,4000,NA,1,NA,NA,4 ist eine Primzahl;# Just Trust; #Vertrauen ist besser
2310,03,15306300111530630011Dresden_article_2013,Dresden,2016-02-08,pro-pegida,demonstration,Pegida,8000,NA,NA,NA,NA,NA
2311,03,15306299901530629990Dresden_article_2012,Dresden,2016-02-06,pro-pegida,demonstration,Pegida,8000,NA,1,NA,NA,Merkel muss weg
2312,03,15306299451530629945Dresden_article_2010,Dresden,2016-02-06,pro-pegida,demonstration,Pegida,8000,NA,NA,NA,NA,NA
2313,03,15306299451530629945Dresden_article_2010,Dresden,2016-02-06,anti-pegida,demonstration,NA,NA,NA,NA,NA,NA,NA
2314,03,15306298321530629832Dresden_article_2005,Dresden,2016-02-06,pro-pegida,demonstration,Pegida,8000,NA,0,NA,NA,NA
2315,03,15306298321530629832Dresden_article_2005,Dresden,2016-02-06,anti-pegida,demonstration,SPD;FDP;Stadt Dresden;Regierung Sachsen;churches,NA,NA,0,NA,NA,NA
2316,03,15306298081530629808Dresden_article_2004,Dresden,2016-02-06,pro-pegida,demonstration,Pegida,8000,NA,0,NA,NA,NA
2317,03,15306298081530629808Dresden_article_2004,Dresden,2016-02-06,anti-pegida,demonstration,NA,NA,NA,0,NA,NA,NA
2318,03,15306297841530629784Dresden_article_2003,Dresden,2016-02-06,pro-pegida,demonstration,Pegida,8000,0,0,NA,NA,Merkel muss weg!;Lügenpresse;Widerstand
2319,03,15306297841530629784Dresden_article_2003,Dresden,2016-02-06,anti-pegida,demonstration,SPD;FDP;Stadt Dresden;Regierung Sachsen;initiatives,2000,0,0,NA,NA,NA
2320,03,15306286651530628665Dresden_article_1954,Dresden,2016-02-15,pro-pegida,demonstration,Pegida,3500,NA,0,NA,NA,NA
2321,03,15306285781530628578Dresden_article_1950,Dresden,2016-02-15,pro-pegida,demonstration,Pegida,3000,0,NA,NA,NA,NA
2322,03,15306285781530628578Dresden_article_1950,Dresden,2016-02-15,anti-pegida,demonstration,NA,300,0,NA,NA,NA,NA
2323,03,15306267901530626790Dresden_article_1895,Dresden,2016-02-22,pro-pegida,demonstration,Pegida,2500,NA,NA,NA,NA,Clausnitz
2324,03,15306260961530626096Dresden_article_1865,Dresden,2016-02-22,pro-pegida,demonstration,Pegida,3000,NA,NA,NA,NA,Clausnitz
2325,03,15306250911530625091Dresden_article_1821,Dresden,2016-02-29,pro-pegida,demonstration,Pegida,3500,NA,NA,NA,NA,NA
2326,03,15306250911530625091Dresden_article_1821,Dresden,2016-02-29,anti-pegida,demonstration,Gepida;Die Grünen;Bundestag,250,NA,NA,NA,NA,NA
2327,03,15306228351530622835Dresden_article_1749,Dresden,2016-03-14,pro-pegida,demonstration,Pegida,3500,NA,NA,NA,NA,NA
2328,03,15306228351530622835Dresden_article_1749,Dresden,2016-03-14,anti-pegida,demonstration,NA,300,NA,NA,NA,NA,NA
2329,03,15306214001530621400Dresden_article_1687,Dresden,2016-04-04,pro-pegida,demonstration,Pegida,2300,NA,NA,NA,NA,NA
2330,03,15306193811530619381Dresden_article_1617,Dresden,2016-04-18,pro-pegida,demonstration,Pegida,3200,NA,NA,NA,NA,NA
2331,03,15306193811530619381Dresden_article_1617,Dresden,2016-04-18,anti-pegida,demonstration,Gepida;FDP;Stadt Dresden;SPD;Regierung Sachsen,450,NA,NA,NA,NA,NA
2332,03,15306193141530619314Dresden_article_1614,Dresden,2016-04-18,pro-pegida,demonstration,Pegida,3200,NA,NA,NA,NA,NA
2333,03,15306193141530619314Dresden_article_1614,Dresden,2016-04-18,anti-pegida,demonstration,Gepida;FDP;Stadt Dresden;SPD;Regierung Sachsen,450,NA,NA,NA,NA,NA
2334,03,15306192021530619202Dresden_article_1609,Dresden,2016-04-18,pro-pegida,demonstration,Pegida,2700,NA,NA,NA,NA,NA
2335,03,15306192021530619202Dresden_article_1609,Dresden,2016-04-18,anti-pegida,demonstration,Gepida,450,NA,NA,NA,NA,NA
2336,03,15306191571530619157Dresden_article_1607,Dresden,2016-04-19,pro-pegida,demonstration,Pegida,100,NA,NA,NA,NA,"Widerstand! Widerstand!;Noch sitzt ihr da, ihr feigen Gestalten, vom Feinde bezahlt und dem Volke zum Spott. Doch einst wird wieder Gerechtigkeit walten, dann richtet das Volk und es gnade euch Gott.;Wir sind das Volk;Schämt Euch!;"
2337,03,15306191571530619157Dresden_article_1607,Dresden,2016-04-19,anti-pegida,demonstration,Die Partei;Antifa,NA,NA,NA,NA,NA,Bachmann in den Knast;Lutz Bachmann - Opfer seiner Sozialisation.;Lügen-Lutz
2338,03,15306190881530619088Dresden_article_1604,Dresden,2016-04-19,pro-pegida,demonstration,Pegida,100,NA,NA,NA,NA,Merkel muss vor Gericht;Schämt Euch - Freispruch für Lutz Bachmann;Widerstand!
2339,03,15306190321530619032Dresden_article_1602,Dresden,2016-04-19,pro-pegida,demonstration,Pegida,50,NA,NA,NA,NA,NA
2340,03,15306189671530618967Dresden_article_1599,Dresden,2016-04-19,pro-pegida,demonstration,Pegida,24,NA,NA,NA,NA,Merkel muss vor Gericht;Schämt euch -  Freiheit für Lutz Bachmann
2341,03,15306168961530616896Dresden_article_1521,Dresden,2016-05-02,pro-pegida,demonstration,Pegida,3500,NA,NA,NA,NA,NA
2342,03,15306152761530615276Dresden_article_1457,Dresden,2016-05-16,pro-pegida,demonstration,Festung Europa,2000,0,NA,NA,NA,NA
2343,03,15306152761530615276Dresden_article_1457,Dresden,2016-05-16,anti-pegida,demonstration,NA,200,0,NA,NA,NA,NA
2344,03,15306141481530614148Dresden_article_1421,Dresden,2016-05-21,pro-pegida,demonstration;human chain,FDP;Pegida,50,NA,NA,NA,NA,Keine Drogen in Dresden
2345,03,15306141481530614148Dresden_article_1421,Dresden,2016-05-21,anti-pegida,demonstration,Undogmatische Radikale Antifa Dresden,NA,NA,NA,NA,NA,NA
2346,03,15306140341530614034Dresden_article_1416,Dresden,2016-05-21,anti-pegida,demonstration,Undogmatische Radikale Antifa Dresden,NA,NA,NA,NA,NA,NA
2347,03,15306140341530614034Dresden_article_1416,Dresden,2016-05-21,pro-pegida,demonstration,Pegida;FDP;CDU,50,NA,NA,NA,NA,Keine Drogen in Dresden
2348,03,15306139671530613967Dresden_article_1413,Dresden,2016-05-23,pro-pegida,demonstration,Pegida;FDP;CDU,2500,NA,0,2,Thunderstorm,NA
2349,03,15306139671530613967Dresden_article_1413,Dresden,2016-05-23,anti-pegida,demonstration,NA,2000,NA,0,NA,NA,NA
2350,03,15306138911530613891Dresden_article_1410,Dresden,2016-05-23,pro-pegida,demonstration,Pegida;FDP;CDU,2500,NA,0,2,Thunderstorm,NA
2351,03,15306138911530613891Dresden_article_1410,Dresden,2016-05-23,anti-pegida,demonstration,NA,2000,NA,0,NA,NA,NA
2352,03,15306138691530613869Dresden_article_1409,Dresden,2016-05-23,pro-pegida,demonstration,Pegida,2600,NA,0,NA,NA,NA
2353,03,15306138691530613869Dresden_article_1409,Dresden,2016-05-23,anti-pegida,demonstration;whistling,NA,2000,NA,0,NA,NA,NA
2354,03,15306138471530613847Dresden_article_1408,Dresden,2016-05-23,pro-pegida,demonstration,Pegida,2500,0,0,NA,NA,NA
2355,03,15306138471530613847Dresden_article_1408,Dresden,2016-05-23,anti-pegida,demonstration,NA,2500,0,0,NA,NA,NA
2356,03,15306109571530610957Dresden_article_1292,Dresden,2016-06-20,pro-pegida,demonstration,Pegida,1800,0,NA,NA,NA,NA
2357,03,15306109571530610957Dresden_article_1292,Dresden,2016-06-20,anti-pegida,demonstration,Nope,24,0,NA,NA,NA,NA
2358,03,15306109321530610932Dresden_article_1291,Dresden,2016-06-20,pro-pegida,demonstration,Pegida,1800,0,NA,NA,NA,NA
2359,03,15306109321530610932Dresden_article_1291,Dresden,2016-06-20,anti-pegida,demonstration,Nope,24,0,NA,NA,NA,NA
2360,03,15306093591530609359Dresden_article_1226,Dresden,2016-07-20,pro-pegida,demonstration,Pegida,NA,3,0,NA,NA,NA
2361,03,15306056461530605646Dresden_article_1075,Dresden,2016-09-26,pro-pegida,demonstration,Pegida,2900,NA,NA,1,Conflict with Festung Europa protesters,"Ihr seid die Nazi-Abteilung, Festerling du Sau.;Schämt Euch"
2362,03,15306093591530609359Dresden_article_1226,Dresden,2016-07-20,anti-pegida,demonstration,NA,NA,NA,0,NA,NA,Arsch hoch - Woche für Woche gegen ein zweites '33
2363,03,15306056461530605646Dresden_article_1075,Dresden,2016-09-26,pro-pegida,demonstration,Festung Europa,50,NA,NA,1,Conflict with Pegida protesters,Schämt Euch
2364,03,15306056461530605646Dresden_article_1075,Dresden,2016-09-26,anti-pegida,demonstration;sit-in,NA,NA,NA,NA,NA,NA,NA
2365,03,15306056031530605603Dresden_article_1073,Dresden,2016-09-26,pro-pegida,demonstration,Pegida,2500,NA,NA,1,Conflict with Festung Europa protesters,NA
2366,03,15306056031530605603Dresden_article_1073,Dresden,2016-09-26,pro-pegida,demonstration,Festung Europa,60,NA,NA,1,Conflict with Pegida protesters,NA
2367,03,15306055581530605558Dresden_article_1071,Dresden,2016-09-26,pro-pegida,demonstration,Pegida,NA,NA,NA,1,Conflict with Festerling protesters,NA
2368,03,15306054901530605490Dresden_article_1068,Dresden,2016-09-26,pro-pegida,demonstration,Pegida,2500,NA,NA,1,Conflict with Festung Europa protesters,Volksverräter
2369,03,15306054901530605490Dresden_article_1068,Dresden,2016-09-26,anti-pegida,demonstration,Festung Europa,60,NA,NA,1,Conflict with Pegida protesters,Volksverräter
2370,03,15306055581530605558Dresden_article_1071,Dresden,2016-09-26,anti-pegida,demonstration,NA,60,NA,NA,1,Conflict with Pegida protesters,NA
2371,03,15306054131530605413Dresden_article_1065,Dresden,2016-09-26,pro-pegida,demonstration,Pegida,2500,NA,NA,1,Conflict with Festung Europa protesters,Volksverräter
2372,03,15306054131530605413Dresden_article_1065,Dresden,2016-09-26,pro-pegida,demonstration,Festung Europa,60,NA,NA,1,Conflict with Pegida protesters,Volksverräter
2373,03,15306053461530605346Dresden_article_1062,Dresden,2016-09-26,pro-pegida,demonstration,Festung Europa,60,NA,NA,NA,NA,NA
2374,03,15306047561530604756Dresden_article_1045,Dresden,2016-10-03,pro-pegida,demonstration,Pegida;AfD,NA,NA,0,NA,NA,Merkel muss weg;Volksverräter;Hau ab
2375,03,15306047341530604734Dresden_article_1044,Dresden,2016-10-03,pro-pegida,demonstration,Pegida,4000,0,NA,NA,NA,Merkel muss weg;Volksverräter;Haut ab
2376,03,15306047021530604702Dresden_article_1043,Dresden,2016-10-03,pro-pegida,demonstration;whistling,Pegida,200,NA,NA,NA,NA,"Volksverräter;Merkel muss weg; Merkel nach Sibirien, Putin nach Berlin;Haut ab, Haut ab;Abschieben;Wir sind das Volk"
2377,03,15306046551530604655Dresden_article_1041,Dresden,2016-10-03,pro-pegida,demonstration,Pegida,4000,NA,0,NA,NA,Volksverräter;Haut ab;Merkel muss weg
2378,03,15305335561530533556Dresden_article_993,Dresden,2016-10-03,pro-pegida,demonstration,Pegida,4000,NA,0,NA,NA,NA
2379,03,15305335331530533533Dresden_article_992,Dresden,2016-10-03,pro-pegida,demonstration;whistling,Pegida,300,NA,0,NA,NA,Haut ab;Merkel muss weg
2380,03,15305334881530533488Dresden_article_990,Dresden,2016-10-03,pro-pegida,demonstration;whistling,Pegida,NA,NA,NA,NA,NA,"Volksverräter:Merkel muss weg;Haut ab, haut ab;Wir sind das Volk;Abschieben;Merkel nach Sibirien, Putin nach Berlin"
2381,03,15305334661530533466Dresden_article_989,Dresden,2016-10-03,pro-pegida,demonstration,Pegida,200,NA,NA,NA,NA,Haut ab;Volksverräter;Merkel muss weg
2382,03,15305334011530533401Dresden_article_986,Dresden,2016-10-03,pro-pegida,demonstration,Pegida,4000,NA,0,NA,NA,Haut ab;Volksverräter;Merkel muss weg
2383,03,15305331501530533150Dresden_article_975,Dresden,2016-10-03,pro-pegida,demonstration,NA,NA,NA,0,NA,NA,"Grenzöffnung ist Gewalt;Volksverräter;Haut ab, haut ab;Merkel muss weg;Merkel nach Sibirien, Putin nach Berlin;Abschieben"
2384,03,15305329101530532910Dresden_article_965,Dresden,2016-10-03,pro-pegida,demonstration;whistling,Pegida;neo-nazis,4000,NA,NA,NA,NA,Volksverräter;Haut ab;Merkel muss weg
2385,03,15305328171530532817Dresden_article_961,Dresden,2016-10-03,pro-pegida,demonstration,Pegida,5000,NA,0,NA,NA,NA
2386,03,15305328171530532817Dresden_article_961,Dresden,2016-10-03,anti-pegida,demonstration;blockade,NA,200,NA,0,NA,NA,NA
2387,03,15305327061530532706Dresden_article_956,Dresden,2016-10-03,pro-pegida,demonstration,Pegida,4000,NA,0,NA,NA,Volksverräter;Haut ab;Merkel muss weg
2388,03,15305326621530532662Dresden_article_954,Dresden,2016-10-03,pro-pegida,demonstration,Pegida,4000,NA,0,NA,NA,Volksverräter;Haut ab;Merkel muss weg;Abschieben
2389,03,15305326381530532638Dresden_article_953,Dresden,2016-10-03,pro-pegida,demonstration,Pegida;AfD,100,NA,0,NA,NA,Volksverräter;Hau ab
2390,03,15305326181530532618Dresden_article_952,Dresden,2016-10-03,pro-pegida,demonstration,Pegida,NA,NA,0,NA,NA,"Volksverräter;Merkel muss weg;Merkel nach Sibirien, Putin nach Berlin"
2391,03,15305325961530532596Dresden_article_951,Dresden,2016-10-03,pro-pegida,demonstration,Pegida;Festung Europa,400,NA,0,NA,NA,Volksverräter;Merkel muss weg;Haut ab
2392,03,15302825621530282562Dresden_article_840,Dresden,2016-10-16,pro-pegida,demonstration,Pegida;Identitäre,6500,NA,NA,NA,NA,NA
2393,03,15302825621530282562Dresden_article_840,Dresden,2016-10-16,anti-pegida,demonstration,NA,NA,NA,NA,NA,NA,NA
2394,03,15302824721530282472Dresden_article_836,Dresden,2016-10-16,pro-pegida,demonstration,Pegida,6500,0,0,0,NA,NA
2395,03,15302824721530282472Dresden_article_836,Dresden,2016-10-16,anti-pegida,demonstration,NA,200,0,0,0,NA,NA
2396,03,15302824481530282448Dresden_article_835,Dresden,2016-10-16,pro-pegida,demonstration,Pegida;neo-nazis,6500,NA,0,NA,NA,NA
2397,03,15302824481530282448Dresden_article_835,Dresden,2016-10-16,anti-pegida,demonstration,Green Party,200,NA,0,NA,NA,Euer Rassismus kotzt uns an
2398,03,15302823811530282381Dresden_article_832,Dresden,2016-10-16,pro-pegida,demonstration,Pegida,6500,0,0,0,NA,NA
2399,03,15302823811530282381Dresden_article_832,Dresden,2016-10-16,anti-pegida,demonstration,NA,200,0,0,0,NA,NA
2400,03,15302823561530282356Dresden_article_831,Dresden,2016-10-16,pro-pegida,demonstration,Pegida;Identitäre,6500,NA,NA,NA,NA,NA
2401,03,15302823561530282356Dresden_article_831,Dresden,2016-10-16,anti-pegida,demonstration,NA,200,NA,NA,NA,NA,NA
2402,03,15302823351530282335Dresden_article_830,Dresden,2016-10-16,pro-pegida,demonstration,Pegida,8500,NA,0,NA,NA,NA
2403,03,15302823351530282335Dresden_article_830,Dresden,2016-10-16,anti-pegida,demonstration,NA,200,NA,0,NA,NA,NA
2404,03,15302823121530282312Dresden_article_829,Dresden,2016-10-16,pro-pegida,demonstration,Pegida,5000,NA,0,NA,NA,NA
2405,03,15302823121530282312Dresden_article_829,Dresden,2016-10-16,anti-pegida,demonstration,NA,NA,NA,0,NA,NA,NA
2406,03,15302822891530282289Dresden_article_828,Dresden,2016-10-16,pro-pegida,demonstration,Pegida,8000,0,0,0,NA,NA
2407,03,15302822891530282289Dresden_article_828,Dresden,2016-10-16,anti-pegida,demonstration,NA,NA,0,0,0,NA,NA
2408,03,15302822681530282268Dresden_article_827,Dresden,2016-10-16,pro-pegida,demonstration,Pegida,8000,0,0,0,NA,NA
2409,03,15302822681530282268Dresden_article_827,Dresden,2016-10-16,anti-pegida,demonstration,NA,200,0,0,0,NA,NA
2410,03,15302821221530282122Dresden_article_821,Dresden,2016-10-16,pro-pegida,demonstration,Pegida;Identitäre;Die Freiheit,8000,0,0,0,NA,Refugee welcome - Stopp;Volksverräter
2411,03,15302821221530282122Dresden_article_821,Dresden,2016-10-16,anti-pegida,demonstration,NA,200,0,0,0,NA,"Wer von Asylflut redet, hat Ebbe im Gehirn."
2412,03,15302820761530282076Dresden_article_819,Dresden,2016-10-17,anti-pegida,demonstration,Stadt Dresden;Landeszentrale für politische Bildung;churches,3000,NA,0,NA,NA,NA
2413,03,15302820531530282053Dresden_article_818,Dresden,2016-10-17,anti-pegida,demonstration,Herz statt Hetze;Stadt Dresden;FDP;Nope;DGB;Student's council;Landeszentrale für Politische Bildung,3000,0,0,1,disrupters insulting journalists,NA
2414,03,15302819621530281962Dresden_article_814,Dresden,2016-10-17,anti-pegida,demonstration,Herz statt Hetze;Stadt Dresden;FDP;Nope;DGB;Student's council;Landeszentrale für Politische Bildung;Die Linke;Sachsen parliament,2000,0,0,1,disrupters insulting journalists,NA
2415,03,15302819181530281918Dresden_article_812,Dresden,2016-10-17,anti-pegida,demonstration,Stadt Dresden;FDP;churches;Chef der Landeszentrale für politische Bildung,2000,0,0,0,NA,NA
2416,03,15302819181530281918Dresden_article_812,Dresden,2016-10-17,anti-pegida,demonstration,Herz statt Hetze,3000,0,0,0,NA,NA
2417,03,15302818971530281897Dresden_article_811,Dresden,2016-10-17,anti-pegida,demonstration,"Stadt Dresden;FDP,Landeszentrale für politische Bildung;Herz statt Hetze",2000,NA,NA,NA,NA,NA
2418,03,15302818971530281897Dresden_article_811,Dresden,2016-10-17,anti-pegida,demonstration,Herz statt Hetze,3500,NA,NA,NA,NA,NA
2419,03,15302818501530281850Dresden_article_809,Dresden,2016-10-17,anti-pegida,demonstration,Stadt Dresden;Land Sachsen;FDP;CDU,2000,NA,NA,NA,NA,NA
2420,03,15302802191530280219Dresden_article_747,Dresden,2016-10-31,pro-pegida,demonstration,Pegida,1800,0,0,NA,NA,NA
2421,03,15302802191530280219Dresden_article_747,Dresden,2016-10-31,anti-pegida,demonstration,NA,150,0,0,NA,NA,NA
2422,03,15302785991530278599Dresden_article_685,Dresden,2016-11-21,pro-pegida,demonstration,Pegida,2800,NA,NA,NA,NA,NA
2423,03,15302785991530278599Dresden_article_685,Dresden,2016-11-21,anti-pegida,demonstration,NA,240,NA,NA,NA,NA,NA
2424,03,15302785531530278553Dresden_article_683,Dresden,2016-11-21,pro-pegida,demonstration,Pegida,2800,NA,NA,NA,NA,NA
2425,03,15302785531530278553Dresden_article_683,Dresden,2016-11-21,anti-pegida,demonstration,NA,240,NA,NA,NA,NA,NA
2426,03,15302780721530278072Dresden_article_671,Dresden,2016-11-28,pro-pegida,demonstration,Pegida,NA,0,0,NA,NA,"1, 2, 3 - danke, Polizei!;Volksverräter!"
2427,03,15302780721530278072Dresden_article_671,Dresden,2016-11-28,anti-pegida,demonstration,NA,20,0,0,NA,NA,NA
2428,03,15302768001530276800Dresden_article_629,Dresden,2016-12-18,pro-pegida,demonstration;singing,Pegida,NA,NA,NA,NA,NA,NA
2429,03,15302768001530276800Dresden_article_629,Dresden,2016-12-18,anti-pegida,demonstration;singing,Die Prinzen,NA,NA,NA,NA,NA,NA
2430,03,15302768001530276800Dresden_article_629,Dresden,2016-12-18,anti-pegida,demonstration;concert,Herz statt Hetze,NA,NA,NA,NA,NA,NA
2431,03,15302767791530276779Dresden_article_628,Dresden,2016-12-18,pro-pegida,demonstration;singing,Pegida;Compact,3000,NA,0,NA,NA,Widerstand. Widerstand. Widerstand
2432,03,15302767791530276779Dresden_article_628,Dresden,2016-12-18,anti-pegida,demonstration;singing,Dresden.Respekt;Antifascists;Stadt Dresden;Land Sachsen,1100,NA,0,NA,NA,Euer Rassismus kotzt uns an
2433,03,15302767791530276779Dresden_article_628,Dresden,2016-12-18,anti-pegida,demonstration;cooking;concert,Cooking Action;Banda Communale;Kruzianer,300,NA,0,NA,NA,NA
2434,03,15302762141530276214Dresden_article_604,Dresden,2017-01-09,pro-pegida,demonstration,Pegida,2200,NA,NA,NA,NA,NA
2435,03,15302762141530276214Dresden_article_604,Dresden,2017-01-09,anti-pegida,demonstration,NA,100,NA,NA,NA,NA,NA
2436,03,15302751881530275188Dresden_article_568,Dresden,2017-01-23,pro-pegida,demonstration,Pegida,2000,NA,NA,NA,NA,NA
2437,03,15302751881530275188Dresden_article_568,Dresden,2017-01-23,anti-pegida,demonstration,Students' Council;TU Dresden,1000,NA,NA,NA,NA,NA
2438,03,15302751191530275119Dresden_article_565,Dresden,2017-01-23,pro-pegida,demonstration,Pegida,1700,NA,NA,NA,NA,NA
2439,03,15302751191530275119Dresden_article_565,Dresden,2017-01-23,anti-pegida,demonstration,WHAT;TU Dresden,1000,NA,NA,NA,NA,NA
2440,03,15302750981530275098Dresden_article_564,Dresden,2017-01-23,pro-pegida,demonstration,Pegida,1700,NA,NA,NA,NA,NA
2441,03,15302750981530275098Dresden_article_564,Dresden,2017-01-23,anti-pegida,demonstration,Students' Council;TU Dresden,1000,NA,NA,NA,NA,NA
2442,03,15302749941530274994Dresden_article_560,Dresden,2017-01-23,anti-pegida,demonstration,WHAT;TU Dresden,1000,NA,NA,NA,NA,NA
2443,03,15302745621530274562Dresden_article_541,Dresden,2017-02-06,pro-pegida,demonstration,Pegida,1600,NA,NA,NA,NA,NA
2444,03,15302745171530274517Dresden_article_539,Dresden,2017-02-07,pro-pegida,demonstration,Pegida,100,NA,NA,NA,NA,NA
2445,03,15302744721530274472Dresden_article_537,Dresden,2017-02-07,pro-pegida,demonstration,Pegida,100,3,NA,NA,NA,"Denkmal der Schande;Manaf, dein Platz für Frieden ist: SYRIEN;Volksverräter;Abschieben;Hau ab"
2446,03,15302743371530274337Dresden_article_536,Dresden,2017-02-07,pro-pegida,demonstration,Pegida,100,NA,NA,NA,NA,NA
2447,03,15302742941530274294Dresden_article_534,Dresden,2017-02-07,pro-pegida,demonstration,Pegida,200,NA,NA,NA,NA,"Schande, Schande;Der Schrott muss weg;Heuchler;Volksverräter;Hilbert muss weg"
2448,03,15302742011530274201Dresden_article_530,Dresden,2017-02-07,pro-pegida,demonstration,Pegida,100,0,0,NA,NA,Volksverräter;Hau ab
2449,03,15302729151530272915Dresden_article_524,Dresden,2017-02-13,pro-pegida,demonstration,Pegida,NA,NA,0,NA,NA,Politiker = Leben fern der Realität
2450,03,15302725731530272573Dresden_article_509,Dresden,2017-02-20,pro-pegida,demonstration,Pegida,1800,NA,0,1,stink bombs;sit-in by counter-demonstrators,NA
2451,03,15302725731530272573Dresden_article_509,Dresden,2017-02-20,anti-pegida,demonstration;sit-in,Nope,200,NA,0,NA,NA,NA
2452,03,15302707451530270745Dresden_article_439,Dresden,2017-03-28,pro-pegida,demonstration,Pegida;Identitäre Bewegung,2000,NA,0,NA,NA,NA
2453,03,15302707451530270745Dresden_article_439,Dresden,2017-03-28,anti-pegida,demonstration;concert;dance,Nope;Die Toten Hosen;Tam Tam Combony;Stadt Dresden,NA,NA,0,NA,NA,NA
2454,03,15302707001530270700Dresden_article_437,Dresden,2017-03-27,pro-pegida,demonstration,Pegida,NA,NA,NA,NA,NA,NA
2455,03,15302707001530270700Dresden_article_437,Dresden,2017-03-27,anti-pegida,demonstration;concert,Die Toten Hosen,NA,NA,NA,NA,NA,NA
2456,03,15302706491530270649Dresden_article_436,Dresden,2017-03-27,pro-pegida,demonstration,Pegida,NA,NA,NA,NA,NA,NA
2457,03,15302706491530270649Dresden_article_436,Dresden,2017-03-27,anti-pegida,demonstration;concert,Die Toten Hosen,NA,NA,NA,NA,NA,NA
2458,03,15302705261530270526Dresden_article_435,Dresden,2017-03-27,pro-pegida,demonstration,Pegida,NA,NA,0,NA,NA,NA
2459,03,15302705261530270526Dresden_article_435,Dresden,2017-03-27,anti-pegida,demonstration,Nope;Die Toten Hosen;Tam Tam Combony;Stadt Dresden;Antifa;Die Linke,NA,NA,0,NA,NA,NA
2460,03,15302688861530268886Dresden_article_368,Dresden,2017-05-06,pro-pegida,demonstration,Thügida;NPD,200,0,1,NA,NA,NA
2461,03,15302688861530268886Dresden_article_368,Dresden,2017-05-06,anti-pegida,demonstration,Nope,500,0,1,NA,NA,NA
2462,03,15302688181530268818Dresden_article_365,Dresden,2017-05-08,pro-pegida,demonstration,Pegida;AfD;Junge Alternative,2000,NA,NA,NA,NA,NA
2463,03,15302686001530268600Dresden_article_356,Dresden,2017-05-08,pro-pegida,demonstration,Pegida;AfD;Junge Alternative,2400,NA,NA,NA,NA,NA
2464,03,15302684221530268422Dresden_article_348,Dresden,2017-05-15,pro-pegida,demonstration,Pegida,2000,0,NA,0,NA,NA
2465,03,15302684221530268422Dresden_article_348,Dresden,2017-05-15,anti-pegida,demonstration,NA,100,0,NA,0,NA,NA
2466,03,15302678791530267879Dresden_article_329,Dresden,2017-05-29,pro-pegida,demonstration,Pegida,1600,NA,NA,NA,NA,NA
2467,03,15302678791530267879Dresden_article_329,Dresden,2017-05-29,anti-pegida,demonstration,NA,190,NA,NA,NA,NA,NA
2468,03,15302677871530267787Dresden_article_325,Dresden,2017-06-05,pro-pegida,demonstration,Pegida;AfD,1500,NA,NA,NA,NA,Lügenpresse;Widerstand;Höcke
2469,03,15302676081530267608Dresden_article_317,Dresden,2017-06-11,pro-pegida,demonstration,Pegida;AfD,NA,NA,NA,NA,NA,NA
2470,03,15302675621530267562Dresden_article_315,Dresden,2017-06-12,pro-pegida,demonstration,Pegida;Identitäre Bewegung,2000,NA,NA,NA,NA,Volksverräter
2471,03,15302672251530267225Dresden_article_307,Dresden,2017-06-19,pro-pegida,demonstration,Pegida,NA,3,NA,NA,NA,NA
2472,03,15302672251530267225Dresden_article_307,Dresden,2017-06-19,anti-pegida,demonstration,NA,NA,NA,NA,NA,NA,NA
2473,03,15302670551530267055Dresden_article_304,Dresden,2017-06-26,pro-pegida,demonstration,Pegida;AfD,2000,NA,0,NA,NA,NA
2474,03,15302670551530267055Dresden_article_304,Dresden,2017-06-26,anti-pegida,demonstration,NA,24,NA,0,NA,NA,NA
2475,03,15302666981530266698Dresden_article_288,Dresden,2017-07-03,pro-pegida,demonstration,Pegida,2000,NA,NA,NA,NA,NA
2476,03,15302666981530266698Dresden_article_288,Dresden,2017-07-03,anti-pegida,demonstration,students,200,NA,NA,NA,NA,NA
2477,03,15302666671530266667Dresden_article_287,Dresden,2017-07-03,pro-pegida,demonstration,Pegida,1000,3,0,NA,NA,Lügenpresse
2478,03,15302666671530266667Dresden_article_287,Dresden,2017-07-03,anti-pegida,demonstration,students,200,NA,0,NA,NA,NA
2479,03,15302664921530266492Dresden_article_284,Dresden,2017-07-10,pro-pegida,demonstration,Pegida,1500,NA,NA,NA,NA,NA
2480,03,15302664921530266492Dresden_article_284,Dresden,2017-07-10,anti-pegida,demonstration,NA,80,NA,NA,NA,NA,NA
2481,03,15302662741530266274Dresden_article_274,Dresden,2017-07-17,pro-pegida,demonstration,Pegida;AfD,NA,NA,0,NA,NA,NA
2482,03,15302662521530266252Dresden_article_273,Dresden,2017-07-17,pro-pegida,demonstration;whistling,Pegida;AfD;Dresdner Wellenlänge;right-wing extremists,500,0,0,0,NA,Stasi 2.0;Maas = Stasi;Wahrheitsministerium0
2483,03,15302662521530266252Dresden_article_273,Dresden,2017-07-17,anti-pegida,demonstration,leftists,100,0,0,0,NA,NA
2484,03,15302661821530266182Dresden_article_270,Dresden,2017-07-17,pro-pegida,demonstration;whistling,Pegida;AfD;Wellenlänge,200,NA,0,NA,NA,Hau ab;Stasi 2.0
2485,03,15302661821530266182Dresden_article_270,Dresden,2017-07-17,anti-pegida,demonstration,leftists,24,NA,0,NA,NA,NA
2486,03,15302647121530264712Dresden_article_263,Dresden,2017-07-17,pro-pegida,demonstration,Pegida;AfD,200,NA,0,NA,NA,Volksverräter;Hau ab
2487,03,15302646901530264690Dresden_article_262,Dresden,2017-07-17,pro-pegida,demonstration,Pegida;AfD,200,NA,0,NA,NA,Volksverräter;Hau ab;Stasi 2.0
2488,03,15302646441530264644Dresden_article_260,Dresden,2017-07-17,pro-pegida,demonstration,Pegida;AfD,200,NA,0,NA,NA,Wollt Ihr den totalen Maas?;Volksverräter;Hau ab;Stasi 2.0
2489,03,15302642031530264203Dresden_article_245,Dresden,2017-07-24,pro-pegida,demonstration,Pegida,1000,NA,NA,NA,NA,NA
2490,03,15302642031530264203Dresden_article_245,Dresden,2017-07-24,anti-pegida,demonstration,NA,100,NA,NA,NA,NA,Solidarität mit Oli
2491,03,15302638731530263873Dresden_article_235,Dresden,2017-07-31,pro-pegida,demonstration,Pegida;Wellenlängen,1400,NA,NA,NA,NA,NA
2492,03,15302638271530263827Dresden_article_233,Dresden,2017-08-07,pro-pegida,demonstration,Pegida,1500,NA,NA,NA,NA,NA
2493,03,15302634141530263414Dresden_article_224,Dresden,2017-08-14,pro-pegida,demonstration,Pegida,1500,NA,NA,NA,NA,NA
2494,03,15302631121530263112Dresden_article_211,Dresden,2017-08-21,pro-pegida,demonstration,Pegida;AfD,1500,NA,NA,NA,NA,"Maier, Maier"
2495,03,15302627981530262798Dresden_article_197,Dresden,2017-08-28,pro-pegida,demonstration,Pegida;Ein Prozent für unser Land,NA,NA,NA,NA,NA,NA
2496,03,15302621921530262192Dresden_article_171,Dresden,2017-09-04,pro-pegida,demonstration,Pegida,1500,NA,NA,NA,NA,NA
2497,03,15302618901530261890Dresden_article_158,Dresden,2017-09-08,pro-pegida,demonstration,Pegida;AfD,12,NA,0,NA,NA,Buh;Volksverräter
2498,03,15302618661530261866Dresden_article_157,Dresden,2017-09-08,pro-pegida,demonstration,Pegida;AfD,12,NA,0,NA,NA,Buh;Volksverräter
2499,03,15302615741530261574Dresden_article_144,Dresden,2017-09-19,pro-pegida,demonstration,Pegida;AfD,NA,NA,NA,NA,NA,NA
2500,03,741530261574Dresden_article_144.html,Dresden,2017-09-19,anti-pegida,demonstration,HOPE,NA,NA,NA,NA,NA,NA
2501,03,741530261574Dresden_article_144.html,Dresden,2017-09-19,anti-pegida,demonstration,Nationalismus raus aus den Köpfen,NA,NA,NA,NA,NA,NA
2502,03,741530261574Dresden_article_144.html,Dresden,2017-09-19,anti-pegida,demonstration,Erhebet eure Herzen,NA,NA,NA,NA,NA,NA
2503,03,15302611051530261105Dresden_article_128,Dresden,2017-09-25,pro-pegida,demonstration,Pegida,1500,NA,NA,NA,NA,Politikerpack in den Gulag. Ausmisten.;Wahlsieg!;Lügenpresse
2504,03,15302603001530260300Dresden_article_102,Dresden,2017-10-17,pro-pegida,demonstration,Pegida;AfD,2000,NA,NA,NA,NA,NA
2505,03,15302594411530259441Dresden_article_67,Dresden,2017-10-28,pro-pegida,demonstration,Pegida;AfD,2900,NA,1,NA,NA,NA
2506,03,15302594411530259441Dresden_article_67,Dresden,2017-10-28,anti-pegida,demonstration,Herz statt Hetze;Stadt Dresden;Land Sachsen;SPD,3000,NA,1,NA,NA,NA
2507,03,15302593271530259327Dresden_article_62,Dresden,2017-10-28,pro-pegida,demonstration,Pegida;AfD,NA,NA,NA,NA,NA,NA
2508,03,15302593031530259303Dresden_article_61,Dresden,2017-10-28,pro-pegida,demonstration,Pegida;AfD,3000,NA,NA,1,wheather;technical problems,NA
2509,03,15302593031530259303Dresden_article_61,Dresden,2017-10-28,anti-pegida,demonstration,Stadt Dresden;FDP;Land Sachsen;SPD;Die Linke;students' council;Herz statt Hetze;anti-racism groups;artists,3000,NA,NA,NA,NA,NA
2510,03,15302592821530259282Dresden_article_60,Dresden,2017-10-28,pro-pegida,demonstration,Pegida,3000,NA,NA,1,wheather;technical problems,NA
2511,03,15302592821530259282Dresden_article_60,Dresden,2017-10-28,anti-pegida,demonstration,NA,3000,NA,NA,NA,NA,NA
2512,03,15302588231530258823Dresden_article_40,Dresden,2017-11-13,pro-pegida,demonstration,Pegida,1500,NA,NA,NA,NA,NA
2513,03,15302588231530258823Dresden_article_40,Dresden,2017-11-13,anti-pegida,demonstration,Nationalismus raus aus den Köpfen,24,NA,NA,NA,NA,NA
