"","event_date","event_type","country"
"1",2020-01-01,"Protests","Germany"
"2",2020-01-01,"Strategic developments","Germany"
"3",2020-01-01,"Protests","Germany"
"4",2020-01-01,"Strategic developments","Germany"
"5",2020-01-02,"Protests","Germany"
"6",2020-01-02,"Protests","Germany"
"7",2020-01-03,"Strategic developments","Germany"
"8",2020-01-03,"Protests","Germany"
"9",2020-01-03,"Protests","Germany"
"10",2020-01-03,"Protests","Germany"
"11",2020-01-03,"Protests","Germany"
"12",2020-01-03,"Protests","Germany"
"13",2020-01-04,"Protests","Germany"
"14",2020-01-04,"Protests","Germany"
"15",2020-01-04,"Explosions/Remote violence","Germany"
"16",2020-01-04,"Protests","Germany"
"17",2020-01-04,"Protests","Germany"
"18",2020-01-04,"Protests","Germany"
"19",2020-01-04,"Protests","Germany"
"20",2020-01-04,"Protests","Germany"
"21",2020-01-04,"Protests","Germany"
"22",2020-01-04,"Protests","Germany"
"23",2020-01-04,"Protests","Germany"
"24",2020-01-04,"Protests","Germany"
"25",2020-01-04,"Protests","Germany"
"26",2020-01-04,"Protests","Germany"
"27",2020-01-04,"Protests","Germany"
"28",2020-01-04,"Protests","Germany"
"29",2020-01-04,"Protests","Germany"
"30",2020-01-04,"Protests","Germany"
"31",2020-01-04,"Riots","Germany"
"32",2020-01-05,"Protests","Germany"
"33",2020-01-05,"Protests","Germany"
"34",2020-01-05,"Battles","Germany"
"35",2020-01-05,"Protests","Germany"
"36",2020-01-05,"Protests","Germany"
"37",2020-01-06,"Protests","Germany"
"38",2020-01-06,"Protests","Germany"
"39",2020-01-06,"Protests","Germany"
"40",2020-01-06,"Protests","Germany"
"41",2020-01-06,"Protests","Germany"
"42",2020-01-06,"Protests","Germany"
"43",2020-01-07,"Protests","Germany"
"44",2020-01-07,"Protests","Germany"
"45",2020-01-07,"Protests","Germany"
"46",2020-01-07,"Protests","Germany"
"47",2020-01-08,"Protests","Germany"
"48",2020-01-08,"Protests","Germany"
"49",2020-01-08,"Protests","Germany"
"50",2020-01-08,"Protests","Germany"
"51",2020-01-08,"Protests","Germany"
"52",2020-01-08,"Protests","Germany"
"53",2020-01-08,"Protests","Germany"
"54",2020-01-08,"Protests","Germany"
"55",2020-01-08,"Protests","Germany"
"56",2020-01-09,"Protests","Germany"
"57",2020-01-09,"Protests","Germany"
"58",2020-01-09,"Protests","Germany"
"59",2020-01-09,"Protests","Germany"
"60",2020-01-09,"Protests","Germany"
"61",2020-01-10,"Protests","Germany"
"62",2020-01-10,"Protests","Germany"
"63",2020-01-10,"Protests","Germany"
"64",2020-01-10,"Protests","Germany"
"65",2020-01-10,"Protests","Germany"
"66",2020-01-10,"Protests","Germany"
"67",2020-01-10,"Protests","Germany"
"68",2020-01-10,"Protests","Germany"
"69",2020-01-10,"Protests","Germany"
"70",2020-01-10,"Protests","Germany"
"71",2020-01-10,"Protests","Germany"
"72",2020-01-10,"Protests","Germany"
"73",2020-01-10,"Protests","Germany"
"74",2020-01-10,"Protests","Germany"
"75",2020-01-10,"Protests","Germany"
"76",2020-01-10,"Protests","Germany"
"77",2020-01-10,"Protests","Germany"
"78",2020-01-10,"Protests","Germany"
"79",2020-01-10,"Protests","Germany"
"80",2020-01-10,"Protests","Germany"
"81",2020-01-10,"Protests","Germany"
"82",2020-01-10,"Protests","Germany"
"83",2020-01-10,"Protests","Germany"
"84",2020-01-10,"Protests","Germany"
"85",2020-01-10,"Protests","Germany"
"86",2020-01-10,"Protests","Germany"
"87",2020-01-10,"Protests","Germany"
"88",2020-01-10,"Protests","Germany"
"89",2020-01-11,"Protests","Germany"
"90",2020-01-11,"Protests","Germany"
"91",2020-01-11,"Protests","Germany"
"92",2020-01-11,"Protests","Germany"
"93",2020-01-11,"Strategic developments","Germany"
"94",2020-01-11,"Protests","Germany"
"95",2020-01-11,"Protests","Germany"
"96",2020-01-11,"Riots","Germany"
"97",2020-01-11,"Strategic developments","Germany"
"98",2020-01-11,"Protests","Germany"
"99",2020-01-11,"Protests","Germany"
"100",2020-01-11,"Protests","Germany"
"101",2020-01-11,"Protests","Germany"
"102",2020-01-11,"Protests","Germany"
"103",2020-01-11,"Protests","Germany"
"104",2020-01-11,"Protests","Germany"
"105",2020-01-11,"Protests","Germany"
"106",2020-01-11,"Protests","Germany"
"107",2020-01-12,"Protests","Germany"
"108",2020-01-12,"Protests","Germany"
"109",2020-01-12,"Protests","Germany"
"110",2020-01-12,"Protests","Germany"
"111",2020-01-13,"Protests","Germany"
"112",2020-01-13,"Protests","Germany"
"113",2020-01-13,"Protests","Germany"
"114",2020-01-13,"Protests","Germany"
"115",2020-01-13,"Protests","Germany"
"116",2020-01-13,"Protests","Germany"
"117",2020-01-13,"Protests","Germany"
"118",2020-01-13,"Protests","Germany"
"119",2020-01-13,"Protests","Germany"
"120",2020-01-13,"Protests","Germany"
"121",2020-01-13,"Protests","Germany"
"122",2020-01-13,"Protests","Germany"
"123",2020-01-13,"Protests","Germany"
"124",2020-01-13,"Protests","Germany"
"125",2020-01-13,"Protests","Germany"
"126",2020-01-13,"Protests","Germany"
"127",2020-01-13,"Protests","Germany"
"128",2020-01-13,"Protests","Germany"
"129",2020-01-13,"Protests","Germany"
"130",2020-01-13,"Protests","Germany"
"131",2020-01-14,"Protests","Germany"
"132",2020-01-14,"Strategic developments","Germany"
"133",2020-01-14,"Protests","Germany"
"134",2020-01-14,"Protests","Germany"
"135",2020-01-14,"Protests","Germany"
"136",2020-01-14,"Protests","Germany"
"137",2020-01-14,"Protests","Germany"
"138",2020-01-14,"Protests","Germany"
"139",2020-01-14,"Protests","Germany"
"140",2020-01-14,"Riots","Germany"
"141",2020-01-14,"Strategic developments","Germany"
"142",2020-01-15,"Protests","Germany"
"143",2020-01-15,"Protests","Germany"
"144",2020-01-15,"Protests","Germany"
"145",2020-01-15,"Protests","Germany"
"146",2020-01-15,"Protests","Germany"
"147",2020-01-15,"Protests","Germany"
"148",2020-01-15,"Violence against civilians","Germany"
"149",2020-01-16,"Protests","Germany"
"150",2020-01-16,"Protests","Germany"
"151",2020-01-16,"Protests","Germany"
"152",2020-01-16,"Protests","Germany"
"153",2020-01-16,"Protests","Germany"
"154",2020-01-16,"Protests","Germany"
"155",2020-01-16,"Protests","Germany"
"156",2020-01-16,"Protests","Germany"
"157",2020-01-16,"Protests","Germany"
"158",2020-01-16,"Riots","Germany"
"159",2020-01-16,"Protests","Germany"
"160",2020-01-16,"Protests","Germany"
"161",2020-01-17,"Protests","Germany"
"162",2020-01-17,"Protests","Germany"
"163",2020-01-17,"Protests","Germany"
"164",2020-01-17,"Protests","Germany"
"165",2020-01-17,"Protests","Germany"
"166",2020-01-17,"Protests","Germany"
"167",2020-01-17,"Protests","Germany"
"168",2020-01-17,"Protests","Germany"
"169",2020-01-17,"Protests","Germany"
"170",2020-01-17,"Protests","Germany"
"171",2020-01-17,"Protests","Germany"
"172",2020-01-17,"Protests","Germany"
"173",2020-01-17,"Protests","Germany"
"174",2020-01-17,"Protests","Germany"
"175",2020-01-17,"Protests","Germany"
"176",2020-01-17,"Protests","Germany"
"177",2020-01-17,"Protests","Germany"
"178",2020-01-17,"Protests","Germany"
"179",2020-01-17,"Protests","Germany"
"180",2020-01-17,"Protests","Germany"
"181",2020-01-17,"Protests","Germany"
"182",2020-01-17,"Protests","Germany"
"183",2020-01-17,"Riots","Germany"
"184",2020-01-17,"Protests","Germany"
"185",2020-01-17,"Protests","Germany"
"186",2020-01-17,"Protests","Germany"
"187",2020-01-17,"Protests","Germany"
"188",2020-01-17,"Protests","Germany"
"189",2020-01-17,"Protests","Germany"
"190",2020-01-17,"Protests","Germany"
"191",2020-01-17,"Protests","Germany"
"192",2020-01-17,"Protests","Germany"
"193",2020-01-17,"Protests","Germany"
"194",2020-01-17,"Explosions/Remote violence","Germany"
"195",2020-01-18,"Protests","Germany"
"196",2020-01-18,"Protests","Germany"
"197",2020-01-18,"Protests","Germany"
"198",2020-01-18,"Protests","Germany"
"199",2020-01-18,"Protests","Germany"
"200",2020-01-18,"Protests","Germany"
"201",2020-01-18,"Protests","Germany"
"202",2020-01-18,"Protests","Germany"
"203",2020-01-18,"Protests","Germany"
"204",2020-01-18,"Protests","Germany"
"205",2020-01-18,"Protests","Germany"
"206",2020-01-18,"Protests","Germany"
"207",2020-01-18,"Protests","Germany"
"208",2020-01-18,"Protests","Germany"
"209",2020-01-18,"Protests","Germany"
"210",2020-01-18,"Protests","Germany"
"211",2020-01-18,"Riots","Germany"
"212",2020-01-18,"Protests","Germany"
"213",2020-01-18,"Protests","Germany"
"214",2020-01-18,"Protests","Germany"
"215",2020-01-18,"Protests","Germany"
"216",2020-01-18,"Protests","Germany"
"217",2020-01-18,"Protests","Germany"
"218",2020-01-19,"Protests","Germany"
"219",2020-01-19,"Protests","Germany"
"220",2020-01-19,"Protests","Germany"
"221",2020-01-19,"Protests","Germany"
"222",2020-01-19,"Protests","Germany"
"223",2020-01-19,"Protests","Germany"
"224",2020-01-19,"Protests","Germany"
"225",2020-01-19,"Strategic developments","Germany"
"226",2020-01-19,"Riots","Germany"
"227",2020-01-19,"Protests","Germany"
"228",2020-01-20,"Protests","Germany"
"229",2020-01-20,"Protests","Germany"
"230",2020-01-20,"Protests","Germany"
"231",2020-01-20,"Protests","Germany"
"232",2020-01-20,"Protests","Germany"
"233",2020-01-20,"Protests","Germany"
"234",2020-01-20,"Protests","Germany"
"235",2020-01-20,"Riots","Germany"
"236",2020-01-20,"Strategic developments","Germany"
"237",2020-01-20,"Riots","Germany"
"238",2020-01-20,"Protests","Germany"
"239",2020-01-20,"Strategic developments","Germany"
"240",2020-01-21,"Protests","Germany"
"241",2020-01-21,"Protests","Germany"
"242",2020-01-21,"Protests","Germany"
"243",2020-01-21,"Protests","Germany"
"244",2020-01-21,"Protests","Germany"
"245",2020-01-22,"Protests","Germany"
"246",2020-01-22,"Protests","Germany"
"247",2020-01-22,"Protests","Germany"
"248",2020-01-22,"Protests","Germany"
"249",2020-01-22,"Protests","Germany"
"250",2020-01-22,"Protests","Germany"
"251",2020-01-23,"Protests","Germany"
"252",2020-01-23,"Protests","Germany"
"253",2020-01-23,"Protests","Germany"
"254",2020-01-23,"Protests","Germany"
"255",2020-01-23,"Protests","Germany"
"256",2020-01-23,"Protests","Germany"
"257",2020-01-23,"Strategic developments","Germany"
"258",2020-01-23,"Protests","Germany"
"259",2020-01-23,"Protests","Germany"
"260",2020-01-23,"Protests","Germany"
"261",2020-01-24,"Protests","Germany"
"262",2020-01-24,"Protests","Germany"
"263",2020-01-24,"Protests","Germany"
"264",2020-01-24,"Protests","Germany"
"265",2020-01-24,"Protests","Germany"
"266",2020-01-24,"Protests","Germany"
"267",2020-01-24,"Protests","Germany"
"268",2020-01-24,"Protests","Germany"
"269",2020-01-24,"Protests","Germany"
"270",2020-01-24,"Protests","Germany"
"271",2020-01-24,"Protests","Germany"
"272",2020-01-24,"Protests","Germany"
"273",2020-01-24,"Protests","Germany"
"274",2020-01-24,"Protests","Germany"
"275",2020-01-24,"Protests","Germany"
"276",2020-01-24,"Protests","Germany"
"277",2020-01-24,"Protests","Germany"
"278",2020-01-24,"Protests","Germany"
"279",2020-01-24,"Protests","Germany"
"280",2020-01-24,"Protests","Germany"
"281",2020-01-24,"Protests","Germany"
"282",2020-01-24,"Protests","Germany"
"283",2020-01-24,"Protests","Germany"
"284",2020-01-24,"Protests","Germany"
"285",2020-01-24,"Protests","Germany"
"286",2020-01-24,"Protests","Germany"
"287",2020-01-24,"Protests","Germany"
"288",2020-01-24,"Protests","Germany"
"289",2020-01-24,"Protests","Germany"
"290",2020-01-24,"Protests","Germany"
"291",2020-01-24,"Protests","Germany"
"292",2020-01-24,"Protests","Germany"
"293",2020-01-24,"Protests","Germany"
"294",2020-01-24,"Protests","Germany"
"295",2020-01-24,"Protests","Germany"
"296",2020-01-24,"Protests","Germany"
"297",2020-01-24,"Protests","Germany"
"298",2020-01-24,"Protests","Germany"
"299",2020-01-24,"Protests","Germany"
"300",2020-01-24,"Protests","Germany"
"301",2020-01-24,"Protests","Germany"
"302",2020-01-24,"Protests","Germany"
"303",2020-01-25,"Protests","Germany"
"304",2020-01-25,"Protests","Germany"
"305",2020-01-25,"Protests","Germany"
"306",2020-01-25,"Protests","Germany"
"307",2020-01-25,"Protests","Germany"
"308",2020-01-25,"Protests","Germany"
"309",2020-01-25,"Strategic developments","Germany"
"310",2020-01-25,"Protests","Germany"
"311",2020-01-25,"Protests","Germany"
"312",2020-01-25,"Protests","Germany"
"313",2020-01-25,"Protests","Germany"
"314",2020-01-25,"Protests","Germany"
"315",2020-01-25,"Protests","Germany"
"316",2020-01-25,"Protests","Germany"
"317",2020-01-25,"Strategic developments","Germany"
"318",2020-01-25,"Riots","Germany"
"319",2020-01-25,"Riots","Germany"
"320",2020-01-26,"Protests","Germany"
"321",2020-01-26,"Protests","Germany"
"322",2020-01-26,"Protests","Germany"
"323",2020-01-26,"Strategic developments","Germany"
"324",2020-01-26,"Protests","Germany"
"325",2020-01-27,"Protests","Germany"
"326",2020-01-27,"Protests","Germany"
"327",2020-01-27,"Protests","Germany"
"328",2020-01-27,"Protests","Germany"
"329",2020-01-27,"Protests","Germany"
"330",2020-01-27,"Protests","Germany"
"331",2020-01-27,"Protests","Germany"
"332",2020-01-27,"Protests","Germany"
"333",2020-01-27,"Protests","Germany"
"334",2020-01-27,"Protests","Germany"
"335",2020-01-28,"Protests","Germany"
"336",2020-01-28,"Protests","Germany"
"337",2020-01-28,"Protests","Germany"
"338",2020-01-28,"Protests","Germany"
"339",2020-01-28,"Protests","Germany"
"340",2020-01-28,"Protests","Germany"
"341",2020-01-28,"Strategic developments","Germany"
"342",2020-01-28,"Strategic developments","Germany"
"343",2020-01-28,"Protests","Germany"
"344",2020-01-29,"Protests","Germany"
"345",2020-01-29,"Protests","Germany"
"346",2020-01-29,"Protests","Germany"
"347",2020-01-29,"Protests","Germany"
"348",2020-01-29,"Protests","Germany"
"349",2020-01-29,"Protests","Germany"
"350",2020-01-29,"Protests","Germany"
"351",2020-01-29,"Protests","Germany"
"352",2020-01-29,"Protests","Germany"
"353",2020-01-29,"Protests","Germany"
"354",2020-01-29,"Protests","Germany"
"355",2020-01-29,"Protests","Germany"
"356",2020-01-29,"Protests","Germany"
"357",2020-01-30,"Protests","Germany"
"358",2020-01-30,"Protests","Germany"
"359",2020-01-30,"Protests","Germany"
"360",2020-01-30,"Protests","Germany"
"361",2020-01-30,"Protests","Germany"
"362",2020-01-30,"Protests","Germany"
"363",2020-01-30,"Protests","Germany"
"364",2020-01-30,"Protests","Germany"
"365",2020-01-30,"Protests","Germany"
"366",2020-01-30,"Protests","Germany"
"367",2020-01-30,"Protests","Germany"
"368",2020-01-30,"Protests","Germany"
"369",2020-01-30,"Protests","Germany"
"370",2020-01-30,"Protests","Germany"
"371",2020-01-30,"Protests","Germany"
"372",2020-01-30,"Protests","Germany"
"373",2020-01-30,"Protests","Germany"
"374",2020-01-30,"Protests","Germany"
"375",2020-01-30,"Protests","Germany"
"376",2020-01-30,"Protests","Germany"
"377",2020-01-30,"Strategic developments","Germany"
"378",2020-01-30,"Strategic developments","Germany"
"379",2020-01-30,"Protests","Germany"
"380",2020-01-30,"Protests","Germany"
"381",2020-01-30,"Protests","Germany"
"382",2020-01-30,"Protests","Germany"
"383",2020-01-31,"Riots","Germany"
"384",2020-01-31,"Protests","Germany"
"385",2020-01-31,"Protests","Germany"
"386",2020-01-31,"Protests","Germany"
"387",2020-01-31,"Protests","Germany"
"388",2020-01-31,"Protests","Germany"
"389",2020-01-31,"Protests","Germany"
"390",2020-01-31,"Protests","Germany"
"391",2020-01-31,"Strategic developments","Germany"
"392",2020-01-31,"Protests","Germany"
"393",2020-01-31,"Protests","Germany"
"394",2020-01-31,"Strategic developments","Germany"
"395",2020-01-31,"Riots","Germany"
"396",2020-01-31,"Riots","Germany"
"397",2020-01-31,"Protests","Germany"
"398",2020-01-31,"Protests","Germany"
"399",2020-01-31,"Protests","Germany"
"400",2020-01-31,"Protests","Germany"
"401",2020-01-31,"Protests","Germany"
"402",2020-01-31,"Protests","Germany"
"403",2020-01-31,"Protests","Germany"
"404",2020-01-31,"Protests","Germany"
"405",2020-02-01,"Protests","Germany"
"406",2020-02-01,"Protests","Germany"
"407",2020-02-01,"Protests","Germany"
"408",2020-02-01,"Protests","Germany"
"409",2020-02-01,"Protests","Germany"
"410",2020-02-01,"Protests","Germany"
"411",2020-02-01,"Protests","Germany"
"412",2020-02-01,"Protests","Germany"
"413",2020-02-01,"Protests","Germany"
"414",2020-02-01,"Protests","Germany"
"415",2020-02-01,"Strategic developments","Germany"
"416",2020-02-01,"Protests","Germany"
"417",2020-02-01,"Protests","Germany"
"418",2020-02-01,"Protests","Germany"
"419",2020-02-01,"Protests","Germany"
"420",2020-02-01,"Protests","Germany"
"421",2020-02-01,"Protests","Germany"
"422",2020-02-01,"Protests","Germany"
"423",2020-02-01,"Riots","Germany"
"424",2020-02-01,"Protests","Germany"
"425",2020-02-01,"Riots","Germany"
"426",2020-02-01,"Protests","Germany"
"427",2020-02-01,"Protests","Germany"
"428",2020-02-02,"Protests","Germany"
"429",2020-02-02,"Protests","Germany"
"430",2020-02-02,"Protests","Germany"
"431",2020-02-02,"Protests","Germany"
"432",2020-02-02,"Strategic developments","Germany"
"433",2020-02-02,"Protests","Germany"
"434",2020-02-02,"Protests","Germany"
"435",2020-02-02,"Protests","Germany"
"436",2020-02-02,"Protests","Germany"
"437",2020-02-02,"Protests","Germany"
"438",2020-02-02,"Protests","Germany"
"439",2020-02-02,"Protests","Germany"
"440",2020-02-02,"Protests","Germany"
"441",2020-02-02,"Protests","Germany"
"442",2020-02-03,"Protests","Germany"
"443",2020-02-03,"Protests","Germany"
"444",2020-02-03,"Protests","Germany"
"445",2020-02-03,"Protests","Germany"
"446",2020-02-03,"Protests","Germany"
"447",2020-02-03,"Protests","Germany"
"448",2020-02-03,"Protests","Germany"
"449",2020-02-03,"Protests","Germany"
"450",2020-02-03,"Protests","Germany"
"451",2020-02-03,"Protests","Germany"
"452",2020-02-03,"Protests","Germany"
"453",2020-02-03,"Protests","Germany"
"454",2020-02-03,"Protests","Germany"
"455",2020-02-03,"Protests","Germany"
"456",2020-02-03,"Protests","Germany"
"457",2020-02-03,"Protests","Germany"
"458",2020-02-03,"Protests","Germany"
"459",2020-02-03,"Protests","Germany"
"460",2020-02-04,"Protests","Germany"
"461",2020-02-04,"Protests","Germany"
"462",2020-02-04,"Protests","Germany"
"463",2020-02-04,"Protests","Germany"
"464",2020-02-04,"Protests","Germany"
"465",2020-02-04,"Riots","Germany"
"466",2020-02-04,"Protests","Germany"
"467",2020-02-04,"Protests","Germany"
"468",2020-02-04,"Protests","Germany"
"469",2020-02-04,"Protests","Germany"
"470",2020-02-04,"Protests","Germany"
"471",2020-02-04,"Strategic developments","Germany"
"472",2020-02-04,"Strategic developments","Germany"
"473",2020-02-04,"Protests","Germany"
"474",2020-02-04,"Protests","Germany"
"475",2020-02-05,"Protests","Germany"
"476",2020-02-05,"Protests","Germany"
"477",2020-02-05,"Protests","Germany"
"478",2020-02-05,"Protests","Germany"
"479",2020-02-05,"Protests","Germany"
"480",2020-02-05,"Riots","Germany"
"481",2020-02-05,"Protests","Germany"
"482",2020-02-05,"Protests","Germany"
"483",2020-02-05,"Protests","Germany"
"484",2020-02-05,"Protests","Germany"
"485",2020-02-05,"Protests","Germany"
"486",2020-02-05,"Protests","Germany"
"487",2020-02-05,"Protests","Germany"
"488",2020-02-05,"Protests","Germany"
"489",2020-02-05,"Protests","Germany"
"490",2020-02-05,"Protests","Germany"
"491",2020-02-05,"Protests","Germany"
"492",2020-02-05,"Protests","Germany"
"493",2020-02-05,"Protests","Germany"
"494",2020-02-05,"Protests","Germany"
"495",2020-02-05,"Protests","Germany"
"496",2020-02-05,"Protests","Germany"
"497",2020-02-05,"Protests","Germany"
"498",2020-02-05,"Protests","Germany"
"499",2020-02-05,"Protests","Germany"
"500",2020-02-05,"Protests","Germany"
"501",2020-02-05,"Protests","Germany"
"502",2020-02-05,"Protests","Germany"
"503",2020-02-05,"Protests","Germany"
"504",2020-02-05,"Protests","Germany"
"505",2020-02-05,"Protests","Germany"
"506",2020-02-05,"Protests","Germany"
"507",2020-02-05,"Protests","Germany"
"508",2020-02-05,"Protests","Germany"
"509",2020-02-05,"Protests","Germany"
"510",2020-02-05,"Protests","Germany"
"511",2020-02-05,"Riots","Germany"
"512",2020-02-05,"Protests","Germany"
"513",2020-02-05,"Protests","Germany"
"514",2020-02-05,"Protests","Germany"
"515",2020-02-05,"Protests","Germany"
"516",2020-02-05,"Protests","Germany"
"517",2020-02-05,"Protests","Germany"
"518",2020-02-05,"Protests","Germany"
"519",2020-02-05,"Protests","Germany"
"520",2020-02-06,"Protests","Germany"
"521",2020-02-06,"Protests","Germany"
"522",2020-02-06,"Protests","Germany"
"523",2020-02-06,"Protests","Germany"
"524",2020-02-06,"Protests","Germany"
"525",2020-02-06,"Protests","Germany"
"526",2020-02-06,"Protests","Germany"
"527",2020-02-06,"Protests","Germany"
"528",2020-02-06,"Strategic developments","Germany"
"529",2020-02-06,"Strategic developments","Germany"
"530",2020-02-06,"Protests","Germany"
"531",2020-02-06,"Protests","Germany"
"532",2020-02-06,"Protests","Germany"
"533",2020-02-07,"Protests","Germany"
"534",2020-02-07,"Protests","Germany"
"535",2020-02-07,"Protests","Germany"
"536",2020-02-07,"Protests","Germany"
"537",2020-02-07,"Protests","Germany"
"538",2020-02-07,"Protests","Germany"
"539",2020-02-07,"Protests","Germany"
"540",2020-02-07,"Protests","Germany"
"541",2020-02-07,"Protests","Germany"
"542",2020-02-07,"Protests","Germany"
"543",2020-02-07,"Protests","Germany"
"544",2020-02-07,"Protests","Germany"
"545",2020-02-07,"Protests","Germany"
"546",2020-02-07,"Protests","Germany"
"547",2020-02-07,"Protests","Germany"
"548",2020-02-07,"Protests","Germany"
"549",2020-02-07,"Protests","Germany"
"550",2020-02-07,"Protests","Germany"
"551",2020-02-07,"Protests","Germany"
"552",2020-02-07,"Protests","Germany"
"553",2020-02-07,"Protests","Germany"
"554",2020-02-07,"Protests","Germany"
"555",2020-02-07,"Protests","Germany"
"556",2020-02-07,"Protests","Germany"
"557",2020-02-07,"Protests","Germany"
"558",2020-02-07,"Protests","Germany"
"559",2020-02-08,"Protests","Germany"
"560",2020-02-08,"Protests","Germany"
"561",2020-02-08,"Protests","Germany"
"562",2020-02-08,"Protests","Germany"
"563",2020-02-08,"Protests","Germany"
"564",2020-02-08,"Protests","Germany"
"565",2020-02-08,"Protests","Germany"
"566",2020-02-08,"Protests","Germany"
"567",2020-02-08,"Protests","Germany"
"568",2020-02-08,"Riots","Germany"
"569",2020-02-08,"Protests","Germany"
"570",2020-02-08,"Protests","Germany"
"571",2020-02-08,"Protests","Germany"
"572",2020-02-08,"Protests","Germany"
"573",2020-02-08,"Protests","Germany"
"574",2020-02-08,"Protests","Germany"
"575",2020-02-08,"Protests","Germany"
"576",2020-02-08,"Protests","Germany"
"577",2020-02-08,"Protests","Germany"
"578",2020-02-08,"Protests","Germany"
"579",2020-02-08,"Protests","Germany"
"580",2020-02-09,"Strategic developments","Germany"
"581",2020-02-09,"Protests","Germany"
"582",2020-02-09,"Protests","Germany"
"583",2020-02-09,"Protests","Germany"
"584",2020-02-10,"Protests","Germany"
"585",2020-02-10,"Protests","Germany"
"586",2020-02-10,"Protests","Germany"
"587",2020-02-10,"Protests","Germany"
"588",2020-02-10,"Protests","Germany"
"589",2020-02-10,"Protests","Germany"
"590",2020-02-10,"Protests","Germany"
"591",2020-02-10,"Protests","Germany"
"592",2020-02-11,"Protests","Germany"
"593",2020-02-11,"Protests","Germany"
"594",2020-02-11,"Protests","Germany"
"595",2020-02-11,"Protests","Germany"
"596",2020-02-11,"Protests","Germany"
"597",2020-02-11,"Protests","Germany"
"598",2020-02-11,"Protests","Germany"
"599",2020-02-11,"Protests","Germany"
"600",2020-02-12,"Protests","Germany"
"601",2020-02-12,"Protests","Germany"
"602",2020-02-12,"Protests","Germany"
"603",2020-02-12,"Protests","Germany"
"604",2020-02-12,"Protests","Germany"
"605",2020-02-12,"Protests","Germany"
"606",2020-02-12,"Violence against civilians","Germany"
"607",2020-02-12,"Strategic developments","Germany"
"608",2020-02-12,"Protests","Germany"
"609",2020-02-12,"Violence against civilians","Germany"
"610",2020-02-13,"Protests","Germany"
"611",2020-02-13,"Protests","Germany"
"612",2020-02-13,"Protests","Germany"
"613",2020-02-13,"Protests","Germany"
"614",2020-02-13,"Protests","Germany"
"615",2020-02-13,"Explosions/Remote violence","Germany"
"616",2020-02-13,"Protests","Germany"
"617",2020-02-13,"Strategic developments","Germany"
"618",2020-02-13,"Strategic developments","Germany"
"619",2020-02-13,"Strategic developments","Germany"
"620",2020-02-13,"Strategic developments","Germany"
"621",2020-02-13,"Protests","Germany"
"622",2020-02-13,"Protests","Germany"
"623",2020-02-13,"Protests","Germany"
"624",2020-02-13,"Protests","Germany"
"625",2020-02-13,"Protests","Germany"
"626",2020-02-13,"Protests","Germany"
"627",2020-02-14,"Protests","Germany"
"628",2020-02-14,"Protests","Germany"
"629",2020-02-14,"Protests","Germany"
"630",2020-02-14,"Protests","Germany"
"631",2020-02-14,"Protests","Germany"
"632",2020-02-14,"Protests","Germany"
"633",2020-02-14,"Protests","Germany"
"634",2020-02-14,"Protests","Germany"
"635",2020-02-14,"Protests","Germany"
"636",2020-02-14,"Protests","Germany"
"637",2020-02-14,"Protests","Germany"
"638",2020-02-14,"Protests","Germany"
"639",2020-02-14,"Protests","Germany"
"640",2020-02-14,"Protests","Germany"
"641",2020-02-14,"Protests","Germany"
"642",2020-02-14,"Protests","Germany"
"643",2020-02-14,"Protests","Germany"
"644",2020-02-14,"Protests","Germany"
"645",2020-02-14,"Protests","Germany"
"646",2020-02-14,"Protests","Germany"
"647",2020-02-14,"Protests","Germany"
"648",2020-02-14,"Protests","Germany"
"649",2020-02-14,"Protests","Germany"
"650",2020-02-14,"Protests","Germany"
"651",2020-02-14,"Protests","Germany"
"652",2020-02-14,"Protests","Germany"
"653",2020-02-14,"Protests","Germany"
"654",2020-02-14,"Protests","Germany"
"655",2020-02-14,"Protests","Germany"
"656",2020-02-14,"Protests","Germany"
"657",2020-02-14,"Protests","Germany"
"658",2020-02-14,"Protests","Germany"
"659",2020-02-14,"Protests","Germany"
"660",2020-02-14,"Protests","Germany"
"661",2020-02-14,"Protests","Germany"
"662",2020-02-14,"Protests","Germany"
"663",2020-02-14,"Protests","Germany"
"664",2020-02-14,"Protests","Germany"
"665",2020-02-14,"Protests","Germany"
"666",2020-02-14,"Protests","Germany"
"667",2020-02-14,"Strategic developments","Germany"
"668",2020-02-14,"Violence against civilians","Germany"
"669",2020-02-14,"Strategic developments","Germany"
"670",2020-02-14,"Protests","Germany"
"671",2020-02-14,"Protests","Germany"
"672",2020-02-14,"Protests","Germany"
"673",2020-02-14,"Strategic developments","Germany"
"674",2020-02-14,"Protests","Germany"
"675",2020-02-14,"Protests","Germany"
"676",2020-02-14,"Protests","Germany"
"677",2020-02-14,"Protests","Germany"
"678",2020-02-14,"Protests","Germany"
"679",2020-02-14,"Protests","Germany"
"680",2020-02-14,"Protests","Germany"
"681",2020-02-14,"Protests","Germany"
"682",2020-02-14,"Protests","Germany"
"683",2020-02-14,"Protests","Germany"
"684",2020-02-14,"Protests","Germany"
"685",2020-02-15,"Protests","Germany"
"686",2020-02-15,"Protests","Germany"
"687",2020-02-15,"Protests","Germany"
"688",2020-02-15,"Protests","Germany"
"689",2020-02-15,"Protests","Germany"
"690",2020-02-15,"Protests","Germany"
"691",2020-02-15,"Protests","Germany"
"692",2020-02-15,"Protests","Germany"
"693",2020-02-15,"Protests","Germany"
"694",2020-02-15,"Protests","Germany"
"695",2020-02-15,"Riots","Germany"
"696",2020-02-15,"Protests","Germany"
"697",2020-02-15,"Protests","Germany"
"698",2020-02-15,"Riots","Germany"
"699",2020-02-15,"Protests","Germany"
"700",2020-02-15,"Protests","Germany"
"701",2020-02-15,"Protests","Germany"
"702",2020-02-15,"Riots","Germany"
"703",2020-02-16,"Protests","Germany"
"704",2020-02-16,"Strategic developments","Germany"
"705",2020-02-16,"Protests","Germany"
"706",2020-02-16,"Protests","Germany"
"707",2020-02-16,"Riots","Germany"
"708",2020-02-16,"Strategic developments","Germany"
"709",2020-02-17,"Protests","Germany"
"710",2020-02-17,"Violence against civilians","Germany"
"711",2020-02-17,"Protests","Germany"
"712",2020-02-17,"Protests","Germany"
"713",2020-02-17,"Protests","Germany"
"714",2020-02-17,"Protests","Germany"
"715",2020-02-17,"Riots","Germany"
"716",2020-02-17,"Protests","Germany"
"717",2020-02-17,"Protests","Germany"
"718",2020-02-17,"Strategic developments","Germany"
"719",2020-02-17,"Protests","Germany"
"720",2020-02-17,"Protests","Germany"
"721",2020-02-17,"Protests","Germany"
"722",2020-02-17,"Protests","Germany"
"723",2020-02-18,"Protests","Germany"
"724",2020-02-18,"Protests","Germany"
"725",2020-02-18,"Protests","Germany"
"726",2020-02-18,"Protests","Germany"
"727",2020-02-18,"Protests","Germany"
"728",2020-02-18,"Protests","Germany"
"729",2020-02-18,"Protests","Germany"
"730",2020-02-19,"Strategic developments","Germany"
"731",2020-02-19,"Strategic developments","Germany"
"732",2020-02-19,"Protests","Germany"
"733",2020-02-19,"Protests","Germany"
"734",2020-02-19,"Protests","Germany"
"735",2020-02-19,"Protests","Germany"
"736",2020-02-19,"Protests","Germany"
"737",2020-02-19,"Protests","Germany"
"738",2020-02-19,"Protests","Germany"
"739",2020-02-19,"Protests","Germany"
"740",2020-02-19,"Protests","Germany"
"741",2020-02-19,"Violence against civilians","Germany"
"742",2020-02-19,"Protests","Germany"
"743",2020-02-19,"Protests","Germany"
"744",2020-02-20,"Protests","Germany"
"745",2020-02-20,"Strategic developments","Germany"
"746",2020-02-20,"Protests","Germany"
"747",2020-02-20,"Protests","Germany"
"748",2020-02-20,"Protests","Germany"
"749",2020-02-20,"Protests","Germany"
"750",2020-02-20,"Strategic developments","Germany"
"751",2020-02-20,"Protests","Germany"
"752",2020-02-20,"Protests","Germany"
"753",2020-02-20,"Protests","Germany"
"754",2020-02-20,"Protests","Germany"
"755",2020-02-20,"Protests","Germany"
"756",2020-02-20,"Protests","Germany"
"757",2020-02-20,"Protests","Germany"
"758",2020-02-20,"Protests","Germany"
"759",2020-02-20,"Protests","Germany"
"760",2020-02-20,"Protests","Germany"
"761",2020-02-20,"Protests","Germany"
"762",2020-02-20,"Protests","Germany"
"763",2020-02-20,"Protests","Germany"
"764",2020-02-20,"Protests","Germany"
"765",2020-02-20,"Protests","Germany"
"766",2020-02-20,"Protests","Germany"
"767",2020-02-20,"Protests","Germany"
"768",2020-02-20,"Protests","Germany"
"769",2020-02-20,"Protests","Germany"
"770",2020-02-20,"Protests","Germany"
"771",2020-02-20,"Protests","Germany"
"772",2020-02-20,"Protests","Germany"
"773",2020-02-20,"Protests","Germany"
"774",2020-02-20,"Protests","Germany"
"775",2020-02-20,"Protests","Germany"
"776",2020-02-20,"Protests","Germany"
"777",2020-02-20,"Protests","Germany"
"778",2020-02-20,"Protests","Germany"
"779",2020-02-20,"Protests","Germany"
"780",2020-02-20,"Protests","Germany"
"781",2020-02-20,"Protests","Germany"
"782",2020-02-20,"Protests","Germany"
"783",2020-02-20,"Protests","Germany"
"784",2020-02-20,"Protests","Germany"
"785",2020-02-20,"Protests","Germany"
"786",2020-02-20,"Protests","Germany"
"787",2020-02-20,"Protests","Germany"
"788",2020-02-20,"Protests","Germany"
"789",2020-02-20,"Protests","Germany"
"790",2020-02-20,"Protests","Germany"
"791",2020-02-20,"Protests","Germany"
"792",2020-02-20,"Protests","Germany"
"793",2020-02-20,"Protests","Germany"
"794",2020-02-20,"Riots","Germany"
"795",2020-02-20,"Protests","Germany"
"796",2020-02-20,"Protests","Germany"
"797",2020-02-20,"Protests","Germany"
"798",2020-02-21,"Protests","Germany"
"799",2020-02-21,"Riots","Germany"
"800",2020-02-21,"Protests","Germany"
"801",2020-02-21,"Protests","Germany"
"802",2020-02-21,"Protests","Germany"
"803",2020-02-21,"Protests","Germany"
"804",2020-02-21,"Protests","Germany"
"805",2020-02-21,"Strategic developments","Germany"
"806",2020-02-21,"Strategic developments","Germany"
"807",2020-02-21,"Strategic developments","Germany"
"808",2020-02-21,"Protests","Germany"
"809",2020-02-21,"Protests","Germany"
"810",2020-02-21,"Strategic developments","Germany"
"811",2020-02-21,"Protests","Germany"
"812",2020-02-21,"Protests","Germany"
"813",2020-02-21,"Protests","Germany"
"814",2020-02-21,"Protests","Germany"
"815",2020-02-21,"Protests","Germany"
"816",2020-02-21,"Protests","Germany"
"817",2020-02-21,"Protests","Germany"
"818",2020-02-21,"Protests","Germany"
"819",2020-02-21,"Protests","Germany"
"820",2020-02-21,"Protests","Germany"
"821",2020-02-21,"Protests","Germany"
"822",2020-02-21,"Protests","Germany"
"823",2020-02-21,"Protests","Germany"
"824",2020-02-21,"Protests","Germany"
"825",2020-02-21,"Protests","Germany"
"826",2020-02-21,"Protests","Germany"
"827",2020-02-21,"Protests","Germany"
"828",2020-02-21,"Protests","Germany"
"829",2020-02-21,"Protests","Germany"
"830",2020-02-21,"Protests","Germany"
"831",2020-02-21,"Protests","Germany"
"832",2020-02-21,"Protests","Germany"
"833",2020-02-21,"Protests","Germany"
"834",2020-02-21,"Protests","Germany"
"835",2020-02-21,"Protests","Germany"
"836",2020-02-22,"Strategic developments","Germany"
"837",2020-02-22,"Protests","Germany"
"838",2020-02-22,"Protests","Germany"
"839",2020-02-22,"Protests","Germany"
"840",2020-02-22,"Protests","Germany"
"841",2020-02-22,"Protests","Germany"
"842",2020-02-22,"Protests","Germany"
"843",2020-02-22,"Protests","Germany"
"844",2020-02-22,"Protests","Germany"
"845",2020-02-22,"Strategic developments","Germany"
"846",2020-02-22,"Strategic developments","Germany"
"847",2020-02-22,"Protests","Germany"
"848",2020-02-22,"Protests","Germany"
"849",2020-02-22,"Protests","Germany"
"850",2020-02-22,"Protests","Germany"
"851",2020-02-22,"Protests","Germany"
"852",2020-02-22,"Protests","Germany"
"853",2020-02-22,"Protests","Germany"
"854",2020-02-22,"Protests","Germany"
"855",2020-02-22,"Protests","Germany"
"856",2020-02-22,"Protests","Germany"
"857",2020-02-22,"Protests","Germany"
"858",2020-02-23,"Protests","Germany"
"859",2020-02-23,"Protests","Germany"
"860",2020-02-23,"Protests","Germany"
"861",2020-02-23,"Protests","Germany"
"862",2020-02-23,"Protests","Germany"
"863",2020-02-23,"Protests","Germany"
"864",2020-02-24,"Protests","Germany"
"865",2020-02-24,"Protests","Germany"
"866",2020-02-24,"Strategic developments","Germany"
"867",2020-02-25,"Strategic developments","Germany"
"868",2020-02-25,"Protests","Germany"
"869",2020-02-25,"Protests","Germany"
"870",2020-02-25,"Protests","Germany"
"871",2020-02-26,"Protests","Germany"
"872",2020-02-26,"Protests","Germany"
"873",2020-02-26,"Protests","Germany"
"874",2020-02-26,"Protests","Germany"
"875",2020-02-26,"Protests","Germany"
"876",2020-02-26,"Protests","Germany"
"877",2020-02-26,"Protests","Germany"
"878",2020-02-26,"Strategic developments","Germany"
"879",2020-02-27,"Protests","Germany"
"880",2020-02-27,"Protests","Germany"
"881",2020-02-27,"Protests","Germany"
"882",2020-02-27,"Protests","Germany"
"883",2020-02-27,"Protests","Germany"
"884",2020-02-27,"Protests","Germany"
"885",2020-02-27,"Strategic developments","Germany"
"886",2020-02-27,"Protests","Germany"
"887",2020-02-28,"Protests","Germany"
"888",2020-02-28,"Protests","Germany"
"889",2020-02-28,"Protests","Germany"
"890",2020-02-28,"Protests","Germany"
"891",2020-02-28,"Protests","Germany"
"892",2020-02-28,"Protests","Germany"
"893",2020-02-28,"Protests","Germany"
"894",2020-02-29,"Protests","Germany"
"895",2020-02-29,"Protests","Germany"
"896",2020-02-29,"Protests","Germany"
"897",2020-02-29,"Protests","Germany"
"898",2020-02-29,"Protests","Germany"
"899",2020-02-29,"Protests","Germany"
"900",2020-02-29,"Protests","Germany"
"901",2020-02-29,"Protests","Germany"
"902",2020-02-29,"Protests","Germany"
"903",2020-02-29,"Protests","Germany"
"904",2020-02-29,"Protests","Germany"
"905",2020-02-29,"Protests","Germany"
"906",2020-02-29,"Protests","Germany"
"907",2020-02-29,"Protests","Germany"
"908",2020-02-29,"Protests","Germany"
"909",2020-02-29,"Protests","Germany"
"910",2020-03-01,"Protests","Germany"
"911",2020-03-01,"Strategic developments","Germany"
"912",2020-03-01,"Violence against civilians","Germany"
"913",2020-03-01,"Protests","Germany"
"914",2020-03-01,"Protests","Germany"
"915",2020-03-02,"Protests","Germany"
"916",2020-03-02,"Strategic developments","Germany"
"917",2020-03-02,"Protests","Germany"
"918",2020-03-03,"Violence against civilians","Germany"
"919",2020-03-03,"Protests","Germany"
"920",2020-03-03,"Protests","Germany"
"921",2020-03-03,"Protests","Germany"
"922",2020-03-03,"Protests","Germany"
"923",2020-03-03,"Protests","Germany"
"924",2020-03-03,"Protests","Germany"
"925",2020-03-03,"Protests","Germany"
"926",2020-03-03,"Protests","Germany"
"927",2020-03-04,"Protests","Germany"
"928",2020-03-04,"Violence against civilians","Germany"
"929",2020-03-04,"Protests","Germany"
"930",2020-03-04,"Protests","Germany"
"931",2020-03-04,"Protests","Germany"
"932",2020-03-04,"Protests","Germany"
"933",2020-03-04,"Protests","Germany"
"934",2020-03-04,"Riots","Germany"
"935",2020-03-05,"Protests","Germany"
"936",2020-03-05,"Protests","Germany"
"937",2020-03-05,"Protests","Germany"
"938",2020-03-05,"Protests","Germany"
"939",2020-03-05,"Protests","Germany"
"940",2020-03-05,"Protests","Germany"
"941",2020-03-05,"Protests","Germany"
"942",2020-03-05,"Protests","Germany"
"943",2020-03-05,"Protests","Germany"
"944",2020-03-05,"Protests","Germany"
"945",2020-03-05,"Protests","Germany"
"946",2020-03-05,"Protests","Germany"
"947",2020-03-05,"Protests","Germany"
"948",2020-03-05,"Protests","Germany"
"949",2020-03-05,"Strategic developments","Germany"
"950",2020-03-06,"Protests","Germany"
"951",2020-03-06,"Protests","Germany"
"952",2020-03-06,"Protests","Germany"
"953",2020-03-06,"Protests","Germany"
"954",2020-03-06,"Protests","Germany"
"955",2020-03-06,"Protests","Germany"
"956",2020-03-06,"Protests","Germany"
"957",2020-03-06,"Protests","Germany"
"958",2020-03-06,"Protests","Germany"
"959",2020-03-07,"Protests","Germany"
"960",2020-03-07,"Protests","Germany"
"961",2020-03-07,"Protests","Germany"
"962",2020-03-07,"Protests","Germany"
"963",2020-03-07,"Protests","Germany"
"964",2020-03-07,"Protests","Germany"
"965",2020-03-07,"Protests","Germany"
"966",2020-03-07,"Protests","Germany"
"967",2020-03-07,"Protests","Germany"
"968",2020-03-07,"Protests","Germany"
"969",2020-03-07,"Protests","Germany"
"970",2020-03-07,"Protests","Germany"
"971",2020-03-07,"Protests","Germany"
"972",2020-03-07,"Protests","Germany"
"973",2020-03-07,"Protests","Germany"
"974",2020-03-07,"Protests","Germany"
"975",2020-03-07,"Protests","Germany"
"976",2020-03-07,"Protests","Germany"
"977",2020-03-07,"Battles","Germany"
"978",2020-03-07,"Protests","Germany"
"979",2020-03-07,"Riots","Germany"
"980",2020-03-08,"Protests","Germany"
"981",2020-03-08,"Protests","Germany"
"982",2020-03-08,"Protests","Germany"
"983",2020-03-08,"Protests","Germany"
"984",2020-03-08,"Protests","Germany"
"985",2020-03-08,"Protests","Germany"
"986",2020-03-08,"Protests","Germany"
"987",2020-03-08,"Protests","Germany"
"988",2020-03-08,"Protests","Germany"
"989",2020-03-08,"Protests","Germany"
"990",2020-03-08,"Protests","Germany"
"991",2020-03-08,"Protests","Germany"
"992",2020-03-08,"Protests","Germany"
"993",2020-03-08,"Protests","Germany"
"994",2020-03-08,"Strategic developments","Germany"
"995",2020-03-08,"Protests","Germany"
"996",2020-03-08,"Protests","Germany"
"997",2020-03-08,"Protests","Germany"
"998",2020-03-08,"Protests","Germany"
"999",2020-03-08,"Protests","Germany"
"1000",2020-03-08,"Protests","Germany"
"1001",2020-03-08,"Protests","Germany"
"1002",2020-03-08,"Protests","Germany"
"1003",2020-03-08,"Protests","Germany"
"1004",2020-03-08,"Protests","Germany"
"1005",2020-03-08,"Protests","Germany"
"1006",2020-03-08,"Protests","Germany"
"1007",2020-03-08,"Protests","Germany"
"1008",2020-03-08,"Protests","Germany"
"1009",2020-03-08,"Protests","Germany"
"1010",2020-03-08,"Protests","Germany"
"1011",2020-03-09,"Protests","Germany"
"1012",2020-03-09,"Protests","Germany"
"1013",2020-03-09,"Protests","Germany"
"1014",2020-03-09,"Protests","Germany"
"1015",2020-03-09,"Protests","Germany"
"1016",2020-03-09,"Strategic developments","Germany"
"1017",2020-03-09,"Strategic developments","Germany"
"1018",2020-03-09,"Strategic developments","Germany"
"1019",2020-03-09,"Protests","Germany"
"1020",2020-03-10,"Protests","Germany"
"1021",2020-03-10,"Protests","Germany"
"1022",2020-03-10,"Strategic developments","Germany"
"1023",2020-03-11,"Protests","Germany"
"1024",2020-03-11,"Protests","Germany"
"1025",2020-03-11,"Protests","Germany"
"1026",2020-03-11,"Protests","Germany"
"1027",2020-03-12,"Protests","Germany"
"1028",2020-03-12,"Protests","Germany"
"1029",2020-03-12,"Protests","Germany"
"1030",2020-03-13,"Protests","Germany"
"1031",2020-03-14,"Protests","Germany"
"1032",2020-03-15,"Protests","Germany"
"1033",2020-03-16,"Protests","Germany"
"1034",2020-03-16,"Protests","Germany"
"1035",2020-03-17,"Protests","Germany"
"1036",2020-03-17,"Protests","Germany"
"1037",2020-03-17,"Protests","Germany"
"1038",2020-03-18,"Strategic developments","Germany"
"1039",2020-03-18,"Strategic developments","Germany"
"1040",2020-03-18,"Protests","Germany"
"1041",2020-03-18,"Protests","Germany"
"1042",2020-03-18,"Protests","Germany"
"1043",2020-03-18,"Protests","Germany"
"1044",2020-03-18,"Riots","Germany"
"1045",2020-03-19,"Protests","Germany"
"1046",2020-03-19,"Strategic developments","Germany"
"1047",2020-03-19,"Protests","Germany"
"1048",2020-03-19,"Strategic developments","Germany"
"1049",2020-03-20,"Strategic developments","Germany"
"1050",2020-03-20,"Strategic developments","Germany"
"1051",2020-03-20,"Strategic developments","Germany"
"1052",2020-03-20,"Riots","Germany"
"1053",2020-03-20,"Protests","Germany"
"1054",2020-03-21,"Protests","Germany"
"1055",2020-03-21,"Strategic developments","Germany"
"1056",2020-03-21,"Protests","Germany"
"1057",2020-03-21,"Protests","Germany"
"1058",2020-03-21,"Strategic developments","Germany"
"1059",2020-03-22,"Strategic developments","Germany"
"1060",2020-03-22,"Protests","Germany"
"1061",2020-03-22,"Protests","Germany"
"1062",2020-03-22,"Strategic developments","Germany"
"1063",2020-03-25,"Protests","Germany"
"1064",2020-03-25,"Strategic developments","Germany"
"1065",2020-03-26,"Strategic developments","Germany"
"1066",2020-03-27,"Protests","Germany"
"1067",2020-03-27,"Strategic developments","Germany"
"1068",2020-03-27,"Protests","Germany"
"1069",2020-03-28,"Protests","Germany"
"1070",2020-03-28,"Protests","Germany"
"1071",2020-03-28,"Protests","Germany"
"1072",2020-03-28,"Strategic developments","Germany"
"1073",2020-03-28,"Protests","Germany"
"1074",2020-03-29,"Protests","Germany"
"1075",2020-03-30,"Strategic developments","Germany"
"1076",2020-03-30,"Protests","Germany"
"1077",2020-04-01,"Strategic developments","Germany"
"1078",2020-04-01,"Protests","Germany"
"1079",2020-04-02,"Protests","Germany"
"1080",2020-04-02,"Protests","Germany"
"1081",2020-04-04,"Protests","Germany"
"1082",2020-04-04,"Protests","Germany"
"1083",2020-04-04,"Protests","Germany"
"1084",2020-04-04,"Protests","Germany"
"1085",2020-04-04,"Protests","Germany"
"1086",2020-04-05,"Protests","Germany"
"1087",2020-04-05,"Protests","Germany"
"1088",2020-04-05,"Protests","Germany"
"1089",2020-04-05,"Protests","Germany"
"1090",2020-04-05,"Protests","Germany"
"1091",2020-04-05,"Protests","Germany"
"1092",2020-04-05,"Protests","Germany"
"1093",2020-04-05,"Protests","Germany"
"1094",2020-04-05,"Strategic developments","Germany"
"1095",2020-04-05,"Protests","Germany"
"1096",2020-04-05,"Protests","Germany"
"1097",2020-04-06,"Protests","Germany"
"1098",2020-04-06,"Strategic developments","Germany"
"1099",2020-04-06,"Protests","Germany"
"1100",2020-04-06,"Strategic developments","Germany"
"1101",2020-04-06,"Protests","Germany"
"1102",2020-04-07,"Violence against civilians","Germany"
"1103",2020-04-07,"Protests","Germany"
"1104",2020-04-07,"Strategic developments","Germany"
"1105",2020-04-08,"Strategic developments","Germany"
"1106",2020-04-08,"Strategic developments","Germany"
"1107",2020-04-09,"Strategic developments","Germany"
"1108",2020-04-09,"Protests","Germany"
"1109",2020-04-10,"Strategic developments","Germany"
"1110",2020-04-10,"Protests","Germany"
"1111",2020-04-10,"Protests","Germany"
"1112",2020-04-10,"Riots","Germany"
"1113",2020-04-11,"Protests","Germany"
"1114",2020-04-11,"Protests","Germany"
"1115",2020-04-11,"Protests","Germany"
"1116",2020-04-11,"Protests","Germany"
"1117",2020-04-11,"Protests","Germany"
"1118",2020-04-11,"Protests","Germany"
"1119",2020-04-11,"Protests","Germany"
"1120",2020-04-11,"Protests","Germany"
"1121",2020-04-11,"Protests","Germany"
"1122",2020-04-11,"Protests","Germany"
"1123",2020-04-11,"Protests","Germany"
"1124",2020-04-11,"Protests","Germany"
"1125",2020-04-11,"Protests","Germany"
"1126",2020-04-11,"Protests","Germany"
"1127",2020-04-11,"Protests","Germany"
"1128",2020-04-12,"Protests","Germany"
"1129",2020-04-13,"Protests","Germany"
"1130",2020-04-13,"Strategic developments","Germany"
"1131",2020-04-14,"Protests","Germany"
"1132",2020-04-14,"Strategic developments","Germany"
"1133",2020-04-14,"Strategic developments","Germany"
"1134",2020-04-15,"Protests","Germany"
"1135",2020-04-15,"Protests","Germany"
"1136",2020-04-16,"Protests","Germany"
"1137",2020-04-16,"Protests","Germany"
"1138",2020-04-16,"Strategic developments","Germany"
"1139",2020-04-17,"Protests","Germany"
"1140",2020-04-17,"Strategic developments","Germany"
"1141",2020-04-17,"Protests","Germany"
"1142",2020-04-17,"Protests","Germany"
"1143",2020-04-17,"Protests","Germany"
"1144",2020-04-17,"Protests","Germany"
"1145",2020-04-17,"Protests","Germany"
"1146",2020-04-17,"Protests","Germany"
"1147",2020-04-17,"Protests","Germany"
"1148",2020-04-18,"Protests","Germany"
"1149",2020-04-18,"Protests","Germany"
"1150",2020-04-18,"Protests","Germany"
"1151",2020-04-18,"Protests","Germany"
"1152",2020-04-18,"Protests","Germany"
"1153",2020-04-18,"Protests","Germany"
"1154",2020-04-18,"Protests","Germany"
"1155",2020-04-18,"Strategic developments","Germany"
"1156",2020-04-18,"Strategic developments","Germany"
"1157",2020-04-18,"Protests","Germany"
"1158",2020-04-19,"Protests","Germany"
"1159",2020-04-19,"Protests","Germany"
"1160",2020-04-19,"Protests","Germany"
"1161",2020-04-19,"Protests","Germany"
"1162",2020-04-20,"Protests","Germany"
"1163",2020-04-20,"Protests","Germany"
"1164",2020-04-20,"Protests","Germany"
"1165",2020-04-20,"Protests","Germany"
"1166",2020-04-20,"Riots","Germany"
"1167",2020-04-21,"Protests","Germany"
"1168",2020-04-21,"Protests","Germany"
"1169",2020-04-21,"Strategic developments","Germany"
"1170",2020-04-22,"Protests","Germany"
"1171",2020-04-22,"Protests","Germany"
"1172",2020-04-22,"Protests","Germany"
"1173",2020-04-22,"Strategic developments","Germany"
"1174",2020-04-23,"Protests","Germany"
"1175",2020-04-23,"Protests","Germany"
"1176",2020-04-23,"Protests","Germany"
"1177",2020-04-23,"Protests","Germany"
"1178",2020-04-24,"Protests","Germany"
"1179",2020-04-24,"Riots","Germany"
"1180",2020-04-24,"Protests","Germany"
"1181",2020-04-24,"Protests","Germany"
"1182",2020-04-24,"Protests","Germany"
"1183",2020-04-24,"Protests","Germany"
"1184",2020-04-24,"Protests","Germany"
"1185",2020-04-24,"Protests","Germany"
"1186",2020-04-24,"Protests","Germany"
"1187",2020-04-24,"Protests","Germany"
"1188",2020-04-24,"Protests","Germany"
"1189",2020-04-24,"Protests","Germany"
"1190",2020-04-24,"Protests","Germany"
"1191",2020-04-24,"Protests","Germany"
"1192",2020-04-24,"Protests","Germany"
"1193",2020-04-24,"Protests","Germany"
"1194",2020-04-24,"Strategic developments","Germany"
"1195",2020-04-24,"Protests","Germany"
"1196",2020-04-24,"Protests","Germany"
"1197",2020-04-24,"Protests","Germany"
"1198",2020-04-24,"Protests","Germany"
"1199",2020-04-24,"Protests","Germany"
"1200",2020-04-24,"Protests","Germany"
"1201",2020-04-24,"Protests","Germany"
"1202",2020-04-24,"Protests","Germany"
"1203",2020-04-24,"Protests","Germany"
"1204",2020-04-24,"Protests","Germany"
"1205",2020-04-24,"Protests","Germany"
"1206",2020-04-24,"Protests","Germany"
"1207",2020-04-24,"Protests","Germany"
"1208",2020-04-24,"Protests","Germany"
"1209",2020-04-24,"Protests","Germany"
"1210",2020-04-25,"Protests","Germany"
"1211",2020-04-25,"Protests","Germany"
"1212",2020-04-25,"Protests","Germany"
"1213",2020-04-25,"Protests","Germany"
"1214",2020-04-25,"Protests","Germany"
"1215",2020-04-25,"Protests","Germany"
"1216",2020-04-25,"Protests","Germany"
"1217",2020-04-25,"Protests","Germany"
"1218",2020-04-25,"Protests","Germany"
"1219",2020-04-25,"Protests","Germany"
"1220",2020-04-25,"Protests","Germany"
"1221",2020-04-25,"Protests","Germany"
"1222",2020-04-25,"Protests","Germany"
"1223",2020-04-25,"Protests","Germany"
"1224",2020-04-25,"Protests","Germany"
"1225",2020-04-25,"Protests","Germany"
"1226",2020-04-25,"Protests","Germany"
"1227",2020-04-25,"Protests","Germany"
"1228",2020-04-25,"Protests","Germany"
"1229",2020-04-25,"Strategic developments","Germany"
"1230",2020-04-25,"Protests","Germany"
"1231",2020-04-25,"Protests","Germany"
"1232",2020-04-26,"Protests","Germany"
"1233",2020-04-26,"Protests","Germany"
"1234",2020-04-26,"Protests","Germany"
"1235",2020-04-26,"Protests","Germany"
"1236",2020-04-26,"Strategic developments","Germany"
"1237",2020-04-26,"Protests","Germany"
"1238",2020-04-27,"Protests","Germany"
"1239",2020-04-27,"Protests","Germany"
"1240",2020-04-27,"Protests","Germany"
"1241",2020-04-27,"Protests","Germany"
"1242",2020-04-27,"Protests","Germany"
"1243",2020-04-27,"Protests","Germany"
"1244",2020-04-27,"Strategic developments","Germany"
"1245",2020-04-27,"Protests","Germany"
"1246",2020-04-28,"Violence against civilians","Germany"
"1247",2020-04-28,"Protests","Germany"
"1248",2020-04-28,"Protests","Germany"
"1249",2020-04-28,"Protests","Germany"
"1250",2020-04-28,"Riots","Germany"
"1251",2020-04-29,"Protests","Germany"
"1252",2020-04-29,"Strategic developments","Germany"
"1253",2020-04-29,"Protests","Germany"
"1254",2020-04-29,"Protests","Germany"
"1255",2020-04-29,"Protests","Germany"
"1256",2020-04-29,"Protests","Germany"
"1257",2020-04-29,"Protests","Germany"
"1258",2020-04-29,"Protests","Germany"
"1259",2020-04-29,"Protests","Germany"
"1260",2020-04-29,"Protests","Germany"
"1261",2020-04-29,"Protests","Germany"
"1262",2020-04-29,"Protests","Germany"
"1263",2020-04-29,"Protests","Germany"
"1264",2020-04-29,"Protests","Germany"
"1265",2020-04-29,"Protests","Germany"
"1266",2020-04-29,"Protests","Germany"
"1267",2020-04-29,"Protests","Germany"
"1268",2020-04-29,"Protests","Germany"
"1269",2020-04-29,"Protests","Germany"
"1270",2020-04-29,"Protests","Germany"
"1271",2020-04-29,"Protests","Germany"
"1272",2020-04-29,"Protests","Germany"
"1273",2020-04-29,"Protests","Germany"
"1274",2020-04-29,"Protests","Germany"
"1275",2020-04-29,"Protests","Germany"
"1276",2020-04-29,"Strategic developments","Germany"
"1277",2020-04-29,"Protests","Germany"
"1278",2020-04-30,"Protests","Germany"
"1279",2020-04-30,"Protests","Germany"
"1280",2020-04-30,"Strategic developments","Germany"
"1281",2020-04-30,"Protests","Germany"
"1282",2020-04-30,"Riots","Germany"
"1283",2020-04-30,"Strategic developments","Germany"
"1284",2020-04-30,"Strategic developments","Germany"
"1285",2020-05-01,"Protests","Germany"
"1286",2020-05-01,"Protests","Germany"
"1287",2020-05-01,"Protests","Germany"
"1288",2020-05-01,"Protests","Germany"
"1289",2020-05-01,"Protests","Germany"
"1290",2020-05-01,"Protests","Germany"
"1291",2020-05-01,"Riots","Germany"
"1292",2020-05-01,"Protests","Germany"
"1293",2020-05-01,"Protests","Germany"
"1294",2020-05-01,"Protests","Germany"
"1295",2020-05-01,"Protests","Germany"
"1296",2020-05-01,"Protests","Germany"
"1297",2020-05-01,"Protests","Germany"
"1298",2020-05-01,"Protests","Germany"
"1299",2020-05-01,"Protests","Germany"
"1300",2020-05-01,"Protests","Germany"
"1301",2020-05-01,"Protests","Germany"
"1302",2020-05-01,"Protests","Germany"
"1303",2020-05-01,"Protests","Germany"
"1304",2020-05-01,"Protests","Germany"
"1305",2020-05-01,"Protests","Germany"
"1306",2020-05-01,"Protests","Germany"
"1307",2020-05-01,"Protests","Germany"
"1308",2020-05-01,"Protests","Germany"
"1309",2020-05-01,"Protests","Germany"
"1310",2020-05-01,"Protests","Germany"
"1311",2020-05-01,"Protests","Germany"
"1312",2020-05-01,"Protests","Germany"
"1313",2020-05-01,"Protests","Germany"
"1314",2020-05-01,"Protests","Germany"
"1315",2020-05-01,"Protests","Germany"
"1316",2020-05-01,"Protests","Germany"
"1317",2020-05-01,"Protests","Germany"
"1318",2020-05-01,"Protests","Germany"
"1319",2020-05-01,"Protests","Germany"
"1320",2020-05-01,"Protests","Germany"
"1321",2020-05-01,"Protests","Germany"
"1322",2020-05-01,"Protests","Germany"
"1323",2020-05-01,"Protests","Germany"
"1324",2020-05-01,"Protests","Germany"
"1325",2020-05-01,"Protests","Germany"
"1326",2020-05-01,"Protests","Germany"
"1327",2020-05-01,"Protests","Germany"
"1328",2020-05-01,"Riots","Germany"
"1329",2020-05-01,"Protests","Germany"
"1330",2020-05-01,"Protests","Germany"
"1331",2020-05-01,"Protests","Germany"
"1332",2020-05-01,"Protests","Germany"
"1333",2020-05-01,"Protests","Germany"
"1334",2020-05-01,"Protests","Germany"
"1335",2020-05-01,"Riots","Germany"
"1336",2020-05-01,"Protests","Germany"
"1337",2020-05-01,"Protests","Germany"
"1338",2020-05-01,"Protests","Germany"
"1339",2020-05-01,"Protests","Germany"
"1340",2020-05-01,"Protests","Germany"
"1341",2020-05-01,"Protests","Germany"
"1342",2020-05-01,"Protests","Germany"
"1343",2020-05-01,"Protests","Germany"
"1344",2020-05-01,"Protests","Germany"
"1345",2020-05-01,"Protests","Germany"
"1346",2020-05-01,"Protests","Germany"
"1347",2020-05-01,"Protests","Germany"
"1348",2020-05-01,"Protests","Germany"
"1349",2020-05-01,"Protests","Germany"
"1350",2020-05-01,"Protests","Germany"
"1351",2020-05-01,"Protests","Germany"
"1352",2020-05-01,"Protests","Germany"
"1353",2020-05-01,"Protests","Germany"
"1354",2020-05-01,"Protests","Germany"
"1355",2020-05-01,"Protests","Germany"
"1356",2020-05-01,"Protests","Germany"
"1357",2020-05-01,"Protests","Germany"
"1358",2020-05-01,"Protests","Germany"
"1359",2020-05-01,"Protests","Germany"
"1360",2020-05-01,"Strategic developments","Germany"
"1361",2020-05-01,"Protests","Germany"
"1362",2020-05-01,"Protests","Germany"
"1363",2020-05-01,"Protests","Germany"
"1364",2020-05-01,"Protests","Germany"
"1365",2020-05-01,"Protests","Germany"
"1366",2020-05-01,"Protests","Germany"
"1367",2020-05-01,"Violence against civilians","Germany"
"1368",2020-05-01,"Protests","Germany"
"1369",2020-05-01,"Protests","Germany"
"1370",2020-05-01,"Protests","Germany"
"1371",2020-05-01,"Protests","Germany"
"1372",2020-05-01,"Protests","Germany"
"1373",2020-05-01,"Protests","Germany"
"1374",2020-05-01,"Protests","Germany"
"1375",2020-05-01,"Riots","Germany"
"1376",2020-05-01,"Protests","Germany"
"1377",2020-05-01,"Protests","Germany"
"1378",2020-05-01,"Protests","Germany"
"1379",2020-05-01,"Riots","Germany"
"1380",2020-05-01,"Protests","Germany"
"1381",2020-05-01,"Riots","Germany"
"1382",2020-05-01,"Protests","Germany"
"1383",2020-05-01,"Protests","Germany"
"1384",2020-05-01,"Protests","Germany"
"1385",2020-05-01,"Protests","Germany"
"1386",2020-05-01,"Protests","Germany"
"1387",2020-05-01,"Protests","Germany"
"1388",2020-05-01,"Protests","Germany"
"1389",2020-05-01,"Protests","Germany"
"1390",2020-05-01,"Protests","Germany"
"1391",2020-05-01,"Protests","Germany"
"1392",2020-05-01,"Protests","Germany"
"1393",2020-05-01,"Protests","Germany"
"1394",2020-05-02,"Protests","Germany"
"1395",2020-05-02,"Protests","Germany"
"1396",2020-05-02,"Protests","Germany"
"1397",2020-05-02,"Protests","Germany"
"1398",2020-05-02,"Protests","Germany"
"1399",2020-05-02,"Protests","Germany"
"1400",2020-05-02,"Protests","Germany"
"1401",2020-05-02,"Protests","Germany"
"1402",2020-05-02,"Protests","Germany"
"1403",2020-05-02,"Protests","Germany"
"1404",2020-05-02,"Protests","Germany"
"1405",2020-05-02,"Protests","Germany"
"1406",2020-05-02,"Protests","Germany"
"1407",2020-05-02,"Protests","Germany"
"1408",2020-05-02,"Protests","Germany"
"1409",2020-05-02,"Protests","Germany"
"1410",2020-05-02,"Protests","Germany"
"1411",2020-05-02,"Protests","Germany"
"1412",2020-05-02,"Protests","Germany"
"1413",2020-05-02,"Protests","Germany"
"1414",2020-05-02,"Protests","Germany"
"1415",2020-05-02,"Protests","Germany"
"1416",2020-05-02,"Protests","Germany"
"1417",2020-05-02,"Protests","Germany"
"1418",2020-05-02,"Protests","Germany"
"1419",2020-05-02,"Protests","Germany"
"1420",2020-05-02,"Protests","Germany"
"1421",2020-05-02,"Protests","Germany"
"1422",2020-05-02,"Protests","Germany"
"1423",2020-05-02,"Protests","Germany"
"1424",2020-05-02,"Protests","Germany"
"1425",2020-05-02,"Protests","Germany"
"1426",2020-05-02,"Protests","Germany"
"1427",2020-05-02,"Protests","Germany"
"1428",2020-05-02,"Protests","Germany"
"1429",2020-05-03,"Protests","Germany"
"1430",2020-05-03,"Riots","Germany"
"1431",2020-05-03,"Protests","Germany"
"1432",2020-05-03,"Protests","Germany"
"1433",2020-05-03,"Protests","Germany"
"1434",2020-05-03,"Protests","Germany"
"1435",2020-05-04,"Protests","Germany"
"1436",2020-05-04,"Protests","Germany"
"1437",2020-05-04,"Protests","Germany"
"1438",2020-05-04,"Protests","Germany"
"1439",2020-05-04,"Protests","Germany"
"1440",2020-05-04,"Protests","Germany"
"1441",2020-05-04,"Protests","Germany"
"1442",2020-05-04,"Riots","Germany"
"1443",2020-05-04,"Protests","Germany"
"1444",2020-05-04,"Protests","Germany"
"1445",2020-05-04,"Protests","Germany"
"1446",2020-05-04,"Protests","Germany"
"1447",2020-05-04,"Protests","Germany"
"1448",2020-05-04,"Protests","Germany"
"1449",2020-05-04,"Protests","Germany"
"1450",2020-05-04,"Protests","Germany"
"1451",2020-05-04,"Protests","Germany"
"1452",2020-05-04,"Protests","Germany"
"1453",2020-05-04,"Protests","Germany"
"1454",2020-05-04,"Protests","Germany"
"1455",2020-05-04,"Protests","Germany"
"1456",2020-05-04,"Protests","Germany"
"1457",2020-05-04,"Protests","Germany"
"1458",2020-05-05,"Protests","Germany"
"1459",2020-05-05,"Protests","Germany"
"1460",2020-05-05,"Protests","Germany"
"1461",2020-05-05,"Protests","Germany"
"1462",2020-05-06,"Strategic developments","Germany"
"1463",2020-05-06,"Protests","Germany"
"1464",2020-05-06,"Protests","Germany"
"1465",2020-05-06,"Riots","Germany"
"1466",2020-05-06,"Protests","Germany"
"1467",2020-05-06,"Protests","Germany"
"1468",2020-05-06,"Protests","Germany"
"1469",2020-05-06,"Strategic developments","Germany"
"1470",2020-05-06,"Protests","Germany"
"1471",2020-05-07,"Protests","Germany"
"1472",2020-05-08,"Protests","Germany"
"1473",2020-05-08,"Protests","Germany"
"1474",2020-05-08,"Protests","Germany"
"1475",2020-05-08,"Protests","Germany"
"1476",2020-05-08,"Protests","Germany"
"1477",2020-05-08,"Protests","Germany"
"1478",2020-05-08,"Protests","Germany"
"1479",2020-05-08,"Protests","Germany"
"1480",2020-05-08,"Protests","Germany"
"1481",2020-05-08,"Protests","Germany"
"1482",2020-05-09,"Protests","Germany"
"1483",2020-05-09,"Protests","Germany"
"1484",2020-05-09,"Protests","Germany"
"1485",2020-05-09,"Protests","Germany"
"1486",2020-05-09,"Riots","Germany"
"1487",2020-05-09,"Protests","Germany"
"1488",2020-05-09,"Protests","Germany"
"1489",2020-05-09,"Protests","Germany"
"1490",2020-05-09,"Protests","Germany"
"1491",2020-05-09,"Protests","Germany"
"1492",2020-05-09,"Protests","Germany"
"1493",2020-05-09,"Protests","Germany"
"1494",2020-05-09,"Protests","Germany"
"1495",2020-05-09,"Protests","Germany"
"1496",2020-05-09,"Protests","Germany"
"1497",2020-05-09,"Protests","Germany"
"1498",2020-05-09,"Protests","Germany"
"1499",2020-05-09,"Protests","Germany"
"1500",2020-05-09,"Protests","Germany"
"1501",2020-05-09,"Protests","Germany"
"1502",2020-05-09,"Protests","Germany"
"1503",2020-05-09,"Protests","Germany"
"1504",2020-05-09,"Protests","Germany"
"1505",2020-05-09,"Protests","Germany"
"1506",2020-05-09,"Protests","Germany"
"1507",2020-05-09,"Protests","Germany"
"1508",2020-05-09,"Protests","Germany"
"1509",2020-05-09,"Protests","Germany"
"1510",2020-05-09,"Protests","Germany"
"1511",2020-05-09,"Protests","Germany"
"1512",2020-05-09,"Protests","Germany"
"1513",2020-05-09,"Protests","Germany"
"1514",2020-05-09,"Protests","Germany"
"1515",2020-05-09,"Protests","Germany"
"1516",2020-05-09,"Protests","Germany"
"1517",2020-05-09,"Protests","Germany"
"1518",2020-05-09,"Protests","Germany"
"1519",2020-05-09,"Protests","Germany"
"1520",2020-05-09,"Protests","Germany"
"1521",2020-05-09,"Protests","Germany"
"1522",2020-05-09,"Protests","Germany"
"1523",2020-05-09,"Protests","Germany"
"1524",2020-05-09,"Protests","Germany"
"1525",2020-05-09,"Protests","Germany"
"1526",2020-05-09,"Protests","Germany"
"1527",2020-05-09,"Riots","Germany"
"1528",2020-05-09,"Protests","Germany"
"1529",2020-05-09,"Protests","Germany"
"1530",2020-05-09,"Protests","Germany"
"1531",2020-05-09,"Protests","Germany"
"1532",2020-05-09,"Protests","Germany"
"1533",2020-05-09,"Protests","Germany"
"1534",2020-05-09,"Protests","Germany"
"1535",2020-05-09,"Protests","Germany"
"1536",2020-05-09,"Protests","Germany"
"1537",2020-05-09,"Protests","Germany"
"1538",2020-05-09,"Protests","Germany"
"1539",2020-05-09,"Strategic developments","Germany"
"1540",2020-05-09,"Riots","Germany"
"1541",2020-05-09,"Protests","Germany"
"1542",2020-05-09,"Riots","Germany"
"1543",2020-05-09,"Protests","Germany"
"1544",2020-05-09,"Protests","Germany"
"1545",2020-05-09,"Protests","Germany"
"1546",2020-05-09,"Protests","Germany"
"1547",2020-05-09,"Protests","Germany"
"1548",2020-05-09,"Protests","Germany"
"1549",2020-05-09,"Protests","Germany"
"1550",2020-05-09,"Riots","Germany"
"1551",2020-05-09,"Protests","Germany"
"1552",2020-05-09,"Protests","Germany"
"1553",2020-05-10,"Protests","Germany"
"1554",2020-05-10,"Protests","Germany"
"1555",2020-05-10,"Protests","Germany"
"1556",2020-05-10,"Protests","Germany"
"1557",2020-05-10,"Protests","Germany"
"1558",2020-05-10,"Protests","Germany"
"1559",2020-05-10,"Protests","Germany"
"1560",2020-05-10,"Protests","Germany"
"1561",2020-05-10,"Protests","Germany"
"1562",2020-05-10,"Riots","Germany"
"1563",2020-05-10,"Protests","Germany"
"1564",2020-05-10,"Protests","Germany"
"1565",2020-05-11,"Protests","Germany"
"1566",2020-05-11,"Protests","Germany"
"1567",2020-05-11,"Protests","Germany"
"1568",2020-05-11,"Protests","Germany"
"1569",2020-05-11,"Protests","Germany"
"1570",2020-05-11,"Protests","Germany"
"1571",2020-05-11,"Protests","Germany"
"1572",2020-05-11,"Protests","Germany"
"1573",2020-05-11,"Protests","Germany"
"1574",2020-05-11,"Protests","Germany"
"1575",2020-05-11,"Protests","Germany"
"1576",2020-05-11,"Protests","Germany"
"1577",2020-05-11,"Protests","Germany"
"1578",2020-05-11,"Protests","Germany"
"1579",2020-05-11,"Protests","Germany"
"1580",2020-05-11,"Protests","Germany"
"1581",2020-05-11,"Protests","Germany"
"1582",2020-05-11,"Protests","Germany"
"1583",2020-05-11,"Protests","Germany"
"1584",2020-05-11,"Protests","Germany"
"1585",2020-05-11,"Protests","Germany"
"1586",2020-05-11,"Protests","Germany"
"1587",2020-05-11,"Protests","Germany"
"1588",2020-05-11,"Protests","Germany"
"1589",2020-05-11,"Protests","Germany"
"1590",2020-05-11,"Protests","Germany"
"1591",2020-05-11,"Protests","Germany"
"1592",2020-05-11,"Protests","Germany"
"1593",2020-05-11,"Protests","Germany"
"1594",2020-05-11,"Protests","Germany"
"1595",2020-05-11,"Protests","Germany"
"1596",2020-05-11,"Protests","Germany"
"1597",2020-05-12,"Riots","Germany"
"1598",2020-05-12,"Protests","Germany"
"1599",2020-05-12,"Protests","Germany"
"1600",2020-05-12,"Protests","Germany"
"1601",2020-05-12,"Protests","Germany"
"1602",2020-05-12,"Protests","Germany"
"1603",2020-05-13,"Protests","Germany"
"1604",2020-05-13,"Protests","Germany"
"1605",2020-05-13,"Protests","Germany"
"1606",2020-05-13,"Protests","Germany"
"1607",2020-05-13,"Protests","Germany"
"1608",2020-05-13,"Protests","Germany"
"1609",2020-05-13,"Protests","Germany"
"1610",2020-05-13,"Protests","Germany"
"1611",2020-05-13,"Protests","Germany"
"1612",2020-05-13,"Protests","Germany"
"1613",2020-05-13,"Riots","Germany"
"1614",2020-05-13,"Strategic developments","Germany"
"1615",2020-05-14,"Protests","Germany"
"1616",2020-05-14,"Protests","Germany"
"1617",2020-05-14,"Protests","Germany"
"1618",2020-05-15,"Protests","Germany"
"1619",2020-05-15,"Protests","Germany"
"1620",2020-05-15,"Protests","Germany"
"1621",2020-05-15,"Protests","Germany"
"1622",2020-05-15,"Protests","Germany"
"1623",2020-05-15,"Protests","Germany"
"1624",2020-05-15,"Protests","Germany"
"1625",2020-05-15,"Protests","Germany"
"1626",2020-05-15,"Protests","Germany"
"1627",2020-05-15,"Protests","Germany"
"1628",2020-05-15,"Protests","Germany"
"1629",2020-05-16,"Protests","Germany"
"1630",2020-05-16,"Protests","Germany"
"1631",2020-05-16,"Strategic developments","Germany"
"1632",2020-05-16,"Protests","Germany"
"1633",2020-05-16,"Protests","Germany"
"1634",2020-05-16,"Protests","Germany"
"1635",2020-05-16,"Protests","Germany"
"1636",2020-05-16,"Protests","Germany"
"1637",2020-05-16,"Protests","Germany"
"1638",2020-05-16,"Protests","Germany"
"1639",2020-05-16,"Protests","Germany"
"1640",2020-05-16,"Protests","Germany"
"1641",2020-05-16,"Protests","Germany"
"1642",2020-05-16,"Protests","Germany"
"1643",2020-05-16,"Protests","Germany"
"1644",2020-05-16,"Protests","Germany"
"1645",2020-05-16,"Protests","Germany"
"1646",2020-05-16,"Protests","Germany"
"1647",2020-05-16,"Protests","Germany"
"1648",2020-05-16,"Protests","Germany"
"1649",2020-05-16,"Protests","Germany"
"1650",2020-05-16,"Protests","Germany"
"1651",2020-05-16,"Riots","Germany"
"1652",2020-05-16,"Protests","Germany"
"1653",2020-05-16,"Protests","Germany"
"1654",2020-05-16,"Protests","Germany"
"1655",2020-05-16,"Protests","Germany"
"1656",2020-05-16,"Protests","Germany"
"1657",2020-05-16,"Protests","Germany"
"1658",2020-05-16,"Protests","Germany"
"1659",2020-05-16,"Protests","Germany"
"1660",2020-05-16,"Protests","Germany"
"1661",2020-05-16,"Protests","Germany"
"1662",2020-05-16,"Protests","Germany"
"1663",2020-05-16,"Protests","Germany"
"1664",2020-05-16,"Protests","Germany"
"1665",2020-05-16,"Protests","Germany"
"1666",2020-05-16,"Protests","Germany"
"1667",2020-05-16,"Protests","Germany"
"1668",2020-05-16,"Protests","Germany"
"1669",2020-05-16,"Protests","Germany"
"1670",2020-05-16,"Protests","Germany"
"1671",2020-05-16,"Protests","Germany"
"1672",2020-05-16,"Protests","Germany"
"1673",2020-05-16,"Protests","Germany"
"1674",2020-05-16,"Protests","Germany"
"1675",2020-05-16,"Protests","Germany"
"1676",2020-05-16,"Protests","Germany"
"1677",2020-05-16,"Protests","Germany"
"1678",2020-05-16,"Protests","Germany"
"1679",2020-05-16,"Protests","Germany"
"1680",2020-05-16,"Protests","Germany"
"1681",2020-05-16,"Protests","Germany"
"1682",2020-05-16,"Riots","Germany"
"1683",2020-05-16,"Protests","Germany"
"1684",2020-05-16,"Protests","Germany"
"1685",2020-05-16,"Protests","Germany"
"1686",2020-05-16,"Protests","Germany"
"1687",2020-05-16,"Protests","Germany"
"1688",2020-05-16,"Protests","Germany"
"1689",2020-05-16,"Protests","Germany"
"1690",2020-05-16,"Protests","Germany"
"1691",2020-05-16,"Riots","Germany"
"1692",2020-05-16,"Protests","Germany"
"1693",2020-05-16,"Protests","Germany"
"1694",2020-05-16,"Strategic developments","Germany"
"1695",2020-05-16,"Protests","Germany"
"1696",2020-05-16,"Protests","Germany"
"1697",2020-05-16,"Protests","Germany"
"1698",2020-05-16,"Protests","Germany"
"1699",2020-05-16,"Protests","Germany"
"1700",2020-05-16,"Protests","Germany"
"1701",2020-05-17,"Protests","Germany"
"1702",2020-05-17,"Strategic developments","Germany"
"1703",2020-05-17,"Protests","Germany"
"1704",2020-05-17,"Protests","Germany"
"1705",2020-05-17,"Protests","Germany"
"1706",2020-05-17,"Protests","Germany"
"1707",2020-05-17,"Protests","Germany"
"1708",2020-05-17,"Protests","Germany"
"1709",2020-05-17,"Protests","Germany"
"1710",2020-05-17,"Protests","Germany"
"1711",2020-05-18,"Strategic developments","Germany"
"1712",2020-05-18,"Protests","Germany"
"1713",2020-05-18,"Protests","Germany"
"1714",2020-05-18,"Protests","Germany"
"1715",2020-05-18,"Protests","Germany"
"1716",2020-05-18,"Riots","Germany"
"1717",2020-05-18,"Protests","Germany"
"1718",2020-05-18,"Protests","Germany"
"1719",2020-05-18,"Protests","Germany"
"1720",2020-05-18,"Protests","Germany"
"1721",2020-05-18,"Protests","Germany"
"1722",2020-05-18,"Strategic developments","Germany"
"1723",2020-05-18,"Protests","Germany"
"1724",2020-05-18,"Protests","Germany"
"1725",2020-05-18,"Protests","Germany"
"1726",2020-05-18,"Protests","Germany"
"1727",2020-05-18,"Protests","Germany"
"1728",2020-05-18,"Protests","Germany"
"1729",2020-05-18,"Protests","Germany"
"1730",2020-05-18,"Protests","Germany"
"1731",2020-05-18,"Protests","Germany"
"1732",2020-05-18,"Protests","Germany"
"1733",2020-05-18,"Protests","Germany"
"1734",2020-05-18,"Protests","Germany"
"1735",2020-05-18,"Protests","Germany"
"1736",2020-05-18,"Protests","Germany"
"1737",2020-05-18,"Protests","Germany"
"1738",2020-05-18,"Protests","Germany"
"1739",2020-05-18,"Protests","Germany"
"1740",2020-05-18,"Protests","Germany"
"1741",2020-05-18,"Protests","Germany"
"1742",2020-05-19,"Protests","Germany"
"1743",2020-05-19,"Protests","Germany"
"1744",2020-05-19,"Protests","Germany"
"1745",2020-05-19,"Protests","Germany"
"1746",2020-05-19,"Protests","Germany"
"1747",2020-05-19,"Protests","Germany"
"1748",2020-05-19,"Protests","Germany"
"1749",2020-05-19,"Protests","Germany"
"1750",2020-05-20,"Protests","Germany"
"1751",2020-05-20,"Protests","Germany"
"1752",2020-05-20,"Protests","Germany"
"1753",2020-05-20,"Protests","Germany"
"1754",2020-05-20,"Protests","Germany"
"1755",2020-05-20,"Protests","Germany"
"1756",2020-05-20,"Strategic developments","Germany"
"1757",2020-05-20,"Protests","Germany"
"1758",2020-05-20,"Protests","Germany"
"1759",2020-05-20,"Protests","Germany"
"1760",2020-05-20,"Protests","Germany"
"1761",2020-05-21,"Riots","Germany"
"1762",2020-05-21,"Strategic developments","Germany"
"1763",2020-05-22,"Riots","Germany"
"1764",2020-05-22,"Protests","Germany"
"1765",2020-05-23,"Protests","Germany"
"1766",2020-05-23,"Protests","Germany"
"1767",2020-05-23,"Protests","Germany"
"1768",2020-05-23,"Protests","Germany"
"1769",2020-05-23,"Protests","Germany"
"1770",2020-05-23,"Protests","Germany"
"1771",2020-05-23,"Protests","Germany"
"1772",2020-05-23,"Protests","Germany"
"1773",2020-05-23,"Protests","Germany"
"1774",2020-05-23,"Protests","Germany"
"1775",2020-05-23,"Protests","Germany"
"1776",2020-05-23,"Protests","Germany"
"1777",2020-05-23,"Protests","Germany"
"1778",2020-05-23,"Protests","Germany"
"1779",2020-05-23,"Protests","Germany"
"1780",2020-05-23,"Protests","Germany"
"1781",2020-05-23,"Protests","Germany"
"1782",2020-05-23,"Protests","Germany"
"1783",2020-05-23,"Protests","Germany"
"1784",2020-05-23,"Protests","Germany"
"1785",2020-05-23,"Protests","Germany"
"1786",2020-05-23,"Protests","Germany"
"1787",2020-05-23,"Protests","Germany"
"1788",2020-05-23,"Protests","Germany"
"1789",2020-05-23,"Protests","Germany"
"1790",2020-05-23,"Protests","Germany"
"1791",2020-05-23,"Protests","Germany"
"1792",2020-05-23,"Protests","Germany"
"1793",2020-05-23,"Protests","Germany"
"1794",2020-05-23,"Protests","Germany"
"1795",2020-05-23,"Protests","Germany"
"1796",2020-05-23,"Protests","Germany"
"1797",2020-05-23,"Protests","Germany"
"1798",2020-05-23,"Protests","Germany"
"1799",2020-05-23,"Protests","Germany"
"1800",2020-05-23,"Riots","Germany"
"1801",2020-05-23,"Protests","Germany"
"1802",2020-05-23,"Protests","Germany"
"1803",2020-05-23,"Protests","Germany"
"1804",2020-05-23,"Protests","Germany"
"1805",2020-05-23,"Protests","Germany"
"1806",2020-05-23,"Protests","Germany"
"1807",2020-05-23,"Protests","Germany"
"1808",2020-05-23,"Protests","Germany"
"1809",2020-05-23,"Protests","Germany"
"1810",2020-05-23,"Protests","Germany"
"1811",2020-05-23,"Protests","Germany"
"1812",2020-05-23,"Protests","Germany"
"1813",2020-05-23,"Protests","Germany"
"1814",2020-05-23,"Protests","Germany"
"1815",2020-05-23,"Protests","Germany"
"1816",2020-05-23,"Protests","Germany"
"1817",2020-05-23,"Protests","Germany"
"1818",2020-05-23,"Protests","Germany"
"1819",2020-05-23,"Protests","Germany"
"1820",2020-05-23,"Protests","Germany"
"1821",2020-05-23,"Protests","Germany"
"1822",2020-05-23,"Protests","Germany"
"1823",2020-05-23,"Protests","Germany"
"1824",2020-05-23,"Protests","Germany"
"1825",2020-05-23,"Protests","Germany"
"1826",2020-05-23,"Protests","Germany"
"1827",2020-05-23,"Protests","Germany"
"1828",2020-05-23,"Protests","Germany"
"1829",2020-05-23,"Protests","Germany"
"1830",2020-05-23,"Protests","Germany"
"1831",2020-05-23,"Protests","Germany"
"1832",2020-05-23,"Protests","Germany"
"1833",2020-05-23,"Protests","Germany"
"1834",2020-05-23,"Protests","Germany"
"1835",2020-05-23,"Protests","Germany"
"1836",2020-05-23,"Protests","Germany"
"1837",2020-05-23,"Protests","Germany"
"1838",2020-05-23,"Protests","Germany"
"1839",2020-05-24,"Protests","Germany"
"1840",2020-05-24,"Protests","Germany"
"1841",2020-05-24,"Protests","Germany"
"1842",2020-05-24,"Protests","Germany"
"1843",2020-05-24,"Protests","Germany"
"1844",2020-05-24,"Protests","Germany"
"1845",2020-05-24,"Protests","Germany"
"1846",2020-05-24,"Protests","Germany"
"1847",2020-05-24,"Protests","Germany"
"1848",2020-05-24,"Protests","Germany"
"1849",2020-05-24,"Protests","Germany"
"1850",2020-05-24,"Protests","Germany"
"1851",2020-05-24,"Protests","Germany"
"1852",2020-05-24,"Protests","Germany"
"1853",2020-05-24,"Protests","Germany"
"1854",2020-05-24,"Protests","Germany"
"1855",2020-05-25,"Protests","Germany"
"1856",2020-05-25,"Protests","Germany"
"1857",2020-05-25,"Protests","Germany"
"1858",2020-05-25,"Protests","Germany"
"1859",2020-05-25,"Protests","Germany"
"1860",2020-05-25,"Protests","Germany"
"1861",2020-05-25,"Protests","Germany"
"1862",2020-05-25,"Protests","Germany"
"1863",2020-05-25,"Protests","Germany"
"1864",2020-05-25,"Protests","Germany"
"1865",2020-05-25,"Protests","Germany"
"1866",2020-05-25,"Protests","Germany"
"1867",2020-05-25,"Protests","Germany"
"1868",2020-05-26,"Protests","Germany"
"1869",2020-05-26,"Strategic developments","Germany"
"1870",2020-05-26,"Protests","Germany"
"1871",2020-05-26,"Strategic developments","Germany"
"1872",2020-05-26,"Protests","Germany"
"1873",2020-05-27,"Protests","Germany"
"1874",2020-05-27,"Protests","Germany"
"1875",2020-05-27,"Protests","Germany"
"1876",2020-05-27,"Protests","Germany"
"1877",2020-05-27,"Protests","Germany"
"1878",2020-05-27,"Protests","Germany"
"1879",2020-05-27,"Protests","Germany"
"1880",2020-05-27,"Protests","Germany"
"1881",2020-05-27,"Protests","Germany"
"1882",2020-05-27,"Protests","Germany"
"1883",2020-05-27,"Protests","Germany"
"1884",2020-05-27,"Protests","Germany"
"1885",2020-05-28,"Protests","Germany"
"1886",2020-05-28,"Protests","Germany"
"1887",2020-05-28,"Protests","Germany"
"1888",2020-05-28,"Protests","Germany"
"1889",2020-05-28,"Protests","Germany"
"1890",2020-05-28,"Protests","Germany"
"1891",2020-05-28,"Protests","Germany"
"1892",2020-05-28,"Protests","Germany"
"1893",2020-05-28,"Protests","Germany"
"1894",2020-05-28,"Protests","Germany"
"1895",2020-05-28,"Protests","Germany"
"1896",2020-05-28,"Protests","Germany"
"1897",2020-05-28,"Protests","Germany"
"1898",2020-05-28,"Protests","Germany"
"1899",2020-05-28,"Protests","Germany"
"1900",2020-05-28,"Protests","Germany"
"1901",2020-05-28,"Protests","Germany"
"1902",2020-05-29,"Protests","Germany"
"1903",2020-05-29,"Protests","Germany"
"1904",2020-05-29,"Protests","Germany"
"1905",2020-05-29,"Protests","Germany"
"1906",2020-05-29,"Protests","Germany"
"1907",2020-05-29,"Protests","Germany"
"1908",2020-05-29,"Protests","Germany"
"1909",2020-05-29,"Protests","Germany"
"1910",2020-05-29,"Protests","Germany"
"1911",2020-05-29,"Protests","Germany"
"1912",2020-05-30,"Protests","Germany"
"1913",2020-05-30,"Protests","Germany"
"1914",2020-05-30,"Protests","Germany"
"1915",2020-05-30,"Protests","Germany"
"1916",2020-05-30,"Protests","Germany"
"1917",2020-05-30,"Protests","Germany"
"1918",2020-05-30,"Protests","Germany"
"1919",2020-05-30,"Protests","Germany"
"1920",2020-05-30,"Protests","Germany"
"1921",2020-05-30,"Protests","Germany"
"1922",2020-05-30,"Protests","Germany"
"1923",2020-05-30,"Protests","Germany"
"1924",2020-05-30,"Protests","Germany"
"1925",2020-05-30,"Protests","Germany"
"1926",2020-05-30,"Protests","Germany"
"1927",2020-05-30,"Protests","Germany"
"1928",2020-05-30,"Protests","Germany"
"1929",2020-05-30,"Protests","Germany"
"1930",2020-05-30,"Protests","Germany"
"1931",2020-05-30,"Protests","Germany"
"1932",2020-05-30,"Protests","Germany"
"1933",2020-05-30,"Protests","Germany"
"1934",2020-05-30,"Protests","Germany"
"1935",2020-05-30,"Protests","Germany"
"1936",2020-05-30,"Riots","Germany"
"1937",2020-05-30,"Protests","Germany"
"1938",2020-05-30,"Protests","Germany"
"1939",2020-05-30,"Protests","Germany"
"1940",2020-05-30,"Protests","Germany"
"1941",2020-05-30,"Protests","Germany"
"1942",2020-05-30,"Protests","Germany"
"1943",2020-05-30,"Protests","Germany"
"1944",2020-05-30,"Protests","Germany"
"1945",2020-05-30,"Protests","Germany"
"1946",2020-05-30,"Protests","Germany"
"1947",2020-05-30,"Protests","Germany"
"1948",2020-05-31,"Protests","Germany"
"1949",2020-05-31,"Protests","Germany"
"1950",2020-05-31,"Protests","Germany"
"1951",2020-05-31,"Protests","Germany"
"1952",2020-05-31,"Protests","Germany"
"1953",2020-05-31,"Protests","Germany"
"1954",2020-05-31,"Protests","Germany"
"1955",2020-06-01,"Protests","Germany"
"1956",2020-06-01,"Riots","Germany"
"1957",2020-06-01,"Protests","Germany"
"1958",2020-06-01,"Protests","Germany"
"1959",2020-06-01,"Protests","Germany"
"1960",2020-06-01,"Protests","Germany"
"1961",2020-06-01,"Protests","Germany"
"1962",2020-06-01,"Protests","Germany"
"1963",2020-06-01,"Protests","Germany"
"1964",2020-06-01,"Protests","Germany"
"1965",2020-06-01,"Protests","Germany"
"1966",2020-06-01,"Protests","Germany"
"1967",2020-06-01,"Strategic developments","Germany"
"1968",2020-06-02,"Protests","Germany"
"1969",2020-06-02,"Protests","Germany"
"1970",2020-06-02,"Protests","Germany"
"1971",2020-06-02,"Strategic developments","Germany"
"1972",2020-06-02,"Protests","Germany"
"1973",2020-06-02,"Protests","Germany"
"1974",2020-06-02,"Protests","Germany"
"1975",2020-06-02,"Protests","Germany"
"1976",2020-06-02,"Protests","Germany"
"1977",2020-06-02,"Protests","Germany"
"1978",2020-06-02,"Protests","Germany"
"1979",2020-06-02,"Protests","Germany"
"1980",2020-06-02,"Protests","Germany"
"1981",2020-06-03,"Protests","Germany"
"1982",2020-06-03,"Protests","Germany"
"1983",2020-06-03,"Protests","Germany"
"1984",2020-06-03,"Protests","Germany"
"1985",2020-06-03,"Protests","Germany"
"1986",2020-06-03,"Strategic developments","Germany"
"1987",2020-06-04,"Strategic developments","Germany"
"1988",2020-06-04,"Protests","Germany"
"1989",2020-06-04,"Protests","Germany"
"1990",2020-06-05,"Protests","Germany"
"1991",2020-06-05,"Protests","Germany"
"1992",2020-06-05,"Protests","Germany"
"1993",2020-06-05,"Protests","Germany"
"1994",2020-06-05,"Protests","Germany"
"1995",2020-06-05,"Protests","Germany"
"1996",2020-06-05,"Protests","Germany"
"1997",2020-06-05,"Protests","Germany"
"1998",2020-06-05,"Protests","Germany"
"1999",2020-06-05,"Protests","Germany"
"2000",2020-06-05,"Protests","Germany"
"2001",2020-06-05,"Riots","Germany"
"2002",2020-06-05,"Protests","Germany"
"2003",2020-06-05,"Protests","Germany"
"2004",2020-06-05,"Protests","Germany"
"2005",2020-06-05,"Riots","Germany"
"2006",2020-06-06,"Protests","Germany"
"2007",2020-06-06,"Protests","Germany"
"2008",2020-06-06,"Protests","Germany"
"2009",2020-06-06,"Protests","Germany"
"2010",2020-06-06,"Protests","Germany"
"2011",2020-06-06,"Protests","Germany"
"2012",2020-06-06,"Protests","Germany"
"2013",2020-06-06,"Protests","Germany"
"2014",2020-06-06,"Protests","Germany"
"2015",2020-06-06,"Protests","Germany"
"2016",2020-06-06,"Protests","Germany"
"2017",2020-06-06,"Protests","Germany"
"2018",2020-06-06,"Protests","Germany"
"2019",2020-06-06,"Protests","Germany"
"2020",2020-06-06,"Protests","Germany"
"2021",2020-06-06,"Protests","Germany"
"2022",2020-06-06,"Riots","Germany"
"2023",2020-06-06,"Protests","Germany"
"2024",2020-06-06,"Protests","Germany"
"2025",2020-06-06,"Protests","Germany"
"2026",2020-06-06,"Riots","Germany"
"2027",2020-06-06,"Protests","Germany"
"2028",2020-06-06,"Protests","Germany"
"2029",2020-06-06,"Protests","Germany"
"2030",2020-06-06,"Protests","Germany"
"2031",2020-06-06,"Protests","Germany"
"2032",2020-06-06,"Protests","Germany"
"2033",2020-06-06,"Protests","Germany"
"2034",2020-06-06,"Protests","Germany"
"2035",2020-06-06,"Protests","Germany"
"2036",2020-06-06,"Protests","Germany"
"2037",2020-06-06,"Protests","Germany"
"2038",2020-06-06,"Protests","Germany"
"2039",2020-06-06,"Protests","Germany"
"2040",2020-06-06,"Protests","Germany"
"2041",2020-06-06,"Protests","Germany"
"2042",2020-06-06,"Protests","Germany"
"2043",2020-06-06,"Protests","Germany"
"2044",2020-06-06,"Protests","Germany"
"2045",2020-06-06,"Protests","Germany"
"2046",2020-06-06,"Protests","Germany"
"2047",2020-06-06,"Protests","Germany"
"2048",2020-06-06,"Riots","Germany"
"2049",2020-06-06,"Riots","Germany"
"2050",2020-06-06,"Protests","Germany"
"2051",2020-06-06,"Protests","Germany"
"2052",2020-06-06,"Protests","Germany"
"2053",2020-06-06,"Protests","Germany"
"2054",2020-06-06,"Protests","Germany"
"2055",2020-06-06,"Protests","Germany"
"2056",2020-06-06,"Protests","Germany"
"2057",2020-06-06,"Protests","Germany"
"2058",2020-06-06,"Protests","Germany"
"2059",2020-06-06,"Violence against civilians","Germany"
"2060",2020-06-06,"Riots","Germany"
"2061",2020-06-06,"Protests","Germany"
"2062",2020-06-06,"Protests","Germany"
"2063",2020-06-06,"Protests","Germany"
"2064",2020-06-06,"Protests","Germany"
"2065",2020-06-06,"Protests","Germany"
"2066",2020-06-06,"Protests","Germany"
"2067",2020-06-06,"Protests","Germany"
"2068",2020-06-06,"Protests","Germany"
"2069",2020-06-06,"Protests","Germany"
"2070",2020-06-06,"Protests","Germany"
"2071",2020-06-06,"Protests","Germany"
"2072",2020-06-07,"Protests","Germany"
"2073",2020-06-07,"Protests","Germany"
"2074",2020-06-07,"Protests","Germany"
"2075",2020-06-07,"Protests","Germany"
"2076",2020-06-07,"Protests","Germany"
"2077",2020-06-07,"Protests","Germany"
"2078",2020-06-07,"Protests","Germany"
"2079",2020-06-07,"Protests","Germany"
"2080",2020-06-07,"Protests","Germany"
"2081",2020-06-07,"Protests","Germany"
"2082",2020-06-07,"Protests","Germany"
"2083",2020-06-07,"Protests","Germany"
"2084",2020-06-07,"Riots","Germany"
"2085",2020-06-07,"Strategic developments","Germany"
"2086",2020-06-07,"Protests","Germany"
"2087",2020-06-07,"Protests","Germany"
"2088",2020-06-07,"Protests","Germany"
"2089",2020-06-07,"Protests","Germany"
"2090",2020-06-07,"Protests","Germany"
"2091",2020-06-07,"Protests","Germany"
"2092",2020-06-07,"Protests","Germany"
"2093",2020-06-08,"Strategic developments","Germany"
"2094",2020-06-08,"Protests","Germany"
"2095",2020-06-08,"Protests","Germany"
"2096",2020-06-08,"Protests","Germany"
"2097",2020-06-08,"Protests","Germany"
"2098",2020-06-08,"Protests","Germany"
"2099",2020-06-08,"Protests","Germany"
"2100",2020-06-08,"Protests","Germany"
"2101",2020-06-08,"Protests","Germany"
"2102",2020-06-08,"Protests","Germany"
"2103",2020-06-08,"Protests","Germany"
"2104",2020-06-08,"Protests","Germany"
"2105",2020-06-08,"Protests","Germany"
"2106",2020-06-08,"Protests","Germany"
"2107",2020-06-08,"Protests","Germany"
"2108",2020-06-08,"Protests","Germany"
"2109",2020-06-08,"Protests","Germany"
"2110",2020-06-08,"Protests","Germany"
"2111",2020-06-09,"Protests","Germany"
"2112",2020-06-09,"Protests","Germany"
"2113",2020-06-09,"Protests","Germany"
"2114",2020-06-09,"Protests","Germany"
"2115",2020-06-09,"Protests","Germany"
"2116",2020-06-09,"Riots","Germany"
"2117",2020-06-09,"Protests","Germany"
"2118",2020-06-10,"Protests","Germany"
"2119",2020-06-10,"Riots","Germany"
"2120",2020-06-10,"Protests","Germany"
"2121",2020-06-10,"Explosions/Remote violence","Germany"
"2122",2020-06-11,"Protests","Germany"
"2123",2020-06-11,"Protests","Germany"
"2124",2020-06-11,"Protests","Germany"
"2125",2020-06-11,"Protests","Germany"
"2126",2020-06-11,"Protests","Germany"
"2127",2020-06-11,"Explosions/Remote violence","Germany"
"2128",2020-06-12,"Protests","Germany"
"2129",2020-06-12,"Protests","Germany"
"2130",2020-06-12,"Protests","Germany"
"2131",2020-06-12,"Protests","Germany"
"2132",2020-06-12,"Protests","Germany"
"2133",2020-06-12,"Protests","Germany"
"2134",2020-06-12,"Protests","Germany"
"2135",2020-06-12,"Protests","Germany"
"2136",2020-06-13,"Protests","Germany"
"2137",2020-06-13,"Protests","Germany"
"2138",2020-06-13,"Protests","Germany"
"2139",2020-06-13,"Protests","Germany"
"2140",2020-06-13,"Protests","Germany"
"2141",2020-06-13,"Protests","Germany"
"2142",2020-06-13,"Protests","Germany"
"2143",2020-06-13,"Protests","Germany"
"2144",2020-06-13,"Protests","Germany"
"2145",2020-06-13,"Protests","Germany"
"2146",2020-06-13,"Protests","Germany"
"2147",2020-06-13,"Protests","Germany"
"2148",2020-06-13,"Protests","Germany"
"2149",2020-06-13,"Protests","Germany"
"2150",2020-06-13,"Protests","Germany"
"2151",2020-06-13,"Protests","Germany"
"2152",2020-06-13,"Protests","Germany"
"2153",2020-06-13,"Protests","Germany"
"2154",2020-06-13,"Protests","Germany"
"2155",2020-06-13,"Protests","Germany"
"2156",2020-06-13,"Protests","Germany"
"2157",2020-06-13,"Protests","Germany"
"2158",2020-06-13,"Protests","Germany"
"2159",2020-06-13,"Protests","Germany"
"2160",2020-06-13,"Protests","Germany"
"2161",2020-06-13,"Protests","Germany"
"2162",2020-06-13,"Protests","Germany"
"2163",2020-06-13,"Protests","Germany"
"2164",2020-06-13,"Protests","Germany"
"2165",2020-06-13,"Protests","Germany"
"2166",2020-06-13,"Protests","Germany"
"2167",2020-06-13,"Protests","Germany"
"2168",2020-06-13,"Protests","Germany"
"2169",2020-06-13,"Protests","Germany"
"2170",2020-06-14,"Protests","Germany"
"2171",2020-06-14,"Strategic developments","Germany"
"2172",2020-06-14,"Protests","Germany"
"2173",2020-06-14,"Protests","Germany"
"2174",2020-06-14,"Protests","Germany"
"2175",2020-06-14,"Protests","Germany"
"2176",2020-06-14,"Protests","Germany"
"2177",2020-06-14,"Protests","Germany"
"2178",2020-06-14,"Protests","Germany"
"2179",2020-06-14,"Protests","Germany"
"2180",2020-06-14,"Protests","Germany"
"2181",2020-06-14,"Protests","Germany"
"2182",2020-06-14,"Protests","Germany"
"2183",2020-06-14,"Protests","Germany"
"2184",2020-06-14,"Protests","Germany"
"2185",2020-06-14,"Protests","Germany"
"2186",2020-06-14,"Protests","Germany"
"2187",2020-06-14,"Strategic developments","Germany"
"2188",2020-06-14,"Strategic developments","Germany"
"2189",2020-06-14,"Protests","Germany"
"2190",2020-06-15,"Protests","Germany"
"2191",2020-06-15,"Protests","Germany"
"2192",2020-06-15,"Strategic developments","Germany"
"2193",2020-06-15,"Protests","Germany"
"2194",2020-06-15,"Protests","Germany"
"2195",2020-06-15,"Protests","Germany"
"2196",2020-06-15,"Protests","Germany"
"2197",2020-06-15,"Protests","Germany"
"2198",2020-06-15,"Protests","Germany"
"2199",2020-06-16,"Protests","Germany"
"2200",2020-06-16,"Protests","Germany"
"2201",2020-06-16,"Protests","Germany"
"2202",2020-06-16,"Protests","Germany"
"2203",2020-06-16,"Protests","Germany"
"2204",2020-06-16,"Protests","Germany"
"2205",2020-06-16,"Protests","Germany"
"2206",2020-06-16,"Protests","Germany"
"2207",2020-06-17,"Protests","Germany"
"2208",2020-06-17,"Protests","Germany"
"2209",2020-06-17,"Protests","Germany"
"2210",2020-06-17,"Protests","Germany"
"2211",2020-06-17,"Protests","Germany"
"2212",2020-06-17,"Protests","Germany"
"2213",2020-06-17,"Protests","Germany"
"2214",2020-06-18,"Strategic developments","Germany"
"2215",2020-06-18,"Protests","Germany"
"2216",2020-06-18,"Protests","Germany"
"2217",2020-06-18,"Protests","Germany"
"2218",2020-06-18,"Protests","Germany"
"2219",2020-06-18,"Protests","Germany"
"2220",2020-06-18,"Strategic developments","Germany"
"2221",2020-06-18,"Protests","Germany"
"2222",2020-06-18,"Protests","Germany"
"2223",2020-06-18,"Protests","Germany"
"2224",2020-06-18,"Protests","Germany"
"2225",2020-06-18,"Strategic developments","Germany"
"2226",2020-06-19,"Protests","Germany"
"2227",2020-06-19,"Protests","Germany"
"2228",2020-06-19,"Protests","Germany"
"2229",2020-06-19,"Protests","Germany"
"2230",2020-06-19,"Protests","Germany"
"2231",2020-06-19,"Protests","Germany"
"2232",2020-06-19,"Protests","Germany"
"2233",2020-06-19,"Protests","Germany"
"2234",2020-06-19,"Protests","Germany"
"2235",2020-06-19,"Protests","Germany"
"2236",2020-06-19,"Protests","Germany"
"2237",2020-06-19,"Protests","Germany"
"2238",2020-06-19,"Protests","Germany"
"2239",2020-06-19,"Protests","Germany"
"2240",2020-06-19,"Protests","Germany"
"2241",2020-06-19,"Protests","Germany"
"2242",2020-06-20,"Protests","Germany"
"2243",2020-06-20,"Protests","Germany"
"2244",2020-06-20,"Protests","Germany"
"2245",2020-06-20,"Protests","Germany"
"2246",2020-06-20,"Protests","Germany"
"2247",2020-06-20,"Protests","Germany"
"2248",2020-06-20,"Protests","Germany"
"2249",2020-06-20,"Protests","Germany"
"2250",2020-06-20,"Protests","Germany"
"2251",2020-06-20,"Protests","Germany"
"2252",2020-06-20,"Protests","Germany"
"2253",2020-06-20,"Protests","Germany"
"2254",2020-06-20,"Protests","Germany"
"2255",2020-06-20,"Protests","Germany"
"2256",2020-06-20,"Protests","Germany"
"2257",2020-06-20,"Protests","Germany"
"2258",2020-06-20,"Protests","Germany"
"2259",2020-06-20,"Protests","Germany"
"2260",2020-06-20,"Protests","Germany"
"2261",2020-06-20,"Protests","Germany"
"2262",2020-06-20,"Protests","Germany"
"2263",2020-06-20,"Protests","Germany"
"2264",2020-06-20,"Protests","Germany"
"2265",2020-06-20,"Protests","Germany"
"2266",2020-06-20,"Protests","Germany"
"2267",2020-06-20,"Protests","Germany"
"2268",2020-06-20,"Violence against civilians","Germany"
"2269",2020-06-20,"Protests","Germany"
"2270",2020-06-20,"Protests","Germany"
"2271",2020-06-20,"Riots","Germany"
"2272",2020-06-20,"Riots","Germany"
"2273",2020-06-20,"Protests","Germany"
"2274",2020-06-20,"Protests","Germany"
"2275",2020-06-20,"Riots","Germany"
"2276",2020-06-20,"Protests","Germany"
"2277",2020-06-20,"Protests","Germany"
"2278",2020-06-20,"Protests","Germany"
"2279",2020-06-20,"Protests","Germany"
"2280",2020-06-21,"Protests","Germany"
"2281",2020-06-21,"Protests","Germany"
"2282",2020-06-21,"Protests","Germany"
"2283",2020-06-21,"Protests","Germany"
"2284",2020-06-21,"Protests","Germany"
"2285",2020-06-21,"Protests","Germany"
"2286",2020-06-21,"Protests","Germany"
"2287",2020-06-22,"Protests","Germany"
"2288",2020-06-22,"Protests","Germany"
"2289",2020-06-23,"Protests","Germany"
"2290",2020-06-23,"Protests","Germany"
"2291",2020-06-23,"Protests","Germany"
"2292",2020-06-23,"Protests","Germany"
"2293",2020-06-23,"Riots","Germany"
"2294",2020-06-23,"Protests","Germany"
"2295",2020-06-24,"Protests","Germany"
"2296",2020-06-24,"Strategic developments","Germany"
"2297",2020-06-24,"Protests","Germany"
"2298",2020-06-24,"Protests","Germany"
"2299",2020-06-24,"Protests","Germany"
"2300",2020-06-24,"Protests","Germany"
"2301",2020-06-25,"Protests","Germany"
"2302",2020-06-25,"Protests","Germany"
"2303",2020-06-25,"Protests","Germany"
"2304",2020-06-25,"Protests","Germany"
"2305",2020-06-25,"Protests","Germany"
"2306",2020-06-25,"Protests","Germany"
"2307",2020-06-26,"Protests","Germany"
"2308",2020-06-26,"Protests","Germany"
"2309",2020-06-26,"Protests","Germany"
"2310",2020-06-26,"Protests","Germany"
"2311",2020-06-26,"Protests","Germany"
"2312",2020-06-26,"Protests","Germany"
"2313",2020-06-26,"Protests","Germany"
"2314",2020-06-26,"Protests","Germany"
"2315",2020-06-26,"Protests","Germany"
"2316",2020-06-26,"Protests","Germany"
"2317",2020-06-26,"Protests","Germany"
"2318",2020-06-26,"Protests","Germany"
"2319",2020-06-26,"Protests","Germany"
"2320",2020-06-26,"Protests","Germany"
"2321",2020-06-26,"Protests","Germany"
"2322",2020-06-26,"Protests","Germany"
"2323",2020-06-26,"Protests","Germany"
"2324",2020-06-26,"Protests","Germany"
"2325",2020-06-26,"Protests","Germany"
"2326",2020-06-26,"Protests","Germany"
"2327",2020-06-26,"Protests","Germany"
"2328",2020-06-26,"Protests","Germany"
"2329",2020-06-26,"Protests","Germany"
"2330",2020-06-26,"Protests","Germany"
"2331",2020-06-27,"Protests","Germany"
"2332",2020-06-27,"Protests","Germany"
"2333",2020-06-27,"Protests","Germany"
"2334",2020-06-27,"Protests","Germany"
"2335",2020-06-27,"Protests","Germany"
"2336",2020-06-27,"Protests","Germany"
"2337",2020-06-27,"Protests","Germany"
"2338",2020-06-27,"Protests","Germany"
"2339",2020-06-27,"Protests","Germany"
"2340",2020-06-27,"Protests","Germany"
"2341",2020-06-27,"Protests","Germany"
"2342",2020-06-27,"Protests","Germany"
"2343",2020-06-27,"Protests","Germany"
"2344",2020-06-27,"Protests","Germany"
"2345",2020-06-27,"Protests","Germany"
"2346",2020-06-27,"Protests","Germany"
"2347",2020-06-27,"Protests","Germany"
"2348",2020-06-27,"Protests","Germany"
"2349",2020-06-27,"Protests","Germany"
"2350",2020-06-27,"Protests","Germany"
"2351",2020-06-27,"Protests","Germany"
"2352",2020-06-27,"Protests","Germany"
"2353",2020-06-27,"Protests","Germany"
"2354",2020-06-27,"Protests","Germany"
"2355",2020-06-27,"Protests","Germany"
"2356",2020-06-28,"Protests","Germany"
"2357",2020-06-28,"Protests","Germany"
"2358",2020-06-28,"Protests","Germany"
"2359",2020-06-28,"Protests","Germany"
"2360",2020-06-28,"Violence against civilians","Germany"
"2361",2020-06-28,"Strategic developments","Germany"
"2362",2020-06-28,"Protests","Germany"
"2363",2020-06-28,"Protests","Germany"
"2364",2020-06-28,"Strategic developments","Germany"
"2365",2020-06-28,"Protests","Germany"
"2366",2020-06-28,"Protests","Germany"
"2367",2020-06-28,"Protests","Germany"
"2368",2020-06-29,"Strategic developments","Germany"
"2369",2020-06-29,"Protests","Germany"
"2370",2020-06-29,"Protests","Germany"
"2371",2020-06-29,"Protests","Germany"
"2372",2020-06-29,"Protests","Germany"
"2373",2020-06-29,"Protests","Germany"
"2374",2020-06-29,"Protests","Germany"
"2375",2020-06-29,"Protests","Germany"
"2376",2020-06-29,"Protests","Germany"
"2377",2020-06-29,"Protests","Germany"
"2378",2020-06-29,"Riots","Germany"
"2379",2020-06-30,"Protests","Germany"
"2380",2020-06-30,"Protests","Germany"
"2381",2020-06-30,"Protests","Germany"
"2382",2020-06-30,"Protests","Germany"
"2383",2020-06-30,"Protests","Germany"
"2384",2020-06-30,"Strategic developments","Germany"
"2385",2020-07-01,"Protests","Germany"
"2386",2020-07-01,"Protests","Germany"
"2387",2020-07-01,"Protests","Germany"
"2388",2020-07-01,"Protests","Germany"
"2389",2020-07-01,"Protests","Germany"
"2390",2020-07-01,"Violence against civilians","Germany"
"2391",2020-07-01,"Protests","Germany"
"2392",2020-07-01,"Protests","Germany"
"2393",2020-07-01,"Protests","Germany"
"2394",2020-07-01,"Protests","Germany"
"2395",2020-07-01,"Protests","Germany"
"2396",2020-07-01,"Protests","Germany"
"2397",2020-07-01,"Protests","Germany"
"2398",2020-07-02,"Protests","Germany"
"2399",2020-07-02,"Protests","Germany"
"2400",2020-07-02,"Protests","Germany"
"2401",2020-07-02,"Protests","Germany"
"2402",2020-07-02,"Protests","Germany"
"2403",2020-07-02,"Protests","Germany"
"2404",2020-07-02,"Protests","Germany"
"2405",2020-07-02,"Protests","Germany"
"2406",2020-07-02,"Protests","Germany"
"2407",2020-07-02,"Protests","Germany"
"2408",2020-07-02,"Protests","Germany"
"2409",2020-07-03,"Strategic developments","Germany"
"2410",2020-07-03,"Protests","Germany"
"2411",2020-07-03,"Protests","Germany"
"2412",2020-07-03,"Protests","Germany"
"2413",2020-07-03,"Protests","Germany"
"2414",2020-07-03,"Protests","Germany"
"2415",2020-07-03,"Protests","Germany"
"2416",2020-07-03,"Protests","Germany"
"2417",2020-07-03,"Protests","Germany"
"2418",2020-07-03,"Protests","Germany"
"2419",2020-07-03,"Strategic developments","Germany"
"2420",2020-07-03,"Protests","Germany"
"2421",2020-07-03,"Protests","Germany"
"2422",2020-07-03,"Protests","Germany"
"2423",2020-07-03,"Protests","Germany"
"2424",2020-07-03,"Protests","Germany"
"2425",2020-07-04,"Protests","Germany"
"2426",2020-07-04,"Protests","Germany"
"2427",2020-07-04,"Protests","Germany"
"2428",2020-07-04,"Protests","Germany"
"2429",2020-07-04,"Protests","Germany"
"2430",2020-07-04,"Protests","Germany"
"2431",2020-07-04,"Protests","Germany"
"2432",2020-07-04,"Protests","Germany"
"2433",2020-07-04,"Protests","Germany"
"2434",2020-07-04,"Protests","Germany"
"2435",2020-07-04,"Protests","Germany"
"2436",2020-07-04,"Protests","Germany"
"2437",2020-07-04,"Protests","Germany"
"2438",2020-07-04,"Protests","Germany"
"2439",2020-07-04,"Protests","Germany"
"2440",2020-07-04,"Protests","Germany"
"2441",2020-07-04,"Protests","Germany"
"2442",2020-07-04,"Protests","Germany"
"2443",2020-07-04,"Protests","Germany"
"2444",2020-07-04,"Protests","Germany"
"2445",2020-07-04,"Protests","Germany"
"2446",2020-07-04,"Protests","Germany"
"2447",2020-07-04,"Protests","Germany"
"2448",2020-07-04,"Protests","Germany"
"2449",2020-07-04,"Protests","Germany"
"2450",2020-07-04,"Protests","Germany"
"2451",2020-07-04,"Protests","Germany"
"2452",2020-07-04,"Protests","Germany"
"2453",2020-07-04,"Protests","Germany"
"2454",2020-07-04,"Protests","Germany"
"2455",2020-07-04,"Protests","Germany"
"2456",2020-07-04,"Protests","Germany"
"2457",2020-07-04,"Protests","Germany"
"2458",2020-07-04,"Protests","Germany"
"2459",2020-07-04,"Protests","Germany"
"2460",2020-07-04,"Protests","Germany"
"2461",2020-07-04,"Protests","Germany"
"2462",2020-07-04,"Protests","Germany"
"2463",2020-07-04,"Protests","Germany"
"2464",2020-07-04,"Protests","Germany"
"2465",2020-07-04,"Protests","Germany"
"2466",2020-07-04,"Protests","Germany"
"2467",2020-07-05,"Protests","Germany"
"2468",2020-07-05,"Protests","Germany"
"2469",2020-07-05,"Protests","Germany"
"2470",2020-07-05,"Protests","Germany"
"2471",2020-07-05,"Protests","Germany"
"2472",2020-07-05,"Protests","Germany"
"2473",2020-07-05,"Strategic developments","Germany"
"2474",2020-07-05,"Strategic developments","Germany"
"2475",2020-07-05,"Protests","Germany"
"2476",2020-07-05,"Protests","Germany"
"2477",2020-07-06,"Protests","Germany"
"2478",2020-07-06,"Protests","Germany"
"2479",2020-07-06,"Protests","Germany"
"2480",2020-07-06,"Protests","Germany"
"2481",2020-07-06,"Protests","Germany"
"2482",2020-07-06,"Protests","Germany"
"2483",2020-07-07,"Protests","Germany"
"2484",2020-07-07,"Protests","Germany"
"2485",2020-07-07,"Protests","Germany"
"2486",2020-07-07,"Protests","Germany"
"2487",2020-07-07,"Protests","Germany"
"2488",2020-07-07,"Protests","Germany"
"2489",2020-07-08,"Protests","Germany"
"2490",2020-07-08,"Protests","Germany"
"2491",2020-07-08,"Protests","Germany"
"2492",2020-07-08,"Protests","Germany"
"2493",2020-07-08,"Protests","Germany"
"2494",2020-07-08,"Protests","Germany"
"2495",2020-07-08,"Protests","Germany"
"2496",2020-07-08,"Protests","Germany"
"2497",2020-07-08,"Protests","Germany"
"2498",2020-07-08,"Protests","Germany"
"2499",2020-07-08,"Strategic developments","Germany"
"2500",2020-07-09,"Protests","Germany"
"2501",2020-07-09,"Protests","Germany"
"2502",2020-07-09,"Protests","Germany"
"2503",2020-07-09,"Protests","Germany"
"2504",2020-07-09,"Protests","Germany"
"2505",2020-07-09,"Protests","Germany"
"2506",2020-07-09,"Protests","Germany"
"2507",2020-07-09,"Protests","Germany"
"2508",2020-07-09,"Protests","Germany"
"2509",2020-07-09,"Protests","Germany"
"2510",2020-07-09,"Strategic developments","Germany"
"2511",2020-07-10,"Protests","Germany"
"2512",2020-07-10,"Protests","Germany"
"2513",2020-07-10,"Protests","Germany"
"2514",2020-07-10,"Protests","Germany"
"2515",2020-07-10,"Protests","Germany"
"2516",2020-07-10,"Protests","Germany"
"2517",2020-07-10,"Protests","Germany"
"2518",2020-07-10,"Strategic developments","Germany"
"2519",2020-07-10,"Protests","Germany"
"2520",2020-07-10,"Protests","Germany"
"2521",2020-07-10,"Protests","Germany"
"2522",2020-07-10,"Protests","Germany"
"2523",2020-07-10,"Protests","Germany"
"2524",2020-07-10,"Strategic developments","Germany"
"2525",2020-07-11,"Protests","Germany"
"2526",2020-07-11,"Protests","Germany"
"2527",2020-07-11,"Protests","Germany"
"2528",2020-07-11,"Violence against civilians","Germany"
"2529",2020-07-11,"Protests","Germany"
"2530",2020-07-11,"Strategic developments","Germany"
"2531",2020-07-11,"Protests","Germany"
"2532",2020-07-11,"Protests","Germany"
"2533",2020-07-11,"Protests","Germany"
"2534",2020-07-11,"Protests","Germany"
"2535",2020-07-11,"Protests","Germany"
"2536",2020-07-11,"Protests","Germany"
"2537",2020-07-11,"Protests","Germany"
"2538",2020-07-11,"Protests","Germany"
"2539",2020-07-11,"Protests","Germany"
"2540",2020-07-11,"Protests","Germany"
"2541",2020-07-11,"Protests","Germany"
"2542",2020-07-11,"Protests","Germany"
"2543",2020-07-11,"Protests","Germany"
"2544",2020-07-11,"Protests","Germany"
"2545",2020-07-11,"Protests","Germany"
"2546",2020-07-11,"Protests","Germany"
"2547",2020-07-11,"Riots","Germany"
"2548",2020-07-11,"Protests","Germany"
"2549",2020-07-11,"Strategic developments","Germany"
"2550",2020-07-11,"Protests","Germany"
"2551",2020-07-11,"Protests","Germany"
"2552",2020-07-11,"Protests","Germany"
"2553",2020-07-12,"Protests","Germany"
"2554",2020-07-12,"Protests","Germany"
"2555",2020-07-12,"Protests","Germany"
"2556",2020-07-12,"Protests","Germany"
"2557",2020-07-12,"Protests","Germany"
"2558",2020-07-12,"Protests","Germany"
"2559",2020-07-12,"Protests","Germany"
"2560",2020-07-12,"Protests","Germany"
"2561",2020-07-12,"Protests","Germany"
"2562",2020-07-13,"Protests","Germany"
"2563",2020-07-13,"Protests","Germany"
"2564",2020-07-13,"Protests","Germany"
"2565",2020-07-13,"Protests","Germany"
"2566",2020-07-13,"Protests","Germany"
"2567",2020-07-13,"Strategic developments","Germany"
"2568",2020-07-13,"Riots","Germany"
"2569",2020-07-13,"Protests","Germany"
"2570",2020-07-14,"Protests","Germany"
"2571",2020-07-14,"Protests","Germany"
"2572",2020-07-14,"Protests","Germany"
"2573",2020-07-14,"Protests","Germany"
"2574",2020-07-14,"Protests","Germany"
"2575",2020-07-14,"Protests","Germany"
"2576",2020-07-14,"Protests","Germany"
"2577",2020-07-14,"Strategic developments","Germany"
"2578",2020-07-14,"Protests","Germany"
"2579",2020-07-15,"Protests","Germany"
"2580",2020-07-15,"Strategic developments","Germany"
"2581",2020-07-15,"Protests","Germany"
"2582",2020-07-15,"Protests","Germany"
"2583",2020-07-15,"Protests","Germany"
"2584",2020-07-15,"Protests","Germany"
"2585",2020-07-15,"Protests","Germany"
"2586",2020-07-15,"Strategic developments","Germany"
"2587",2020-07-16,"Protests","Germany"
"2588",2020-07-16,"Protests","Germany"
"2589",2020-07-16,"Protests","Germany"
"2590",2020-07-16,"Protests","Germany"
"2591",2020-07-16,"Protests","Germany"
"2592",2020-07-16,"Protests","Germany"
"2593",2020-07-16,"Protests","Germany"
"2594",2020-07-16,"Protests","Germany"
"2595",2020-07-16,"Protests","Germany"
"2596",2020-07-16,"Protests","Germany"
"2597",2020-07-16,"Riots","Germany"
"2598",2020-07-17,"Protests","Germany"
"2599",2020-07-17,"Strategic developments","Germany"
"2600",2020-07-17,"Protests","Germany"
"2601",2020-07-17,"Protests","Germany"
"2602",2020-07-17,"Protests","Germany"
"2603",2020-07-17,"Protests","Germany"
"2604",2020-07-17,"Protests","Germany"
"2605",2020-07-17,"Protests","Germany"
"2606",2020-07-17,"Protests","Germany"
"2607",2020-07-17,"Riots","Germany"
"2608",2020-07-17,"Protests","Germany"
"2609",2020-07-17,"Protests","Germany"
"2610",2020-07-17,"Protests","Germany"
"2611",2020-07-18,"Protests","Germany"
"2612",2020-07-18,"Protests","Germany"
"2613",2020-07-18,"Protests","Germany"
"2614",2020-07-18,"Protests","Germany"
"2615",2020-07-18,"Protests","Germany"
"2616",2020-07-18,"Protests","Germany"
"2617",2020-07-18,"Protests","Germany"
"2618",2020-07-18,"Protests","Germany"
"2619",2020-07-18,"Protests","Germany"
"2620",2020-07-18,"Protests","Germany"
"2621",2020-07-18,"Protests","Germany"
"2622",2020-07-18,"Protests","Germany"
"2623",2020-07-18,"Protests","Germany"
"2624",2020-07-18,"Protests","Germany"
"2625",2020-07-18,"Protests","Germany"
"2626",2020-07-18,"Protests","Germany"
"2627",2020-07-18,"Protests","Germany"
"2628",2020-07-18,"Protests","Germany"
"2629",2020-07-18,"Protests","Germany"
"2630",2020-07-18,"Strategic developments","Germany"
"2631",2020-07-18,"Protests","Germany"
"2632",2020-07-18,"Protests","Germany"
"2633",2020-07-18,"Protests","Germany"
"2634",2020-07-18,"Protests","Germany"
"2635",2020-07-18,"Protests","Germany"
"2636",2020-07-19,"Protests","Germany"
"2637",2020-07-19,"Protests","Germany"
"2638",2020-07-19,"Protests","Germany"
"2639",2020-07-19,"Protests","Germany"
"2640",2020-07-20,"Protests","Germany"
"2641",2020-07-20,"Protests","Germany"
"2642",2020-07-20,"Protests","Germany"
"2643",2020-07-20,"Protests","Germany"
"2644",2020-07-20,"Protests","Germany"
"2645",2020-07-21,"Protests","Germany"
"2646",2020-07-21,"Protests","Germany"
"2647",2020-07-21,"Protests","Germany"
"2648",2020-07-21,"Protests","Germany"
"2649",2020-07-21,"Protests","Germany"
"2650",2020-07-21,"Strategic developments","Germany"
"2651",2020-07-21,"Protests","Germany"
"2652",2020-07-21,"Protests","Germany"
"2653",2020-07-22,"Strategic developments","Germany"
"2654",2020-07-22,"Riots","Germany"
"2655",2020-07-22,"Protests","Germany"
"2656",2020-07-22,"Protests","Germany"
"2657",2020-07-22,"Protests","Germany"
"2658",2020-07-22,"Protests","Germany"
"2659",2020-07-22,"Strategic developments","Germany"
"2660",2020-07-22,"Protests","Germany"
"2661",2020-07-22,"Protests","Germany"
"2662",2020-07-23,"Protests","Germany"
"2663",2020-07-23,"Riots","Germany"
"2664",2020-07-23,"Protests","Germany"
"2665",2020-07-23,"Strategic developments","Germany"
"2666",2020-07-23,"Protests","Germany"
"2667",2020-07-23,"Riots","Germany"
"2668",2020-07-24,"Protests","Germany"
"2669",2020-07-24,"Protests","Germany"
"2670",2020-07-24,"Protests","Germany"
"2671",2020-07-24,"Protests","Germany"
"2672",2020-07-24,"Protests","Germany"
"2673",2020-07-24,"Protests","Germany"
"2674",2020-07-24,"Protests","Germany"
"2675",2020-07-24,"Protests","Germany"
"2676",2020-07-24,"Protests","Germany"
"2677",2020-07-24,"Protests","Germany"
"2678",2020-07-24,"Protests","Germany"
"2679",2020-07-24,"Protests","Germany"
"2680",2020-07-24,"Protests","Germany"
"2681",2020-07-25,"Protests","Germany"
"2682",2020-07-25,"Riots","Germany"
"2683",2020-07-25,"Protests","Germany"
"2684",2020-07-25,"Protests","Germany"
"2685",2020-07-25,"Protests","Germany"
"2686",2020-07-25,"Protests","Germany"
"2687",2020-07-25,"Protests","Germany"
"2688",2020-07-25,"Protests","Germany"
"2689",2020-07-25,"Protests","Germany"
"2690",2020-07-25,"Protests","Germany"
"2691",2020-07-25,"Protests","Germany"
"2692",2020-07-25,"Protests","Germany"
"2693",2020-07-25,"Protests","Germany"
"2694",2020-07-26,"Protests","Germany"
"2695",2020-07-26,"Protests","Germany"
"2696",2020-07-26,"Protests","Germany"
"2697",2020-07-26,"Protests","Germany"
"2698",2020-07-26,"Protests","Germany"
"2699",2020-07-26,"Protests","Germany"
"2700",2020-07-26,"Protests","Germany"
"2701",2020-07-26,"Strategic developments","Germany"
"2702",2020-07-26,"Protests","Germany"
"2703",2020-07-26,"Protests","Germany"
"2704",2020-07-28,"Protests","Germany"
"2705",2020-07-28,"Protests","Germany"
"2706",2020-07-28,"Protests","Germany"
"2707",2020-07-28,"Protests","Germany"
"2708",2020-07-28,"Protests","Germany"
"2709",2020-07-28,"Protests","Germany"
"2710",2020-07-28,"Protests","Germany"
"2711",2020-07-28,"Strategic developments","Germany"
"2712",2020-07-29,"Protests","Germany"
"2713",2020-07-29,"Protests","Germany"
"2714",2020-07-29,"Protests","Germany"
"2715",2020-07-29,"Protests","Germany"
"2716",2020-07-30,"Protests","Germany"
"2717",2020-07-30,"Protests","Germany"
"2718",2020-07-30,"Protests","Germany"
"2719",2020-07-30,"Strategic developments","Germany"
"2720",2020-07-30,"Strategic developments","Germany"
"2721",2020-07-30,"Strategic developments","Germany"
"2722",2020-07-31,"Protests","Germany"
"2723",2020-07-31,"Protests","Germany"
"2724",2020-07-31,"Protests","Germany"
"2725",2020-07-31,"Protests","Germany"
"2726",2020-07-31,"Strategic developments","Germany"
"2727",2020-07-31,"Protests","Germany"
"2728",2020-07-31,"Protests","Germany"
"2729",2020-07-31,"Protests","Germany"
"2730",2020-07-31,"Protests","Germany"
"2731",2020-08-01,"Protests","Germany"
"2732",2020-08-01,"Protests","Germany"
"2733",2020-08-01,"Protests","Germany"
"2734",2020-08-01,"Protests","Germany"
"2735",2020-08-01,"Riots","Germany"
"2736",2020-08-01,"Protests","Germany"
"2737",2020-08-01,"Protests","Germany"
"2738",2020-08-01,"Protests","Germany"
"2739",2020-08-01,"Protests","Germany"
"2740",2020-08-01,"Protests","Germany"
"2741",2020-08-01,"Protests","Germany"
"2742",2020-08-01,"Protests","Germany"
"2743",2020-08-01,"Strategic developments","Germany"
"2744",2020-08-01,"Strategic developments","Germany"
"2745",2020-08-01,"Riots","Germany"
"2746",2020-08-01,"Protests","Germany"
"2747",2020-08-01,"Protests","Germany"
"2748",2020-08-01,"Protests","Germany"
"2749",2020-08-01,"Protests","Germany"
"2750",2020-08-02,"Strategic developments","Germany"
"2751",2020-08-02,"Protests","Germany"
"2752",2020-08-03,"Protests","Germany"
"2753",2020-08-03,"Protests","Germany"
"2754",2020-08-03,"Protests","Germany"
"2755",2020-08-03,"Protests","Germany"
"2756",2020-08-03,"Protests","Germany"
"2757",2020-08-04,"Protests","Germany"
"2758",2020-08-04,"Protests","Germany"
"2759",2020-08-05,"Protests","Germany"
"2760",2020-08-05,"Protests","Germany"
"2761",2020-08-05,"Protests","Germany"
"2762",2020-08-05,"Protests","Germany"
"2763",2020-08-05,"Protests","Germany"
"2764",2020-08-05,"Protests","Germany"
"2765",2020-08-06,"Protests","Germany"
"2766",2020-08-06,"Protests","Germany"
"2767",2020-08-06,"Protests","Germany"
"2768",2020-08-06,"Protests","Germany"
"2769",2020-08-06,"Protests","Germany"
"2770",2020-08-06,"Protests","Germany"
"2771",2020-08-06,"Protests","Germany"
"2772",2020-08-06,"Protests","Germany"
"2773",2020-08-06,"Protests","Germany"
"2774",2020-08-06,"Riots","Germany"
"2775",2020-08-06,"Riots","Germany"
"2776",2020-08-07,"Protests","Germany"
"2777",2020-08-07,"Protests","Germany"
"2778",2020-08-07,"Protests","Germany"
"2779",2020-08-07,"Protests","Germany"
"2780",2020-08-07,"Protests","Germany"
"2781",2020-08-07,"Riots","Germany"
"2782",2020-08-07,"Protests","Germany"
"2783",2020-08-07,"Protests","Germany"
"2784",2020-08-07,"Protests","Germany"
"2785",2020-08-07,"Protests","Germany"
"2786",2020-08-07,"Protests","Germany"
"2787",2020-08-07,"Protests","Germany"
"2788",2020-08-08,"Protests","Germany"
"2789",2020-08-08,"Protests","Germany"
"2790",2020-08-08,"Protests","Germany"
"2791",2020-08-08,"Protests","Germany"
"2792",2020-08-08,"Protests","Germany"
"2793",2020-08-08,"Protests","Germany"
"2794",2020-08-08,"Protests","Germany"
"2795",2020-08-08,"Protests","Germany"
"2796",2020-08-08,"Protests","Germany"
"2797",2020-08-08,"Protests","Germany"
"2798",2020-08-08,"Protests","Germany"
"2799",2020-08-08,"Strategic developments","Germany"
"2800",2020-08-08,"Protests","Germany"
"2801",2020-08-08,"Protests","Germany"
"2802",2020-08-08,"Protests","Germany"
"2803",2020-08-08,"Protests","Germany"
"2804",2020-08-08,"Protests","Germany"
"2805",2020-08-08,"Protests","Germany"
"2806",2020-08-09,"Protests","Germany"
"2807",2020-08-09,"Protests","Germany"
"2808",2020-08-09,"Protests","Germany"
"2809",2020-08-09,"Protests","Germany"
"2810",2020-08-09,"Protests","Germany"
"2811",2020-08-09,"Protests","Germany"
"2812",2020-08-10,"Protests","Germany"
"2813",2020-08-10,"Strategic developments","Germany"
"2814",2020-08-10,"Protests","Germany"
"2815",2020-08-11,"Protests","Germany"
"2816",2020-08-11,"Protests","Germany"
"2817",2020-08-11,"Protests","Germany"
"2818",2020-08-11,"Protests","Germany"
"2819",2020-08-12,"Protests","Germany"
"2820",2020-08-12,"Protests","Germany"
"2821",2020-08-12,"Protests","Germany"
"2822",2020-08-12,"Protests","Germany"
"2823",2020-08-12,"Protests","Germany"
"2824",2020-08-12,"Strategic developments","Germany"
"2825",2020-08-13,"Strategic developments","Germany"
"2826",2020-08-13,"Protests","Germany"
"2827",2020-08-13,"Protests","Germany"
"2828",2020-08-13,"Protests","Germany"
"2829",2020-08-13,"Protests","Germany"
"2830",2020-08-13,"Protests","Germany"
"2831",2020-08-14,"Protests","Germany"
"2832",2020-08-14,"Protests","Germany"
"2833",2020-08-14,"Protests","Germany"
"2834",2020-08-14,"Protests","Germany"
"2835",2020-08-14,"Protests","Germany"
"2836",2020-08-14,"Protests","Germany"
"2837",2020-08-14,"Strategic developments","Germany"
"2838",2020-08-14,"Strategic developments","Germany"
"2839",2020-08-14,"Protests","Germany"
"2840",2020-08-14,"Protests","Germany"
"2841",2020-08-14,"Protests","Germany"
"2842",2020-08-15,"Protests","Germany"
"2843",2020-08-15,"Protests","Germany"
"2844",2020-08-15,"Protests","Germany"
"2845",2020-08-15,"Protests","Germany"
"2846",2020-08-15,"Protests","Germany"
"2847",2020-08-15,"Riots","Germany"
"2848",2020-08-15,"Protests","Germany"
"2849",2020-08-15,"Protests","Germany"
"2850",2020-08-15,"Protests","Germany"
"2851",2020-08-15,"Protests","Germany"
"2852",2020-08-15,"Protests","Germany"
"2853",2020-08-15,"Protests","Germany"
"2854",2020-08-15,"Riots","Germany"
"2855",2020-08-15,"Protests","Germany"
"2856",2020-08-15,"Protests","Germany"
"2857",2020-08-15,"Protests","Germany"
"2858",2020-08-15,"Violence against civilians","Germany"
"2859",2020-08-15,"Violence against civilians","Germany"
"2860",2020-08-15,"Protests","Germany"
"2861",2020-08-15,"Riots","Germany"
"2862",2020-08-15,"Protests","Germany"
"2863",2020-08-15,"Protests","Germany"
"2864",2020-08-15,"Protests","Germany"
"2865",2020-08-16,"Protests","Germany"
"2866",2020-08-16,"Protests","Germany"
"2867",2020-08-16,"Protests","Germany"
"2868",2020-08-16,"Protests","Germany"
"2869",2020-08-16,"Protests","Germany"
"2870",2020-08-16,"Riots","Germany"
"2871",2020-08-16,"Strategic developments","Germany"
"2872",2020-08-16,"Protests","Germany"
"2873",2020-08-16,"Protests","Germany"
"2874",2020-08-17,"Protests","Germany"
"2875",2020-08-17,"Protests","Germany"
"2876",2020-08-17,"Violence against civilians","Germany"
"2877",2020-08-17,"Protests","Germany"
"2878",2020-08-17,"Protests","Germany"
"2879",2020-08-17,"Riots","Germany"
"2880",2020-08-17,"Protests","Germany"
"2881",2020-08-17,"Strategic developments","Germany"
"2882",2020-08-17,"Riots","Germany"
"2883",2020-08-17,"Protests","Germany"
"2884",2020-08-18,"Protests","Germany"
"2885",2020-08-18,"Protests","Germany"
"2886",2020-08-18,"Protests","Germany"
"2887",2020-08-18,"Protests","Germany"
"2888",2020-08-18,"Protests","Germany"
"2889",2020-08-18,"Protests","Germany"
"2890",2020-08-18,"Protests","Germany"
"2891",2020-08-19,"Protests","Germany"
"2892",2020-08-19,"Protests","Germany"
"2893",2020-08-19,"Protests","Germany"
"2894",2020-08-19,"Protests","Germany"
"2895",2020-08-20,"Protests","Germany"
"2896",2020-08-20,"Protests","Germany"
"2897",2020-08-20,"Protests","Germany"
"2898",2020-08-20,"Strategic developments","Germany"
"2899",2020-08-20,"Protests","Germany"
"2900",2020-08-21,"Protests","Germany"
"2901",2020-08-21,"Protests","Germany"
"2902",2020-08-21,"Protests","Germany"
"2903",2020-08-21,"Protests","Germany"
"2904",2020-08-21,"Protests","Germany"
"2905",2020-08-21,"Protests","Germany"
"2906",2020-08-21,"Protests","Germany"
"2907",2020-08-21,"Protests","Germany"
"2908",2020-08-21,"Protests","Germany"
"2909",2020-08-21,"Protests","Germany"
"2910",2020-08-21,"Protests","Germany"
"2911",2020-08-21,"Protests","Germany"
"2912",2020-08-21,"Protests","Germany"
"2913",2020-08-21,"Protests","Germany"
"2914",2020-08-21,"Protests","Germany"
"2915",2020-08-21,"Protests","Germany"
"2916",2020-08-21,"Protests","Germany"
"2917",2020-08-21,"Protests","Germany"
"2918",2020-08-21,"Protests","Germany"
"2919",2020-08-22,"Protests","Germany"
"2920",2020-08-22,"Protests","Germany"
"2921",2020-08-22,"Protests","Germany"
"2922",2020-08-22,"Protests","Germany"
"2923",2020-08-22,"Protests","Germany"
"2924",2020-08-22,"Protests","Germany"
"2925",2020-08-22,"Protests","Germany"
"2926",2020-08-22,"Protests","Germany"
"2927",2020-08-22,"Protests","Germany"
"2928",2020-08-22,"Protests","Germany"
"2929",2020-08-22,"Protests","Germany"
"2930",2020-08-22,"Protests","Germany"
"2931",2020-08-22,"Protests","Germany"
"2932",2020-08-22,"Protests","Germany"
"2933",2020-08-22,"Protests","Germany"
"2934",2020-08-22,"Protests","Germany"
"2935",2020-08-22,"Protests","Germany"
"2936",2020-08-22,"Protests","Germany"
"2937",2020-08-22,"Protests","Germany"
"2938",2020-08-22,"Protests","Germany"
"2939",2020-08-22,"Protests","Germany"
"2940",2020-08-22,"Protests","Germany"
"2941",2020-08-22,"Protests","Germany"
"2942",2020-08-22,"Protests","Germany"
"2943",2020-08-22,"Protests","Germany"
"2944",2020-08-22,"Protests","Germany"
"2945",2020-08-22,"Protests","Germany"
"2946",2020-08-22,"Strategic developments","Germany"
"2947",2020-08-22,"Protests","Germany"
"2948",2020-08-22,"Riots","Germany"
"2949",2020-08-22,"Protests","Germany"
"2950",2020-08-22,"Protests","Germany"
"2951",2020-08-22,"Protests","Germany"
"2952",2020-08-23,"Protests","Germany"
"2953",2020-08-23,"Protests","Germany"
"2954",2020-08-23,"Protests","Germany"
"2955",2020-08-23,"Protests","Germany"
"2956",2020-08-23,"Protests","Germany"
"2957",2020-08-23,"Protests","Germany"
"2958",2020-08-23,"Protests","Germany"
"2959",2020-08-24,"Protests","Germany"
"2960",2020-08-24,"Protests","Germany"
"2961",2020-08-24,"Protests","Germany"
"2962",2020-08-26,"Protests","Germany"
"2963",2020-08-26,"Strategic developments","Germany"
"2964",2020-08-27,"Strategic developments","Germany"
"2965",2020-08-27,"Strategic developments","Germany"
"2966",2020-08-27,"Protests","Germany"
"2967",2020-08-27,"Protests","Germany"
"2968",2020-08-27,"Protests","Germany"
"2969",2020-08-27,"Protests","Germany"
"2970",2020-08-28,"Riots","Germany"
"2971",2020-08-28,"Protests","Germany"
"2972",2020-08-28,"Protests","Germany"
"2973",2020-08-28,"Protests","Germany"
"2974",2020-08-28,"Protests","Germany"
"2975",2020-08-28,"Protests","Germany"
"2976",2020-08-28,"Protests","Germany"
"2977",2020-08-28,"Protests","Germany"
"2978",2020-08-28,"Protests","Germany"
"2979",2020-08-28,"Protests","Germany"
"2980",2020-08-28,"Protests","Germany"
"2981",2020-08-28,"Protests","Germany"
"2982",2020-08-29,"Protests","Germany"
"2983",2020-08-29,"Protests","Germany"
"2984",2020-08-29,"Protests","Germany"
"2985",2020-08-29,"Riots","Germany"
"2986",2020-08-29,"Protests","Germany"
"2987",2020-08-29,"Protests","Germany"
"2988",2020-08-29,"Protests","Germany"
"2989",2020-08-29,"Protests","Germany"
"2990",2020-08-29,"Protests","Germany"
"2991",2020-08-29,"Protests","Germany"
"2992",2020-08-29,"Protests","Germany"
"2993",2020-08-29,"Protests","Germany"
"2994",2020-08-29,"Protests","Germany"
"2995",2020-08-29,"Riots","Germany"
"2996",2020-08-29,"Protests","Germany"
"2997",2020-08-29,"Protests","Germany"
"2998",2020-08-29,"Protests","Germany"
"2999",2020-08-29,"Riots","Germany"
"3000",2020-08-29,"Protests","Germany"
"3001",2020-08-29,"Protests","Germany"
"3002",2020-08-29,"Protests","Germany"
"3003",2020-08-29,"Protests","Germany"
"3004",2020-08-30,"Protests","Germany"
"3005",2020-08-30,"Protests","Germany"
"3006",2020-08-30,"Protests","Germany"
"3007",2020-08-30,"Protests","Germany"
"3008",2020-08-30,"Protests","Germany"
"3009",2020-08-31,"Protests","Germany"
"3010",2020-08-31,"Protests","Germany"
"3011",2020-08-31,"Protests","Germany"
"3012",2020-08-31,"Riots","Germany"
"3013",2020-08-31,"Protests","Germany"
"3014",2020-08-31,"Protests","Germany"
"3015",2020-08-31,"Protests","Germany"
"3016",2020-08-31,"Protests","Germany"
"3017",2020-08-31,"Protests","Germany"
"3018",2020-08-31,"Protests","Germany"
"3019",2020-09-01,"Protests","Germany"
"3020",2020-09-01,"Protests","Germany"
"3021",2020-09-01,"Protests","Germany"
"3022",2020-09-01,"Protests","Germany"
"3023",2020-09-01,"Protests","Germany"
"3024",2020-09-01,"Protests","Germany"
"3025",2020-09-01,"Protests","Germany"
"3026",2020-09-01,"Protests","Germany"
"3027",2020-09-01,"Protests","Germany"
"3028",2020-09-01,"Protests","Germany"
"3029",2020-09-01,"Protests","Germany"
"3030",2020-09-01,"Protests","Germany"
"3031",2020-09-01,"Protests","Germany"
"3032",2020-09-01,"Protests","Germany"
"3033",2020-09-01,"Protests","Germany"
"3034",2020-09-01,"Protests","Germany"
"3035",2020-09-01,"Protests","Germany"
"3036",2020-09-01,"Protests","Germany"
"3037",2020-09-01,"Protests","Germany"
"3038",2020-09-01,"Protests","Germany"
"3039",2020-09-01,"Protests","Germany"
"3040",2020-09-01,"Protests","Germany"
"3041",2020-09-01,"Protests","Germany"
"3042",2020-09-02,"Protests","Germany"
"3043",2020-09-02,"Protests","Germany"
"3044",2020-09-02,"Protests","Germany"
"3045",2020-09-02,"Protests","Germany"
"3046",2020-09-02,"Protests","Germany"
"3047",2020-09-03,"Protests","Germany"
"3048",2020-09-03,"Protests","Germany"
"3049",2020-09-03,"Protests","Germany"
"3050",2020-09-03,"Protests","Germany"
"3051",2020-09-03,"Protests","Germany"
"3052",2020-09-03,"Riots","Germany"
"3053",2020-09-03,"Protests","Germany"
"3054",2020-09-03,"Protests","Germany"
"3055",2020-09-03,"Protests","Germany"
"3056",2020-09-04,"Protests","Germany"
"3057",2020-09-04,"Protests","Germany"
"3058",2020-09-04,"Protests","Germany"
"3059",2020-09-04,"Riots","Germany"
"3060",2020-09-04,"Riots","Germany"
"3061",2020-09-04,"Protests","Germany"
"3062",2020-09-04,"Protests","Germany"
"3063",2020-09-04,"Protests","Germany"
"3064",2020-09-04,"Protests","Germany"
"3065",2020-09-04,"Protests","Germany"
"3066",2020-09-04,"Protests","Germany"
"3067",2020-09-04,"Protests","Germany"
"3068",2020-09-04,"Protests","Germany"
"3069",2020-09-04,"Protests","Germany"
"3070",2020-09-04,"Protests","Germany"
"3071",2020-09-04,"Protests","Germany"
"3072",2020-09-04,"Protests","Germany"
"3073",2020-09-04,"Protests","Germany"
"3074",2020-09-05,"Protests","Germany"
"3075",2020-09-05,"Protests","Germany"
"3076",2020-09-05,"Protests","Germany"
"3077",2020-09-05,"Protests","Germany"
"3078",2020-09-05,"Protests","Germany"
"3079",2020-09-05,"Protests","Germany"
"3080",2020-09-05,"Protests","Germany"
"3081",2020-09-05,"Protests","Germany"
"3082",2020-09-05,"Protests","Germany"
"3083",2020-09-05,"Protests","Germany"
"3084",2020-09-05,"Protests","Germany"
"3085",2020-09-05,"Protests","Germany"
"3086",2020-09-05,"Protests","Germany"
"3087",2020-09-05,"Protests","Germany"
"3088",2020-09-05,"Riots","Germany"
"3089",2020-09-05,"Riots","Germany"
"3090",2020-09-05,"Protests","Germany"
"3091",2020-09-05,"Protests","Germany"
"3092",2020-09-05,"Protests","Germany"
"3093",2020-09-06,"Protests","Germany"
"3094",2020-09-06,"Protests","Germany"
"3095",2020-09-06,"Protests","Germany"
"3096",2020-09-07,"Protests","Germany"
"3097",2020-09-07,"Protests","Germany"
"3098",2020-09-07,"Protests","Germany"
"3099",2020-09-07,"Protests","Germany"
"3100",2020-09-07,"Protests","Germany"
"3101",2020-09-08,"Protests","Germany"
"3102",2020-09-08,"Protests","Germany"
"3103",2020-09-08,"Protests","Germany"
"3104",2020-09-08,"Protests","Germany"
"3105",2020-09-08,"Protests","Germany"
"3106",2020-09-08,"Protests","Germany"
"3107",2020-09-08,"Strategic developments","Germany"
"3108",2020-09-08,"Protests","Germany"
"3109",2020-09-09,"Protests","Germany"
"3110",2020-09-09,"Protests","Germany"
"3111",2020-09-09,"Protests","Germany"
"3112",2020-09-09,"Protests","Germany"
"3113",2020-09-09,"Protests","Germany"
"3114",2020-09-09,"Protests","Germany"
"3115",2020-09-09,"Protests","Germany"
"3116",2020-09-09,"Protests","Germany"
"3117",2020-09-09,"Protests","Germany"
"3118",2020-09-09,"Protests","Germany"
"3119",2020-09-09,"Protests","Germany"
"3120",2020-09-09,"Protests","Germany"
"3121",2020-09-09,"Protests","Germany"
"3122",2020-09-09,"Protests","Germany"
"3123",2020-09-09,"Protests","Germany"
"3124",2020-09-09,"Protests","Germany"
"3125",2020-09-09,"Protests","Germany"
"3126",2020-09-09,"Protests","Germany"
"3127",2020-09-09,"Protests","Germany"
"3128",2020-09-09,"Protests","Germany"
"3129",2020-09-09,"Protests","Germany"
"3130",2020-09-09,"Protests","Germany"
"3131",2020-09-09,"Protests","Germany"
"3132",2020-09-09,"Protests","Germany"
"3133",2020-09-09,"Protests","Germany"
"3134",2020-09-09,"Protests","Germany"
"3135",2020-09-09,"Protests","Germany"
"3136",2020-09-09,"Protests","Germany"
"3137",2020-09-09,"Protests","Germany"
"3138",2020-09-09,"Protests","Germany"
"3139",2020-09-09,"Protests","Germany"
"3140",2020-09-09,"Protests","Germany"
"3141",2020-09-09,"Protests","Germany"
"3142",2020-09-09,"Strategic developments","Germany"
"3143",2020-09-09,"Protests","Germany"
"3144",2020-09-10,"Protests","Germany"
"3145",2020-09-10,"Riots","Germany"
"3146",2020-09-10,"Protests","Germany"
"3147",2020-09-10,"Protests","Germany"
"3148",2020-09-10,"Protests","Germany"
"3149",2020-09-10,"Protests","Germany"
"3150",2020-09-10,"Protests","Germany"
"3151",2020-09-10,"Protests","Germany"
"3152",2020-09-11,"Strategic developments","Germany"
"3153",2020-09-11,"Riots","Germany"
"3154",2020-09-11,"Protests","Germany"
"3155",2020-09-11,"Protests","Germany"
"3156",2020-09-11,"Protests","Germany"
"3157",2020-09-11,"Protests","Germany"
"3158",2020-09-11,"Protests","Germany"
"3159",2020-09-11,"Protests","Germany"
"3160",2020-09-11,"Protests","Germany"
"3161",2020-09-11,"Protests","Germany"
"3162",2020-09-11,"Protests","Germany"
"3163",2020-09-11,"Protests","Germany"
"3164",2020-09-11,"Protests","Germany"
"3165",2020-09-11,"Strategic developments","Germany"
"3166",2020-09-11,"Protests","Germany"
"3167",2020-09-11,"Protests","Germany"
"3168",2020-09-12,"Protests","Germany"
"3169",2020-09-12,"Protests","Germany"
"3170",2020-09-12,"Protests","Germany"
"3171",2020-09-12,"Protests","Germany"
"3172",2020-09-12,"Protests","Germany"
"3173",2020-09-12,"Protests","Germany"
"3174",2020-09-12,"Protests","Germany"
"3175",2020-09-12,"Protests","Germany"
"3176",2020-09-12,"Protests","Germany"
"3177",2020-09-12,"Protests","Germany"
"3178",2020-09-12,"Protests","Germany"
"3179",2020-09-12,"Protests","Germany"
"3180",2020-09-12,"Protests","Germany"
"3181",2020-09-12,"Protests","Germany"
"3182",2020-09-12,"Protests","Germany"
"3183",2020-09-12,"Protests","Germany"
"3184",2020-09-12,"Protests","Germany"
"3185",2020-09-12,"Protests","Germany"
"3186",2020-09-12,"Protests","Germany"
"3187",2020-09-12,"Protests","Germany"
"3188",2020-09-12,"Violence against civilians","Germany"
"3189",2020-09-12,"Protests","Germany"
"3190",2020-09-12,"Protests","Germany"
"3191",2020-09-12,"Protests","Germany"
"3192",2020-09-12,"Riots","Germany"
"3193",2020-09-12,"Riots","Germany"
"3194",2020-09-12,"Protests","Germany"
"3195",2020-09-12,"Protests","Germany"
"3196",2020-09-12,"Protests","Germany"
"3197",2020-09-12,"Riots","Germany"
"3198",2020-09-12,"Protests","Germany"
"3199",2020-09-12,"Strategic developments","Germany"
"3200",2020-09-12,"Protests","Germany"
"3201",2020-09-13,"Protests","Germany"
"3202",2020-09-13,"Riots","Germany"
"3203",2020-09-13,"Strategic developments","Germany"
"3204",2020-09-13,"Protests","Germany"
"3205",2020-09-13,"Protests","Germany"
"3206",2020-09-13,"Protests","Germany"
"3207",2020-09-13,"Protests","Germany"
"3208",2020-09-13,"Protests","Germany"
"3209",2020-09-13,"Protests","Germany"
"3210",2020-09-13,"Protests","Germany"
"3211",2020-09-13,"Protests","Germany"
"3212",2020-09-13,"Violence against civilians","Germany"
"3213",2020-09-14,"Protests","Germany"
"3214",2020-09-14,"Protests","Germany"
"3215",2020-09-14,"Protests","Germany"
"3216",2020-09-14,"Protests","Germany"
"3217",2020-09-14,"Riots","Germany"
"3218",2020-09-14,"Protests","Germany"
"3219",2020-09-15,"Riots","Germany"
"3220",2020-09-15,"Protests","Germany"
"3221",2020-09-15,"Protests","Germany"
"3222",2020-09-15,"Protests","Germany"
"3223",2020-09-15,"Protests","Germany"
"3224",2020-09-15,"Strategic developments","Germany"
"3225",2020-09-15,"Protests","Germany"
"3226",2020-09-16,"Protests","Germany"
"3227",2020-09-16,"Protests","Germany"
"3228",2020-09-16,"Protests","Germany"
"3229",2020-09-16,"Protests","Germany"
"3230",2020-09-16,"Protests","Germany"
"3231",2020-09-16,"Protests","Germany"
"3232",2020-09-16,"Protests","Germany"
"3233",2020-09-16,"Protests","Germany"
"3234",2020-09-17,"Protests","Germany"
"3235",2020-09-17,"Protests","Germany"
"3236",2020-09-17,"Protests","Germany"
"3237",2020-09-17,"Protests","Germany"
"3238",2020-09-17,"Riots","Germany"
"3239",2020-09-17,"Protests","Germany"
"3240",2020-09-17,"Protests","Germany"
"3241",2020-09-18,"Protests","Germany"
"3242",2020-09-18,"Protests","Germany"
"3243",2020-09-18,"Protests","Germany"
"3244",2020-09-18,"Protests","Germany"
"3245",2020-09-18,"Protests","Germany"
"3246",2020-09-18,"Protests","Germany"
"3247",2020-09-18,"Strategic developments","Germany"
"3248",2020-09-19,"Protests","Germany"
"3249",2020-09-19,"Protests","Germany"
"3250",2020-09-19,"Protests","Germany"
"3251",2020-09-19,"Protests","Germany"
"3252",2020-09-19,"Protests","Germany"
"3253",2020-09-19,"Protests","Germany"
"3254",2020-09-19,"Protests","Germany"
"3255",2020-09-19,"Protests","Germany"
"3256",2020-09-19,"Protests","Germany"
"3257",2020-09-19,"Protests","Germany"
"3258",2020-09-19,"Protests","Germany"
"3259",2020-09-19,"Protests","Germany"
"3260",2020-09-19,"Protests","Germany"
"3261",2020-09-19,"Protests","Germany"
"3262",2020-09-19,"Protests","Germany"
"3263",2020-09-19,"Protests","Germany"
"3264",2020-09-19,"Protests","Germany"
"3265",2020-09-19,"Protests","Germany"
"3266",2020-09-19,"Protests","Germany"
"3267",2020-09-19,"Riots","Germany"
"3268",2020-09-19,"Protests","Germany"
"3269",2020-09-19,"Protests","Germany"
"3270",2020-09-19,"Protests","Germany"
"3271",2020-09-19,"Protests","Germany"
"3272",2020-09-19,"Protests","Germany"
"3273",2020-09-19,"Protests","Germany"
"3274",2020-09-19,"Protests","Germany"
"3275",2020-09-19,"Protests","Germany"
"3276",2020-09-19,"Protests","Germany"
"3277",2020-09-19,"Protests","Germany"
"3278",2020-09-19,"Protests","Germany"
"3279",2020-09-19,"Protests","Germany"
"3280",2020-09-19,"Protests","Germany"
"3281",2020-09-20,"Protests","Germany"
"3282",2020-09-20,"Protests","Germany"
"3283",2020-09-20,"Protests","Germany"
"3284",2020-09-20,"Protests","Germany"
"3285",2020-09-20,"Protests","Germany"
"3286",2020-09-20,"Protests","Germany"
"3287",2020-09-20,"Protests","Germany"
"3288",2020-09-20,"Protests","Germany"
"3289",2020-09-20,"Protests","Germany"
"3290",2020-09-20,"Protests","Germany"
"3291",2020-09-20,"Protests","Germany"
"3292",2020-09-20,"Protests","Germany"
"3293",2020-09-20,"Protests","Germany"
"3294",2020-09-20,"Protests","Germany"
"3295",2020-09-20,"Protests","Germany"
"3296",2020-09-20,"Protests","Germany"
"3297",2020-09-20,"Protests","Germany"
"3298",2020-09-20,"Protests","Germany"
"3299",2020-09-20,"Protests","Germany"
"3300",2020-09-20,"Protests","Germany"
"3301",2020-09-20,"Protests","Germany"
"3302",2020-09-20,"Protests","Germany"
"3303",2020-09-20,"Protests","Germany"
"3304",2020-09-20,"Protests","Germany"
"3305",2020-09-20,"Protests","Germany"
"3306",2020-09-20,"Protests","Germany"
"3307",2020-09-20,"Protests","Germany"
"3308",2020-09-20,"Protests","Germany"
"3309",2020-09-20,"Protests","Germany"
"3310",2020-09-20,"Protests","Germany"
"3311",2020-09-20,"Protests","Germany"
"3312",2020-09-20,"Protests","Germany"
"3313",2020-09-20,"Protests","Germany"
"3314",2020-09-20,"Protests","Germany"
"3315",2020-09-20,"Protests","Germany"
"3316",2020-09-20,"Protests","Germany"
"3317",2020-09-20,"Protests","Germany"
"3318",2020-09-20,"Protests","Germany"
"3319",2020-09-21,"Protests","Germany"
"3320",2020-09-21,"Protests","Germany"
"3321",2020-09-21,"Protests","Germany"
"3322",2020-09-21,"Strategic developments","Germany"
"3323",2020-09-21,"Protests","Germany"
"3324",2020-09-21,"Protests","Germany"
"3325",2020-09-22,"Protests","Germany"
"3326",2020-09-22,"Protests","Germany"
"3327",2020-09-22,"Protests","Germany"
"3328",2020-09-22,"Protests","Germany"
"3329",2020-09-22,"Protests","Germany"
"3330",2020-09-22,"Protests","Germany"
"3331",2020-09-22,"Protests","Germany"
"3332",2020-09-22,"Protests","Germany"
"3333",2020-09-22,"Protests","Germany"
"3334",2020-09-22,"Protests","Germany"
"3335",2020-09-22,"Protests","Germany"
"3336",2020-09-22,"Protests","Germany"
"3337",2020-09-22,"Protests","Germany"
"3338",2020-09-22,"Protests","Germany"
"3339",2020-09-22,"Protests","Germany"
"3340",2020-09-22,"Protests","Germany"
"3341",2020-09-22,"Protests","Germany"
"3342",2020-09-22,"Protests","Germany"
"3343",2020-09-22,"Strategic developments","Germany"
"3344",2020-09-22,"Protests","Germany"
"3345",2020-09-22,"Protests","Germany"
"3346",2020-09-23,"Protests","Germany"
"3347",2020-09-23,"Riots","Germany"
"3348",2020-09-23,"Protests","Germany"
"3349",2020-09-23,"Protests","Germany"
"3350",2020-09-23,"Protests","Germany"
"3351",2020-09-23,"Protests","Germany"
"3352",2020-09-23,"Protests","Germany"
"3353",2020-09-23,"Strategic developments","Germany"
"3354",2020-09-23,"Protests","Germany"
"3355",2020-09-24,"Protests","Germany"
"3356",2020-09-24,"Protests","Germany"
"3357",2020-09-24,"Protests","Germany"
"3358",2020-09-24,"Protests","Germany"
"3359",2020-09-24,"Protests","Germany"
"3360",2020-09-24,"Protests","Germany"
"3361",2020-09-24,"Protests","Germany"
"3362",2020-09-24,"Protests","Germany"
"3363",2020-09-24,"Protests","Germany"
"3364",2020-09-24,"Protests","Germany"
"3365",2020-09-24,"Protests","Germany"
"3366",2020-09-24,"Protests","Germany"
"3367",2020-09-24,"Protests","Germany"
"3368",2020-09-24,"Protests","Germany"
"3369",2020-09-24,"Protests","Germany"
"3370",2020-09-24,"Strategic developments","Germany"
"3371",2020-09-24,"Protests","Germany"
"3372",2020-09-25,"Protests","Germany"
"3373",2020-09-25,"Protests","Germany"
"3374",2020-09-25,"Protests","Germany"
"3375",2020-09-25,"Protests","Germany"
"3376",2020-09-25,"Protests","Germany"
"3377",2020-09-25,"Protests","Germany"
"3378",2020-09-25,"Protests","Germany"
"3379",2020-09-25,"Protests","Germany"
"3380",2020-09-25,"Protests","Germany"
"3381",2020-09-25,"Protests","Germany"
"3382",2020-09-25,"Protests","Germany"
"3383",2020-09-25,"Protests","Germany"
"3384",2020-09-25,"Protests","Germany"
"3385",2020-09-25,"Protests","Germany"
"3386",2020-09-25,"Protests","Germany"
"3387",2020-09-25,"Protests","Germany"
"3388",2020-09-25,"Protests","Germany"
"3389",2020-09-25,"Protests","Germany"
"3390",2020-09-25,"Protests","Germany"
"3391",2020-09-25,"Protests","Germany"
"3392",2020-09-25,"Protests","Germany"
"3393",2020-09-25,"Protests","Germany"
"3394",2020-09-25,"Protests","Germany"
"3395",2020-09-25,"Protests","Germany"
"3396",2020-09-25,"Protests","Germany"
"3397",2020-09-25,"Protests","Germany"
"3398",2020-09-25,"Protests","Germany"
"3399",2020-09-25,"Protests","Germany"
"3400",2020-09-25,"Protests","Germany"
"3401",2020-09-25,"Protests","Germany"
"3402",2020-09-25,"Protests","Germany"
"3403",2020-09-25,"Protests","Germany"
"3404",2020-09-25,"Protests","Germany"
"3405",2020-09-25,"Protests","Germany"
"3406",2020-09-25,"Protests","Germany"
"3407",2020-09-25,"Protests","Germany"
"3408",2020-09-25,"Protests","Germany"
"3409",2020-09-25,"Protests","Germany"
"3410",2020-09-25,"Protests","Germany"
"3411",2020-09-25,"Protests","Germany"
"3412",2020-09-25,"Protests","Germany"
"3413",2020-09-25,"Protests","Germany"
"3414",2020-09-25,"Protests","Germany"
"3415",2020-09-25,"Protests","Germany"
"3416",2020-09-25,"Protests","Germany"
"3417",2020-09-25,"Protests","Germany"
"3418",2020-09-25,"Protests","Germany"
"3419",2020-09-25,"Protests","Germany"
"3420",2020-09-25,"Protests","Germany"
"3421",2020-09-25,"Protests","Germany"
"3422",2020-09-25,"Protests","Germany"
"3423",2020-09-25,"Protests","Germany"
"3424",2020-09-25,"Protests","Germany"
"3425",2020-09-25,"Protests","Germany"
"3426",2020-09-25,"Protests","Germany"
"3427",2020-09-25,"Protests","Germany"
"3428",2020-09-25,"Protests","Germany"
"3429",2020-09-25,"Protests","Germany"
"3430",2020-09-25,"Protests","Germany"
"3431",2020-09-25,"Protests","Germany"
"3432",2020-09-25,"Protests","Germany"
"3433",2020-09-25,"Protests","Germany"
"3434",2020-09-25,"Protests","Germany"
"3435",2020-09-25,"Protests","Germany"
"3436",2020-09-25,"Protests","Germany"
"3437",2020-09-25,"Protests","Germany"
"3438",2020-09-25,"Protests","Germany"
"3439",2020-09-25,"Protests","Germany"
"3440",2020-09-25,"Protests","Germany"
"3441",2020-09-25,"Protests","Germany"
"3442",2020-09-25,"Protests","Germany"
"3443",2020-09-25,"Protests","Germany"
"3444",2020-09-25,"Protests","Germany"
"3445",2020-09-25,"Protests","Germany"
"3446",2020-09-25,"Protests","Germany"
"3447",2020-09-25,"Protests","Germany"
"3448",2020-09-25,"Protests","Germany"
"3449",2020-09-25,"Protests","Germany"
"3450",2020-09-25,"Protests","Germany"
"3451",2020-09-25,"Protests","Germany"
"3452",2020-09-25,"Protests","Germany"
"3453",2020-09-25,"Protests","Germany"
"3454",2020-09-25,"Protests","Germany"
"3455",2020-09-25,"Protests","Germany"
"3456",2020-09-25,"Protests","Germany"
"3457",2020-09-25,"Protests","Germany"
"3458",2020-09-25,"Protests","Germany"
"3459",2020-09-25,"Protests","Germany"
"3460",2020-09-25,"Protests","Germany"
"3461",2020-09-25,"Protests","Germany"
"3462",2020-09-25,"Protests","Germany"
"3463",2020-09-25,"Protests","Germany"
"3464",2020-09-25,"Protests","Germany"
"3465",2020-09-25,"Protests","Germany"
"3466",2020-09-25,"Protests","Germany"
"3467",2020-09-25,"Protests","Germany"
"3468",2020-09-25,"Protests","Germany"
"3469",2020-09-25,"Protests","Germany"
"3470",2020-09-25,"Protests","Germany"
"3471",2020-09-25,"Protests","Germany"
"3472",2020-09-25,"Protests","Germany"
"3473",2020-09-25,"Protests","Germany"
"3474",2020-09-25,"Protests","Germany"
"3475",2020-09-26,"Protests","Germany"
"3476",2020-09-26,"Protests","Germany"
"3477",2020-09-26,"Protests","Germany"
"3478",2020-09-26,"Protests","Germany"
"3479",2020-09-26,"Protests","Germany"
"3480",2020-09-26,"Riots","Germany"
"3481",2020-09-26,"Protests","Germany"
"3482",2020-09-26,"Protests","Germany"
"3483",2020-09-26,"Protests","Germany"
"3484",2020-09-26,"Protests","Germany"
"3485",2020-09-26,"Protests","Germany"
"3486",2020-09-26,"Protests","Germany"
"3487",2020-09-26,"Protests","Germany"
"3488",2020-09-26,"Protests","Germany"
"3489",2020-09-26,"Protests","Germany"
"3490",2020-09-26,"Protests","Germany"
"3491",2020-09-26,"Protests","Germany"
"3492",2020-09-26,"Protests","Germany"
"3493",2020-09-26,"Protests","Germany"
"3494",2020-09-26,"Protests","Germany"
"3495",2020-09-27,"Strategic developments","Germany"
"3496",2020-09-27,"Strategic developments","Germany"
"3497",2020-09-27,"Protests","Germany"
"3498",2020-09-27,"Protests","Germany"
"3499",2020-09-27,"Protests","Germany"
"3500",2020-09-27,"Protests","Germany"
"3501",2020-09-27,"Protests","Germany"
"3502",2020-09-28,"Protests","Germany"
"3503",2020-09-28,"Protests","Germany"
"3504",2020-09-28,"Protests","Germany"
"3505",2020-09-28,"Protests","Germany"
"3506",2020-09-28,"Protests","Germany"
"3507",2020-09-28,"Protests","Germany"
"3508",2020-09-28,"Strategic developments","Germany"
"3509",2020-09-28,"Strategic developments","Germany"
"3510",2020-09-29,"Protests","Germany"
"3511",2020-09-29,"Strategic developments","Germany"
"3512",2020-09-29,"Strategic developments","Germany"
"3513",2020-09-29,"Protests","Germany"
"3514",2020-09-29,"Protests","Germany"
"3515",2020-09-29,"Protests","Germany"
"3516",2020-09-29,"Protests","Germany"
"3517",2020-09-29,"Strategic developments","Germany"
"3518",2020-09-30,"Protests","Germany"
"3519",2020-09-30,"Protests","Germany"
"3520",2020-09-30,"Protests","Germany"
"3521",2020-09-30,"Protests","Germany"
"3522",2020-09-30,"Protests","Germany"
"3523",2020-09-30,"Protests","Germany"
"3524",2020-09-30,"Protests","Germany"
"3525",2020-09-30,"Protests","Germany"
"3526",2020-09-30,"Protests","Germany"
"3527",2020-09-30,"Protests","Germany"
"3528",2020-09-30,"Protests","Germany"
"3529",2020-09-30,"Protests","Germany"
"3530",2020-09-30,"Protests","Germany"
"3531",2020-09-30,"Protests","Germany"
"3532",2020-09-30,"Strategic developments","Germany"
"3533",2020-10-01,"Protests","Germany"
"3534",2020-10-01,"Protests","Germany"
"3535",2020-10-01,"Protests","Germany"
"3536",2020-10-01,"Protests","Germany"
"3537",2020-10-01,"Protests","Germany"
"3538",2020-10-01,"Protests","Germany"
"3539",2020-10-01,"Protests","Germany"
"3540",2020-10-01,"Strategic developments","Germany"
"3541",2020-10-01,"Strategic developments","Germany"
"3542",2020-10-01,"Protests","Germany"
"3543",2020-10-02,"Protests","Germany"
"3544",2020-10-02,"Protests","Germany"
"3545",2020-10-02,"Protests","Germany"
"3546",2020-10-02,"Protests","Germany"
"3547",2020-10-02,"Protests","Germany"
"3548",2020-10-02,"Protests","Germany"
"3549",2020-10-02,"Protests","Germany"
"3550",2020-10-02,"Protests","Germany"
"3551",2020-10-02,"Protests","Germany"
"3552",2020-10-02,"Protests","Germany"
"3553",2020-10-02,"Protests","Germany"
"3554",2020-10-03,"Protests","Germany"
"3555",2020-10-03,"Protests","Germany"
"3556",2020-10-03,"Protests","Germany"
"3557",2020-10-03,"Protests","Germany"
"3558",2020-10-03,"Protests","Germany"
"3559",2020-10-03,"Protests","Germany"
"3560",2020-10-03,"Protests","Germany"
"3561",2020-10-03,"Protests","Germany"
"3562",2020-10-03,"Protests","Germany"
"3563",2020-10-03,"Protests","Germany"
"3564",2020-10-03,"Protests","Germany"
"3565",2020-10-03,"Protests","Germany"
"3566",2020-10-03,"Protests","Germany"
"3567",2020-10-03,"Protests","Germany"
"3568",2020-10-03,"Protests","Germany"
"3569",2020-10-03,"Protests","Germany"
"3570",2020-10-03,"Riots","Germany"
"3571",2020-10-03,"Riots","Germany"
"3572",2020-10-03,"Protests","Germany"
"3573",2020-10-03,"Strategic developments","Germany"
"3574",2020-10-03,"Violence against civilians","Germany"
"3575",2020-10-03,"Strategic developments","Germany"
"3576",2020-10-03,"Protests","Germany"
"3577",2020-10-03,"Protests","Germany"
"3578",2020-10-03,"Protests","Germany"
"3579",2020-10-04,"Protests","Germany"
"3580",2020-10-04,"Protests","Germany"
"3581",2020-10-04,"Protests","Germany"
"3582",2020-10-04,"Protests","Germany"
"3583",2020-10-04,"Riots","Germany"
"3584",2020-10-04,"Violence against civilians","Germany"
"3585",2020-10-04,"Protests","Germany"
"3586",2020-10-05,"Protests","Germany"
"3587",2020-10-05,"Protests","Germany"
"3588",2020-10-05,"Protests","Germany"
"3589",2020-10-05,"Protests","Germany"
"3590",2020-10-05,"Protests","Germany"
"3591",2020-10-05,"Strategic developments","Germany"
"3592",2020-10-05,"Strategic developments","Germany"
"3593",2020-10-05,"Protests","Germany"
"3594",2020-10-05,"Protests","Germany"
"3595",2020-10-05,"Protests","Germany"
"3596",2020-10-05,"Protests","Germany"
"3597",2020-10-05,"Protests","Germany"
"3598",2020-10-05,"Strategic developments","Germany"
"3599",2020-10-05,"Strategic developments","Germany"
"3600",2020-10-06,"Protests","Germany"
"3601",2020-10-06,"Protests","Germany"
"3602",2020-10-06,"Protests","Germany"
"3603",2020-10-06,"Strategic developments","Germany"
"3604",2020-10-06,"Strategic developments","Germany"
"3605",2020-10-06,"Protests","Germany"
"3606",2020-10-06,"Protests","Germany"
"3607",2020-10-06,"Protests","Germany"
"3608",2020-10-06,"Protests","Germany"
"3609",2020-10-06,"Protests","Germany"
"3610",2020-10-06,"Protests","Germany"
"3611",2020-10-06,"Protests","Germany"
"3612",2020-10-06,"Protests","Germany"
"3613",2020-10-06,"Protests","Germany"
"3614",2020-10-06,"Strategic developments","Germany"
"3615",2020-10-06,"Protests","Germany"
"3616",2020-10-07,"Protests","Germany"
"3617",2020-10-07,"Protests","Germany"
"3618",2020-10-07,"Protests","Germany"
"3619",2020-10-07,"Protests","Germany"
"3620",2020-10-07,"Protests","Germany"
"3621",2020-10-07,"Protests","Germany"
"3622",2020-10-07,"Riots","Germany"
"3623",2020-10-07,"Strategic developments","Germany"
"3624",2020-10-07,"Strategic developments","Germany"
"3625",2020-10-07,"Protests","Germany"
"3626",2020-10-07,"Protests","Germany"
"3627",2020-10-07,"Protests","Germany"
"3628",2020-10-07,"Protests","Germany"
"3629",2020-10-08,"Protests","Germany"
"3630",2020-10-08,"Protests","Germany"
"3631",2020-10-08,"Protests","Germany"
"3632",2020-10-08,"Protests","Germany"
"3633",2020-10-08,"Protests","Germany"
"3634",2020-10-08,"Protests","Germany"
"3635",2020-10-08,"Protests","Germany"
"3636",2020-10-08,"Protests","Germany"
"3637",2020-10-08,"Protests","Germany"
"3638",2020-10-08,"Strategic developments","Germany"
"3639",2020-10-08,"Protests","Germany"
"3640",2020-10-08,"Protests","Germany"
"3641",2020-10-08,"Protests","Germany"
"3642",2020-10-09,"Protests","Germany"
"3643",2020-10-09,"Protests","Germany"
"3644",2020-10-09,"Protests","Germany"
"3645",2020-10-09,"Protests","Germany"
"3646",2020-10-09,"Protests","Germany"
"3647",2020-10-09,"Protests","Germany"
"3648",2020-10-09,"Protests","Germany"
"3649",2020-10-09,"Protests","Germany"
"3650",2020-10-09,"Protests","Germany"
"3651",2020-10-09,"Protests","Germany"
"3652",2020-10-09,"Protests","Germany"
"3653",2020-10-09,"Protests","Germany"
"3654",2020-10-09,"Protests","Germany"
"3655",2020-10-09,"Protests","Germany"
"3656",2020-10-09,"Protests","Germany"
"3657",2020-10-09,"Riots","Germany"
"3658",2020-10-09,"Riots","Germany"
"3659",2020-10-09,"Strategic developments","Germany"
"3660",2020-10-09,"Protests","Germany"
"3661",2020-10-10,"Protests","Germany"
"3662",2020-10-10,"Protests","Germany"
"3663",2020-10-10,"Protests","Germany"
"3664",2020-10-10,"Protests","Germany"
"3665",2020-10-10,"Protests","Germany"
"3666",2020-10-10,"Protests","Germany"
"3667",2020-10-10,"Protests","Germany"
"3668",2020-10-10,"Protests","Germany"
"3669",2020-10-10,"Protests","Germany"
"3670",2020-10-10,"Protests","Germany"
"3671",2020-10-10,"Strategic developments","Germany"
"3672",2020-10-10,"Protests","Germany"
"3673",2020-10-10,"Protests","Germany"
"3674",2020-10-10,"Riots","Germany"
"3675",2020-10-11,"Protests","Germany"
"3676",2020-10-11,"Protests","Germany"
"3677",2020-10-11,"Protests","Germany"
"3678",2020-10-11,"Protests","Germany"
"3679",2020-10-11,"Protests","Germany"
"3680",2020-10-11,"Protests","Germany"
"3681",2020-10-11,"Protests","Germany"
"3682",2020-10-11,"Strategic developments","Germany"
"3683",2020-10-11,"Strategic developments","Germany"
"3684",2020-10-11,"Strategic developments","Germany"
"3685",2020-10-12,"Protests","Germany"
"3686",2020-10-12,"Protests","Germany"
"3687",2020-10-12,"Protests","Germany"
"3688",2020-10-12,"Protests","Germany"
"3689",2020-10-12,"Protests","Germany"
"3690",2020-10-12,"Protests","Germany"
"3691",2020-10-12,"Protests","Germany"
"3692",2020-10-12,"Riots","Germany"
"3693",2020-10-12,"Protests","Germany"
"3694",2020-10-12,"Protests","Germany"
"3695",2020-10-13,"Protests","Germany"
"3696",2020-10-13,"Protests","Germany"
"3697",2020-10-13,"Protests","Germany"
"3698",2020-10-13,"Protests","Germany"
"3699",2020-10-13,"Protests","Germany"
"3700",2020-10-13,"Protests","Germany"
"3701",2020-10-13,"Strategic developments","Germany"
"3702",2020-10-13,"Strategic developments","Germany"
"3703",2020-10-13,"Protests","Germany"
"3704",2020-10-13,"Protests","Germany"
"3705",2020-10-13,"Protests","Germany"
"3706",2020-10-13,"Protests","Germany"
"3707",2020-10-13,"Strategic developments","Germany"
"3708",2020-10-13,"Protests","Germany"
"3709",2020-10-13,"Protests","Germany"
"3710",2020-10-14,"Protests","Germany"
"3711",2020-10-14,"Protests","Germany"
"3712",2020-10-14,"Protests","Germany"
"3713",2020-10-14,"Protests","Germany"
"3714",2020-10-14,"Protests","Germany"
"3715",2020-10-14,"Protests","Germany"
"3716",2020-10-14,"Protests","Germany"
"3717",2020-10-14,"Protests","Germany"
"3718",2020-10-14,"Protests","Germany"
"3719",2020-10-14,"Protests","Germany"
"3720",2020-10-14,"Protests","Germany"
"3721",2020-10-14,"Protests","Germany"
"3722",2020-10-14,"Protests","Germany"
"3723",2020-10-14,"Protests","Germany"
"3724",2020-10-14,"Protests","Germany"
"3725",2020-10-14,"Protests","Germany"
"3726",2020-10-14,"Protests","Germany"
"3727",2020-10-14,"Protests","Germany"
"3728",2020-10-14,"Strategic developments","Germany"
"3729",2020-10-14,"Protests","Germany"
"3730",2020-10-14,"Protests","Germany"
"3731",2020-10-15,"Protests","Germany"
"3732",2020-10-15,"Protests","Germany"
"3733",2020-10-15,"Protests","Germany"
"3734",2020-10-15,"Protests","Germany"
"3735",2020-10-15,"Protests","Germany"
"3736",2020-10-15,"Protests","Germany"
"3737",2020-10-15,"Protests","Germany"
"3738",2020-10-15,"Protests","Germany"
"3739",2020-10-15,"Strategic developments","Germany"
"3740",2020-10-15,"Protests","Germany"
"3741",2020-10-16,"Riots","Germany"
"3742",2020-10-16,"Protests","Germany"
"3743",2020-10-16,"Protests","Germany"
"3744",2020-10-16,"Protests","Germany"
"3745",2020-10-16,"Protests","Germany"
"3746",2020-10-16,"Protests","Germany"
"3747",2020-10-16,"Protests","Germany"
"3748",2020-10-16,"Protests","Germany"
"3749",2020-10-16,"Protests","Germany"
"3750",2020-10-16,"Riots","Germany"
"3751",2020-10-17,"Protests","Germany"
"3752",2020-10-17,"Protests","Germany"
"3753",2020-10-17,"Protests","Germany"
"3754",2020-10-17,"Protests","Germany"
"3755",2020-10-17,"Protests","Germany"
"3756",2020-10-17,"Riots","Germany"
"3757",2020-10-17,"Protests","Germany"
"3758",2020-10-17,"Protests","Germany"
"3759",2020-10-17,"Protests","Germany"
"3760",2020-10-17,"Protests","Germany"
"3761",2020-10-17,"Protests","Germany"
"3762",2020-10-17,"Protests","Germany"
"3763",2020-10-17,"Protests","Germany"
"3764",2020-10-17,"Protests","Germany"
"3765",2020-10-17,"Strategic developments","Germany"
"3766",2020-10-17,"Protests","Germany"
"3767",2020-10-17,"Riots","Germany"
"3768",2020-10-17,"Strategic developments","Germany"
"3769",2020-10-17,"Protests","Germany"
"3770",2020-10-18,"Protests","Germany"
"3771",2020-10-18,"Protests","Germany"
"3772",2020-10-18,"Protests","Germany"
"3773",2020-10-18,"Protests","Germany"
"3774",2020-10-19,"Protests","Germany"
"3775",2020-10-19,"Protests","Germany"
"3776",2020-10-19,"Protests","Germany"
"3777",2020-10-19,"Protests","Germany"
"3778",2020-10-19,"Protests","Germany"
"3779",2020-10-19,"Protests","Germany"
"3780",2020-10-19,"Protests","Germany"
"3781",2020-10-19,"Protests","Germany"
"3782",2020-10-19,"Protests","Germany"
"3783",2020-10-19,"Protests","Germany"
"3784",2020-10-19,"Protests","Germany"
"3785",2020-10-20,"Protests","Germany"
"3786",2020-10-20,"Protests","Germany"
"3787",2020-10-20,"Protests","Germany"
"3788",2020-10-20,"Protests","Germany"
"3789",2020-10-20,"Strategic developments","Germany"
"3790",2020-10-20,"Protests","Germany"
"3791",2020-10-20,"Protests","Germany"
"3792",2020-10-20,"Riots","Germany"
"3793",2020-10-20,"Strategic developments","Germany"
"3794",2020-10-20,"Protests","Germany"
"3795",2020-10-20,"Protests","Germany"
"3796",2020-10-20,"Protests","Germany"
"3797",2020-10-20,"Protests","Germany"
"3798",2020-10-20,"Protests","Germany"
"3799",2020-10-20,"Protests","Germany"
"3800",2020-10-20,"Protests","Germany"
"3801",2020-10-20,"Protests","Germany"
"3802",2020-10-20,"Protests","Germany"
"3803",2020-10-21,"Protests","Germany"
"3804",2020-10-21,"Protests","Germany"
"3805",2020-10-21,"Strategic developments","Germany"
"3806",2020-10-21,"Protests","Germany"
"3807",2020-10-21,"Protests","Germany"
"3808",2020-10-21,"Protests","Germany"
"3809",2020-10-21,"Protests","Germany"
"3810",2020-10-21,"Protests","Germany"
"3811",2020-10-21,"Protests","Germany"
"3812",2020-10-21,"Protests","Germany"
"3813",2020-10-21,"Protests","Germany"
"3814",2020-10-21,"Protests","Germany"
"3815",2020-10-21,"Protests","Germany"
"3816",2020-10-21,"Protests","Germany"
"3817",2020-10-21,"Protests","Germany"
"3818",2020-10-21,"Strategic developments","Germany"
"3819",2020-10-21,"Protests","Germany"
"3820",2020-10-21,"Protests","Germany"
"3821",2020-10-22,"Protests","Germany"
"3822",2020-10-22,"Protests","Germany"
"3823",2020-10-22,"Protests","Germany"
"3824",2020-10-22,"Protests","Germany"
"3825",2020-10-22,"Protests","Germany"
"3826",2020-10-22,"Strategic developments","Germany"
"3827",2020-10-22,"Protests","Germany"
"3828",2020-10-23,"Protests","Germany"
"3829",2020-10-23,"Protests","Germany"
"3830",2020-10-23,"Protests","Germany"
"3831",2020-10-23,"Protests","Germany"
"3832",2020-10-23,"Protests","Germany"
"3833",2020-10-23,"Protests","Germany"
"3834",2020-10-24,"Protests","Germany"
"3835",2020-10-24,"Protests","Germany"
"3836",2020-10-24,"Protests","Germany"
"3837",2020-10-24,"Protests","Germany"
"3838",2020-10-24,"Protests","Germany"
"3839",2020-10-24,"Protests","Germany"
"3840",2020-10-24,"Protests","Germany"
"3841",2020-10-24,"Protests","Germany"
"3842",2020-10-24,"Protests","Germany"
"3843",2020-10-24,"Protests","Germany"
"3844",2020-10-24,"Protests","Germany"
"3845",2020-10-24,"Protests","Germany"
"3846",2020-10-24,"Protests","Germany"
"3847",2020-10-24,"Strategic developments","Germany"
"3848",2020-10-24,"Protests","Germany"
"3849",2020-10-24,"Protests","Germany"
"3850",2020-10-24,"Protests","Germany"
"3851",2020-10-24,"Protests","Germany"
"3852",2020-10-24,"Protests","Germany"
"3853",2020-10-24,"Protests","Germany"
"3854",2020-10-24,"Protests","Germany"
"3855",2020-10-24,"Protests","Germany"
"3856",2020-10-24,"Protests","Germany"
"3857",2020-10-24,"Protests","Germany"
"3858",2020-10-24,"Protests","Germany"
"3859",2020-10-24,"Protests","Germany"
"3860",2020-10-24,"Protests","Germany"
"3861",2020-10-24,"Protests","Germany"
"3862",2020-10-24,"Protests","Germany"
"3863",2020-10-24,"Protests","Germany"
"3864",2020-10-24,"Protests","Germany"
"3865",2020-10-25,"Protests","Germany"
"3866",2020-10-25,"Protests","Germany"
"3867",2020-10-25,"Protests","Germany"
"3868",2020-10-25,"Protests","Germany"
"3869",2020-10-25,"Protests","Germany"
"3870",2020-10-25,"Protests","Germany"
"3871",2020-10-25,"Protests","Germany"
"3872",2020-10-25,"Protests","Germany"
"3873",2020-10-25,"Protests","Germany"
"3874",2020-10-25,"Protests","Germany"
"3875",2020-10-25,"Protests","Germany"
"3876",2020-10-25,"Protests","Germany"
"3877",2020-10-25,"Protests","Germany"
"3878",2020-10-25,"Explosions/Remote violence","Germany"
"3879",2020-10-25,"Protests","Germany"
"3880",2020-10-25,"Protests","Germany"
"3881",2020-10-25,"Protests","Germany"
"3882",2020-10-25,"Protests","Germany"
"3883",2020-10-25,"Protests","Germany"
"3884",2020-10-25,"Protests","Germany"
"3885",2020-10-25,"Protests","Germany"
"3886",2020-10-25,"Protests","Germany"
"3887",2020-10-26,"Protests","Germany"
"3888",2020-10-26,"Protests","Germany"
"3889",2020-10-26,"Protests","Germany"
"3890",2020-10-26,"Protests","Germany"
"3891",2020-10-26,"Protests","Germany"
"3892",2020-10-26,"Protests","Germany"
"3893",2020-10-26,"Protests","Germany"
"3894",2020-10-26,"Protests","Germany"
"3895",2020-10-26,"Protests","Germany"
"3896",2020-10-26,"Protests","Germany"
"3897",2020-10-26,"Strategic developments","Germany"
"3898",2020-10-26,"Protests","Germany"
"3899",2020-10-26,"Protests","Germany"
"3900",2020-10-27,"Protests","Germany"
"3901",2020-10-27,"Protests","Germany"
"3902",2020-10-27,"Protests","Germany"
"3903",2020-10-27,"Protests","Germany"
"3904",2020-10-27,"Strategic developments","Germany"
"3905",2020-10-27,"Protests","Germany"
"3906",2020-10-27,"Protests","Germany"
"3907",2020-10-28,"Protests","Germany"
"3908",2020-10-28,"Protests","Germany"
"3909",2020-10-28,"Protests","Germany"
"3910",2020-10-28,"Protests","Germany"
"3911",2020-10-28,"Protests","Germany"
"3912",2020-10-28,"Protests","Germany"
"3913",2020-10-28,"Strategic developments","Germany"
"3914",2020-10-28,"Protests","Germany"
"3915",2020-10-28,"Strategic developments","Germany"
"3916",2020-10-28,"Protests","Germany"
"3917",2020-10-28,"Protests","Germany"
"3918",2020-10-28,"Protests","Germany"
"3919",2020-10-29,"Protests","Germany"
"3920",2020-10-29,"Protests","Germany"
"3921",2020-10-29,"Protests","Germany"
"3922",2020-10-29,"Strategic developments","Germany"
"3923",2020-10-29,"Protests","Germany"
"3924",2020-10-29,"Protests","Germany"
"3925",2020-10-29,"Strategic developments","Germany"
"3926",2020-10-29,"Protests","Germany"
"3927",2020-10-29,"Protests","Germany"
"3928",2020-10-29,"Protests","Germany"
"3929",2020-10-29,"Strategic developments","Germany"
"3930",2020-10-30,"Protests","Germany"
"3931",2020-10-30,"Protests","Germany"
"3932",2020-10-30,"Protests","Germany"
"3933",2020-10-30,"Protests","Germany"
"3934",2020-10-30,"Protests","Germany"
"3935",2020-10-30,"Protests","Germany"
"3936",2020-10-30,"Riots","Germany"
"3937",2020-10-30,"Protests","Germany"
"3938",2020-10-30,"Protests","Germany"
"3939",2020-10-30,"Protests","Germany"
"3940",2020-10-30,"Protests","Germany"
"3941",2020-10-30,"Protests","Germany"
"3942",2020-10-30,"Protests","Germany"
"3943",2020-10-30,"Protests","Germany"
"3944",2020-10-30,"Protests","Germany"
"3945",2020-10-30,"Protests","Germany"
"3946",2020-10-30,"Protests","Germany"
"3947",2020-10-30,"Protests","Germany"
"3948",2020-10-30,"Protests","Germany"
"3949",2020-10-30,"Protests","Germany"
"3950",2020-10-31,"Protests","Germany"
"3951",2020-10-31,"Protests","Germany"
"3952",2020-10-31,"Protests","Germany"
"3953",2020-10-31,"Protests","Germany"
"3954",2020-10-31,"Protests","Germany"
"3955",2020-10-31,"Protests","Germany"
"3956",2020-10-31,"Protests","Germany"
"3957",2020-10-31,"Protests","Germany"
"3958",2020-10-31,"Protests","Germany"
"3959",2020-10-31,"Protests","Germany"
"3960",2020-10-31,"Protests","Germany"
"3961",2020-10-31,"Protests","Germany"
"3962",2020-10-31,"Riots","Germany"
"3963",2020-10-31,"Protests","Germany"
"3964",2020-10-31,"Protests","Germany"
"3965",2020-10-31,"Protests","Germany"
"3966",2020-10-31,"Protests","Germany"
"3967",2020-10-31,"Protests","Germany"
"3968",2020-10-31,"Protests","Germany"
"3969",2020-10-31,"Protests","Germany"
"3970",2020-10-31,"Protests","Germany"
"3971",2020-10-31,"Protests","Germany"
"3972",2020-10-31,"Protests","Germany"
"3973",2020-10-31,"Riots","Germany"
"3974",2020-10-31,"Riots","Germany"
"3975",2020-10-31,"Riots","Germany"
"3976",2020-10-31,"Strategic developments","Germany"
"3977",2020-10-31,"Strategic developments","Germany"
"3978",2020-10-31,"Strategic developments","Germany"
"3979",2020-10-31,"Protests","Germany"
"3980",2020-10-31,"Protests","Germany"
"3981",2020-10-31,"Protests","Germany"
"3982",2020-10-31,"Protests","Germany"
"3983",2020-10-31,"Protests","Germany"
"3984",2020-10-31,"Protests","Germany"
"3985",2020-10-31,"Protests","Germany"
"3986",2020-10-31,"Protests","Germany"
"3987",2020-10-31,"Protests","Germany"
"3988",2020-10-31,"Protests","Germany"
"3989",2020-10-31,"Protests","Germany"
"3990",2020-11-01,"Protests","Germany"
"3991",2020-11-01,"Protests","Germany"
"3992",2020-11-01,"Protests","Germany"
"3993",2020-11-01,"Protests","Germany"
"3994",2020-11-01,"Protests","Germany"
"3995",2020-11-01,"Protests","Germany"
"3996",2020-11-01,"Protests","Germany"
"3997",2020-11-01,"Protests","Germany"
"3998",2020-11-01,"Protests","Germany"
"3999",2020-11-01,"Protests","Germany"
"4000",2020-11-01,"Protests","Germany"
"4001",2020-11-01,"Protests","Germany"
"4002",2020-11-01,"Protests","Germany"
"4003",2020-11-02,"Protests","Germany"
"4004",2020-11-02,"Strategic developments","Germany"
"4005",2020-11-02,"Protests","Germany"
"4006",2020-11-02,"Protests","Germany"
"4007",2020-11-02,"Protests","Germany"
"4008",2020-11-02,"Protests","Germany"
"4009",2020-11-02,"Strategic developments","Germany"
"4010",2020-11-02,"Protests","Germany"
"4011",2020-11-02,"Protests","Germany"
"4012",2020-11-02,"Protests","Germany"
"4013",2020-11-02,"Protests","Germany"
"4014",2020-11-02,"Protests","Germany"
"4015",2020-11-02,"Protests","Germany"
"4016",2020-11-02,"Protests","Germany"
"4017",2020-11-02,"Strategic developments","Germany"
"4018",2020-11-02,"Strategic developments","Germany"
"4019",2020-11-02,"Protests","Germany"
"4020",2020-11-02,"Protests","Germany"
"4021",2020-11-02,"Protests","Germany"
"4022",2020-11-03,"Protests","Germany"
"4023",2020-11-03,"Protests","Germany"
"4024",2020-11-03,"Protests","Germany"
"4025",2020-11-03,"Strategic developments","Germany"
"4026",2020-11-03,"Protests","Germany"
"4027",2020-11-04,"Protests","Germany"
"4028",2020-11-04,"Protests","Germany"
"4029",2020-11-04,"Protests","Germany"
"4030",2020-11-04,"Protests","Germany"
"4031",2020-11-04,"Protests","Germany"
"4032",2020-11-04,"Protests","Germany"
"4033",2020-11-05,"Protests","Germany"
"4034",2020-11-05,"Protests","Germany"
"4035",2020-11-05,"Protests","Germany"
"4036",2020-11-05,"Riots","Germany"
"4037",2020-11-05,"Strategic developments","Germany"
"4038",2020-11-05,"Riots","Germany"
"4039",2020-11-05,"Protests","Germany"
"4040",2020-11-06,"Protests","Germany"
"4041",2020-11-06,"Protests","Germany"
"4042",2020-11-06,"Protests","Germany"
"4043",2020-11-06,"Protests","Germany"
"4044",2020-11-06,"Protests","Germany"
"4045",2020-11-06,"Protests","Germany"
"4046",2020-11-06,"Protests","Germany"
"4047",2020-11-06,"Riots","Germany"
"4048",2020-11-06,"Protests","Germany"
"4049",2020-11-07,"Violence against civilians","Germany"
"4050",2020-11-07,"Protests","Germany"
"4051",2020-11-07,"Protests","Germany"
"4052",2020-11-07,"Protests","Germany"
"4053",2020-11-07,"Protests","Germany"
"4054",2020-11-07,"Protests","Germany"
"4055",2020-11-07,"Protests","Germany"
"4056",2020-11-07,"Protests","Germany"
"4057",2020-11-07,"Protests","Germany"
"4058",2020-11-07,"Protests","Germany"
"4059",2020-11-07,"Protests","Germany"
"4060",2020-11-07,"Riots","Germany"
"4061",2020-11-07,"Protests","Germany"
"4062",2020-11-07,"Riots","Germany"
"4063",2020-11-07,"Protests","Germany"
"4064",2020-11-07,"Protests","Germany"
"4065",2020-11-07,"Riots","Germany"
"4066",2020-11-07,"Protests","Germany"
"4067",2020-11-07,"Protests","Germany"
"4068",2020-11-07,"Protests","Germany"
"4069",2020-11-07,"Riots","Germany"
"4070",2020-11-07,"Riots","Germany"
"4071",2020-11-07,"Riots","Germany"
"4072",2020-11-07,"Protests","Germany"
"4073",2020-11-07,"Protests","Germany"
"4074",2020-11-07,"Protests","Germany"
"4075",2020-11-07,"Strategic developments","Germany"
"4076",2020-11-08,"Protests","Germany"
"4077",2020-11-08,"Protests","Germany"
"4078",2020-11-08,"Protests","Germany"
"4079",2020-11-08,"Protests","Germany"
"4080",2020-11-08,"Protests","Germany"
"4081",2020-11-08,"Protests","Germany"
"4082",2020-11-08,"Protests","Germany"
"4083",2020-11-09,"Protests","Germany"
"4084",2020-11-09,"Protests","Germany"
"4085",2020-11-09,"Strategic developments","Germany"
"4086",2020-11-09,"Violence against civilians","Germany"
"4087",2020-11-09,"Strategic developments","Germany"
"4088",2020-11-09,"Protests","Germany"
"4089",2020-11-09,"Protests","Germany"
"4090",2020-11-09,"Protests","Germany"
"4091",2020-11-09,"Protests","Germany"
"4092",2020-11-09,"Protests","Germany"
"4093",2020-11-09,"Protests","Germany"
"4094",2020-11-09,"Protests","Germany"
"4095",2020-11-09,"Protests","Germany"
"4096",2020-11-09,"Protests","Germany"
"4097",2020-11-09,"Protests","Germany"
"4098",2020-11-09,"Protests","Germany"
"4099",2020-11-09,"Protests","Germany"
"4100",2020-11-09,"Protests","Germany"
"4101",2020-11-09,"Protests","Germany"
"4102",2020-11-09,"Protests","Germany"
"4103",2020-11-09,"Protests","Germany"
"4104",2020-11-09,"Protests","Germany"
"4105",2020-11-09,"Protests","Germany"
"4106",2020-11-09,"Strategic developments","Germany"
"4107",2020-11-09,"Protests","Germany"
"4108",2020-11-10,"Protests","Germany"
"4109",2020-11-10,"Protests","Germany"
"4110",2020-11-10,"Protests","Germany"
"4111",2020-11-10,"Protests","Germany"
"4112",2020-11-10,"Protests","Germany"
"4113",2020-11-10,"Protests","Germany"
"4114",2020-11-10,"Protests","Germany"
"4115",2020-11-10,"Protests","Germany"
"4116",2020-11-10,"Protests","Germany"
"4117",2020-11-10,"Riots","Germany"
"4118",2020-11-11,"Protests","Germany"
"4119",2020-11-11,"Protests","Germany"
"4120",2020-11-11,"Protests","Germany"
"4121",2020-11-11,"Protests","Germany"
"4122",2020-11-11,"Protests","Germany"
"4123",2020-11-11,"Protests","Germany"
"4124",2020-11-11,"Protests","Germany"
"4125",2020-11-11,"Protests","Germany"
"4126",2020-11-11,"Protests","Germany"
"4127",2020-11-11,"Protests","Germany"
"4128",2020-11-11,"Protests","Germany"
"4129",2020-11-11,"Protests","Germany"
"4130",2020-11-11,"Protests","Germany"
"4131",2020-11-11,"Protests","Germany"
"4132",2020-11-11,"Protests","Germany"
"4133",2020-11-11,"Protests","Germany"
"4134",2020-11-11,"Protests","Germany"
"4135",2020-11-11,"Protests","Germany"
"4136",2020-11-11,"Protests","Germany"
"4137",2020-11-11,"Protests","Germany"
"4138",2020-11-11,"Protests","Germany"
"4139",2020-11-11,"Protests","Germany"
"4140",2020-11-11,"Protests","Germany"
"4141",2020-11-11,"Protests","Germany"
"4142",2020-11-11,"Protests","Germany"
"4143",2020-11-11,"Riots","Germany"
"4144",2020-11-11,"Strategic developments","Germany"
"4145",2020-11-11,"Protests","Germany"
"4146",2020-11-11,"Protests","Germany"
"4147",2020-11-11,"Protests","Germany"
"4148",2020-11-12,"Protests","Germany"
"4149",2020-11-12,"Protests","Germany"
"4150",2020-11-12,"Riots","Germany"
"4151",2020-11-13,"Protests","Germany"
"4152",2020-11-13,"Protests","Germany"
"4153",2020-11-13,"Protests","Germany"
"4154",2020-11-13,"Protests","Germany"
"4155",2020-11-13,"Protests","Germany"
"4156",2020-11-13,"Protests","Germany"
"4157",2020-11-13,"Protests","Germany"
"4158",2020-11-13,"Protests","Germany"
"4159",2020-11-13,"Protests","Germany"
"4160",2020-11-13,"Protests","Germany"
"4161",2020-11-14,"Protests","Germany"
"4162",2020-11-14,"Protests","Germany"
"4163",2020-11-14,"Protests","Germany"
"4164",2020-11-14,"Protests","Germany"
"4165",2020-11-14,"Protests","Germany"
"4166",2020-11-14,"Protests","Germany"
"4167",2020-11-14,"Protests","Germany"
"4168",2020-11-14,"Protests","Germany"
"4169",2020-11-14,"Protests","Germany"
"4170",2020-11-14,"Protests","Germany"
"4171",2020-11-14,"Protests","Germany"
"4172",2020-11-14,"Protests","Germany"
"4173",2020-11-14,"Protests","Germany"
"4174",2020-11-14,"Protests","Germany"
"4175",2020-11-14,"Protests","Germany"
"4176",2020-11-14,"Protests","Germany"
"4177",2020-11-14,"Protests","Germany"
"4178",2020-11-14,"Protests","Germany"
"4179",2020-11-14,"Protests","Germany"
"4180",2020-11-14,"Riots","Germany"
"4181",2020-11-14,"Protests","Germany"
"4182",2020-11-14,"Protests","Germany"
"4183",2020-11-14,"Protests","Germany"
"4184",2020-11-14,"Protests","Germany"
"4185",2020-11-14,"Protests","Germany"
"4186",2020-11-14,"Protests","Germany"
"4187",2020-11-14,"Protests","Germany"
"4188",2020-11-14,"Protests","Germany"
"4189",2020-11-14,"Riots","Germany"
"4190",2020-11-14,"Protests","Germany"
"4191",2020-11-14,"Riots","Germany"
"4192",2020-11-14,"Protests","Germany"
"4193",2020-11-14,"Protests","Germany"
"4194",2020-11-14,"Protests","Germany"
"4195",2020-11-14,"Protests","Germany"
"4196",2020-11-14,"Protests","Germany"
"4197",2020-11-14,"Protests","Germany"
"4198",2020-11-14,"Protests","Germany"
"4199",2020-11-14,"Protests","Germany"
"4200",2020-11-14,"Protests","Germany"
"4201",2020-11-14,"Protests","Germany"
"4202",2020-11-14,"Protests","Germany"
"4203",2020-11-14,"Protests","Germany"
"4204",2020-11-14,"Protests","Germany"
"4205",2020-11-14,"Protests","Germany"
"4206",2020-11-15,"Protests","Germany"
"4207",2020-11-15,"Protests","Germany"
"4208",2020-11-15,"Protests","Germany"
"4209",2020-11-15,"Protests","Germany"
"4210",2020-11-15,"Protests","Germany"
"4211",2020-11-15,"Protests","Germany"
"4212",2020-11-15,"Protests","Germany"
"4213",2020-11-15,"Protests","Germany"
"4214",2020-11-15,"Protests","Germany"
"4215",2020-11-15,"Protests","Germany"
"4216",2020-11-15,"Protests","Germany"
"4217",2020-11-15,"Strategic developments","Germany"
"4218",2020-11-15,"Protests","Germany"
"4219",2020-11-15,"Riots","Germany"
"4220",2020-11-15,"Protests","Germany"
"4221",2020-11-15,"Protests","Germany"
"4222",2020-11-15,"Protests","Germany"
"4223",2020-11-15,"Protests","Germany"
"4224",2020-11-16,"Protests","Germany"
"4225",2020-11-16,"Protests","Germany"
"4226",2020-11-16,"Protests","Germany"
"4227",2020-11-16,"Protests","Germany"
"4228",2020-11-16,"Protests","Germany"
"4229",2020-11-16,"Protests","Germany"
"4230",2020-11-16,"Protests","Germany"
"4231",2020-11-16,"Protests","Germany"
"4232",2020-11-16,"Protests","Germany"
"4233",2020-11-16,"Protests","Germany"
"4234",2020-11-16,"Protests","Germany"
"4235",2020-11-16,"Strategic developments","Germany"
"4236",2020-11-16,"Strategic developments","Germany"
"4237",2020-11-16,"Protests","Germany"
"4238",2020-11-16,"Protests","Germany"
"4239",2020-11-16,"Protests","Germany"
"4240",2020-11-16,"Protests","Germany"
"4241",2020-11-16,"Protests","Germany"
"4242",2020-11-17,"Protests","Germany"
"4243",2020-11-17,"Protests","Germany"
"4244",2020-11-17,"Protests","Germany"
"4245",2020-11-18,"Protests","Germany"
"4246",2020-11-18,"Protests","Germany"
"4247",2020-11-18,"Protests","Germany"
"4248",2020-11-18,"Protests","Germany"
"4249",2020-11-18,"Protests","Germany"
"4250",2020-11-18,"Protests","Germany"
"4251",2020-11-18,"Protests","Germany"
"4252",2020-11-18,"Strategic developments","Germany"
"4253",2020-11-18,"Strategic developments","Germany"
"4254",2020-11-18,"Protests","Germany"
"4255",2020-11-18,"Protests","Germany"
"4256",2020-11-18,"Riots","Germany"
"4257",2020-11-18,"Protests","Germany"
"4258",2020-11-18,"Protests","Germany"
"4259",2020-11-19,"Protests","Germany"
"4260",2020-11-19,"Protests","Germany"
"4261",2020-11-19,"Protests","Germany"
"4262",2020-11-19,"Protests","Germany"
"4263",2020-11-19,"Protests","Germany"
"4264",2020-11-19,"Protests","Germany"
"4265",2020-11-19,"Protests","Germany"
"4266",2020-11-19,"Protests","Germany"
"4267",2020-11-19,"Protests","Germany"
"4268",2020-11-19,"Protests","Germany"
"4269",2020-11-19,"Protests","Germany"
"4270",2020-11-19,"Protests","Germany"
"4271",2020-11-19,"Protests","Germany"
"4272",2020-11-19,"Protests","Germany"
"4273",2020-11-19,"Protests","Germany"
"4274",2020-11-19,"Protests","Germany"
"4275",2020-11-19,"Protests","Germany"
"4276",2020-11-19,"Protests","Germany"
"4277",2020-11-19,"Protests","Germany"
"4278",2020-11-19,"Protests","Germany"
"4279",2020-11-19,"Strategic developments","Germany"
"4280",2020-11-19,"Riots","Germany"
"4281",2020-11-19,"Protests","Germany"
"4282",2020-11-20,"Protests","Germany"
"4283",2020-11-20,"Riots","Germany"
"4284",2020-11-20,"Protests","Germany"
"4285",2020-11-20,"Protests","Germany"
"4286",2020-11-20,"Protests","Germany"
"4287",2020-11-20,"Protests","Germany"
"4288",2020-11-20,"Protests","Germany"
"4289",2020-11-20,"Protests","Germany"
"4290",2020-11-20,"Protests","Germany"
"4291",2020-11-20,"Protests","Germany"
"4292",2020-11-20,"Protests","Germany"
"4293",2020-11-21,"Protests","Germany"
"4294",2020-11-21,"Protests","Germany"
"4295",2020-11-21,"Protests","Germany"
"4296",2020-11-21,"Protests","Germany"
"4297",2020-11-21,"Protests","Germany"
"4298",2020-11-21,"Protests","Germany"
"4299",2020-11-21,"Protests","Germany"
"4300",2020-11-21,"Protests","Germany"
"4301",2020-11-21,"Protests","Germany"
"4302",2020-11-21,"Protests","Germany"
"4303",2020-11-21,"Protests","Germany"
"4304",2020-11-21,"Protests","Germany"
"4305",2020-11-21,"Protests","Germany"
"4306",2020-11-21,"Protests","Germany"
"4307",2020-11-21,"Protests","Germany"
"4308",2020-11-21,"Protests","Germany"
"4309",2020-11-21,"Protests","Germany"
"4310",2020-11-21,"Riots","Germany"
"4311",2020-11-21,"Protests","Germany"
"4312",2020-11-21,"Protests","Germany"
"4313",2020-11-21,"Protests","Germany"
"4314",2020-11-21,"Protests","Germany"
"4315",2020-11-21,"Protests","Germany"
"4316",2020-11-21,"Protests","Germany"
"4317",2020-11-21,"Riots","Germany"
"4318",2020-11-21,"Protests","Germany"
"4319",2020-11-21,"Protests","Germany"
"4320",2020-11-21,"Protests","Germany"
"4321",2020-11-21,"Protests","Germany"
"4322",2020-11-22,"Protests","Germany"
"4323",2020-11-22,"Protests","Germany"
"4324",2020-11-22,"Protests","Germany"
"4325",2020-11-22,"Protests","Germany"
"4326",2020-11-22,"Riots","Germany"
"4327",2020-11-22,"Protests","Germany"
"4328",2020-11-22,"Protests","Germany"
"4329",2020-11-22,"Protests","Germany"
"4330",2020-11-22,"Protests","Germany"
"4331",2020-11-22,"Protests","Germany"
"4332",2020-11-22,"Protests","Germany"
"4333",2020-11-22,"Protests","Germany"
"4334",2020-11-22,"Protests","Germany"
"4335",2020-11-22,"Protests","Germany"
"4336",2020-11-22,"Protests","Germany"
"4337",2020-11-22,"Protests","Germany"
"4338",2020-11-22,"Protests","Germany"
"4339",2020-11-22,"Protests","Germany"
"4340",2020-11-22,"Protests","Germany"
"4341",2020-11-22,"Protests","Germany"
"4342",2020-11-22,"Protests","Germany"
"4343",2020-11-22,"Strategic developments","Germany"
"4344",2020-11-22,"Protests","Germany"
"4345",2020-11-23,"Protests","Germany"
"4346",2020-11-23,"Protests","Germany"
"4347",2020-11-23,"Protests","Germany"
"4348",2020-11-23,"Protests","Germany"
"4349",2020-11-23,"Protests","Germany"
"4350",2020-11-23,"Protests","Germany"
"4351",2020-11-23,"Protests","Germany"
"4352",2020-11-23,"Protests","Germany"
"4353",2020-11-23,"Protests","Germany"
"4354",2020-11-23,"Protests","Germany"
"4355",2020-11-23,"Protests","Germany"
"4356",2020-11-23,"Protests","Germany"
"4357",2020-11-23,"Protests","Germany"
"4358",2020-11-23,"Protests","Germany"
"4359",2020-11-23,"Protests","Germany"
"4360",2020-11-24,"Protests","Germany"
"4361",2020-11-24,"Protests","Germany"
"4362",2020-11-24,"Protests","Germany"
"4363",2020-11-24,"Protests","Germany"
"4364",2020-11-24,"Protests","Germany"
"4365",2020-11-24,"Protests","Germany"
"4366",2020-11-24,"Strategic developments","Germany"
"4367",2020-11-24,"Strategic developments","Germany"
"4368",2020-11-24,"Protests","Germany"
"4369",2020-11-25,"Protests","Germany"
"4370",2020-11-25,"Protests","Germany"
"4371",2020-11-25,"Protests","Germany"
"4372",2020-11-25,"Protests","Germany"
"4373",2020-11-25,"Protests","Germany"
"4374",2020-11-25,"Protests","Germany"
"4375",2020-11-25,"Protests","Germany"
"4376",2020-11-25,"Protests","Germany"
"4377",2020-11-25,"Protests","Germany"
"4378",2020-11-25,"Protests","Germany"
"4379",2020-11-25,"Protests","Germany"
"4380",2020-11-25,"Protests","Germany"
"4381",2020-11-25,"Protests","Germany"
"4382",2020-11-25,"Strategic developments","Germany"
"4383",2020-11-25,"Protests","Germany"
"4384",2020-11-25,"Protests","Germany"
"4385",2020-11-25,"Protests","Germany"
"4386",2020-11-26,"Protests","Germany"
"4387",2020-11-26,"Protests","Germany"
"4388",2020-11-26,"Protests","Germany"
"4389",2020-11-26,"Riots","Germany"
"4390",2020-11-26,"Riots","Germany"
"4391",2020-11-26,"Protests","Germany"
"4392",2020-11-27,"Protests","Germany"
"4393",2020-11-27,"Protests","Germany"
"4394",2020-11-27,"Protests","Germany"
"4395",2020-11-27,"Protests","Germany"
"4396",2020-11-27,"Protests","Germany"
"4397",2020-11-27,"Protests","Germany"
"4398",2020-11-27,"Protests","Germany"
"4399",2020-11-27,"Riots","Germany"
"4400",2020-11-27,"Protests","Germany"
"4401",2020-11-27,"Protests","Germany"
"4402",2020-11-27,"Protests","Germany"
"4403",2020-11-27,"Protests","Germany"
"4404",2020-11-27,"Protests","Germany"
"4405",2020-11-27,"Protests","Germany"
"4406",2020-11-27,"Protests","Germany"
"4407",2020-11-27,"Protests","Germany"
"4408",2020-11-27,"Protests","Germany"
"4409",2020-11-27,"Protests","Germany"
"4410",2020-11-28,"Protests","Germany"
"4411",2020-11-28,"Protests","Germany"
"4412",2020-11-28,"Protests","Germany"
"4413",2020-11-28,"Protests","Germany"
"4414",2020-11-28,"Protests","Germany"
"4415",2020-11-28,"Protests","Germany"
"4416",2020-11-28,"Protests","Germany"
"4417",2020-11-28,"Protests","Germany"
"4418",2020-11-28,"Protests","Germany"
"4419",2020-11-28,"Protests","Germany"
"4420",2020-11-28,"Protests","Germany"
"4421",2020-11-28,"Protests","Germany"
"4422",2020-11-28,"Protests","Germany"
"4423",2020-11-28,"Protests","Germany"
"4424",2020-11-28,"Protests","Germany"
"4425",2020-11-28,"Riots","Germany"
"4426",2020-11-28,"Protests","Germany"
"4427",2020-11-28,"Protests","Germany"
"4428",2020-11-28,"Strategic developments","Germany"
"4429",2020-11-28,"Protests","Germany"
"4430",2020-11-28,"Riots","Germany"
"4431",2020-11-28,"Protests","Germany"
"4432",2020-11-28,"Protests","Germany"
"4433",2020-11-28,"Protests","Germany"
"4434",2020-11-28,"Protests","Germany"
"4435",2020-11-28,"Strategic developments","Germany"
"4436",2020-11-29,"Protests","Germany"
"4437",2020-11-29,"Protests","Germany"
"4438",2020-11-29,"Protests","Germany"
"4439",2020-11-29,"Protests","Germany"
"4440",2020-11-29,"Riots","Germany"
"4441",2020-11-29,"Protests","Germany"
"4442",2020-11-29,"Protests","Germany"
"4443",2020-11-29,"Riots","Germany"
"4444",2020-11-30,"Protests","Germany"
"4445",2020-11-30,"Protests","Germany"
"4446",2020-11-30,"Protests","Germany"
"4447",2020-11-30,"Protests","Germany"
"4448",2020-11-30,"Protests","Germany"
"4449",2020-11-30,"Strategic developments","Germany"
"4450",2020-11-30,"Protests","Germany"
"4451",2020-11-30,"Protests","Germany"
"4452",2020-11-30,"Protests","Germany"
"4453",2020-11-30,"Protests","Germany"
"4454",2020-11-30,"Protests","Germany"
"4455",2020-11-30,"Protests","Germany"
"4456",2020-11-30,"Protests","Germany"
"4457",2020-11-30,"Protests","Germany"
"4458",2020-11-30,"Protests","Germany"
"4459",2020-11-30,"Protests","Germany"
"4460",2020-11-30,"Protests","Germany"
"4461",2020-11-30,"Protests","Germany"
"4462",2020-11-30,"Protests","Germany"
"4463",2020-11-30,"Protests","Germany"
"4464",2020-11-30,"Protests","Germany"
"4465",2020-11-30,"Protests","Germany"
"4466",2020-11-30,"Protests","Germany"
"4467",2020-12-01,"Protests","Germany"
"4468",2020-12-01,"Protests","Germany"
"4469",2020-12-01,"Protests","Germany"
"4470",2020-12-01,"Protests","Germany"
"4471",2020-12-01,"Protests","Germany"
"4472",2020-12-01,"Protests","Germany"
"4473",2020-12-01,"Protests","Germany"
"4474",2020-12-01,"Protests","Germany"
"4475",2020-12-02,"Protests","Germany"
"4476",2020-12-02,"Protests","Germany"
"4477",2020-12-02,"Protests","Germany"
"4478",2020-12-02,"Protests","Germany"
"4479",2020-12-02,"Protests","Germany"
"4480",2020-12-02,"Protests","Germany"
"4481",2020-12-02,"Protests","Germany"
"4482",2020-12-02,"Protests","Germany"
"4483",2020-12-02,"Protests","Germany"
"4484",2020-12-03,"Protests","Germany"
"4485",2020-12-03,"Protests","Germany"
"4486",2020-12-03,"Protests","Germany"
"4487",2020-12-03,"Protests","Germany"
"4488",2020-12-03,"Protests","Germany"
"4489",2020-12-03,"Protests","Germany"
"4490",2020-12-03,"Protests","Germany"
"4491",2020-12-03,"Protests","Germany"
"4492",2020-12-03,"Protests","Germany"
"4493",2020-12-03,"Protests","Germany"
"4494",2020-12-03,"Strategic developments","Germany"
"4495",2020-12-03,"Protests","Germany"
"4496",2020-12-03,"Protests","Germany"
"4497",2020-12-03,"Protests","Germany"
"4498",2020-12-03,"Protests","Germany"
"4499",2020-12-04,"Protests","Germany"
"4500",2020-12-04,"Protests","Germany"
"4501",2020-12-04,"Protests","Germany"
"4502",2020-12-04,"Protests","Germany"
"4503",2020-12-04,"Protests","Germany"
"4504",2020-12-04,"Protests","Germany"
"4505",2020-12-05,"Protests","Germany"
"4506",2020-12-05,"Protests","Germany"
"4507",2020-12-05,"Strategic developments","Germany"
"4508",2020-12-05,"Protests","Germany"
"4509",2020-12-05,"Protests","Germany"
"4510",2020-12-05,"Protests","Germany"
"4511",2020-12-05,"Protests","Germany"
"4512",2020-12-05,"Protests","Germany"
"4513",2020-12-05,"Protests","Germany"
"4514",2020-12-05,"Protests","Germany"
"4515",2020-12-05,"Protests","Germany"
"4516",2020-12-05,"Riots","Germany"
"4517",2020-12-05,"Protests","Germany"
"4518",2020-12-05,"Protests","Germany"
"4519",2020-12-05,"Protests","Germany"
"4520",2020-12-05,"Protests","Germany"
"4521",2020-12-05,"Protests","Germany"
"4522",2020-12-05,"Protests","Germany"
"4523",2020-12-05,"Protests","Germany"
"4524",2020-12-05,"Protests","Germany"
"4525",2020-12-05,"Protests","Germany"
"4526",2020-12-05,"Protests","Germany"
"4527",2020-12-05,"Protests","Germany"
"4528",2020-12-05,"Riots","Germany"
"4529",2020-12-05,"Protests","Germany"
"4530",2020-12-06,"Protests","Germany"
"4531",2020-12-06,"Protests","Germany"
"4532",2020-12-06,"Protests","Germany"
"4533",2020-12-06,"Protests","Germany"
"4534",2020-12-06,"Protests","Germany"
"4535",2020-12-06,"Protests","Germany"
"4536",2020-12-06,"Protests","Germany"
"4537",2020-12-06,"Protests","Germany"
"4538",2020-12-06,"Protests","Germany"
"4539",2020-12-06,"Protests","Germany"
"4540",2020-12-06,"Protests","Germany"
"4541",2020-12-06,"Protests","Germany"
"4542",2020-12-06,"Protests","Germany"
"4543",2020-12-06,"Protests","Germany"
"4544",2020-12-06,"Protests","Germany"
"4545",2020-12-06,"Protests","Germany"
"4546",2020-12-06,"Protests","Germany"
"4547",2020-12-06,"Protests","Germany"
"4548",2020-12-06,"Protests","Germany"
"4549",2020-12-06,"Protests","Germany"
"4550",2020-12-07,"Protests","Germany"
"4551",2020-12-07,"Protests","Germany"
"4552",2020-12-07,"Protests","Germany"
"4553",2020-12-07,"Protests","Germany"
"4554",2020-12-07,"Protests","Germany"
"4555",2020-12-07,"Protests","Germany"
"4556",2020-12-07,"Protests","Germany"
"4557",2020-12-07,"Protests","Germany"
"4558",2020-12-07,"Protests","Germany"
"4559",2020-12-07,"Protests","Germany"
"4560",2020-12-07,"Protests","Germany"
"4561",2020-12-07,"Protests","Germany"
"4562",2020-12-07,"Protests","Germany"
"4563",2020-12-07,"Protests","Germany"
"4564",2020-12-07,"Protests","Germany"
"4565",2020-12-07,"Protests","Germany"
"4566",2020-12-07,"Protests","Germany"
"4567",2020-12-07,"Protests","Germany"
"4568",2020-12-07,"Protests","Germany"
"4569",2020-12-07,"Protests","Germany"
"4570",2020-12-07,"Protests","Germany"
"4571",2020-12-07,"Strategic developments","Germany"
"4572",2020-12-07,"Protests","Germany"
"4573",2020-12-07,"Protests","Germany"
"4574",2020-12-08,"Protests","Germany"
"4575",2020-12-08,"Protests","Germany"
"4576",2020-12-08,"Protests","Germany"
"4577",2020-12-08,"Protests","Germany"
"4578",2020-12-08,"Protests","Germany"
"4579",2020-12-09,"Protests","Germany"
"4580",2020-12-09,"Protests","Germany"
"4581",2020-12-09,"Protests","Germany"
"4582",2020-12-09,"Protests","Germany"
"4583",2020-12-09,"Protests","Germany"
"4584",2020-12-09,"Protests","Germany"
"4585",2020-12-10,"Protests","Germany"
"4586",2020-12-10,"Protests","Germany"
"4587",2020-12-10,"Protests","Germany"
"4588",2020-12-10,"Protests","Germany"
"4589",2020-12-10,"Protests","Germany"
"4590",2020-12-10,"Protests","Germany"
"4591",2020-12-10,"Protests","Germany"
"4592",2020-12-10,"Protests","Germany"
"4593",2020-12-10,"Protests","Germany"
"4594",2020-12-10,"Protests","Germany"
"4595",2020-12-11,"Protests","Germany"
"4596",2020-12-11,"Protests","Germany"
"4597",2020-12-11,"Protests","Germany"
"4598",2020-12-11,"Protests","Germany"
"4599",2020-12-11,"Protests","Germany"
"4600",2020-12-11,"Protests","Germany"
"4601",2020-12-11,"Protests","Germany"
"4602",2020-12-11,"Protests","Germany"
"4603",2020-12-11,"Protests","Germany"
"4604",2020-12-11,"Protests","Germany"
"4605",2020-12-11,"Protests","Germany"
"4606",2020-12-11,"Protests","Germany"
"4607",2020-12-11,"Protests","Germany"
"4608",2020-12-11,"Protests","Germany"
"4609",2020-12-11,"Protests","Germany"
"4610",2020-12-11,"Protests","Germany"
"4611",2020-12-11,"Protests","Germany"
"4612",2020-12-11,"Protests","Germany"
"4613",2020-12-11,"Protests","Germany"
"4614",2020-12-11,"Protests","Germany"
"4615",2020-12-12,"Protests","Germany"
"4616",2020-12-12,"Protests","Germany"
"4617",2020-12-12,"Protests","Germany"
"4618",2020-12-12,"Protests","Germany"
"4619",2020-12-12,"Protests","Germany"
"4620",2020-12-12,"Protests","Germany"
"4621",2020-12-12,"Protests","Germany"
"4622",2020-12-12,"Protests","Germany"
"4623",2020-12-12,"Riots","Germany"
"4624",2020-12-12,"Riots","Germany"
"4625",2020-12-12,"Protests","Germany"
"4626",2020-12-12,"Protests","Germany"
"4627",2020-12-12,"Protests","Germany"
"4628",2020-12-12,"Protests","Germany"
"4629",2020-12-12,"Protests","Germany"
"4630",2020-12-12,"Protests","Germany"
"4631",2020-12-12,"Protests","Germany"
"4632",2020-12-12,"Protests","Germany"
"4633",2020-12-12,"Protests","Germany"
"4634",2020-12-12,"Protests","Germany"
"4635",2020-12-12,"Protests","Germany"
"4636",2020-12-12,"Riots","Germany"
"4637",2020-12-12,"Protests","Germany"
"4638",2020-12-12,"Strategic developments","Germany"
"4639",2020-12-12,"Protests","Germany"
"4640",2020-12-12,"Protests","Germany"
"4641",2020-12-12,"Protests","Germany"
"4642",2020-12-12,"Protests","Germany"
"4643",2020-12-12,"Protests","Germany"
"4644",2020-12-12,"Protests","Germany"
"4645",2020-12-12,"Protests","Germany"
"4646",2020-12-12,"Protests","Germany"
"4647",2020-12-13,"Protests","Germany"
"4648",2020-12-13,"Protests","Germany"
"4649",2020-12-13,"Protests","Germany"
"4650",2020-12-13,"Protests","Germany"
"4651",2020-12-13,"Protests","Germany"
"4652",2020-12-13,"Protests","Germany"
"4653",2020-12-13,"Protests","Germany"
"4654",2020-12-13,"Riots","Germany"
"4655",2020-12-14,"Protests","Germany"
"4656",2020-12-14,"Protests","Germany"
"4657",2020-12-14,"Protests","Germany"
"4658",2020-12-14,"Protests","Germany"
"4659",2020-12-14,"Protests","Germany"
"4660",2020-12-14,"Protests","Germany"
"4661",2020-12-14,"Protests","Germany"
"4662",2020-12-14,"Protests","Germany"
"4663",2020-12-14,"Protests","Germany"
"4664",2020-12-14,"Protests","Germany"
"4665",2020-12-14,"Protests","Germany"
"4666",2020-12-14,"Protests","Germany"
"4667",2020-12-14,"Protests","Germany"
"4668",2020-12-14,"Protests","Germany"
"4669",2020-12-14,"Protests","Germany"
"4670",2020-12-14,"Protests","Germany"
"4671",2020-12-14,"Protests","Germany"
"4672",2020-12-14,"Protests","Germany"
"4673",2020-12-14,"Strategic developments","Germany"
"4674",2020-12-14,"Protests","Germany"
"4675",2020-12-14,"Protests","Germany"
"4676",2020-12-14,"Protests","Germany"
"4677",2020-12-15,"Protests","Germany"
"4678",2020-12-15,"Protests","Germany"
"4679",2020-12-15,"Protests","Germany"
"4680",2020-12-15,"Protests","Germany"
"4681",2020-12-15,"Protests","Germany"
"4682",2020-12-15,"Protests","Germany"
"4683",2020-12-15,"Protests","Germany"
"4684",2020-12-15,"Protests","Germany"
"4685",2020-12-16,"Protests","Germany"
"4686",2020-12-16,"Protests","Germany"
"4687",2020-12-16,"Protests","Germany"
"4688",2020-12-16,"Protests","Germany"
"4689",2020-12-16,"Strategic developments","Germany"
"4690",2020-12-16,"Protests","Germany"
"4691",2020-12-17,"Protests","Germany"
"4692",2020-12-17,"Strategic developments","Germany"
"4693",2020-12-18,"Strategic developments","Germany"
"4694",2020-12-18,"Protests","Germany"
"4695",2020-12-18,"Protests","Germany"
"4696",2020-12-18,"Protests","Germany"
"4697",2020-12-18,"Protests","Germany"
"4698",2020-12-18,"Protests","Germany"
"4699",2020-12-18,"Protests","Germany"
"4700",2020-12-19,"Protests","Germany"
"4701",2020-12-19,"Protests","Germany"
"4702",2020-12-19,"Protests","Germany"
"4703",2020-12-19,"Protests","Germany"
"4704",2020-12-19,"Protests","Germany"
"4705",2020-12-19,"Protests","Germany"
"4706",2020-12-19,"Protests","Germany"
"4707",2020-12-19,"Protests","Germany"
"4708",2020-12-19,"Protests","Germany"
"4709",2020-12-19,"Protests","Germany"
"4710",2020-12-19,"Protests","Germany"
"4711",2020-12-19,"Protests","Germany"
"4712",2020-12-19,"Protests","Germany"
"4713",2020-12-19,"Protests","Germany"
"4714",2020-12-19,"Protests","Germany"
"4715",2020-12-20,"Protests","Germany"
"4716",2020-12-20,"Protests","Germany"
"4717",2020-12-20,"Protests","Germany"
"4718",2020-12-20,"Riots","Germany"
"4719",2020-12-20,"Protests","Germany"
"4720",2020-12-20,"Protests","Germany"
"4721",2020-12-20,"Strategic developments","Germany"
"4722",2020-12-20,"Protests","Germany"
"4723",2020-12-21,"Protests","Germany"
"4724",2020-12-21,"Protests","Germany"
"4725",2020-12-21,"Protests","Germany"
"4726",2020-12-21,"Strategic developments","Germany"
"4727",2020-12-21,"Riots","Germany"
"4728",2020-12-21,"Protests","Germany"
"4729",2020-12-21,"Protests","Germany"
"4730",2020-12-21,"Protests","Germany"
"4731",2020-12-21,"Protests","Germany"
"4732",2020-12-21,"Strategic developments","Germany"
"4733",2020-12-22,"Protests","Germany"
"4734",2020-12-22,"Protests","Germany"
"4735",2020-12-22,"Strategic developments","Germany"
"4736",2020-12-23,"Protests","Germany"
"4737",2020-12-23,"Protests","Germany"
"4738",2020-12-23,"Strategic developments","Germany"
"4739",2020-12-25,"Protests","Germany"
"4740",2020-12-25,"Protests","Germany"
"4741",2020-12-26,"Protests","Germany"
"4742",2020-12-26,"Protests","Germany"
"4743",2020-12-26,"Protests","Germany"
"4744",2020-12-26,"Protests","Germany"
"4745",2020-12-26,"Strategic developments","Germany"
"4746",2020-12-27,"Protests","Germany"
"4747",2020-12-27,"Protests","Germany"
"4748",2020-12-27,"Protests","Germany"
"4749",2020-12-28,"Protests","Germany"
"4750",2020-12-28,"Protests","Germany"
"4751",2020-12-28,"Protests","Germany"
"4752",2020-12-28,"Protests","Germany"
"4753",2020-12-28,"Protests","Germany"
"4754",2020-12-28,"Protests","Germany"
"4755",2020-12-28,"Protests","Germany"
"4756",2020-12-28,"Protests","Germany"
"4757",2020-12-28,"Protests","Germany"
"4758",2020-12-28,"Protests","Germany"
"4759",2020-12-29,"Protests","Germany"
"4760",2020-12-29,"Protests","Germany"
"4761",2020-12-29,"Protests","Germany"
"4762",2020-12-29,"Protests","Germany"
"4763",2020-12-29,"Protests","Germany"
"4764",2020-12-30,"Protests","Germany"
"4765",2020-12-30,"Protests","Germany"
"4766",2020-12-30,"Protests","Germany"
"4767",2020-12-30,"Protests","Germany"
"4768",2020-12-30,"Protests","Germany"
"4769",2020-12-30,"Strategic developments","Germany"
"4770",2020-12-30,"Protests","Germany"
"4771",2020-12-30,"Protests","Germany"
"4772",2020-12-31,"Protests","Germany"
"4773",2020-12-31,"Strategic developments","Germany"
"4774",2020-12-31,"Protests","Germany"
"4775",2020-12-31,"Protests","Germany"
"4776",2020-12-31,"Protests","Germany"
"4777",2020-12-31,"Protests","Germany"
"4778",2020-12-31,"Protests","Germany"
"4779",2020-12-31,"Protests","Germany"
"4780",2020-12-31,"Protests","Germany"
"4781",2021-01-01,"Protests","Germany"
"4782",2021-01-01,"Strategic developments","Germany"
"4783",2021-01-02,"Protests","Germany"
"4784",2021-01-02,"Protests","Germany"
"4785",2021-01-02,"Protests","Germany"
"4786",2021-01-03,"Protests","Germany"
"4787",2021-01-03,"Protests","Germany"
"4788",2021-01-03,"Protests","Germany"
"4789",2021-01-03,"Protests","Germany"
"4790",2021-01-03,"Protests","Germany"
"4791",2021-01-04,"Protests","Germany"
"4792",2021-01-04,"Protests","Germany"
"4793",2021-01-04,"Protests","Germany"
"4794",2021-01-04,"Protests","Germany"
"4795",2021-01-04,"Protests","Germany"
"4796",2021-01-04,"Protests","Germany"
"4797",2021-01-04,"Strategic developments","Germany"
"4798",2021-01-04,"Protests","Germany"
"4799",2021-01-04,"Protests","Germany"
"4800",2021-01-05,"Protests","Germany"
"4801",2021-01-05,"Protests","Germany"
"4802",2021-01-06,"Protests","Germany"
"4803",2021-01-06,"Strategic developments","Germany"
"4804",2021-01-06,"Strategic developments","Germany"
"4805",2021-01-06,"Protests","Germany"
"4806",2021-01-06,"Protests","Germany"
"4807",2021-01-06,"Protests","Germany"
"4808",2021-01-06,"Protests","Germany"
"4809",2021-01-06,"Protests","Germany"
"4810",2021-01-06,"Protests","Germany"
"4811",2021-01-06,"Protests","Germany"
"4812",2021-01-07,"Strategic developments","Germany"
"4813",2021-01-07,"Protests","Germany"
"4814",2021-01-07,"Protests","Germany"
"4815",2021-01-07,"Protests","Germany"
"4816",2021-01-07,"Protests","Germany"
"4817",2021-01-07,"Protests","Germany"
"4818",2021-01-07,"Strategic developments","Germany"
"4819",2021-01-07,"Protests","Germany"
"4820",2021-01-08,"Strategic developments","Germany"
"4821",2021-01-08,"Protests","Germany"
"4822",2021-01-08,"Protests","Germany"
"4823",2021-01-08,"Protests","Germany"
"4824",2021-01-09,"Protests","Germany"
"4825",2021-01-09,"Protests","Germany"
"4826",2021-01-09,"Protests","Germany"
"4827",2021-01-09,"Protests","Germany"
"4828",2021-01-09,"Protests","Germany"
"4829",2021-01-09,"Protests","Germany"
"4830",2021-01-09,"Protests","Germany"
"4831",2021-01-09,"Protests","Germany"
"4832",2021-01-09,"Protests","Germany"
"4833",2021-01-09,"Protests","Germany"
"4834",2021-01-10,"Protests","Germany"
"4835",2021-01-10,"Protests","Germany"
"4836",2021-01-10,"Protests","Germany"
"4837",2021-01-10,"Riots","Germany"
"4838",2021-01-10,"Strategic developments","Germany"
"4839",2021-01-10,"Protests","Germany"
"4840",2021-01-10,"Strategic developments","Germany"
"4841",2021-01-10,"Strategic developments","Germany"
"4842",2021-01-10,"Protests","Germany"
"4843",2021-01-11,"Protests","Germany"
"4844",2021-01-11,"Protests","Germany"
"4845",2021-01-11,"Protests","Germany"
"4846",2021-01-11,"Protests","Germany"
"4847",2021-01-11,"Protests","Germany"
"4848",2021-01-11,"Protests","Germany"
"4849",2021-01-11,"Protests","Germany"
"4850",2021-01-11,"Protests","Germany"
"4851",2021-01-11,"Strategic developments","Germany"
"4852",2021-01-12,"Protests","Germany"
"4853",2021-01-12,"Protests","Germany"
"4854",2021-01-12,"Protests","Germany"
"4855",2021-01-12,"Protests","Germany"
"4856",2021-01-12,"Protests","Germany"
"4857",2021-01-12,"Protests","Germany"
"4858",2021-01-12,"Protests","Germany"
"4859",2021-01-13,"Protests","Germany"
"4860",2021-01-13,"Protests","Germany"
"4861",2021-01-13,"Protests","Germany"
"4862",2021-01-14,"Protests","Germany"
"4863",2021-01-15,"Protests","Germany"
"4864",2021-01-15,"Protests","Germany"
"4865",2021-01-15,"Protests","Germany"
"4866",2021-01-15,"Protests","Germany"
"4867",2021-01-16,"Protests","Germany"
"4868",2021-01-16,"Protests","Germany"
"4869",2021-01-16,"Strategic developments","Germany"
"4870",2021-01-16,"Protests","Germany"
"4871",2021-01-16,"Protests","Germany"
"4872",2021-01-16,"Protests","Germany"
"4873",2021-01-16,"Protests","Germany"
"4874",2021-01-16,"Protests","Germany"
"4875",2021-01-16,"Protests","Germany"
"4876",2021-01-16,"Protests","Germany"
"4877",2021-01-16,"Protests","Germany"
"4878",2021-01-16,"Protests","Germany"
"4879",2021-01-16,"Protests","Germany"
"4880",2021-01-16,"Protests","Germany"
"4881",2021-01-17,"Protests","Germany"
"4882",2021-01-17,"Protests","Germany"
"4883",2021-01-17,"Protests","Germany"
"4884",2021-01-17,"Protests","Germany"
"4885",2021-01-17,"Riots","Germany"
"4886",2021-01-17,"Protests","Germany"
"4887",2021-01-17,"Protests","Germany"
"4888",2021-01-17,"Protests","Germany"
"4889",2021-01-17,"Protests","Germany"
"4890",2021-01-17,"Protests","Germany"
"4891",2021-01-18,"Protests","Germany"
"4892",2021-01-18,"Protests","Germany"
"4893",2021-01-18,"Protests","Germany"
"4894",2021-01-18,"Protests","Germany"
"4895",2021-01-18,"Protests","Germany"
"4896",2021-01-18,"Protests","Germany"
"4897",2021-01-18,"Protests","Germany"
"4898",2021-01-18,"Protests","Germany"
"4899",2021-01-18,"Protests","Germany"
"4900",2021-01-18,"Protests","Germany"
"4901",2021-01-18,"Protests","Germany"
"4902",2021-01-18,"Protests","Germany"
"4903",2021-01-18,"Protests","Germany"
"4904",2021-01-18,"Protests","Germany"
"4905",2021-01-18,"Protests","Germany"
"4906",2021-01-18,"Protests","Germany"
"4907",2021-01-18,"Violence against civilians","Germany"
"4908",2021-01-18,"Protests","Germany"
"4909",2021-01-18,"Protests","Germany"
"4910",2021-01-19,"Protests","Germany"
"4911",2021-01-19,"Protests","Germany"
"4912",2021-01-19,"Protests","Germany"
"4913",2021-01-19,"Protests","Germany"
"4914",2021-01-19,"Strategic developments","Germany"
"4915",2021-01-19,"Protests","Germany"
"4916",2021-01-20,"Protests","Germany"
"4917",2021-01-20,"Riots","Germany"
"4918",2021-01-20,"Strategic developments","Germany"
"4919",2021-01-20,"Protests","Germany"
"4920",2021-01-20,"Protests","Germany"
"4921",2021-01-20,"Protests","Germany"
"4922",2021-01-20,"Protests","Germany"
"4923",2021-01-20,"Protests","Germany"
"4924",2021-01-21,"Protests","Germany"
"4925",2021-01-21,"Protests","Germany"
"4926",2021-01-21,"Protests","Germany"
"4927",2021-01-22,"Protests","Germany"
"4928",2021-01-22,"Protests","Germany"
"4929",2021-01-22,"Protests","Germany"
"4930",2021-01-22,"Protests","Germany"
"4931",2021-01-22,"Protests","Germany"
"4932",2021-01-22,"Riots","Germany"
"4933",2021-01-22,"Protests","Germany"
"4934",2021-01-22,"Riots","Germany"
"4935",2021-01-22,"Strategic developments","Germany"
"4936",2021-01-22,"Protests","Germany"
"4937",2021-01-22,"Protests","Germany"
"4938",2021-01-22,"Protests","Germany"
"4939",2021-01-22,"Protests","Germany"
"4940",2021-01-22,"Protests","Germany"
"4941",2021-01-22,"Protests","Germany"
"4942",2021-01-22,"Protests","Germany"
"4943",2021-01-23,"Protests","Germany"
"4944",2021-01-23,"Protests","Germany"
"4945",2021-01-23,"Protests","Germany"
"4946",2021-01-23,"Protests","Germany"
"4947",2021-01-23,"Riots","Germany"
"4948",2021-01-23,"Protests","Germany"
"4949",2021-01-23,"Protests","Germany"
"4950",2021-01-23,"Protests","Germany"
"4951",2021-01-23,"Protests","Germany"
"4952",2021-01-23,"Protests","Germany"
"4953",2021-01-23,"Protests","Germany"
"4954",2021-01-23,"Protests","Germany"
"4955",2021-01-23,"Protests","Germany"
"4956",2021-01-23,"Protests","Germany"
"4957",2021-01-23,"Protests","Germany"
"4958",2021-01-23,"Protests","Germany"
"4959",2021-01-23,"Protests","Germany"
"4960",2021-01-23,"Protests","Germany"
"4961",2021-01-23,"Protests","Germany"
"4962",2021-01-23,"Protests","Germany"
"4963",2021-01-23,"Protests","Germany"
"4964",2021-01-23,"Protests","Germany"
"4965",2021-01-23,"Strategic developments","Germany"
"4966",2021-01-24,"Protests","Germany"
"4967",2021-01-24,"Protests","Germany"
"4968",2021-01-24,"Protests","Germany"
"4969",2021-01-24,"Protests","Germany"
"4970",2021-01-24,"Protests","Germany"
"4971",2021-01-24,"Protests","Germany"
"4972",2021-01-24,"Protests","Germany"
"4973",2021-01-24,"Riots","Germany"
"4974",2021-01-24,"Protests","Germany"
"4975",2021-01-25,"Strategic developments","Germany"
"4976",2021-01-25,"Protests","Germany"
"4977",2021-01-25,"Protests","Germany"
"4978",2021-01-25,"Protests","Germany"
"4979",2021-01-25,"Protests","Germany"
"4980",2021-01-25,"Protests","Germany"
"4981",2021-01-26,"Protests","Germany"
"4982",2021-01-26,"Protests","Germany"
"4983",2021-01-26,"Protests","Germany"
"4984",2021-01-26,"Protests","Germany"
"4985",2021-01-26,"Protests","Germany"
"4986",2021-01-26,"Protests","Germany"
"4987",2021-01-27,"Protests","Germany"
"4988",2021-01-27,"Protests","Germany"
"4989",2021-01-27,"Protests","Germany"
"4990",2021-01-27,"Protests","Germany"
"4991",2021-01-27,"Protests","Germany"
"4992",2021-01-28,"Protests","Germany"
"4993",2021-01-28,"Protests","Germany"
"4994",2021-01-28,"Protests","Germany"
"4995",2021-01-28,"Protests","Germany"
"4996",2021-01-28,"Protests","Germany"
"4997",2021-01-28,"Protests","Germany"
"4998",2021-01-28,"Protests","Germany"
"4999",2021-01-29,"Protests","Germany"
"5000",2021-01-29,"Protests","Germany"
"5001",2021-01-29,"Protests","Germany"
"5002",2021-01-29,"Protests","Germany"
"5003",2021-01-29,"Protests","Germany"
"5004",2021-01-30,"Protests","Germany"
"5005",2021-01-30,"Protests","Germany"
"5006",2021-01-30,"Protests","Germany"
"5007",2021-01-30,"Protests","Germany"
"5008",2021-01-30,"Protests","Germany"
"5009",2021-01-30,"Protests","Germany"
"5010",2021-01-30,"Protests","Germany"
"5011",2021-01-30,"Protests","Germany"
"5012",2021-01-30,"Protests","Germany"
"5013",2021-01-30,"Protests","Germany"
"5014",2021-01-30,"Protests","Germany"
"5015",2021-01-30,"Protests","Germany"
"5016",2021-01-30,"Protests","Germany"
"5017",2021-01-30,"Protests","Germany"
"5018",2021-01-30,"Protests","Germany"
"5019",2021-01-30,"Protests","Germany"
"5020",2021-01-30,"Protests","Germany"
"5021",2021-01-30,"Protests","Germany"
"5022",2021-01-30,"Protests","Germany"
"5023",2021-01-31,"Protests","Germany"
"5024",2021-01-31,"Protests","Germany"
"5025",2021-01-31,"Protests","Germany"
"5026",2021-01-31,"Protests","Germany"
"5027",2021-01-31,"Protests","Germany"
"5028",2021-01-31,"Protests","Germany"
"5029",2021-01-31,"Protests","Germany"
"5030",2021-01-31,"Protests","Germany"
"5031",2021-01-31,"Protests","Germany"
"5032",2021-01-31,"Protests","Germany"
"5033",2021-01-31,"Protests","Germany"
"5034",2021-02-01,"Strategic developments","Germany"
"5035",2021-02-01,"Protests","Germany"
"5036",2021-02-01,"Protests","Germany"
"5037",2021-02-01,"Protests","Germany"
"5038",2021-02-01,"Protests","Germany"
"5039",2021-02-01,"Protests","Germany"
"5040",2021-02-01,"Protests","Germany"
"5041",2021-02-02,"Protests","Germany"
"5042",2021-02-02,"Protests","Germany"
"5043",2021-02-02,"Strategic developments","Germany"
"5044",2021-02-02,"Protests","Germany"
"5045",2021-02-02,"Protests","Germany"
"5046",2021-02-03,"Strategic developments","Germany"
"5047",2021-02-03,"Protests","Germany"
"5048",2021-02-03,"Protests","Germany"
"5049",2021-02-03,"Protests","Germany"
"5050",2021-02-03,"Protests","Germany"
"5051",2021-02-04,"Protests","Germany"
"5052",2021-02-04,"Protests","Germany"
"5053",2021-02-04,"Protests","Germany"
"5054",2021-02-04,"Protests","Germany"
"5055",2021-02-04,"Protests","Germany"
"5056",2021-02-04,"Protests","Germany"
"5057",2021-02-04,"Protests","Germany"
"5058",2021-02-04,"Protests","Germany"
"5059",2021-02-04,"Protests","Germany"
"5060",2021-02-05,"Protests","Germany"
"5061",2021-02-05,"Protests","Germany"
"5062",2021-02-05,"Protests","Germany"
"5063",2021-02-05,"Protests","Germany"
"5064",2021-02-05,"Protests","Germany"
"5065",2021-02-05,"Protests","Germany"
"5066",2021-02-05,"Protests","Germany"
"5067",2021-02-05,"Protests","Germany"
"5068",2021-02-05,"Protests","Germany"
"5069",2021-02-05,"Protests","Germany"
"5070",2021-02-05,"Protests","Germany"
"5071",2021-02-05,"Riots","Germany"
"5072",2021-02-06,"Protests","Germany"
"5073",2021-02-06,"Protests","Germany"
"5074",2021-02-06,"Protests","Germany"
"5075",2021-02-06,"Protests","Germany"
"5076",2021-02-06,"Protests","Germany"
"5077",2021-02-06,"Protests","Germany"
"5078",2021-02-06,"Protests","Germany"
"5079",2021-02-06,"Protests","Germany"
"5080",2021-02-06,"Protests","Germany"
"5081",2021-02-06,"Protests","Germany"
"5082",2021-02-06,"Protests","Germany"
"5083",2021-02-06,"Protests","Germany"
"5084",2021-02-06,"Protests","Germany"
"5085",2021-02-06,"Protests","Germany"
"5086",2021-02-06,"Protests","Germany"
"5087",2021-02-06,"Protests","Germany"
"5088",2021-02-06,"Protests","Germany"
"5089",2021-02-06,"Protests","Germany"
"5090",2021-02-06,"Protests","Germany"
"5091",2021-02-06,"Strategic developments","Germany"
"5092",2021-02-06,"Protests","Germany"
"5093",2021-02-06,"Protests","Germany"
"5094",2021-02-06,"Protests","Germany"
"5095",2021-02-06,"Protests","Germany"
"5096",2021-02-06,"Protests","Germany"
"5097",2021-02-07,"Protests","Germany"
"5098",2021-02-07,"Protests","Germany"
"5099",2021-02-07,"Protests","Germany"
"5100",2021-02-07,"Protests","Germany"
"5101",2021-02-07,"Protests","Germany"
"5102",2021-02-07,"Protests","Germany"
"5103",2021-02-07,"Protests","Germany"
"5104",2021-02-07,"Protests","Germany"
"5105",2021-02-07,"Protests","Germany"
"5106",2021-02-07,"Protests","Germany"
"5107",2021-02-07,"Protests","Germany"
"5108",2021-02-07,"Protests","Germany"
"5109",2021-02-08,"Protests","Germany"
"5110",2021-02-08,"Protests","Germany"
"5111",2021-02-08,"Protests","Germany"
"5112",2021-02-08,"Protests","Germany"
"5113",2021-02-08,"Protests","Germany"
"5114",2021-02-08,"Protests","Germany"
"5115",2021-02-08,"Protests","Germany"
"5116",2021-02-08,"Protests","Germany"
"5117",2021-02-08,"Protests","Germany"
"5118",2021-02-09,"Protests","Germany"
"5119",2021-02-09,"Protests","Germany"
"5120",2021-02-09,"Protests","Germany"
"5121",2021-02-09,"Protests","Germany"
"5122",2021-02-09,"Protests","Germany"
"5123",2021-02-09,"Protests","Germany"
"5124",2021-02-09,"Protests","Germany"
"5125",2021-02-09,"Protests","Germany"
"5126",2021-02-09,"Protests","Germany"
"5127",2021-02-09,"Protests","Germany"
"5128",2021-02-09,"Protests","Germany"
"5129",2021-02-09,"Protests","Germany"
"5130",2021-02-09,"Protests","Germany"
"5131",2021-02-09,"Protests","Germany"
"5132",2021-02-09,"Protests","Germany"
"5133",2021-02-10,"Protests","Germany"
"5134",2021-02-10,"Protests","Germany"
"5135",2021-02-10,"Protests","Germany"
"5136",2021-02-10,"Protests","Germany"
"5137",2021-02-10,"Protests","Germany"
"5138",2021-02-10,"Strategic developments","Germany"
"5139",2021-02-11,"Protests","Germany"
"5140",2021-02-11,"Protests","Germany"
"5141",2021-02-11,"Protests","Germany"
"5142",2021-02-11,"Strategic developments","Germany"
"5143",2021-02-11,"Protests","Germany"
"5144",2021-02-11,"Protests","Germany"
"5145",2021-02-12,"Protests","Germany"
"5146",2021-02-12,"Protests","Germany"
"5147",2021-02-12,"Protests","Germany"
"5148",2021-02-12,"Protests","Germany"
"5149",2021-02-12,"Protests","Germany"
"5150",2021-02-12,"Protests","Germany"
"5151",2021-02-12,"Protests","Germany"
"5152",2021-02-12,"Protests","Germany"
"5153",2021-02-12,"Protests","Germany"
"5154",2021-02-13,"Protests","Germany"
"5155",2021-02-13,"Protests","Germany"
"5156",2021-02-13,"Protests","Germany"
"5157",2021-02-13,"Protests","Germany"
"5158",2021-02-13,"Protests","Germany"
"5159",2021-02-13,"Protests","Germany"
"5160",2021-02-13,"Protests","Germany"
"5161",2021-02-13,"Protests","Germany"
"5162",2021-02-13,"Protests","Germany"
"5163",2021-02-13,"Protests","Germany"
"5164",2021-02-13,"Protests","Germany"
"5165",2021-02-13,"Protests","Germany"
"5166",2021-02-13,"Protests","Germany"
"5167",2021-02-13,"Protests","Germany"
"5168",2021-02-13,"Protests","Germany"
"5169",2021-02-13,"Protests","Germany"
"5170",2021-02-13,"Protests","Germany"
"5171",2021-02-13,"Protests","Germany"
"5172",2021-02-13,"Protests","Germany"
"5173",2021-02-13,"Protests","Germany"
"5174",2021-02-14,"Protests","Germany"
"5175",2021-02-14,"Protests","Germany"
"5176",2021-02-14,"Protests","Germany"
"5177",2021-02-14,"Protests","Germany"
"5178",2021-02-14,"Protests","Germany"
"5179",2021-02-14,"Protests","Germany"
"5180",2021-02-14,"Strategic developments","Germany"
"5181",2021-02-14,"Protests","Germany"
"5182",2021-02-14,"Protests","Germany"
"5183",2021-02-14,"Protests","Germany"
"5184",2021-02-14,"Protests","Germany"
"5185",2021-02-14,"Protests","Germany"
"5186",2021-02-14,"Protests","Germany"
"5187",2021-02-14,"Protests","Germany"
"5188",2021-02-14,"Protests","Germany"
"5189",2021-02-14,"Protests","Germany"
"5190",2021-02-14,"Protests","Germany"
"5191",2021-02-14,"Protests","Germany"
"5192",2021-02-14,"Riots","Germany"
"5193",2021-02-14,"Protests","Germany"
"5194",2021-02-14,"Protests","Germany"
"5195",2021-02-15,"Protests","Germany"
"5196",2021-02-15,"Protests","Germany"
"5197",2021-02-15,"Protests","Germany"
"5198",2021-02-15,"Protests","Germany"
"5199",2021-02-15,"Protests","Germany"
"5200",2021-02-15,"Protests","Germany"
"5201",2021-02-15,"Protests","Germany"
"5202",2021-02-15,"Protests","Germany"
"5203",2021-02-16,"Protests","Germany"
"5204",2021-02-16,"Protests","Germany"
"5205",2021-02-16,"Protests","Germany"
"5206",2021-02-16,"Protests","Germany"
"5207",2021-02-16,"Protests","Germany"
"5208",2021-02-16,"Protests","Germany"
"5209",2021-02-17,"Protests","Germany"
"5210",2021-02-17,"Strategic developments","Germany"
"5211",2021-02-17,"Protests","Germany"
"5212",2021-02-17,"Protests","Germany"
"5213",2021-02-17,"Protests","Germany"
"5214",2021-02-17,"Protests","Germany"
"5215",2021-02-17,"Protests","Germany"
"5216",2021-02-17,"Protests","Germany"
"5217",2021-02-17,"Protests","Germany"
"5218",2021-02-17,"Protests","Germany"
"5219",2021-02-17,"Protests","Germany"
"5220",2021-02-18,"Protests","Germany"
"5221",2021-02-18,"Protests","Germany"
"5222",2021-02-18,"Protests","Germany"
"5223",2021-02-18,"Protests","Germany"
"5224",2021-02-18,"Protests","Germany"
"5225",2021-02-18,"Protests","Germany"
"5226",2021-02-18,"Protests","Germany"
"5227",2021-02-18,"Protests","Germany"
"5228",2021-02-18,"Protests","Germany"
"5229",2021-02-18,"Protests","Germany"
"5230",2021-02-18,"Protests","Germany"
"5231",2021-02-18,"Protests","Germany"
"5232",2021-02-18,"Protests","Germany"
"5233",2021-02-19,"Protests","Germany"
"5234",2021-02-19,"Protests","Germany"
"5235",2021-02-19,"Protests","Germany"
"5236",2021-02-19,"Protests","Germany"
"5237",2021-02-19,"Protests","Germany"
"5238",2021-02-19,"Protests","Germany"
"5239",2021-02-19,"Protests","Germany"
"5240",2021-02-19,"Protests","Germany"
"5241",2021-02-19,"Protests","Germany"
"5242",2021-02-19,"Protests","Germany"
"5243",2021-02-19,"Protests","Germany"
"5244",2021-02-19,"Protests","Germany"
"5245",2021-02-19,"Protests","Germany"
"5246",2021-02-19,"Protests","Germany"
"5247",2021-02-19,"Protests","Germany"
"5248",2021-02-19,"Protests","Germany"
"5249",2021-02-19,"Protests","Germany"
"5250",2021-02-19,"Riots","Germany"
"5251",2021-02-19,"Protests","Germany"
"5252",2021-02-19,"Protests","Germany"
"5253",2021-02-19,"Protests","Germany"
"5254",2021-02-19,"Protests","Germany"
"5255",2021-02-19,"Protests","Germany"
"5256",2021-02-19,"Protests","Germany"
"5257",2021-02-19,"Protests","Germany"
"5258",2021-02-19,"Strategic developments","Germany"
"5259",2021-02-19,"Protests","Germany"
"5260",2021-02-19,"Protests","Germany"
"5261",2021-02-19,"Protests","Germany"
"5262",2021-02-19,"Protests","Germany"
"5263",2021-02-19,"Protests","Germany"
"5264",2021-02-19,"Protests","Germany"
"5265",2021-02-19,"Protests","Germany"
"5266",2021-02-20,"Protests","Germany"
"5267",2021-02-20,"Protests","Germany"
"5268",2021-02-20,"Protests","Germany"
"5269",2021-02-20,"Protests","Germany"
"5270",2021-02-20,"Protests","Germany"
"5271",2021-02-20,"Protests","Germany"
"5272",2021-02-20,"Protests","Germany"
"5273",2021-02-20,"Protests","Germany"
"5274",2021-02-20,"Protests","Germany"
"5275",2021-02-20,"Protests","Germany"
"5276",2021-02-20,"Protests","Germany"
"5277",2021-02-20,"Protests","Germany"
"5278",2021-02-20,"Protests","Germany"
"5279",2021-02-20,"Protests","Germany"
"5280",2021-02-20,"Protests","Germany"
"5281",2021-02-20,"Protests","Germany"
"5282",2021-02-20,"Protests","Germany"
"5283",2021-02-20,"Protests","Germany"
"5284",2021-02-20,"Riots","Germany"
"5285",2021-02-20,"Protests","Germany"
"5286",2021-02-20,"Protests","Germany"
"5287",2021-02-20,"Protests","Germany"
"5288",2021-02-20,"Protests","Germany"
"5289",2021-02-20,"Protests","Germany"
"5290",2021-02-20,"Protests","Germany"
"5291",2021-02-20,"Protests","Germany"
"5292",2021-02-20,"Protests","Germany"
"5293",2021-02-20,"Protests","Germany"
"5294",2021-02-21,"Protests","Germany"
"5295",2021-02-21,"Protests","Germany"
"5296",2021-02-21,"Protests","Germany"
"5297",2021-02-21,"Protests","Germany"
"5298",2021-02-21,"Protests","Germany"
"5299",2021-02-21,"Protests","Germany"
"5300",2021-02-21,"Protests","Germany"
"5301",2021-02-21,"Protests","Germany"
"5302",2021-02-21,"Protests","Germany"
"5303",2021-02-21,"Strategic developments","Germany"
"5304",2021-02-21,"Protests","Germany"
"5305",2021-02-21,"Protests","Germany"
"5306",2021-02-22,"Protests","Germany"
"5307",2021-02-22,"Protests","Germany"
"5308",2021-02-22,"Protests","Germany"
"5309",2021-02-22,"Protests","Germany"
"5310",2021-02-22,"Protests","Germany"
"5311",2021-02-22,"Protests","Germany"
"5312",2021-02-22,"Strategic developments","Germany"
"5313",2021-02-22,"Strategic developments","Germany"
"5314",2021-02-22,"Protests","Germany"
"5315",2021-02-22,"Protests","Germany"
"5316",2021-02-22,"Protests","Germany"
"5317",2021-02-23,"Protests","Germany"
"5318",2021-02-23,"Protests","Germany"
"5319",2021-02-23,"Riots","Germany"
"5320",2021-02-23,"Protests","Germany"
"5321",2021-02-23,"Protests","Germany"
"5322",2021-02-23,"Protests","Germany"
"5323",2021-02-23,"Protests","Germany"
"5324",2021-02-24,"Protests","Germany"
"5325",2021-02-24,"Protests","Germany"
"5326",2021-02-24,"Protests","Germany"
"5327",2021-02-24,"Protests","Germany"
"5328",2021-02-24,"Protests","Germany"
"5329",2021-02-24,"Strategic developments","Germany"
"5330",2021-02-24,"Protests","Germany"
"5331",2021-02-25,"Protests","Germany"
"5332",2021-02-25,"Protests","Germany"
"5333",2021-02-25,"Protests","Germany"
"5334",2021-02-25,"Protests","Germany"
"5335",2021-02-25,"Strategic developments","Germany"
"5336",2021-02-25,"Protests","Germany"
"5337",2021-02-25,"Protests","Germany"
"5338",2021-02-25,"Protests","Germany"
"5339",2021-02-25,"Protests","Germany"
"5340",2021-02-25,"Strategic developments","Germany"
"5341",2021-02-26,"Protests","Germany"
"5342",2021-02-26,"Protests","Germany"
"5343",2021-02-26,"Protests","Germany"
"5344",2021-02-26,"Protests","Germany"
"5345",2021-02-26,"Protests","Germany"
"5346",2021-02-26,"Protests","Germany"
"5347",2021-02-26,"Protests","Germany"
"5348",2021-02-26,"Protests","Germany"
"5349",2021-02-26,"Protests","Germany"
"5350",2021-02-26,"Protests","Germany"
"5351",2021-02-26,"Protests","Germany"
"5352",2021-02-26,"Protests","Germany"
"5353",2021-02-26,"Protests","Germany"
"5354",2021-02-26,"Protests","Germany"
"5355",2021-02-27,"Protests","Germany"
"5356",2021-02-27,"Protests","Germany"
"5357",2021-02-27,"Protests","Germany"
"5358",2021-02-27,"Protests","Germany"
"5359",2021-02-27,"Protests","Germany"
"5360",2021-02-27,"Protests","Germany"
"5361",2021-02-27,"Protests","Germany"
"5362",2021-02-27,"Protests","Germany"
"5363",2021-02-27,"Protests","Germany"
"5364",2021-02-27,"Protests","Germany"
"5365",2021-02-27,"Protests","Germany"
"5366",2021-02-27,"Protests","Germany"
"5367",2021-02-27,"Protests","Germany"
"5368",2021-02-27,"Strategic developments","Germany"
"5369",2021-02-27,"Protests","Germany"
"5370",2021-02-27,"Protests","Germany"
"5371",2021-02-27,"Protests","Germany"
"5372",2021-02-27,"Protests","Germany"
"5373",2021-02-27,"Protests","Germany"
"5374",2021-02-27,"Protests","Germany"
"5375",2021-02-28,"Protests","Germany"
"5376",2021-02-28,"Protests","Germany"
"5377",2021-02-28,"Protests","Germany"
"5378",2021-02-28,"Protests","Germany"
"5379",2021-02-28,"Protests","Germany"
"5380",2021-02-28,"Protests","Germany"
"5381",2021-02-28,"Protests","Germany"
"5382",2021-02-28,"Strategic developments","Germany"
"5383",2021-02-28,"Protests","Germany"
"5384",2021-03-01,"Protests","Germany"
"5385",2021-03-01,"Protests","Germany"
"5386",2021-03-01,"Protests","Germany"
"5387",2021-03-01,"Protests","Germany"
"5388",2021-03-01,"Protests","Germany"
"5389",2021-03-01,"Protests","Germany"
"5390",2021-03-01,"Protests","Germany"
"5391",2021-03-01,"Protests","Germany"
"5392",2021-03-01,"Protests","Germany"
"5393",2021-03-01,"Protests","Germany"
"5394",2021-03-01,"Protests","Germany"
"5395",2021-03-01,"Protests","Germany"
"5396",2021-03-01,"Protests","Germany"
"5397",2021-03-01,"Protests","Germany"
"5398",2021-03-01,"Protests","Germany"
"5399",2021-03-01,"Protests","Germany"
"5400",2021-03-01,"Protests","Germany"
"5401",2021-03-01,"Strategic developments","Germany"
"5402",2021-03-01,"Protests","Germany"
"5403",2021-03-02,"Protests","Germany"
"5404",2021-03-02,"Protests","Germany"
"5405",2021-03-02,"Protests","Germany"
"5406",2021-03-02,"Riots","Germany"
"5407",2021-03-02,"Protests","Germany"
"5408",2021-03-02,"Protests","Germany"
"5409",2021-03-02,"Protests","Germany"
"5410",2021-03-02,"Protests","Germany"
"5411",2021-03-02,"Protests","Germany"
"5412",2021-03-02,"Protests","Germany"
"5413",2021-03-02,"Protests","Germany"
"5414",2021-03-02,"Protests","Germany"
"5415",2021-03-02,"Protests","Germany"
"5416",2021-03-02,"Strategic developments","Germany"
"5417",2021-03-02,"Strategic developments","Germany"
"5418",2021-03-02,"Protests","Germany"
"5419",2021-03-02,"Protests","Germany"
"5420",2021-03-03,"Protests","Germany"
"5421",2021-03-03,"Protests","Germany"
"5422",2021-03-03,"Strategic developments","Germany"
"5423",2021-03-03,"Protests","Germany"
"5424",2021-03-03,"Protests","Germany"
"5425",2021-03-03,"Protests","Germany"
"5426",2021-03-03,"Protests","Germany"
"5427",2021-03-03,"Protests","Germany"
"5428",2021-03-03,"Protests","Germany"
"5429",2021-03-04,"Protests","Germany"
"5430",2021-03-04,"Protests","Germany"
"5431",2021-03-04,"Protests","Germany"
"5432",2021-03-04,"Protests","Germany"
"5433",2021-03-04,"Protests","Germany"
"5434",2021-03-04,"Protests","Germany"
"5435",2021-03-04,"Protests","Germany"
"5436",2021-03-04,"Riots","Germany"
"5437",2021-03-04,"Protests","Germany"
"5438",2021-03-05,"Riots","Germany"
"5439",2021-03-05,"Protests","Germany"
"5440",2021-03-05,"Protests","Germany"
"5441",2021-03-05,"Protests","Germany"
"5442",2021-03-05,"Protests","Germany"
"5443",2021-03-05,"Protests","Germany"
"5444",2021-03-05,"Protests","Germany"
"5445",2021-03-05,"Protests","Germany"
"5446",2021-03-05,"Protests","Germany"
"5447",2021-03-05,"Protests","Germany"
"5448",2021-03-06,"Protests","Germany"
"5449",2021-03-06,"Protests","Germany"
"5450",2021-03-06,"Protests","Germany"
"5451",2021-03-06,"Protests","Germany"
"5452",2021-03-06,"Protests","Germany"
"5453",2021-03-06,"Protests","Germany"
"5454",2021-03-06,"Protests","Germany"
"5455",2021-03-06,"Protests","Germany"
"5456",2021-03-06,"Protests","Germany"
"5457",2021-03-06,"Protests","Germany"
"5458",2021-03-06,"Protests","Germany"
"5459",2021-03-06,"Riots","Germany"
"5460",2021-03-06,"Protests","Germany"
"5461",2021-03-07,"Protests","Germany"
"5462",2021-03-07,"Protests","Germany"
"5463",2021-03-07,"Protests","Germany"
"5464",2021-03-07,"Protests","Germany"
"5465",2021-03-07,"Protests","Germany"
"5466",2021-03-07,"Protests","Germany"
"5467",2021-03-07,"Protests","Germany"
"5468",2021-03-07,"Protests","Germany"
"5469",2021-03-07,"Protests","Germany"
"5470",2021-03-07,"Protests","Germany"
"5471",2021-03-07,"Protests","Germany"
"5472",2021-03-07,"Protests","Germany"
"5473",2021-03-07,"Protests","Germany"
"5474",2021-03-07,"Protests","Germany"
"5475",2021-03-07,"Protests","Germany"
"5476",2021-03-07,"Protests","Germany"
"5477",2021-03-07,"Protests","Germany"
"5478",2021-03-08,"Protests","Germany"
"5479",2021-03-08,"Protests","Germany"
"5480",2021-03-08,"Protests","Germany"
"5481",2021-03-08,"Violence against civilians","Germany"
"5482",2021-03-08,"Protests","Germany"
"5483",2021-03-08,"Protests","Germany"
"5484",2021-03-08,"Protests","Germany"
"5485",2021-03-08,"Protests","Germany"
"5486",2021-03-08,"Protests","Germany"
"5487",2021-03-08,"Protests","Germany"
"5488",2021-03-08,"Protests","Germany"
"5489",2021-03-08,"Protests","Germany"
"5490",2021-03-08,"Protests","Germany"
"5491",2021-03-08,"Protests","Germany"
"5492",2021-03-08,"Protests","Germany"
"5493",2021-03-08,"Protests","Germany"
"5494",2021-03-08,"Protests","Germany"
"5495",2021-03-08,"Protests","Germany"
"5496",2021-03-08,"Protests","Germany"
"5497",2021-03-08,"Protests","Germany"
"5498",2021-03-08,"Protests","Germany"
"5499",2021-03-08,"Protests","Germany"
"5500",2021-03-08,"Protests","Germany"
"5501",2021-03-08,"Protests","Germany"
"5502",2021-03-08,"Protests","Germany"
"5503",2021-03-08,"Protests","Germany"
"5504",2021-03-08,"Protests","Germany"
"5505",2021-03-08,"Protests","Germany"
"5506",2021-03-08,"Protests","Germany"
"5507",2021-03-08,"Protests","Germany"
"5508",2021-03-08,"Protests","Germany"
"5509",2021-03-08,"Protests","Germany"
"5510",2021-03-09,"Protests","Germany"
"5511",2021-03-09,"Strategic developments","Germany"
"5512",2021-03-09,"Protests","Germany"
"5513",2021-03-09,"Strategic developments","Germany"
"5514",2021-03-09,"Riots","Germany"
"5515",2021-03-09,"Protests","Germany"
"5516",2021-03-09,"Protests","Germany"
"5517",2021-03-09,"Protests","Germany"
"5518",2021-03-09,"Protests","Germany"
"5519",2021-03-09,"Protests","Germany"
"5520",2021-03-10,"Protests","Germany"
"5521",2021-03-10,"Protests","Germany"
"5522",2021-03-10,"Strategic developments","Germany"
"5523",2021-03-10,"Protests","Germany"
"5524",2021-03-10,"Protests","Germany"
"5525",2021-03-10,"Protests","Germany"
"5526",2021-03-10,"Protests","Germany"
"5527",2021-03-10,"Protests","Germany"
"5528",2021-03-10,"Protests","Germany"
"5529",2021-03-10,"Protests","Germany"
"5530",2021-03-11,"Protests","Germany"
"5531",2021-03-11,"Protests","Germany"
"5532",2021-03-11,"Protests","Germany"
"5533",2021-03-11,"Protests","Germany"
"5534",2021-03-11,"Protests","Germany"
"5535",2021-03-11,"Protests","Germany"
"5536",2021-03-11,"Protests","Germany"
"5537",2021-03-11,"Protests","Germany"
"5538",2021-03-11,"Protests","Germany"
"5539",2021-03-11,"Protests","Germany"
"5540",2021-03-11,"Protests","Germany"
"5541",2021-03-11,"Violence against civilians","Germany"
"5542",2021-03-12,"Riots","Germany"
"5543",2021-03-12,"Protests","Germany"
"5544",2021-03-12,"Protests","Germany"
"5545",2021-03-12,"Protests","Germany"
"5546",2021-03-12,"Protests","Germany"
"5547",2021-03-12,"Protests","Germany"
"5548",2021-03-12,"Protests","Germany"
"5549",2021-03-12,"Protests","Germany"
"5550",2021-03-12,"Protests","Germany"
"5551",2021-03-12,"Protests","Germany"
"5552",2021-03-12,"Protests","Germany"
"5553",2021-03-12,"Protests","Germany"
"5554",2021-03-13,"Protests","Germany"
"5555",2021-03-13,"Protests","Germany"
"5556",2021-03-13,"Protests","Germany"
"5557",2021-03-13,"Riots","Germany"
"5558",2021-03-13,"Protests","Germany"
"5559",2021-03-13,"Protests","Germany"
"5560",2021-03-13,"Protests","Germany"
"5561",2021-03-13,"Protests","Germany"
"5562",2021-03-13,"Protests","Germany"
"5563",2021-03-13,"Protests","Germany"
"5564",2021-03-13,"Protests","Germany"
"5565",2021-03-13,"Protests","Germany"
"5566",2021-03-13,"Protests","Germany"
"5567",2021-03-13,"Protests","Germany"
"5568",2021-03-13,"Protests","Germany"
"5569",2021-03-13,"Protests","Germany"
"5570",2021-03-13,"Protests","Germany"
"5571",2021-03-13,"Protests","Germany"
"5572",2021-03-13,"Protests","Germany"
"5573",2021-03-13,"Protests","Germany"
"5574",2021-03-13,"Protests","Germany"
"5575",2021-03-13,"Protests","Germany"
"5576",2021-03-13,"Protests","Germany"
"5577",2021-03-13,"Riots","Germany"
"5578",2021-03-13,"Riots","Germany"
"5579",2021-03-13,"Protests","Germany"
"5580",2021-03-13,"Protests","Germany"
"5581",2021-03-13,"Protests","Germany"
"5582",2021-03-13,"Protests","Germany"
"5583",2021-03-13,"Protests","Germany"
"5584",2021-03-13,"Protests","Germany"
"5585",2021-03-13,"Protests","Germany"
"5586",2021-03-13,"Protests","Germany"
"5587",2021-03-14,"Protests","Germany"
"5588",2021-03-14,"Protests","Germany"
"5589",2021-03-14,"Protests","Germany"
"5590",2021-03-14,"Protests","Germany"
"5591",2021-03-14,"Protests","Germany"
"5592",2021-03-14,"Protests","Germany"
"5593",2021-03-14,"Protests","Germany"
"5594",2021-03-14,"Protests","Germany"
"5595",2021-03-14,"Protests","Germany"
"5596",2021-03-14,"Protests","Germany"
"5597",2021-03-15,"Riots","Germany"
"5598",2021-03-15,"Protests","Germany"
"5599",2021-03-15,"Protests","Germany"
"5600",2021-03-15,"Protests","Germany"
"5601",2021-03-15,"Protests","Germany"
"5602",2021-03-15,"Protests","Germany"
"5603",2021-03-15,"Protests","Germany"
"5604",2021-03-15,"Protests","Germany"
"5605",2021-03-15,"Protests","Germany"
"5606",2021-03-15,"Protests","Germany"
"5607",2021-03-15,"Protests","Germany"
"5608",2021-03-15,"Protests","Germany"
"5609",2021-03-16,"Protests","Germany"
"5610",2021-03-16,"Protests","Germany"
"5611",2021-03-16,"Protests","Germany"
"5612",2021-03-16,"Protests","Germany"
"5613",2021-03-16,"Protests","Germany"
"5614",2021-03-16,"Protests","Germany"
"5615",2021-03-16,"Protests","Germany"
"5616",2021-03-16,"Protests","Germany"
"5617",2021-03-16,"Protests","Germany"
"5618",2021-03-17,"Protests","Germany"
"5619",2021-03-17,"Strategic developments","Germany"
"5620",2021-03-17,"Protests","Germany"
"5621",2021-03-17,"Protests","Germany"
"5622",2021-03-17,"Protests","Germany"
"5623",2021-03-17,"Protests","Germany"
"5624",2021-03-17,"Protests","Germany"
"5625",2021-03-17,"Protests","Germany"
"5626",2021-03-17,"Protests","Germany"
"5627",2021-03-17,"Protests","Germany"
"5628",2021-03-18,"Protests","Germany"
"5629",2021-03-18,"Protests","Germany"
"5630",2021-03-18,"Protests","Germany"
"5631",2021-03-18,"Protests","Germany"
"5632",2021-03-18,"Protests","Germany"
"5633",2021-03-18,"Protests","Germany"
"5634",2021-03-18,"Protests","Germany"
"5635",2021-03-18,"Protests","Germany"
"5636",2021-03-18,"Protests","Germany"
"5637",2021-03-18,"Protests","Germany"
"5638",2021-03-18,"Protests","Germany"
"5639",2021-03-18,"Protests","Germany"
"5640",2021-03-18,"Strategic developments","Germany"
"5641",2021-03-18,"Protests","Germany"
"5642",2021-03-19,"Protests","Germany"
"5643",2021-03-19,"Protests","Germany"
"5644",2021-03-19,"Protests","Germany"
"5645",2021-03-19,"Protests","Germany"
"5646",2021-03-19,"Protests","Germany"
"5647",2021-03-19,"Protests","Germany"
"5648",2021-03-19,"Strategic developments","Germany"
"5649",2021-03-19,"Protests","Germany"
"5650",2021-03-19,"Protests","Germany"
"5651",2021-03-19,"Protests","Germany"
"5652",2021-03-19,"Protests","Germany"
"5653",2021-03-19,"Protests","Germany"
"5654",2021-03-19,"Protests","Germany"
"5655",2021-03-19,"Protests","Germany"
"5656",2021-03-19,"Protests","Germany"
"5657",2021-03-19,"Protests","Germany"
"5658",2021-03-19,"Protests","Germany"
"5659",2021-03-19,"Protests","Germany"
"5660",2021-03-19,"Protests","Germany"
"5661",2021-03-19,"Protests","Germany"
"5662",2021-03-19,"Protests","Germany"
"5663",2021-03-19,"Protests","Germany"
"5664",2021-03-19,"Protests","Germany"
"5665",2021-03-19,"Protests","Germany"
"5666",2021-03-19,"Protests","Germany"
"5667",2021-03-19,"Protests","Germany"
"5668",2021-03-19,"Protests","Germany"
"5669",2021-03-19,"Protests","Germany"
"5670",2021-03-19,"Protests","Germany"
"5671",2021-03-19,"Protests","Germany"
"5672",2021-03-19,"Protests","Germany"
"5673",2021-03-19,"Protests","Germany"
"5674",2021-03-19,"Protests","Germany"
"5675",2021-03-19,"Protests","Germany"
"5676",2021-03-19,"Protests","Germany"
"5677",2021-03-19,"Protests","Germany"
"5678",2021-03-19,"Protests","Germany"
"5679",2021-03-19,"Protests","Germany"
"5680",2021-03-19,"Protests","Germany"
"5681",2021-03-19,"Protests","Germany"
"5682",2021-03-19,"Protests","Germany"
"5683",2021-03-19,"Protests","Germany"
"5684",2021-03-19,"Protests","Germany"
"5685",2021-03-19,"Protests","Germany"
"5686",2021-03-19,"Protests","Germany"
"5687",2021-03-19,"Protests","Germany"
"5688",2021-03-19,"Protests","Germany"
"5689",2021-03-19,"Protests","Germany"
"5690",2021-03-19,"Protests","Germany"
"5691",2021-03-19,"Protests","Germany"
"5692",2021-03-19,"Protests","Germany"
"5693",2021-03-19,"Protests","Germany"
"5694",2021-03-19,"Protests","Germany"
"5695",2021-03-19,"Protests","Germany"
"5696",2021-03-19,"Protests","Germany"
"5697",2021-03-19,"Protests","Germany"
"5698",2021-03-19,"Protests","Germany"
"5699",2021-03-19,"Protests","Germany"
"5700",2021-03-19,"Protests","Germany"
"5701",2021-03-19,"Protests","Germany"
"5702",2021-03-19,"Protests","Germany"
"5703",2021-03-19,"Protests","Germany"
"5704",2021-03-19,"Protests","Germany"
"5705",2021-03-19,"Protests","Germany"
"5706",2021-03-19,"Protests","Germany"
"5707",2021-03-19,"Protests","Germany"
"5708",2021-03-19,"Protests","Germany"
"5709",2021-03-19,"Protests","Germany"
"5710",2021-03-19,"Protests","Germany"
"5711",2021-03-19,"Protests","Germany"
"5712",2021-03-19,"Protests","Germany"
"5713",2021-03-19,"Riots","Germany"
"5714",2021-03-19,"Protests","Germany"
"5715",2021-03-20,"Protests","Germany"
"5716",2021-03-20,"Protests","Germany"
"5717",2021-03-20,"Protests","Germany"
"5718",2021-03-20,"Protests","Germany"
"5719",2021-03-20,"Protests","Germany"
"5720",2021-03-20,"Protests","Germany"
"5721",2021-03-20,"Protests","Germany"
"5722",2021-03-20,"Protests","Germany"
"5723",2021-03-20,"Protests","Germany"
"5724",2021-03-20,"Protests","Germany"
"5725",2021-03-20,"Protests","Germany"
"5726",2021-03-20,"Protests","Germany"
"5727",2021-03-20,"Protests","Germany"
"5728",2021-03-20,"Riots","Germany"
"5729",2021-03-20,"Protests","Germany"
"5730",2021-03-20,"Riots","Germany"
"5731",2021-03-20,"Protests","Germany"
"5732",2021-03-21,"Protests","Germany"
"5733",2021-03-21,"Protests","Germany"
"5734",2021-03-21,"Protests","Germany"
"5735",2021-03-21,"Protests","Germany"
"5736",2021-03-21,"Protests","Germany"
"5737",2021-03-22,"Protests","Germany"
"5738",2021-03-22,"Protests","Germany"
"5739",2021-03-22,"Protests","Germany"
"5740",2021-03-22,"Protests","Germany"
"5741",2021-03-22,"Protests","Germany"
"5742",2021-03-22,"Protests","Germany"
"5743",2021-03-22,"Protests","Germany"
"5744",2021-03-22,"Protests","Germany"
"5745",2021-03-22,"Protests","Germany"
"5746",2021-03-22,"Protests","Germany"
"5747",2021-03-22,"Protests","Germany"
"5748",2021-03-22,"Protests","Germany"
"5749",2021-03-22,"Protests","Germany"
"5750",2021-03-22,"Protests","Germany"
"5751",2021-03-22,"Protests","Germany"
"5752",2021-03-22,"Protests","Germany"
"5753",2021-03-22,"Protests","Germany"
"5754",2021-03-22,"Protests","Germany"
"5755",2021-03-22,"Protests","Germany"
"5756",2021-03-22,"Protests","Germany"
"5757",2021-03-22,"Protests","Germany"
"5758",2021-03-22,"Protests","Germany"
"5759",2021-03-22,"Protests","Germany"
"5760",2021-03-22,"Protests","Germany"
"5761",2021-03-22,"Protests","Germany"
"5762",2021-03-22,"Protests","Germany"
"5763",2021-03-22,"Protests","Germany"
"5764",2021-03-22,"Protests","Germany"
"5765",2021-03-23,"Strategic developments","Germany"
"5766",2021-03-23,"Strategic developments","Germany"
"5767",2021-03-23,"Protests","Germany"
"5768",2021-03-23,"Strategic developments","Germany"
"5769",2021-03-23,"Riots","Germany"
"5770",2021-03-23,"Protests","Germany"
"5771",2021-03-23,"Protests","Germany"
"5772",2021-03-23,"Protests","Germany"
"5773",2021-03-23,"Protests","Germany"
"5774",2021-03-23,"Protests","Germany"
"5775",2021-03-23,"Protests","Germany"
"5776",2021-03-23,"Protests","Germany"
"5777",2021-03-23,"Riots","Germany"
"5778",2021-03-23,"Protests","Germany"
"5779",2021-03-23,"Strategic developments","Germany"
"5780",2021-03-23,"Protests","Germany"
"5781",2021-03-24,"Strategic developments","Germany"
"5782",2021-03-24,"Protests","Germany"
"5783",2021-03-24,"Riots","Germany"
"5784",2021-03-24,"Riots","Germany"
"5785",2021-03-24,"Riots","Germany"
"5786",2021-03-24,"Riots","Germany"
"5787",2021-03-24,"Protests","Germany"
"5788",2021-03-24,"Protests","Germany"
"5789",2021-03-24,"Protests","Germany"
"5790",2021-03-24,"Protests","Germany"
"5791",2021-03-24,"Protests","Germany"
"5792",2021-03-25,"Protests","Germany"
"5793",2021-03-25,"Protests","Germany"
"5794",2021-03-25,"Protests","Germany"
"5795",2021-03-25,"Protests","Germany"
"5796",2021-03-25,"Protests","Germany"
"5797",2021-03-25,"Protests","Germany"
"5798",2021-03-25,"Protests","Germany"
"5799",2021-03-25,"Riots","Germany"
"5800",2021-03-25,"Protests","Germany"
"5801",2021-03-26,"Protests","Germany"
"5802",2021-03-26,"Protests","Germany"
"5803",2021-03-26,"Strategic developments","Germany"
"5804",2021-03-26,"Strategic developments","Germany"
"5805",2021-03-26,"Strategic developments","Germany"
"5806",2021-03-26,"Protests","Germany"
"5807",2021-03-26,"Protests","Germany"
"5808",2021-03-26,"Protests","Germany"
"5809",2021-03-26,"Protests","Germany"
"5810",2021-03-26,"Protests","Germany"
"5811",2021-03-26,"Protests","Germany"
"5812",2021-03-26,"Protests","Germany"
"5813",2021-03-26,"Protests","Germany"
"5814",2021-03-27,"Protests","Germany"
"5815",2021-03-27,"Protests","Germany"
"5816",2021-03-27,"Protests","Germany"
"5817",2021-03-27,"Protests","Germany"
"5818",2021-03-27,"Protests","Germany"
"5819",2021-03-27,"Protests","Germany"
"5820",2021-03-27,"Protests","Germany"
"5821",2021-03-27,"Protests","Germany"
"5822",2021-03-27,"Protests","Germany"
"5823",2021-03-27,"Protests","Germany"
"5824",2021-03-27,"Protests","Germany"
"5825",2021-03-27,"Protests","Germany"
"5826",2021-03-27,"Protests","Germany"
"5827",2021-03-27,"Protests","Germany"
"5828",2021-03-27,"Protests","Germany"
"5829",2021-03-27,"Protests","Germany"
"5830",2021-03-27,"Protests","Germany"
"5831",2021-03-27,"Protests","Germany"
"5832",2021-03-27,"Protests","Germany"
"5833",2021-03-27,"Protests","Germany"
"5834",2021-03-27,"Protests","Germany"
"5835",2021-03-27,"Protests","Germany"
"5836",2021-03-27,"Protests","Germany"
"5837",2021-03-27,"Protests","Germany"
"5838",2021-03-27,"Protests","Germany"
"5839",2021-03-27,"Protests","Germany"
"5840",2021-03-27,"Protests","Germany"
"5841",2021-03-27,"Protests","Germany"
"5842",2021-03-27,"Protests","Germany"
"5843",2021-03-27,"Protests","Germany"
"5844",2021-03-27,"Protests","Germany"
"5845",2021-03-27,"Riots","Germany"
"5846",2021-03-27,"Riots","Germany"
"5847",2021-03-27,"Protests","Germany"
"5848",2021-03-27,"Protests","Germany"
"5849",2021-03-27,"Protests","Germany"
"5850",2021-03-28,"Protests","Germany"
"5851",2021-03-28,"Protests","Germany"
"5852",2021-03-28,"Protests","Germany"
"5853",2021-03-28,"Protests","Germany"
"5854",2021-03-28,"Protests","Germany"
"5855",2021-03-28,"Protests","Germany"
"5856",2021-03-28,"Protests","Germany"
"5857",2021-03-28,"Protests","Germany"
"5858",2021-03-28,"Riots","Germany"
"5859",2021-03-28,"Protests","Germany"
"5860",2021-03-28,"Protests","Germany"
"5861",2021-03-28,"Protests","Germany"
"5862",2021-03-28,"Protests","Germany"
"5863",2021-03-28,"Protests","Germany"
"5864",2021-03-28,"Riots","Germany"
"5865",2021-03-28,"Riots","Germany"
"5866",2021-03-28,"Protests","Germany"
"5867",2021-03-28,"Protests","Germany"
"5868",2021-03-29,"Protests","Germany"
"5869",2021-03-29,"Protests","Germany"
"5870",2021-03-29,"Protests","Germany"
"5871",2021-03-29,"Protests","Germany"
"5872",2021-03-29,"Protests","Germany"
"5873",2021-03-29,"Protests","Germany"
"5874",2021-03-29,"Strategic developments","Germany"
"5875",2021-03-29,"Protests","Germany"
"5876",2021-03-29,"Protests","Germany"
"5877",2021-03-29,"Protests","Germany"
"5878",2021-03-29,"Protests","Germany"
"5879",2021-03-29,"Protests","Germany"
"5880",2021-03-29,"Protests","Germany"
"5881",2021-03-29,"Protests","Germany"
"5882",2021-03-29,"Protests","Germany"
"5883",2021-03-29,"Protests","Germany"
"5884",2021-03-29,"Protests","Germany"
"5885",2021-03-29,"Protests","Germany"
"5886",2021-03-29,"Riots","Germany"
"5887",2021-03-29,"Strategic developments","Germany"
"5888",2021-03-29,"Protests","Germany"
"5889",2021-03-29,"Protests","Germany"
"5890",2021-03-30,"Protests","Germany"
"5891",2021-03-30,"Strategic developments","Germany"
"5892",2021-03-30,"Protests","Germany"
"5893",2021-03-30,"Protests","Germany"
"5894",2021-03-30,"Protests","Germany"
"5895",2021-03-30,"Protests","Germany"
"5896",2021-03-31,"Protests","Germany"
"5897",2021-03-31,"Protests","Germany"
"5898",2021-03-31,"Protests","Germany"
"5899",2021-03-31,"Protests","Germany"
"5900",2021-03-31,"Protests","Germany"
"5901",2021-03-31,"Protests","Germany"
"5902",2021-04-01,"Protests","Germany"
"5903",2021-04-01,"Protests","Germany"
"5904",2021-04-01,"Protests","Germany"
"5905",2021-04-01,"Strategic developments","Germany"
"5906",2021-04-01,"Protests","Germany"
"5907",2021-04-01,"Protests","Germany"
"5908",2021-04-01,"Protests","Germany"
"5909",2021-04-01,"Protests","Germany"
"5910",2021-04-01,"Protests","Germany"
"5911",2021-04-02,"Protests","Germany"
"5912",2021-04-02,"Protests","Germany"
"5913",2021-04-02,"Protests","Germany"
"5914",2021-04-02,"Protests","Germany"
"5915",2021-04-02,"Protests","Germany"
"5916",2021-04-03,"Protests","Germany"
"5917",2021-04-03,"Protests","Germany"
"5918",2021-04-03,"Protests","Germany"
"5919",2021-04-03,"Protests","Germany"
"5920",2021-04-03,"Protests","Germany"
"5921",2021-04-03,"Protests","Germany"
"5922",2021-04-03,"Protests","Germany"
"5923",2021-04-03,"Strategic developments","Germany"
"5924",2021-04-03,"Riots","Germany"
"5925",2021-04-03,"Protests","Germany"
"5926",2021-04-03,"Protests","Germany"
"5927",2021-04-03,"Protests","Germany"
"5928",2021-04-03,"Protests","Germany"
"5929",2021-04-03,"Protests","Germany"
"5930",2021-04-03,"Protests","Germany"
"5931",2021-04-03,"Protests","Germany"
"5932",2021-04-03,"Protests","Germany"
"5933",2021-04-03,"Protests","Germany"
"5934",2021-04-03,"Protests","Germany"
"5935",2021-04-03,"Protests","Germany"
"5936",2021-04-03,"Protests","Germany"
"5937",2021-04-03,"Protests","Germany"
"5938",2021-04-03,"Protests","Germany"
"5939",2021-04-03,"Protests","Germany"
"5940",2021-04-03,"Protests","Germany"
"5941",2021-04-03,"Protests","Germany"
"5942",2021-04-03,"Protests","Germany"
"5943",2021-04-03,"Protests","Germany"
"5944",2021-04-03,"Protests","Germany"
"5945",2021-04-03,"Protests","Germany"
"5946",2021-04-03,"Protests","Germany"
"5947",2021-04-03,"Protests","Germany"
"5948",2021-04-03,"Protests","Germany"
"5949",2021-04-03,"Protests","Germany"
"5950",2021-04-03,"Protests","Germany"
"5951",2021-04-03,"Protests","Germany"
"5952",2021-04-04,"Protests","Germany"
"5953",2021-04-04,"Protests","Germany"
"5954",2021-04-04,"Strategic developments","Germany"
"5955",2021-04-04,"Strategic developments","Germany"
"5956",2021-04-04,"Strategic developments","Germany"
"5957",2021-04-04,"Protests","Germany"
"5958",2021-04-04,"Protests","Germany"
"5959",2021-04-04,"Protests","Germany"
"5960",2021-04-04,"Protests","Germany"
"5961",2021-04-04,"Protests","Germany"
"5962",2021-04-04,"Protests","Germany"
"5963",2021-04-04,"Protests","Germany"
"5964",2021-04-04,"Protests","Germany"
"5965",2021-04-04,"Protests","Germany"
"5966",2021-04-04,"Protests","Germany"
"5967",2021-04-05,"Riots","Germany"
"5968",2021-04-05,"Protests","Germany"
"5969",2021-04-05,"Protests","Germany"
"5970",2021-04-05,"Protests","Germany"
"5971",2021-04-05,"Protests","Germany"
"5972",2021-04-05,"Protests","Germany"
"5973",2021-04-05,"Protests","Germany"
"5974",2021-04-05,"Protests","Germany"
"5975",2021-04-05,"Protests","Germany"
"5976",2021-04-05,"Protests","Germany"
"5977",2021-04-05,"Protests","Germany"
"5978",2021-04-05,"Protests","Germany"
"5979",2021-04-05,"Protests","Germany"
"5980",2021-04-05,"Protests","Germany"
"5981",2021-04-05,"Protests","Germany"
"5982",2021-04-05,"Protests","Germany"
"5983",2021-04-05,"Protests","Germany"
"5984",2021-04-06,"Protests","Germany"
"5985",2021-04-06,"Strategic developments","Germany"
"5986",2021-04-06,"Protests","Germany"
"5987",2021-04-06,"Protests","Germany"
"5988",2021-04-06,"Protests","Germany"
"5989",2021-04-07,"Riots","Germany"
"5990",2021-04-08,"Protests","Germany"
"5991",2021-04-08,"Strategic developments","Germany"
"5992",2021-04-08,"Strategic developments","Germany"
"5993",2021-04-09,"Protests","Germany"
"5994",2021-04-09,"Protests","Germany"
"5995",2021-04-09,"Strategic developments","Germany"
"5996",2021-04-09,"Protests","Germany"
"5997",2021-04-10,"Protests","Germany"
"5998",2021-04-10,"Protests","Germany"
"5999",2021-04-10,"Protests","Germany"
"6000",2021-04-10,"Protests","Germany"
"6001",2021-04-10,"Protests","Germany"
"6002",2021-04-10,"Protests","Germany"
"6003",2021-04-10,"Protests","Germany"
"6004",2021-04-10,"Protests","Germany"
"6005",2021-04-10,"Protests","Germany"
"6006",2021-04-10,"Protests","Germany"
"6007",2021-04-10,"Protests","Germany"
"6008",2021-04-10,"Protests","Germany"
"6009",2021-04-10,"Protests","Germany"
"6010",2021-04-10,"Protests","Germany"
"6011",2021-04-10,"Protests","Germany"
"6012",2021-04-10,"Protests","Germany"
"6013",2021-04-10,"Protests","Germany"
"6014",2021-04-10,"Protests","Germany"
"6015",2021-04-10,"Protests","Germany"
"6016",2021-04-10,"Protests","Germany"
"6017",2021-04-10,"Protests","Germany"
"6018",2021-04-10,"Protests","Germany"
"6019",2021-04-10,"Protests","Germany"
"6020",2021-04-10,"Protests","Germany"
"6021",2021-04-10,"Protests","Germany"
"6022",2021-04-10,"Protests","Germany"
"6023",2021-04-10,"Protests","Germany"
"6024",2021-04-10,"Protests","Germany"
"6025",2021-04-10,"Protests","Germany"
"6026",2021-04-10,"Protests","Germany"
"6027",2021-04-10,"Protests","Germany"
"6028",2021-04-10,"Protests","Germany"
"6029",2021-04-10,"Protests","Germany"
"6030",2021-04-10,"Protests","Germany"
"6031",2021-04-10,"Protests","Germany"
"6032",2021-04-10,"Strategic developments","Germany"
"6033",2021-04-10,"Strategic developments","Germany"
"6034",2021-04-10,"Protests","Germany"
"6035",2021-04-10,"Protests","Germany"
"6036",2021-04-10,"Protests","Germany"
"6037",2021-04-10,"Protests","Germany"
"6038",2021-04-10,"Protests","Germany"
"6039",2021-04-10,"Protests","Germany"
"6040",2021-04-11,"Protests","Germany"
"6041",2021-04-11,"Protests","Germany"
"6042",2021-04-11,"Protests","Germany"
"6043",2021-04-11,"Protests","Germany"
"6044",2021-04-11,"Protests","Germany"
"6045",2021-04-11,"Protests","Germany"
"6046",2021-04-11,"Protests","Germany"
"6047",2021-04-11,"Strategic developments","Germany"
"6048",2021-04-11,"Strategic developments","Germany"
"6049",2021-04-11,"Strategic developments","Germany"
"6050",2021-04-11,"Strategic developments","Germany"
"6051",2021-04-11,"Strategic developments","Germany"
"6052",2021-04-11,"Protests","Germany"
"6053",2021-04-12,"Protests","Germany"
"6054",2021-04-12,"Protests","Germany"
"6055",2021-04-12,"Protests","Germany"
"6056",2021-04-12,"Protests","Germany"
"6057",2021-04-12,"Protests","Germany"
"6058",2021-04-12,"Protests","Germany"
"6059",2021-04-12,"Protests","Germany"
"6060",2021-04-12,"Protests","Germany"
"6061",2021-04-12,"Protests","Germany"
"6062",2021-04-12,"Protests","Germany"
"6063",2021-04-12,"Protests","Germany"
"6064",2021-04-12,"Protests","Germany"
"6065",2021-04-12,"Protests","Germany"
"6066",2021-04-12,"Protests","Germany"
"6067",2021-04-12,"Protests","Germany"
"6068",2021-04-12,"Riots","Germany"
"6069",2021-04-12,"Protests","Germany"
"6070",2021-04-12,"Protests","Germany"
"6071",2021-04-12,"Protests","Germany"
"6072",2021-04-12,"Protests","Germany"
"6073",2021-04-12,"Protests","Germany"
"6074",2021-04-12,"Protests","Germany"
"6075",2021-04-12,"Protests","Germany"
"6076",2021-04-12,"Protests","Germany"
"6077",2021-04-12,"Protests","Germany"
"6078",2021-04-12,"Protests","Germany"
"6079",2021-04-12,"Protests","Germany"
"6080",2021-04-12,"Protests","Germany"
"6081",2021-04-12,"Protests","Germany"
"6082",2021-04-12,"Protests","Germany"
"6083",2021-04-12,"Protests","Germany"
"6084",2021-04-12,"Protests","Germany"
"6085",2021-04-12,"Protests","Germany"
"6086",2021-04-12,"Protests","Germany"
"6087",2021-04-12,"Protests","Germany"
"6088",2021-04-12,"Protests","Germany"
"6089",2021-04-12,"Protests","Germany"
"6090",2021-04-13,"Strategic developments","Germany"
"6091",2021-04-13,"Protests","Germany"
"6092",2021-04-13,"Protests","Germany"
"6093",2021-04-14,"Protests","Germany"
"6094",2021-04-14,"Protests","Germany"
"6095",2021-04-14,"Protests","Germany"
"6096",2021-04-14,"Protests","Germany"
"6097",2021-04-14,"Protests","Germany"
"6098",2021-04-14,"Protests","Germany"
"6099",2021-04-14,"Protests","Germany"
"6100",2021-04-15,"Protests","Germany"
"6101",2021-04-15,"Protests","Germany"
"6102",2021-04-15,"Protests","Germany"
"6103",2021-04-15,"Riots","Germany"
"6104",2021-04-15,"Protests","Germany"
"6105",2021-04-15,"Protests","Germany"
"6106",2021-04-15,"Protests","Germany"
"6107",2021-04-15,"Protests","Germany"
"6108",2021-04-15,"Protests","Germany"
"6109",2021-04-15,"Protests","Germany"
"6110",2021-04-15,"Protests","Germany"
"6111",2021-04-16,"Protests","Germany"
"6112",2021-04-16,"Protests","Germany"
"6113",2021-04-16,"Protests","Germany"
"6114",2021-04-16,"Protests","Germany"
"6115",2021-04-16,"Protests","Germany"
"6116",2021-04-16,"Protests","Germany"
"6117",2021-04-16,"Protests","Germany"
"6118",2021-04-16,"Protests","Germany"
"6119",2021-04-16,"Protests","Germany"
"6120",2021-04-16,"Protests","Germany"
"6121",2021-04-16,"Protests","Germany"
"6122",2021-04-16,"Protests","Germany"
"6123",2021-04-16,"Protests","Germany"
"6124",2021-04-16,"Protests","Germany"
"6125",2021-04-16,"Protests","Germany"
"6126",2021-04-17,"Protests","Germany"
"6127",2021-04-17,"Protests","Germany"
"6128",2021-04-17,"Protests","Germany"
"6129",2021-04-17,"Protests","Germany"
"6130",2021-04-17,"Protests","Germany"
"6131",2021-04-17,"Protests","Germany"
"6132",2021-04-17,"Protests","Germany"
"6133",2021-04-17,"Riots","Germany"
"6134",2021-04-17,"Riots","Germany"
"6135",2021-04-17,"Protests","Germany"
"6136",2021-04-17,"Protests","Germany"
"6137",2021-04-17,"Riots","Germany"
"6138",2021-04-17,"Riots","Germany"
"6139",2021-04-17,"Protests","Germany"
"6140",2021-04-17,"Protests","Germany"
"6141",2021-04-17,"Protests","Germany"
"6142",2021-04-17,"Protests","Germany"
"6143",2021-04-17,"Protests","Germany"
"6144",2021-04-17,"Protests","Germany"
"6145",2021-04-17,"Protests","Germany"
"6146",2021-04-17,"Protests","Germany"
"6147",2021-04-17,"Protests","Germany"
"6148",2021-04-17,"Protests","Germany"
"6149",2021-04-17,"Protests","Germany"
"6150",2021-04-17,"Protests","Germany"
"6151",2021-04-17,"Protests","Germany"
"6152",2021-04-17,"Protests","Germany"
"6153",2021-04-17,"Protests","Germany"
"6154",2021-04-17,"Protests","Germany"
"6155",2021-04-17,"Protests","Germany"
"6156",2021-04-17,"Protests","Germany"
"6157",2021-04-17,"Protests","Germany"
"6158",2021-04-17,"Protests","Germany"
"6159",2021-04-18,"Protests","Germany"
"6160",2021-04-18,"Protests","Germany"
"6161",2021-04-18,"Strategic developments","Germany"
"6162",2021-04-18,"Strategic developments","Germany"
"6163",2021-04-18,"Strategic developments","Germany"
"6164",2021-04-18,"Protests","Germany"
"6165",2021-04-18,"Protests","Germany"
"6166",2021-04-18,"Protests","Germany"
"6167",2021-04-18,"Protests","Germany"
"6168",2021-04-18,"Protests","Germany"
"6169",2021-04-18,"Protests","Germany"
"6170",2021-04-18,"Protests","Germany"
"6171",2021-04-18,"Protests","Germany"
"6172",2021-04-18,"Protests","Germany"
"6173",2021-04-18,"Strategic developments","Germany"
"6174",2021-04-18,"Protests","Germany"
"6175",2021-04-19,"Protests","Germany"
"6176",2021-04-19,"Protests","Germany"
"6177",2021-04-19,"Protests","Germany"
"6178",2021-04-19,"Protests","Germany"
"6179",2021-04-19,"Protests","Germany"
"6180",2021-04-19,"Protests","Germany"
"6181",2021-04-19,"Protests","Germany"
"6182",2021-04-19,"Protests","Germany"
"6183",2021-04-19,"Protests","Germany"
"6184",2021-04-19,"Protests","Germany"
"6185",2021-04-19,"Protests","Germany"
"6186",2021-04-19,"Protests","Germany"
"6187",2021-04-19,"Riots","Germany"
"6188",2021-04-19,"Riots","Germany"
"6189",2021-04-19,"Riots","Germany"
"6190",2021-04-19,"Protests","Germany"
"6191",2021-04-19,"Protests","Germany"
"6192",2021-04-19,"Protests","Germany"
"6193",2021-04-19,"Protests","Germany"
"6194",2021-04-19,"Protests","Germany"
"6195",2021-04-19,"Protests","Germany"
"6196",2021-04-19,"Protests","Germany"
"6197",2021-04-19,"Protests","Germany"
"6198",2021-04-19,"Protests","Germany"
"6199",2021-04-19,"Protests","Germany"
"6200",2021-04-19,"Protests","Germany"
"6201",2021-04-19,"Protests","Germany"
"6202",2021-04-19,"Protests","Germany"
"6203",2021-04-19,"Protests","Germany"
"6204",2021-04-19,"Protests","Germany"
"6205",2021-04-19,"Protests","Germany"
"6206",2021-04-19,"Protests","Germany"
"6207",2021-04-19,"Protests","Germany"
"6208",2021-04-19,"Protests","Germany"
"6209",2021-04-19,"Protests","Germany"
"6210",2021-04-19,"Protests","Germany"
"6211",2021-04-19,"Protests","Germany"
"6212",2021-04-19,"Protests","Germany"
"6213",2021-04-20,"Strategic developments","Germany"
"6214",2021-04-20,"Protests","Germany"
"6215",2021-04-20,"Protests","Germany"
"6216",2021-04-20,"Protests","Germany"
"6217",2021-04-20,"Protests","Germany"
"6218",2021-04-20,"Protests","Germany"
"6219",2021-04-21,"Protests","Germany"
"6220",2021-04-21,"Protests","Germany"
"6221",2021-04-21,"Protests","Germany"
"6222",2021-04-21,"Protests","Germany"
"6223",2021-04-21,"Protests","Germany"
"6224",2021-04-21,"Riots","Germany"
"6225",2021-04-21,"Riots","Germany"
"6226",2021-04-21,"Strategic developments","Germany"
"6227",2021-04-21,"Protests","Germany"
"6228",2021-04-21,"Protests","Germany"
"6229",2021-04-21,"Protests","Germany"
"6230",2021-04-21,"Protests","Germany"
"6231",2021-04-21,"Protests","Germany"
"6232",2021-04-21,"Protests","Germany"
"6233",2021-04-21,"Protests","Germany"
"6234",2021-04-22,"Protests","Germany"
"6235",2021-04-22,"Protests","Germany"
"6236",2021-04-22,"Protests","Germany"
"6237",2021-04-22,"Protests","Germany"
"6238",2021-04-22,"Protests","Germany"
"6239",2021-04-23,"Protests","Germany"
"6240",2021-04-23,"Protests","Germany"
"6241",2021-04-23,"Protests","Germany"
"6242",2021-04-23,"Protests","Germany"
"6243",2021-04-23,"Protests","Germany"
"6244",2021-04-23,"Protests","Germany"
"6245",2021-04-23,"Protests","Germany"
"6246",2021-04-23,"Strategic developments","Germany"
"6247",2021-04-23,"Strategic developments","Germany"
"6248",2021-04-23,"Protests","Germany"
"6249",2021-04-23,"Protests","Germany"
"6250",2021-04-23,"Protests","Germany"
"6251",2021-04-23,"Protests","Germany"
"6252",2021-04-23,"Protests","Germany"
"6253",2021-04-23,"Protests","Germany"
"6254",2021-04-23,"Protests","Germany"
"6255",2021-04-23,"Protests","Germany"
"6256",2021-04-24,"Protests","Germany"
"6257",2021-04-24,"Strategic developments","Germany"
"6258",2021-04-24,"Protests","Germany"
"6259",2021-04-24,"Protests","Germany"
"6260",2021-04-24,"Protests","Germany"
"6261",2021-04-24,"Protests","Germany"
"6262",2021-04-24,"Protests","Germany"
"6263",2021-04-24,"Protests","Germany"
"6264",2021-04-24,"Protests","Germany"
"6265",2021-04-24,"Protests","Germany"
"6266",2021-04-24,"Protests","Germany"
"6267",2021-04-24,"Protests","Germany"
"6268",2021-04-24,"Protests","Germany"
"6269",2021-04-24,"Protests","Germany"
"6270",2021-04-24,"Protests","Germany"
"6271",2021-04-24,"Protests","Germany"
"6272",2021-04-24,"Protests","Germany"
"6273",2021-04-24,"Protests","Germany"
"6274",2021-04-24,"Protests","Germany"
"6275",2021-04-24,"Protests","Germany"
"6276",2021-04-24,"Protests","Germany"
"6277",2021-04-24,"Protests","Germany"
"6278",2021-04-24,"Protests","Germany"
"6279",2021-04-24,"Protests","Germany"
"6280",2021-04-24,"Protests","Germany"
"6281",2021-04-24,"Protests","Germany"
"6282",2021-04-24,"Protests","Germany"
"6283",2021-04-24,"Protests","Germany"
"6284",2021-04-24,"Protests","Germany"
"6285",2021-04-24,"Protests","Germany"
"6286",2021-04-24,"Protests","Germany"
"6287",2021-04-24,"Riots","Germany"
"6288",2021-04-24,"Protests","Germany"
"6289",2021-04-24,"Protests","Germany"
"6290",2021-04-24,"Protests","Germany"
"6291",2021-04-25,"Protests","Germany"
"6292",2021-04-25,"Protests","Germany"
"6293",2021-04-25,"Strategic developments","Germany"
"6294",2021-04-25,"Strategic developments","Germany"
"6295",2021-04-25,"Protests","Germany"
"6296",2021-04-25,"Protests","Germany"
"6297",2021-04-25,"Protests","Germany"
"6298",2021-04-25,"Protests","Germany"
"6299",2021-04-25,"Protests","Germany"
"6300",2021-04-25,"Protests","Germany"
"6301",2021-04-25,"Protests","Germany"
"6302",2021-04-25,"Protests","Germany"
"6303",2021-04-25,"Protests","Germany"
"6304",2021-04-25,"Protests","Germany"
"6305",2021-04-25,"Protests","Germany"
"6306",2021-04-25,"Protests","Germany"
"6307",2021-04-25,"Protests","Germany"
"6308",2021-04-26,"Protests","Germany"
"6309",2021-04-26,"Protests","Germany"
"6310",2021-04-26,"Protests","Germany"
"6311",2021-04-26,"Protests","Germany"
"6312",2021-04-26,"Protests","Germany"
"6313",2021-04-26,"Protests","Germany"
"6314",2021-04-26,"Riots","Germany"
"6315",2021-04-26,"Protests","Germany"
"6316",2021-04-26,"Protests","Germany"
"6317",2021-04-26,"Riots","Germany"
"6318",2021-04-26,"Protests","Germany"
"6319",2021-04-26,"Protests","Germany"
"6320",2021-04-26,"Protests","Germany"
"6321",2021-04-26,"Protests","Germany"
"6322",2021-04-26,"Protests","Germany"
"6323",2021-04-26,"Protests","Germany"
"6324",2021-04-26,"Protests","Germany"
"6325",2021-04-26,"Protests","Germany"
"6326",2021-04-26,"Protests","Germany"
"6327",2021-04-26,"Protests","Germany"
"6328",2021-04-26,"Protests","Germany"
"6329",2021-04-26,"Protests","Germany"
"6330",2021-04-26,"Protests","Germany"
"6331",2021-04-26,"Protests","Germany"
"6332",2021-04-26,"Protests","Germany"
"6333",2021-04-26,"Protests","Germany"
"6334",2021-04-26,"Protests","Germany"
"6335",2021-04-26,"Protests","Germany"
"6336",2021-04-26,"Protests","Germany"
"6337",2021-04-26,"Protests","Germany"
"6338",2021-04-26,"Protests","Germany"
"6339",2021-04-26,"Protests","Germany"
"6340",2021-04-26,"Protests","Germany"
"6341",2021-04-26,"Protests","Germany"
"6342",2021-04-26,"Riots","Germany"
"6343",2021-04-26,"Protests","Germany"
"6344",2021-04-26,"Protests","Germany"
"6345",2021-04-26,"Protests","Germany"
"6346",2021-04-26,"Protests","Germany"
"6347",2021-04-27,"Protests","Germany"
"6348",2021-04-27,"Protests","Germany"
"6349",2021-04-27,"Protests","Germany"
"6350",2021-04-27,"Protests","Germany"
"6351",2021-04-27,"Protests","Germany"
"6352",2021-04-27,"Protests","Germany"
"6353",2021-04-28,"Strategic developments","Germany"
"6354",2021-04-28,"Strategic developments","Germany"
"6355",2021-04-28,"Protests","Germany"
"6356",2021-04-28,"Protests","Germany"
"6357",2021-04-28,"Protests","Germany"
"6358",2021-04-28,"Protests","Germany"
"6359",2021-04-28,"Protests","Germany"
"6360",2021-04-28,"Protests","Germany"
"6361",2021-04-29,"Protests","Germany"
"6362",2021-04-29,"Protests","Germany"
"6363",2021-04-29,"Strategic developments","Germany"
"6364",2021-04-29,"Protests","Germany"
"6365",2021-04-29,"Protests","Germany"
"6366",2021-04-29,"Protests","Germany"
"6367",2021-04-29,"Riots","Germany"
"6368",2021-04-29,"Protests","Germany"
"6369",2021-04-29,"Protests","Germany"
"6370",2021-04-30,"Strategic developments","Germany"
"6371",2021-04-30,"Riots","Germany"
"6372",2021-04-30,"Protests","Germany"
"6373",2021-04-30,"Protests","Germany"
"6374",2021-04-30,"Protests","Germany"
"6375",2021-04-30,"Protests","Germany"
"6376",2021-04-30,"Protests","Germany"
"6377",2021-04-30,"Protests","Germany"
"6378",2021-04-30,"Riots","Germany"
"6379",2021-04-30,"Protests","Germany"
"6380",2021-04-30,"Protests","Germany"
"6381",2021-04-30,"Riots","Germany"
"6382",2021-04-30,"Riots","Germany"
"6383",2021-04-30,"Protests","Germany"
"6384",2021-04-30,"Protests","Germany"
"6385",2021-05-01,"Protests","Germany"
"6386",2021-05-01,"Protests","Germany"
"6387",2021-05-01,"Protests","Germany"
"6388",2021-05-01,"Riots","Germany"
"6389",2021-05-01,"Protests","Germany"
"6390",2021-05-01,"Protests","Germany"
"6391",2021-05-01,"Protests","Germany"
"6392",2021-05-01,"Protests","Germany"
"6393",2021-05-01,"Riots","Germany"
"6394",2021-05-01,"Protests","Germany"
"6395",2021-05-01,"Protests","Germany"
"6396",2021-05-01,"Protests","Germany"
"6397",2021-05-01,"Protests","Germany"
"6398",2021-05-01,"Protests","Germany"
"6399",2021-05-01,"Protests","Germany"
"6400",2021-05-01,"Riots","Germany"
"6401",2021-05-01,"Strategic developments","Germany"
"6402",2021-05-01,"Strategic developments","Germany"
"6403",2021-05-01,"Protests","Germany"
"6404",2021-05-01,"Protests","Germany"
"6405",2021-05-01,"Protests","Germany"
"6406",2021-05-01,"Protests","Germany"
"6407",2021-05-01,"Protests","Germany"
"6408",2021-05-01,"Protests","Germany"
"6409",2021-05-01,"Protests","Germany"
"6410",2021-05-01,"Protests","Germany"
"6411",2021-05-01,"Protests","Germany"
"6412",2021-05-01,"Protests","Germany"
"6413",2021-05-01,"Protests","Germany"
"6414",2021-05-01,"Protests","Germany"
"6415",2021-05-01,"Protests","Germany"
"6416",2021-05-01,"Protests","Germany"
"6417",2021-05-01,"Protests","Germany"
"6418",2021-05-01,"Protests","Germany"
"6419",2021-05-01,"Protests","Germany"
"6420",2021-05-01,"Protests","Germany"
"6421",2021-05-01,"Protests","Germany"
"6422",2021-05-01,"Protests","Germany"
"6423",2021-05-01,"Protests","Germany"
"6424",2021-05-01,"Protests","Germany"
"6425",2021-05-01,"Protests","Germany"
"6426",2021-05-01,"Protests","Germany"
"6427",2021-05-01,"Protests","Germany"
"6428",2021-05-01,"Protests","Germany"
"6429",2021-05-01,"Protests","Germany"
"6430",2021-05-01,"Protests","Germany"
"6431",2021-05-01,"Protests","Germany"
"6432",2021-05-01,"Protests","Germany"
"6433",2021-05-01,"Protests","Germany"
"6434",2021-05-01,"Protests","Germany"
"6435",2021-05-01,"Protests","Germany"
"6436",2021-05-01,"Protests","Germany"
"6437",2021-05-01,"Protests","Germany"
"6438",2021-05-01,"Protests","Germany"
"6439",2021-05-01,"Protests","Germany"
"6440",2021-05-01,"Protests","Germany"
"6441",2021-05-01,"Protests","Germany"
"6442",2021-05-01,"Protests","Germany"
"6443",2021-05-01,"Protests","Germany"
"6444",2021-05-01,"Protests","Germany"
"6445",2021-05-01,"Protests","Germany"
"6446",2021-05-01,"Protests","Germany"
"6447",2021-05-01,"Protests","Germany"
"6448",2021-05-01,"Protests","Germany"
"6449",2021-05-01,"Protests","Germany"
"6450",2021-05-01,"Protests","Germany"
"6451",2021-05-01,"Protests","Germany"
"6452",2021-05-01,"Protests","Germany"
"6453",2021-05-01,"Protests","Germany"
"6454",2021-05-01,"Protests","Germany"
"6455",2021-05-01,"Protests","Germany"
"6456",2021-05-01,"Protests","Germany"
"6457",2021-05-01,"Protests","Germany"
"6458",2021-05-01,"Protests","Germany"
"6459",2021-05-01,"Protests","Germany"
"6460",2021-05-01,"Protests","Germany"
"6461",2021-05-01,"Protests","Germany"
"6462",2021-05-01,"Protests","Germany"
"6463",2021-05-01,"Protests","Germany"
"6464",2021-05-01,"Protests","Germany"
"6465",2021-05-01,"Protests","Germany"
"6466",2021-05-01,"Protests","Germany"
"6467",2021-05-01,"Protests","Germany"
"6468",2021-05-01,"Protests","Germany"
"6469",2021-05-01,"Protests","Germany"
"6470",2021-05-01,"Protests","Germany"
"6471",2021-05-01,"Protests","Germany"
"6472",2021-05-01,"Protests","Germany"
"6473",2021-05-01,"Protests","Germany"
"6474",2021-05-01,"Protests","Germany"
"6475",2021-05-01,"Protests","Germany"
"6476",2021-05-01,"Protests","Germany"
"6477",2021-05-01,"Riots","Germany"
"6478",2021-05-01,"Riots","Germany"
"6479",2021-05-01,"Riots","Germany"
"6480",2021-05-01,"Riots","Germany"
"6481",2021-05-01,"Protests","Germany"
"6482",2021-05-01,"Protests","Germany"
"6483",2021-05-01,"Riots","Germany"
"6484",2021-05-01,"Riots","Germany"
"6485",2021-05-01,"Riots","Germany"
"6486",2021-05-01,"Riots","Germany"
"6487",2021-05-01,"Riots","Germany"
"6488",2021-05-01,"Strategic developments","Germany"
"6489",2021-05-01,"Protests","Germany"
"6490",2021-05-01,"Protests","Germany"
"6491",2021-05-01,"Protests","Germany"
"6492",2021-05-01,"Protests","Germany"
"6493",2021-05-01,"Protests","Germany"
"6494",2021-05-02,"Protests","Germany"
"6495",2021-05-02,"Protests","Germany"
"6496",2021-05-02,"Protests","Germany"
"6497",2021-05-02,"Protests","Germany"
"6498",2021-05-02,"Protests","Germany"
"6499",2021-05-02,"Protests","Germany"
"6500",2021-05-03,"Protests","Germany"
"6501",2021-05-03,"Protests","Germany"
"6502",2021-05-03,"Protests","Germany"
"6503",2021-05-03,"Protests","Germany"
"6504",2021-05-03,"Protests","Germany"
"6505",2021-05-03,"Protests","Germany"
"6506",2021-05-03,"Protests","Germany"
"6507",2021-05-03,"Protests","Germany"
"6508",2021-05-03,"Protests","Germany"
"6509",2021-05-03,"Protests","Germany"
"6510",2021-05-03,"Protests","Germany"
"6511",2021-05-03,"Protests","Germany"
"6512",2021-05-03,"Protests","Germany"
"6513",2021-05-03,"Protests","Germany"
"6514",2021-05-03,"Protests","Germany"
"6515",2021-05-03,"Protests","Germany"
"6516",2021-05-03,"Protests","Germany"
"6517",2021-05-03,"Protests","Germany"
"6518",2021-05-03,"Protests","Germany"
"6519",2021-05-03,"Protests","Germany"
"6520",2021-05-03,"Protests","Germany"
"6521",2021-05-03,"Protests","Germany"
"6522",2021-05-03,"Protests","Germany"
"6523",2021-05-03,"Protests","Germany"
"6524",2021-05-03,"Riots","Germany"
"6525",2021-05-03,"Protests","Germany"
"6526",2021-05-03,"Protests","Germany"
"6527",2021-05-03,"Protests","Germany"
"6528",2021-05-05,"Protests","Germany"
"6529",2021-05-05,"Strategic developments","Germany"
"6530",2021-05-05,"Protests","Germany"
"6531",2021-05-05,"Protests","Germany"
"6532",2021-05-05,"Protests","Germany"
"6533",2021-05-05,"Protests","Germany"
"6534",2021-05-06,"Strategic developments","Germany"
"6535",2021-05-06,"Protests","Germany"
"6536",2021-05-07,"Protests","Germany"
"6537",2021-05-07,"Protests","Germany"
"6538",2021-05-07,"Protests","Germany"
"6539",2021-05-07,"Protests","Germany"
"6540",2021-05-07,"Protests","Germany"
"6541",2021-05-07,"Protests","Germany"
"6542",2021-05-07,"Protests","Germany"
"6543",2021-05-07,"Riots","Germany"
"6544",2021-05-07,"Protests","Germany"
"6545",2021-05-07,"Protests","Germany"
"6546",2021-05-07,"Protests","Germany"
"6547",2021-05-08,"Protests","Germany"
"6548",2021-05-08,"Protests","Germany"
"6549",2021-05-08,"Protests","Germany"
"6550",2021-05-08,"Riots","Germany"
"6551",2021-05-08,"Protests","Germany"
"6552",2021-05-08,"Protests","Germany"
"6553",2021-05-08,"Protests","Germany"
"6554",2021-05-08,"Protests","Germany"
"6555",2021-05-08,"Protests","Germany"
"6556",2021-05-08,"Protests","Germany"
"6557",2021-05-08,"Protests","Germany"
"6558",2021-05-08,"Protests","Germany"
"6559",2021-05-08,"Protests","Germany"
"6560",2021-05-08,"Protests","Germany"
"6561",2021-05-08,"Protests","Germany"
"6562",2021-05-08,"Protests","Germany"
"6563",2021-05-08,"Protests","Germany"
"6564",2021-05-08,"Protests","Germany"
"6565",2021-05-08,"Protests","Germany"
"6566",2021-05-08,"Protests","Germany"
"6567",2021-05-08,"Protests","Germany"
"6568",2021-05-08,"Protests","Germany"
"6569",2021-05-08,"Protests","Germany"
"6570",2021-05-08,"Protests","Germany"
"6571",2021-05-08,"Protests","Germany"
"6572",2021-05-08,"Protests","Germany"
"6573",2021-05-08,"Protests","Germany"
"6574",2021-05-08,"Protests","Germany"
"6575",2021-05-08,"Protests","Germany"
"6576",2021-05-08,"Protests","Germany"
"6577",2021-05-08,"Protests","Germany"
"6578",2021-05-08,"Protests","Germany"
"6579",2021-05-08,"Protests","Germany"
"6580",2021-05-08,"Protests","Germany"
"6581",2021-05-08,"Riots","Germany"
"6582",2021-05-08,"Riots","Germany"
"6583",2021-05-09,"Strategic developments","Germany"
"6584",2021-05-09,"Protests","Germany"
"6585",2021-05-09,"Protests","Germany"
"6586",2021-05-09,"Protests","Germany"
"6587",2021-05-09,"Protests","Germany"
"6588",2021-05-09,"Protests","Germany"
"6589",2021-05-09,"Protests","Germany"
"6590",2021-05-09,"Protests","Germany"
"6591",2021-05-09,"Protests","Germany"
"6592",2021-05-10,"Protests","Germany"
"6593",2021-05-10,"Protests","Germany"
"6594",2021-05-10,"Protests","Germany"
"6595",2021-05-10,"Protests","Germany"
"6596",2021-05-10,"Protests","Germany"
"6597",2021-05-10,"Protests","Germany"
"6598",2021-05-10,"Protests","Germany"
"6599",2021-05-10,"Protests","Germany"
"6600",2021-05-10,"Protests","Germany"
"6601",2021-05-10,"Protests","Germany"
"6602",2021-05-10,"Protests","Germany"
"6603",2021-05-10,"Protests","Germany"
"6604",2021-05-10,"Protests","Germany"
"6605",2021-05-10,"Protests","Germany"
"6606",2021-05-10,"Protests","Germany"
"6607",2021-05-10,"Protests","Germany"
"6608",2021-05-10,"Protests","Germany"
"6609",2021-05-10,"Protests","Germany"
"6610",2021-05-10,"Protests","Germany"
"6611",2021-05-10,"Protests","Germany"
"6612",2021-05-10,"Protests","Germany"
"6613",2021-05-10,"Protests","Germany"
"6614",2021-05-10,"Protests","Germany"
"6615",2021-05-10,"Protests","Germany"
"6616",2021-05-10,"Protests","Germany"
"6617",2021-05-10,"Protests","Germany"
"6618",2021-05-10,"Protests","Germany"
"6619",2021-05-10,"Protests","Germany"
"6620",2021-05-10,"Riots","Germany"
"6621",2021-05-10,"Riots","Germany"
"6622",2021-05-10,"Protests","Germany"
"6623",2021-05-10,"Protests","Germany"
"6624",2021-05-11,"Strategic developments","Germany"
"6625",2021-05-11,"Protests","Germany"
"6626",2021-05-11,"Protests","Germany"
"6627",2021-05-11,"Protests","Germany"
"6628",2021-05-11,"Protests","Germany"
"6629",2021-05-11,"Protests","Germany"
"6630",2021-05-11,"Protests","Germany"
"6631",2021-05-11,"Protests","Germany"
"6632",2021-05-12,"Protests","Germany"
"6633",2021-05-12,"Protests","Germany"
"6634",2021-05-12,"Protests","Germany"
"6635",2021-05-12,"Protests","Germany"
"6636",2021-05-12,"Protests","Germany"
"6637",2021-05-12,"Protests","Germany"
"6638",2021-05-12,"Strategic developments","Germany"
"6639",2021-05-12,"Strategic developments","Germany"
"6640",2021-05-12,"Strategic developments","Germany"
"6641",2021-05-12,"Protests","Germany"
"6642",2021-05-12,"Protests","Germany"
"6643",2021-05-12,"Protests","Germany"
"6644",2021-05-12,"Protests","Germany"
"6645",2021-05-12,"Protests","Germany"
"6646",2021-05-12,"Protests","Germany"
"6647",2021-05-12,"Protests","Germany"
"6648",2021-05-12,"Protests","Germany"
"6649",2021-05-12,"Protests","Germany"
"6650",2021-05-12,"Protests","Germany"
"6651",2021-05-12,"Protests","Germany"
"6652",2021-05-12,"Riots","Germany"
"6653",2021-05-12,"Riots","Germany"
"6654",2021-05-12,"Protests","Germany"
"6655",2021-05-12,"Protests","Germany"
"6656",2021-05-12,"Protests","Germany"
"6657",2021-05-12,"Protests","Germany"
"6658",2021-05-12,"Protests","Germany"
"6659",2021-05-12,"Protests","Germany"
"6660",2021-05-13,"Protests","Germany"
"6661",2021-05-13,"Strategic developments","Germany"
"6662",2021-05-13,"Riots","Germany"
"6663",2021-05-13,"Protests","Germany"
"6664",2021-05-13,"Protests","Germany"
"6665",2021-05-13,"Protests","Germany"
"6666",2021-05-13,"Strategic developments","Germany"
"6667",2021-05-13,"Protests","Germany"
"6668",2021-05-14,"Protests","Germany"
"6669",2021-05-14,"Protests","Germany"
"6670",2021-05-14,"Strategic developments","Germany"
"6671",2021-05-14,"Protests","Germany"
"6672",2021-05-14,"Protests","Germany"
"6673",2021-05-14,"Protests","Germany"
"6674",2021-05-14,"Protests","Germany"
"6675",2021-05-14,"Protests","Germany"
"6676",2021-05-14,"Protests","Germany"
"6677",2021-05-14,"Protests","Germany"
"6678",2021-05-14,"Protests","Germany"
"6679",2021-05-14,"Protests","Germany"
"6680",2021-05-14,"Protests","Germany"
"6681",2021-05-14,"Protests","Germany"
"6682",2021-05-14,"Protests","Germany"
"6683",2021-05-14,"Protests","Germany"
"6684",2021-05-14,"Protests","Germany"
"6685",2021-05-14,"Protests","Germany"
"6686",2021-05-14,"Protests","Germany"
"6687",2021-05-14,"Protests","Germany"
"6688",2021-05-14,"Protests","Germany"
"6689",2021-05-14,"Protests","Germany"
"6690",2021-05-14,"Protests","Germany"
"6691",2021-05-14,"Protests","Germany"
"6692",2021-05-14,"Protests","Germany"
"6693",2021-05-15,"Protests","Germany"
"6694",2021-05-15,"Protests","Germany"
"6695",2021-05-15,"Protests","Germany"
"6696",2021-05-15,"Protests","Germany"
"6697",2021-05-15,"Protests","Germany"
"6698",2021-05-15,"Protests","Germany"
"6699",2021-05-15,"Protests","Germany"
"6700",2021-05-15,"Protests","Germany"
"6701",2021-05-15,"Protests","Germany"
"6702",2021-05-15,"Protests","Germany"
"6703",2021-05-15,"Protests","Germany"
"6704",2021-05-15,"Riots","Germany"
"6705",2021-05-15,"Protests","Germany"
"6706",2021-05-15,"Protests","Germany"
"6707",2021-05-15,"Protests","Germany"
"6708",2021-05-15,"Protests","Germany"
"6709",2021-05-15,"Protests","Germany"
"6710",2021-05-15,"Protests","Germany"
"6711",2021-05-15,"Protests","Germany"
"6712",2021-05-15,"Protests","Germany"
"6713",2021-05-15,"Protests","Germany"
"6714",2021-05-15,"Protests","Germany"
"6715",2021-05-15,"Protests","Germany"
"6716",2021-05-15,"Protests","Germany"
"6717",2021-05-15,"Protests","Germany"
"6718",2021-05-15,"Protests","Germany"
"6719",2021-05-15,"Protests","Germany"
"6720",2021-05-15,"Protests","Germany"
"6721",2021-05-15,"Protests","Germany"
"6722",2021-05-15,"Protests","Germany"
"6723",2021-05-15,"Protests","Germany"
"6724",2021-05-15,"Protests","Germany"
"6725",2021-05-15,"Protests","Germany"
"6726",2021-05-15,"Protests","Germany"
"6727",2021-05-15,"Protests","Germany"
"6728",2021-05-15,"Protests","Germany"
"6729",2021-05-15,"Protests","Germany"
"6730",2021-05-15,"Protests","Germany"
"6731",2021-05-15,"Protests","Germany"
"6732",2021-05-15,"Protests","Germany"
"6733",2021-05-15,"Protests","Germany"
"6734",2021-05-15,"Protests","Germany"
"6735",2021-05-15,"Protests","Germany"
"6736",2021-05-15,"Protests","Germany"
"6737",2021-05-15,"Protests","Germany"
"6738",2021-05-15,"Protests","Germany"
"6739",2021-05-15,"Protests","Germany"
"6740",2021-05-15,"Protests","Germany"
"6741",2021-05-15,"Protests","Germany"
"6742",2021-05-15,"Protests","Germany"
"6743",2021-05-15,"Riots","Germany"
"6744",2021-05-15,"Riots","Germany"
"6745",2021-05-15,"Riots","Germany"
"6746",2021-05-15,"Riots","Germany"
"6747",2021-05-15,"Riots","Germany"
"6748",2021-05-15,"Protests","Germany"
"6749",2021-05-15,"Protests","Germany"
"6750",2021-05-15,"Protests","Germany"
"6751",2021-05-15,"Protests","Germany"
"6752",2021-05-15,"Protests","Germany"
"6753",2021-05-15,"Protests","Germany"
"6754",2021-05-15,"Protests","Germany"
"6755",2021-05-15,"Protests","Germany"
"6756",2021-05-15,"Protests","Germany"
"6757",2021-05-15,"Protests","Germany"
"6758",2021-05-15,"Protests","Germany"
"6759",2021-05-16,"Protests","Germany"
"6760",2021-05-16,"Protests","Germany"
"6761",2021-05-16,"Protests","Germany"
"6762",2021-05-16,"Protests","Germany"
"6763",2021-05-16,"Protests","Germany"
"6764",2021-05-16,"Strategic developments","Germany"
"6765",2021-05-16,"Protests","Germany"
"6766",2021-05-16,"Protests","Germany"
"6767",2021-05-16,"Protests","Germany"
"6768",2021-05-16,"Protests","Germany"
"6769",2021-05-16,"Protests","Germany"
"6770",2021-05-16,"Protests","Germany"
"6771",2021-05-16,"Protests","Germany"
"6772",2021-05-16,"Protests","Germany"
"6773",2021-05-16,"Protests","Germany"
"6774",2021-05-16,"Protests","Germany"
"6775",2021-05-16,"Protests","Germany"
"6776",2021-05-16,"Protests","Germany"
"6777",2021-05-16,"Protests","Germany"
"6778",2021-05-16,"Protests","Germany"
"6779",2021-05-17,"Protests","Germany"
"6780",2021-05-17,"Protests","Germany"
"6781",2021-05-17,"Protests","Germany"
"6782",2021-05-17,"Protests","Germany"
"6783",2021-05-17,"Protests","Germany"
"6784",2021-05-17,"Protests","Germany"
"6785",2021-05-17,"Protests","Germany"
"6786",2021-05-17,"Protests","Germany"
"6787",2021-05-17,"Protests","Germany"
"6788",2021-05-17,"Protests","Germany"
"6789",2021-05-17,"Protests","Germany"
"6790",2021-05-17,"Protests","Germany"
"6791",2021-05-17,"Protests","Germany"
"6792",2021-05-17,"Protests","Germany"
"6793",2021-05-17,"Protests","Germany"
"6794",2021-05-17,"Protests","Germany"
"6795",2021-05-17,"Protests","Germany"
"6796",2021-05-17,"Protests","Germany"
"6797",2021-05-17,"Protests","Germany"
"6798",2021-05-17,"Protests","Germany"
"6799",2021-05-17,"Protests","Germany"
"6800",2021-05-17,"Protests","Germany"
"6801",2021-05-18,"Protests","Germany"
"6802",2021-05-18,"Protests","Germany"
"6803",2021-05-18,"Protests","Germany"
"6804",2021-05-18,"Protests","Germany"
"6805",2021-05-18,"Protests","Germany"
"6806",2021-05-18,"Protests","Germany"
"6807",2021-05-18,"Protests","Germany"
"6808",2021-05-18,"Protests","Germany"
"6809",2021-05-18,"Protests","Germany"
"6810",2021-05-18,"Protests","Germany"
"6811",2021-05-18,"Protests","Germany"
"6812",2021-05-18,"Protests","Germany"
"6813",2021-05-19,"Strategic developments","Germany"
"6814",2021-05-19,"Protests","Germany"
"6815",2021-05-19,"Protests","Germany"
"6816",2021-05-19,"Protests","Germany"
"6817",2021-05-19,"Protests","Germany"
"6818",2021-05-19,"Protests","Germany"
"6819",2021-05-19,"Protests","Germany"
"6820",2021-05-19,"Protests","Germany"
"6821",2021-05-19,"Protests","Germany"
"6822",2021-05-19,"Riots","Germany"
"6823",2021-05-19,"Protests","Germany"
"6824",2021-05-20,"Protests","Germany"
"6825",2021-05-20,"Protests","Germany"
"6826",2021-05-20,"Protests","Germany"
"6827",2021-05-20,"Protests","Germany"
"6828",2021-05-20,"Protests","Germany"
"6829",2021-05-20,"Protests","Germany"
"6830",2021-05-20,"Protests","Germany"
"6831",2021-05-20,"Protests","Germany"
"6832",2021-05-20,"Protests","Germany"
"6833",2021-05-20,"Protests","Germany"
"6834",2021-05-20,"Protests","Germany"
"6835",2021-05-21,"Protests","Germany"
"6836",2021-05-21,"Protests","Germany"
"6837",2021-05-21,"Protests","Germany"
"6838",2021-05-21,"Protests","Germany"
"6839",2021-05-21,"Protests","Germany"
"6840",2021-05-21,"Protests","Germany"
"6841",2021-05-21,"Protests","Germany"
"6842",2021-05-21,"Protests","Germany"
"6843",2021-05-21,"Strategic developments","Germany"
"6844",2021-05-21,"Strategic developments","Germany"
"6845",2021-05-21,"Protests","Germany"
"6846",2021-05-21,"Protests","Germany"
"6847",2021-05-21,"Protests","Germany"
"6848",2021-05-21,"Protests","Germany"
"6849",2021-05-21,"Protests","Germany"
"6850",2021-05-21,"Protests","Germany"
"6851",2021-05-21,"Protests","Germany"
"6852",2021-05-21,"Protests","Germany"
"6853",2021-05-22,"Protests","Germany"
"6854",2021-05-22,"Protests","Germany"
"6855",2021-05-22,"Strategic developments","Germany"
"6856",2021-05-22,"Protests","Germany"
"6857",2021-05-22,"Protests","Germany"
"6858",2021-05-22,"Protests","Germany"
"6859",2021-05-22,"Protests","Germany"
"6860",2021-05-22,"Protests","Germany"
"6861",2021-05-22,"Protests","Germany"
"6862",2021-05-22,"Protests","Germany"
"6863",2021-05-22,"Protests","Germany"
"6864",2021-05-22,"Protests","Germany"
"6865",2021-05-22,"Protests","Germany"
"6866",2021-05-22,"Protests","Germany"
"6867",2021-05-22,"Protests","Germany"
"6868",2021-05-22,"Protests","Germany"
"6869",2021-05-22,"Protests","Germany"
"6870",2021-05-22,"Protests","Germany"
"6871",2021-05-22,"Protests","Germany"
"6872",2021-05-22,"Protests","Germany"
"6873",2021-05-22,"Protests","Germany"
"6874",2021-05-22,"Protests","Germany"
"6875",2021-05-22,"Protests","Germany"
"6876",2021-05-22,"Protests","Germany"
"6877",2021-05-22,"Riots","Germany"
"6878",2021-05-22,"Protests","Germany"
"6879",2021-05-22,"Protests","Germany"
"6880",2021-05-22,"Protests","Germany"
"6881",2021-05-22,"Protests","Germany"
"6882",2021-05-23,"Strategic developments","Germany"
"6883",2021-05-23,"Protests","Germany"
"6884",2021-05-23,"Protests","Germany"
"6885",2021-05-23,"Protests","Germany"
"6886",2021-05-23,"Protests","Germany"
"6887",2021-05-23,"Protests","Germany"
"6888",2021-05-23,"Protests","Germany"
"6889",2021-05-23,"Protests","Germany"
"6890",2021-05-24,"Protests","Germany"
"6891",2021-05-24,"Riots","Germany"
"6892",2021-05-24,"Strategic developments","Germany"
"6893",2021-05-24,"Protests","Germany"
"6894",2021-05-24,"Protests","Germany"
"6895",2021-05-24,"Strategic developments","Germany"
"6896",2021-05-24,"Strategic developments","Germany"
"6897",2021-05-24,"Protests","Germany"
"6898",2021-05-24,"Protests","Germany"
"6899",2021-05-24,"Protests","Germany"
"6900",2021-05-24,"Protests","Germany"
"6901",2021-05-24,"Protests","Germany"
"6902",2021-05-24,"Protests","Germany"
"6903",2021-05-24,"Protests","Germany"
"6904",2021-05-24,"Protests","Germany"
"6905",2021-05-24,"Protests","Germany"
"6906",2021-05-24,"Protests","Germany"
"6907",2021-05-24,"Protests","Germany"
"6908",2021-05-24,"Protests","Germany"
"6909",2021-05-24,"Protests","Germany"
"6910",2021-05-24,"Protests","Germany"
"6911",2021-05-24,"Protests","Germany"
"6912",2021-05-25,"Protests","Germany"
"6913",2021-05-25,"Protests","Germany"
"6914",2021-05-25,"Protests","Germany"
"6915",2021-05-25,"Protests","Germany"
"6916",2021-05-25,"Protests","Germany"
"6917",2021-05-25,"Strategic developments","Germany"
"6918",2021-05-25,"Protests","Germany"
"6919",2021-05-26,"Protests","Germany"
"6920",2021-05-26,"Protests","Germany"
"6921",2021-05-26,"Protests","Germany"
"6922",2021-05-26,"Protests","Germany"
"6923",2021-05-26,"Protests","Germany"
"6924",2021-05-26,"Protests","Germany"
"6925",2021-05-26,"Protests","Germany"
"6926",2021-05-26,"Protests","Germany"
"6927",2021-05-26,"Protests","Germany"
"6928",2021-05-26,"Protests","Germany"
"6929",2021-05-27,"Protests","Germany"
"6930",2021-05-27,"Protests","Germany"
"6931",2021-05-27,"Protests","Germany"
"6932",2021-05-27,"Protests","Germany"
"6933",2021-05-27,"Protests","Germany"
"6934",2021-05-27,"Protests","Germany"
"6935",2021-05-27,"Protests","Germany"
"6936",2021-05-27,"Protests","Germany"
"6937",2021-05-27,"Protests","Germany"
"6938",2021-05-27,"Protests","Germany"
"6939",2021-05-28,"Strategic developments","Germany"
"6940",2021-05-28,"Protests","Germany"
"6941",2021-05-28,"Protests","Germany"
"6942",2021-05-28,"Protests","Germany"
"6943",2021-05-28,"Strategic developments","Germany"
"6944",2021-05-28,"Protests","Germany"
"6945",2021-05-28,"Protests","Germany"
"6946",2021-05-28,"Protests","Germany"
"6947",2021-05-28,"Protests","Germany"
"6948",2021-05-28,"Protests","Germany"
"6949",2021-05-28,"Explosions/Remote violence","Germany"
"6950",2021-05-28,"Protests","Germany"
"6951",2021-05-28,"Protests","Germany"
"6952",2021-05-28,"Protests","Germany"
"6953",2021-05-28,"Protests","Germany"
"6954",2021-05-28,"Protests","Germany"
"6955",2021-05-29,"Protests","Germany"
"6956",2021-05-29,"Protests","Germany"
"6957",2021-05-29,"Strategic developments","Germany"
"6958",2021-05-29,"Strategic developments","Germany"
"6959",2021-05-29,"Protests","Germany"
"6960",2021-05-29,"Protests","Germany"
"6961",2021-05-29,"Riots","Germany"
"6962",2021-05-29,"Protests","Germany"
"6963",2021-05-29,"Protests","Germany"
"6964",2021-05-29,"Protests","Germany"
"6965",2021-05-29,"Protests","Germany"
"6966",2021-05-29,"Protests","Germany"
"6967",2021-05-29,"Protests","Germany"
"6968",2021-05-29,"Protests","Germany"
"6969",2021-05-29,"Protests","Germany"
"6970",2021-05-29,"Protests","Germany"
"6971",2021-05-29,"Protests","Germany"
"6972",2021-05-29,"Protests","Germany"
"6973",2021-05-29,"Protests","Germany"
"6974",2021-05-29,"Protests","Germany"
"6975",2021-05-29,"Protests","Germany"
"6976",2021-05-29,"Protests","Germany"
"6977",2021-05-29,"Protests","Germany"
"6978",2021-05-29,"Riots","Germany"
"6979",2021-05-29,"Protests","Germany"
"6980",2021-05-29,"Protests","Germany"
"6981",2021-05-29,"Protests","Germany"
"6982",2021-05-29,"Protests","Germany"
"6983",2021-05-30,"Protests","Germany"
"6984",2021-05-30,"Protests","Germany"
"6985",2021-05-30,"Protests","Germany"
"6986",2021-05-30,"Protests","Germany"
"6987",2021-05-30,"Strategic developments","Germany"
"6988",2021-05-30,"Strategic developments","Germany"
"6989",2021-05-30,"Protests","Germany"
"6990",2021-05-30,"Protests","Germany"
"6991",2021-05-31,"Protests","Germany"
"6992",2021-05-31,"Protests","Germany"
"6993",2021-05-31,"Protests","Germany"
"6994",2021-05-31,"Protests","Germany"
"6995",2021-05-31,"Protests","Germany"
"6996",2021-05-31,"Protests","Germany"
"6997",2021-05-31,"Protests","Germany"
"6998",2021-05-31,"Protests","Germany"
"6999",2021-06-01,"Strategic developments","Germany"
"7000",2021-06-01,"Protests","Germany"
"7001",2021-06-01,"Protests","Germany"
"7002",2021-06-01,"Protests","Germany"
"7003",2021-06-01,"Protests","Germany"
"7004",2021-06-01,"Protests","Germany"
"7005",2021-06-02,"Protests","Germany"
"7006",2021-06-02,"Protests","Germany"
"7007",2021-06-02,"Protests","Germany"
"7008",2021-06-02,"Protests","Germany"
"7009",2021-06-02,"Protests","Germany"
"7010",2021-06-02,"Protests","Germany"
"7011",2021-06-03,"Strategic developments","Germany"
"7012",2021-06-03,"Protests","Germany"
"7013",2021-06-03,"Protests","Germany"
"7014",2021-06-03,"Protests","Germany"
"7015",2021-06-03,"Protests","Germany"
"7016",2021-06-03,"Protests","Germany"
"7017",2021-06-03,"Protests","Germany"
"7018",2021-06-03,"Protests","Germany"
"7019",2021-06-03,"Protests","Germany"
"7020",2021-06-04,"Protests","Germany"
"7021",2021-06-04,"Strategic developments","Germany"
"7022",2021-06-04,"Protests","Germany"
"7023",2021-06-04,"Protests","Germany"
"7024",2021-06-04,"Protests","Germany"
"7025",2021-06-04,"Protests","Germany"
"7026",2021-06-04,"Protests","Germany"
"7027",2021-06-04,"Protests","Germany"
"7028",2021-06-04,"Protests","Germany"
"7029",2021-06-04,"Protests","Germany"
"7030",2021-06-04,"Protests","Germany"
"7031",2021-06-04,"Protests","Germany"
"7032",2021-06-04,"Protests","Germany"
"7033",2021-06-04,"Protests","Germany"
"7034",2021-06-04,"Protests","Germany"
"7035",2021-06-05,"Protests","Germany"
"7036",2021-06-05,"Protests","Germany"
"7037",2021-06-05,"Protests","Germany"
"7038",2021-06-05,"Protests","Germany"
"7039",2021-06-05,"Protests","Germany"
"7040",2021-06-05,"Protests","Germany"
"7041",2021-06-05,"Protests","Germany"
"7042",2021-06-05,"Strategic developments","Germany"
"7043",2021-06-05,"Strategic developments","Germany"
"7044",2021-06-05,"Protests","Germany"
"7045",2021-06-05,"Protests","Germany"
"7046",2021-06-05,"Protests","Germany"
"7047",2021-06-05,"Protests","Germany"
"7048",2021-06-05,"Protests","Germany"
"7049",2021-06-05,"Protests","Germany"
"7050",2021-06-05,"Protests","Germany"
"7051",2021-06-05,"Protests","Germany"
"7052",2021-06-05,"Protests","Germany"
"7053",2021-06-05,"Protests","Germany"
"7054",2021-06-05,"Protests","Germany"
"7055",2021-06-05,"Protests","Germany"
"7056",2021-06-05,"Protests","Germany"
"7057",2021-06-05,"Protests","Germany"
"7058",2021-06-05,"Protests","Germany"
"7059",2021-06-05,"Protests","Germany"
"7060",2021-06-05,"Protests","Germany"
"7061",2021-06-05,"Protests","Germany"
"7062",2021-06-05,"Protests","Germany"
"7063",2021-06-05,"Protests","Germany"
"7064",2021-06-05,"Protests","Germany"
"7065",2021-06-05,"Protests","Germany"
"7066",2021-06-05,"Protests","Germany"
"7067",2021-06-05,"Protests","Germany"
"7068",2021-06-06,"Protests","Germany"
"7069",2021-06-06,"Protests","Germany"
"7070",2021-06-06,"Protests","Germany"
"7071",2021-06-06,"Protests","Germany"
"7072",2021-06-06,"Protests","Germany"
"7073",2021-06-06,"Protests","Germany"
"7074",2021-06-06,"Protests","Germany"
"7075",2021-06-06,"Protests","Germany"
"7076",2021-06-06,"Protests","Germany"
"7077",2021-06-06,"Protests","Germany"
"7078",2021-06-06,"Protests","Germany"
"7079",2021-06-06,"Protests","Germany"
"7080",2021-06-07,"Protests","Germany"
"7081",2021-06-07,"Protests","Germany"
"7082",2021-06-07,"Protests","Germany"
"7083",2021-06-07,"Protests","Germany"
"7084",2021-06-07,"Protests","Germany"
"7085",2021-06-07,"Protests","Germany"
"7086",2021-06-07,"Protests","Germany"
"7087",2021-06-07,"Protests","Germany"
"7088",2021-06-07,"Protests","Germany"
"7089",2021-06-07,"Protests","Germany"
"7090",2021-06-07,"Protests","Germany"
"7091",2021-06-07,"Protests","Germany"
"7092",2021-06-07,"Protests","Germany"
"7093",2021-06-07,"Protests","Germany"
"7094",2021-06-07,"Protests","Germany"
"7095",2021-06-07,"Protests","Germany"
"7096",2021-06-07,"Protests","Germany"
"7097",2021-06-07,"Protests","Germany"
"7098",2021-06-07,"Protests","Germany"
"7099",2021-06-07,"Protests","Germany"
"7100",2021-06-07,"Protests","Germany"
"7101",2021-06-07,"Protests","Germany"
"7102",2021-06-07,"Protests","Germany"
"7103",2021-06-07,"Protests","Germany"
"7104",2021-06-07,"Protests","Germany"
"7105",2021-06-07,"Protests","Germany"
"7106",2021-06-07,"Protests","Germany"
"7107",2021-06-07,"Protests","Germany"
"7108",2021-06-07,"Protests","Germany"
"7109",2021-06-08,"Protests","Germany"
"7110",2021-06-08,"Protests","Germany"
"7111",2021-06-08,"Protests","Germany"
"7112",2021-06-08,"Strategic developments","Germany"
"7113",2021-06-08,"Strategic developments","Germany"
"7114",2021-06-08,"Protests","Germany"
"7115",2021-06-08,"Protests","Germany"
"7116",2021-06-09,"Strategic developments","Germany"
"7117",2021-06-09,"Riots","Germany"
"7118",2021-06-09,"Riots","Germany"
"7119",2021-06-09,"Protests","Germany"
"7120",2021-06-09,"Protests","Germany"
"7121",2021-06-09,"Protests","Germany"
"7122",2021-06-09,"Protests","Germany"
"7123",2021-06-09,"Protests","Germany"
"7124",2021-06-09,"Protests","Germany"
"7125",2021-06-09,"Protests","Germany"
"7126",2021-06-09,"Protests","Germany"
"7127",2021-06-09,"Protests","Germany"
"7128",2021-06-09,"Protests","Germany"
"7129",2021-06-09,"Protests","Germany"
"7130",2021-06-09,"Protests","Germany"
"7131",2021-06-10,"Protests","Germany"
"7132",2021-06-10,"Protests","Germany"
"7133",2021-06-10,"Protests","Germany"
"7134",2021-06-10,"Protests","Germany"
"7135",2021-06-10,"Protests","Germany"
"7136",2021-06-11,"Protests","Germany"
"7137",2021-06-11,"Protests","Germany"
"7138",2021-06-11,"Protests","Germany"
"7139",2021-06-11,"Protests","Germany"
"7140",2021-06-11,"Protests","Germany"
"7141",2021-06-11,"Riots","Germany"
"7142",2021-06-11,"Strategic developments","Germany"
"7143",2021-06-11,"Protests","Germany"
"7144",2021-06-11,"Strategic developments","Germany"
"7145",2021-06-11,"Protests","Germany"
"7146",2021-06-11,"Protests","Germany"
"7147",2021-06-12,"Protests","Germany"
"7148",2021-06-12,"Protests","Germany"
"7149",2021-06-12,"Riots","Germany"
"7150",2021-06-12,"Strategic developments","Germany"
"7151",2021-06-12,"Strategic developments","Germany"
"7152",2021-06-12,"Protests","Germany"
"7153",2021-06-12,"Protests","Germany"
"7154",2021-06-12,"Protests","Germany"
"7155",2021-06-12,"Protests","Germany"
"7156",2021-06-12,"Protests","Germany"
"7157",2021-06-12,"Protests","Germany"
"7158",2021-06-12,"Protests","Germany"
"7159",2021-06-12,"Protests","Germany"
"7160",2021-06-12,"Protests","Germany"
"7161",2021-06-12,"Protests","Germany"
"7162",2021-06-12,"Violence against civilians","Germany"
"7163",2021-06-12,"Protests","Germany"
"7164",2021-06-12,"Protests","Germany"
"7165",2021-06-12,"Protests","Germany"
"7166",2021-06-12,"Protests","Germany"
"7167",2021-06-12,"Protests","Germany"
"7168",2021-06-12,"Protests","Germany"
"7169",2021-06-12,"Protests","Germany"
"7170",2021-06-12,"Protests","Germany"
"7171",2021-06-13,"Protests","Germany"
"7172",2021-06-13,"Protests","Germany"
"7173",2021-06-13,"Protests","Germany"
"7174",2021-06-13,"Protests","Germany"
"7175",2021-06-13,"Strategic developments","Germany"
"7176",2021-06-13,"Strategic developments","Germany"
"7177",2021-06-13,"Protests","Germany"
"7178",2021-06-13,"Protests","Germany"
"7179",2021-06-14,"Protests","Germany"
"7180",2021-06-14,"Protests","Germany"
"7181",2021-06-14,"Protests","Germany"
"7182",2021-06-14,"Protests","Germany"
"7183",2021-06-14,"Strategic developments","Germany"
"7184",2021-06-14,"Protests","Germany"
"7185",2021-06-14,"Protests","Germany"
"7186",2021-06-14,"Protests","Germany"
"7187",2021-06-14,"Protests","Germany"
"7188",2021-06-14,"Protests","Germany"
"7189",2021-06-14,"Protests","Germany"
"7190",2021-06-14,"Protests","Germany"
"7191",2021-06-14,"Protests","Germany"
"7192",2021-06-15,"Protests","Germany"
"7193",2021-06-15,"Protests","Germany"
"7194",2021-06-15,"Protests","Germany"
"7195",2021-06-15,"Protests","Germany"
"7196",2021-06-15,"Strategic developments","Germany"
"7197",2021-06-16,"Protests","Germany"
"7198",2021-06-16,"Protests","Germany"
"7199",2021-06-16,"Protests","Germany"
"7200",2021-06-16,"Protests","Germany"
"7201",2021-06-16,"Riots","Germany"
"7202",2021-06-16,"Strategic developments","Germany"
"7203",2021-06-16,"Strategic developments","Germany"
"7204",2021-06-16,"Protests","Germany"
"7205",2021-06-16,"Protests","Germany"
"7206",2021-06-16,"Protests","Germany"
"7207",2021-06-16,"Protests","Germany"
"7208",2021-06-16,"Protests","Germany"
"7209",2021-06-16,"Protests","Germany"
"7210",2021-06-16,"Protests","Germany"
"7211",2021-06-16,"Protests","Germany"
"7212",2021-06-16,"Protests","Germany"
"7213",2021-06-16,"Protests","Germany"
"7214",2021-06-16,"Protests","Germany"
"7215",2021-06-16,"Protests","Germany"
"7216",2021-06-16,"Protests","Germany"
"7217",2021-06-16,"Protests","Germany"
"7218",2021-06-16,"Protests","Germany"
"7219",2021-06-16,"Protests","Germany"
"7220",2021-06-16,"Protests","Germany"
"7221",2021-06-16,"Protests","Germany"
"7222",2021-06-16,"Protests","Germany"
"7223",2021-06-16,"Protests","Germany"
"7224",2021-06-16,"Protests","Germany"
"7225",2021-06-16,"Protests","Germany"
"7226",2021-06-17,"Protests","Germany"
"7227",2021-06-17,"Protests","Germany"
"7228",2021-06-17,"Riots","Germany"
"7229",2021-06-17,"Strategic developments","Germany"
"7230",2021-06-17,"Protests","Germany"
"7231",2021-06-17,"Protests","Germany"
"7232",2021-06-17,"Strategic developments","Germany"
"7233",2021-06-18,"Protests","Germany"
"7234",2021-06-18,"Protests","Germany"
"7235",2021-06-18,"Protests","Germany"
"7236",2021-06-18,"Protests","Germany"
"7237",2021-06-18,"Protests","Germany"
"7238",2021-06-18,"Protests","Germany"
"7239",2021-06-18,"Protests","Germany"
"7240",2021-06-18,"Protests","Germany"
"7241",2021-06-18,"Protests","Germany"
"7242",2021-06-18,"Protests","Germany"
"7243",2021-06-18,"Protests","Germany"
"7244",2021-06-18,"Protests","Germany"
"7245",2021-06-18,"Protests","Germany"
"7246",2021-06-18,"Protests","Germany"
"7247",2021-06-18,"Protests","Germany"
"7248",2021-06-18,"Protests","Germany"
"7249",2021-06-18,"Protests","Germany"
"7250",2021-06-18,"Violence against civilians","Germany"
"7251",2021-06-19,"Protests","Germany"
"7252",2021-06-19,"Protests","Germany"
"7253",2021-06-19,"Protests","Germany"
"7254",2021-06-19,"Protests","Germany"
"7255",2021-06-19,"Riots","Germany"
"7256",2021-06-19,"Protests","Germany"
"7257",2021-06-19,"Protests","Germany"
"7258",2021-06-19,"Protests","Germany"
"7259",2021-06-19,"Protests","Germany"
"7260",2021-06-19,"Protests","Germany"
"7261",2021-06-19,"Protests","Germany"
"7262",2021-06-19,"Protests","Germany"
"7263",2021-06-19,"Protests","Germany"
"7264",2021-06-19,"Protests","Germany"
"7265",2021-06-19,"Protests","Germany"
"7266",2021-06-19,"Protests","Germany"
"7267",2021-06-19,"Protests","Germany"
"7268",2021-06-19,"Protests","Germany"
"7269",2021-06-19,"Protests","Germany"
"7270",2021-06-19,"Protests","Germany"
"7271",2021-06-19,"Protests","Germany"
"7272",2021-06-19,"Protests","Germany"
"7273",2021-06-19,"Protests","Germany"
"7274",2021-06-19,"Protests","Germany"
"7275",2021-06-19,"Protests","Germany"
"7276",2021-06-20,"Protests","Germany"
"7277",2021-06-20,"Protests","Germany"
"7278",2021-06-20,"Protests","Germany"
"7279",2021-06-20,"Protests","Germany"
"7280",2021-06-20,"Protests","Germany"
"7281",2021-06-20,"Protests","Germany"
"7282",2021-06-20,"Protests","Germany"
"7283",2021-06-20,"Protests","Germany"
"7284",2021-06-20,"Protests","Germany"
"7285",2021-06-20,"Protests","Germany"
"7286",2021-06-20,"Protests","Germany"
"7287",2021-06-20,"Protests","Germany"
"7288",2021-06-21,"Protests","Germany"
"7289",2021-06-21,"Protests","Germany"
"7290",2021-06-21,"Protests","Germany"
"7291",2021-06-21,"Protests","Germany"
"7292",2021-06-21,"Protests","Germany"
"7293",2021-06-21,"Protests","Germany"
"7294",2021-06-21,"Protests","Germany"
"7295",2021-06-21,"Protests","Germany"
"7296",2021-06-21,"Protests","Germany"
"7297",2021-06-21,"Protests","Germany"
"7298",2021-06-21,"Protests","Germany"
"7299",2021-06-21,"Protests","Germany"
"7300",2021-06-21,"Riots","Germany"
"7301",2021-06-21,"Strategic developments","Germany"
"7302",2021-06-21,"Protests","Germany"
"7303",2021-06-21,"Protests","Germany"
"7304",2021-06-22,"Protests","Germany"
"7305",2021-06-22,"Protests","Germany"
"7306",2021-06-22,"Protests","Germany"
"7307",2021-06-22,"Protests","Germany"
"7308",2021-06-22,"Protests","Germany"
"7309",2021-06-22,"Protests","Germany"
"7310",2021-06-22,"Protests","Germany"
"7311",2021-06-22,"Protests","Germany"
"7312",2021-06-23,"Protests","Germany"
"7313",2021-06-23,"Protests","Germany"
"7314",2021-06-23,"Protests","Germany"
"7315",2021-06-23,"Protests","Germany"
"7316",2021-06-23,"Protests","Germany"
"7317",2021-06-23,"Protests","Germany"
"7318",2021-06-23,"Protests","Germany"
"7319",2021-06-23,"Protests","Germany"
"7320",2021-06-23,"Protests","Germany"
"7321",2021-06-24,"Protests","Germany"
"7322",2021-06-24,"Protests","Germany"
"7323",2021-06-24,"Protests","Germany"
"7324",2021-06-24,"Protests","Germany"
"7325",2021-06-24,"Protests","Germany"
"7326",2021-06-24,"Protests","Germany"
"7327",2021-06-25,"Protests","Germany"
"7328",2021-06-25,"Violence against civilians","Germany"
"7329",2021-06-25,"Protests","Germany"
"7330",2021-06-25,"Protests","Germany"
"7331",2021-06-25,"Protests","Germany"
"7332",2021-06-25,"Protests","Germany"
"7333",2021-06-25,"Protests","Germany"
"7334",2021-06-25,"Protests","Germany"
"7335",2021-06-25,"Protests","Germany"
"7336",2021-06-25,"Protests","Germany"
"7337",2021-06-25,"Protests","Germany"
"7338",2021-06-25,"Protests","Germany"
"7339",2021-06-25,"Protests","Germany"
"7340",2021-06-25,"Protests","Germany"
"7341",2021-06-25,"Protests","Germany"
"7342",2021-06-25,"Protests","Germany"
"7343",2021-06-25,"Protests","Germany"
"7344",2021-06-25,"Protests","Germany"
"7345",2021-06-25,"Protests","Germany"
"7346",2021-06-25,"Protests","Germany"
"7347",2021-06-25,"Protests","Germany"
"7348",2021-06-25,"Protests","Germany"
"7349",2021-06-25,"Protests","Germany"
"7350",2021-06-26,"Protests","Germany"
"7351",2021-06-26,"Protests","Germany"
"7352",2021-06-26,"Protests","Germany"
"7353",2021-06-26,"Protests","Germany"
"7354",2021-06-26,"Protests","Germany"
"7355",2021-06-26,"Protests","Germany"
"7356",2021-06-26,"Protests","Germany"
"7357",2021-06-26,"Protests","Germany"
"7358",2021-06-26,"Protests","Germany"
"7359",2021-06-26,"Protests","Germany"
"7360",2021-06-26,"Protests","Germany"
"7361",2021-06-26,"Riots","Germany"
"7362",2021-06-26,"Protests","Germany"
"7363",2021-06-26,"Protests","Germany"
"7364",2021-06-26,"Protests","Germany"
"7365",2021-06-26,"Protests","Germany"
"7366",2021-06-26,"Protests","Germany"
"7367",2021-06-26,"Protests","Germany"
"7368",2021-06-27,"Protests","Germany"
"7369",2021-06-27,"Protests","Germany"
"7370",2021-06-27,"Protests","Germany"
"7371",2021-06-27,"Protests","Germany"
"7372",2021-06-28,"Protests","Germany"
"7373",2021-06-28,"Protests","Germany"
"7374",2021-06-28,"Protests","Germany"
"7375",2021-06-28,"Protests","Germany"
"7376",2021-06-28,"Protests","Germany"
"7377",2021-06-28,"Protests","Germany"
"7378",2021-06-28,"Protests","Germany"
"7379",2021-06-28,"Protests","Germany"
"7380",2021-06-28,"Protests","Germany"
"7381",2021-06-28,"Protests","Germany"
"7382",2021-06-28,"Protests","Germany"
"7383",2021-06-28,"Protests","Germany"
"7384",2021-06-28,"Protests","Germany"
"7385",2021-06-28,"Protests","Germany"
"7386",2021-06-28,"Protests","Germany"
"7387",2021-06-28,"Protests","Germany"
"7388",2021-06-28,"Protests","Germany"
"7389",2021-06-29,"Protests","Germany"
"7390",2021-06-29,"Protests","Germany"
"7391",2021-06-29,"Protests","Germany"
"7392",2021-06-29,"Protests","Germany"
"7393",2021-06-30,"Strategic developments","Germany"
"7394",2021-06-30,"Protests","Germany"
"7395",2021-06-30,"Protests","Germany"
"7396",2021-06-30,"Protests","Germany"
"7397",2021-06-30,"Protests","Germany"
"7398",2021-06-30,"Protests","Germany"
"7399",2021-06-30,"Protests","Germany"
"7400",2021-07-01,"Protests","Germany"
"7401",2021-07-01,"Protests","Germany"
"7402",2021-07-01,"Protests","Germany"
"7403",2021-07-01,"Protests","Germany"
"7404",2021-07-01,"Protests","Germany"
"7405",2021-07-01,"Protests","Germany"
"7406",2021-07-01,"Protests","Germany"
"7407",2021-07-01,"Protests","Germany"
"7408",2021-07-02,"Protests","Germany"
"7409",2021-07-02,"Protests","Germany"
"7410",2021-07-02,"Protests","Germany"
"7411",2021-07-02,"Protests","Germany"
"7412",2021-07-02,"Protests","Germany"
"7413",2021-07-02,"Protests","Germany"
"7414",2021-07-02,"Protests","Germany"
"7415",2021-07-02,"Protests","Germany"
"7416",2021-07-02,"Protests","Germany"
"7417",2021-07-02,"Protests","Germany"
"7418",2021-07-02,"Protests","Germany"
"7419",2021-07-02,"Protests","Germany"
"7420",2021-07-03,"Protests","Germany"
"7421",2021-07-03,"Protests","Germany"
"7422",2021-07-03,"Protests","Germany"
"7423",2021-07-03,"Protests","Germany"
"7424",2021-07-03,"Protests","Germany"
"7425",2021-07-03,"Protests","Germany"
"7426",2021-07-03,"Protests","Germany"
"7427",2021-07-03,"Protests","Germany"
"7428",2021-07-03,"Protests","Germany"
"7429",2021-07-03,"Protests","Germany"
"7430",2021-07-03,"Protests","Germany"
"7431",2021-07-03,"Protests","Germany"
"7432",2021-07-03,"Protests","Germany"
"7433",2021-07-03,"Protests","Germany"
"7434",2021-07-03,"Protests","Germany"
"7435",2021-07-03,"Protests","Germany"
"7436",2021-07-03,"Protests","Germany"
"7437",2021-07-04,"Protests","Germany"
"7438",2021-07-04,"Protests","Germany"
"7439",2021-07-04,"Strategic developments","Germany"
"7440",2021-07-04,"Protests","Germany"
"7441",2021-07-04,"Protests","Germany"
"7442",2021-07-04,"Protests","Germany"
"7443",2021-07-04,"Protests","Germany"
"7444",2021-07-04,"Protests","Germany"
"7445",2021-07-04,"Protests","Germany"
"7446",2021-07-05,"Riots","Germany"
"7447",2021-07-05,"Riots","Germany"
"7448",2021-07-05,"Protests","Germany"
"7449",2021-07-05,"Protests","Germany"
"7450",2021-07-05,"Protests","Germany"
"7451",2021-07-05,"Protests","Germany"
"7452",2021-07-05,"Protests","Germany"
"7453",2021-07-05,"Protests","Germany"
"7454",2021-07-05,"Strategic developments","Germany"
"7455",2021-07-05,"Protests","Germany"
"7456",2021-07-05,"Protests","Germany"
"7457",2021-07-05,"Protests","Germany"
"7458",2021-07-06,"Strategic developments","Germany"
"7459",2021-07-06,"Protests","Germany"
"7460",2021-07-06,"Protests","Germany"
"7461",2021-07-06,"Protests","Germany"
"7462",2021-07-06,"Protests","Germany"
"7463",2021-07-07,"Riots","Germany"
"7464",2021-07-07,"Protests","Germany"
"7465",2021-07-07,"Protests","Germany"
"7466",2021-07-07,"Protests","Germany"
"7467",2021-07-07,"Protests","Germany"
"7468",2021-07-08,"Protests","Germany"
"7469",2021-07-08,"Protests","Germany"
"7470",2021-07-08,"Strategic developments","Germany"
"7471",2021-07-08,"Protests","Germany"
"7472",2021-07-08,"Protests","Germany"
"7473",2021-07-08,"Protests","Germany"
"7474",2021-07-08,"Protests","Germany"
"7475",2021-07-09,"Protests","Germany"
"7476",2021-07-09,"Protests","Germany"
"7477",2021-07-09,"Protests","Germany"
"7478",2021-07-09,"Protests","Germany"
"7479",2021-07-09,"Protests","Germany"
"7480",2021-07-09,"Protests","Germany"
"7481",2021-07-09,"Protests","Germany"
"7482",2021-07-09,"Protests","Germany"
"7483",2021-07-09,"Protests","Germany"
"7484",2021-07-09,"Protests","Germany"
"7485",2021-07-09,"Protests","Germany"
"7486",2021-07-09,"Protests","Germany"
"7487",2021-07-09,"Protests","Germany"
"7488",2021-07-09,"Protests","Germany"
"7489",2021-07-09,"Protests","Germany"
"7490",2021-07-09,"Protests","Germany"
"7491",2021-07-09,"Protests","Germany"
"7492",2021-07-10,"Protests","Germany"
"7493",2021-07-10,"Protests","Germany"
"7494",2021-07-10,"Protests","Germany"
"7495",2021-07-10,"Protests","Germany"
"7496",2021-07-10,"Protests","Germany"
"7497",2021-07-10,"Riots","Germany"
"7498",2021-07-10,"Riots","Germany"
"7499",2021-07-10,"Protests","Germany"
"7500",2021-07-10,"Protests","Germany"
"7501",2021-07-10,"Protests","Germany"
"7502",2021-07-10,"Protests","Germany"
"7503",2021-07-10,"Protests","Germany"
"7504",2021-07-10,"Protests","Germany"
"7505",2021-07-10,"Protests","Germany"
"7506",2021-07-10,"Protests","Germany"
"7507",2021-07-10,"Protests","Germany"
"7508",2021-07-10,"Protests","Germany"
"7509",2021-07-10,"Protests","Germany"
"7510",2021-07-10,"Protests","Germany"
"7511",2021-07-10,"Protests","Germany"
"7512",2021-07-10,"Protests","Germany"
"7513",2021-07-10,"Protests","Germany"
"7514",2021-07-11,"Protests","Germany"
"7515",2021-07-11,"Protests","Germany"
"7516",2021-07-11,"Protests","Germany"
"7517",2021-07-11,"Protests","Germany"
"7518",2021-07-11,"Protests","Germany"
"7519",2021-07-11,"Protests","Germany"
"7520",2021-07-11,"Protests","Germany"
"7521",2021-07-11,"Protests","Germany"
"7522",2021-07-11,"Protests","Germany"
"7523",2021-07-11,"Protests","Germany"
"7524",2021-07-11,"Protests","Germany"
"7525",2021-07-12,"Protests","Germany"
"7526",2021-07-12,"Strategic developments","Germany"
"7527",2021-07-12,"Protests","Germany"
"7528",2021-07-12,"Protests","Germany"
"7529",2021-07-12,"Protests","Germany"
"7530",2021-07-12,"Protests","Germany"
"7531",2021-07-12,"Protests","Germany"
"7532",2021-07-12,"Protests","Germany"
"7533",2021-07-12,"Protests","Germany"
"7534",2021-07-12,"Protests","Germany"
"7535",2021-07-12,"Protests","Germany"
"7536",2021-07-12,"Protests","Germany"
"7537",2021-07-12,"Protests","Germany"
"7538",2021-07-12,"Protests","Germany"
"7539",2021-07-13,"Strategic developments","Germany"
"7540",2021-07-13,"Protests","Germany"
"7541",2021-07-13,"Protests","Germany"
"7542",2021-07-13,"Protests","Germany"
"7543",2021-07-13,"Protests","Germany"
"7544",2021-07-13,"Protests","Germany"
"7545",2021-07-14,"Protests","Germany"
"7546",2021-07-14,"Protests","Germany"
"7547",2021-07-14,"Protests","Germany"
"7548",2021-07-15,"Protests","Germany"
"7549",2021-07-15,"Protests","Germany"
"7550",2021-07-15,"Protests","Germany"
"7551",2021-07-15,"Protests","Germany"
"7552",2021-07-16,"Protests","Germany"
"7553",2021-07-16,"Protests","Germany"
"7554",2021-07-16,"Protests","Germany"
"7555",2021-07-16,"Protests","Germany"
"7556",2021-07-16,"Protests","Germany"
"7557",2021-07-16,"Protests","Germany"
"7558",2021-07-16,"Protests","Germany"
"7559",2021-07-16,"Protests","Germany"
"7560",2021-07-16,"Protests","Germany"
"7561",2021-07-17,"Protests","Germany"
"7562",2021-07-17,"Protests","Germany"
"7563",2021-07-17,"Protests","Germany"
"7564",2021-07-17,"Protests","Germany"
"7565",2021-07-17,"Protests","Germany"
"7566",2021-07-17,"Protests","Germany"
"7567",2021-07-17,"Protests","Germany"
"7568",2021-07-17,"Protests","Germany"
"7569",2021-07-17,"Protests","Germany"
"7570",2021-07-17,"Protests","Germany"
"7571",2021-07-17,"Protests","Germany"
"7572",2021-07-17,"Protests","Germany"
"7573",2021-07-17,"Protests","Germany"
"7574",2021-07-17,"Protests","Germany"
"7575",2021-07-17,"Protests","Germany"
"7576",2021-07-17,"Protests","Germany"
"7577",2021-07-18,"Protests","Germany"
"7578",2021-07-18,"Protests","Germany"
"7579",2021-07-18,"Protests","Germany"
"7580",2021-07-18,"Protests","Germany"
"7581",2021-07-19,"Protests","Germany"
"7582",2021-07-19,"Protests","Germany"
"7583",2021-07-19,"Protests","Germany"
"7584",2021-07-19,"Protests","Germany"
"7585",2021-07-19,"Protests","Germany"
"7586",2021-07-19,"Protests","Germany"
"7587",2021-07-19,"Protests","Germany"
"7588",2021-07-20,"Protests","Germany"
"7589",2021-07-20,"Protests","Germany"
"7590",2021-07-20,"Protests","Germany"
"7591",2021-07-20,"Protests","Germany"
"7592",2021-07-21,"Riots","Germany"
"7593",2021-07-21,"Protests","Germany"
"7594",2021-07-21,"Protests","Germany"
"7595",2021-07-21,"Riots","Germany"
"7596",2021-07-21,"Protests","Germany"
"7597",2021-07-22,"Protests","Germany"
"7598",2021-07-22,"Riots","Germany"
"7599",2021-07-22,"Protests","Germany"
"7600",2021-07-22,"Protests","Germany"
"7601",2021-07-22,"Protests","Germany"
"7602",2021-07-22,"Protests","Germany"
"7603",2021-07-22,"Protests","Germany"
"7604",2021-07-22,"Protests","Germany"
"7605",2021-07-22,"Protests","Germany"
"7606",2021-07-23,"Protests","Germany"
"7607",2021-07-23,"Protests","Germany"
"7608",2021-07-23,"Protests","Germany"
"7609",2021-07-23,"Protests","Germany"
"7610",2021-07-23,"Protests","Germany"
"7611",2021-07-23,"Protests","Germany"
"7612",2021-07-23,"Protests","Germany"
"7613",2021-07-23,"Protests","Germany"
"7614",2021-07-23,"Protests","Germany"
"7615",2021-07-23,"Protests","Germany"
"7616",2021-07-23,"Protests","Germany"
"7617",2021-07-23,"Protests","Germany"
"7618",2021-07-24,"Strategic developments","Germany"
"7619",2021-07-24,"Riots","Germany"
"7620",2021-07-24,"Riots","Germany"
"7621",2021-07-24,"Protests","Germany"
"7622",2021-07-24,"Protests","Germany"
"7623",2021-07-24,"Protests","Germany"
"7624",2021-07-24,"Protests","Germany"
"7625",2021-07-24,"Protests","Germany"
"7626",2021-07-24,"Protests","Germany"
"7627",2021-07-24,"Protests","Germany"
"7628",2021-07-24,"Riots","Germany"
"7629",2021-07-24,"Riots","Germany"
"7630",2021-07-24,"Riots","Germany"
"7631",2021-07-24,"Protests","Germany"
"7632",2021-07-24,"Protests","Germany"
"7633",2021-07-24,"Protests","Germany"
"7634",2021-07-25,"Strategic developments","Germany"
"7635",2021-07-25,"Strategic developments","Germany"
"7636",2021-07-25,"Protests","Germany"
"7637",2021-07-25,"Protests","Germany"
"7638",2021-07-25,"Protests","Germany"
"7639",2021-07-25,"Protests","Germany"
"7640",2021-07-25,"Protests","Germany"
"7641",2021-07-25,"Protests","Germany"
"7642",2021-07-25,"Protests","Germany"
"7643",2021-07-25,"Protests","Germany"
"7644",2021-07-25,"Protests","Germany"
"7645",2021-07-26,"Protests","Germany"
"7646",2021-07-26,"Protests","Germany"
"7647",2021-07-26,"Protests","Germany"
"7648",2021-07-26,"Protests","Germany"
"7649",2021-07-26,"Protests","Germany"
"7650",2021-07-26,"Riots","Germany"
"7651",2021-07-26,"Protests","Germany"
"7652",2021-07-26,"Protests","Germany"
"7653",2021-07-27,"Protests","Germany"
"7654",2021-07-27,"Protests","Germany"
"7655",2021-07-27,"Protests","Germany"
"7656",2021-07-27,"Protests","Germany"
"7657",2021-07-28,"Protests","Germany"
"7658",2021-07-28,"Protests","Germany"
"7659",2021-07-28,"Protests","Germany"
"7660",2021-07-28,"Protests","Germany"
"7661",2021-07-28,"Protests","Germany"
"7662",2021-07-28,"Strategic developments","Germany"
"7663",2021-07-28,"Protests","Germany"
"7664",2021-07-29,"Protests","Germany"
"7665",2021-07-29,"Protests","Germany"
"7666",2021-07-29,"Protests","Germany"
"7667",2021-07-30,"Strategic developments","Germany"
"7668",2021-07-30,"Protests","Germany"
"7669",2021-07-30,"Protests","Germany"
"7670",2021-07-30,"Riots","Germany"
"7671",2021-07-30,"Protests","Germany"
"7672",2021-07-30,"Protests","Germany"
"7673",2021-07-30,"Protests","Germany"
"7674",2021-07-30,"Protests","Germany"
"7675",2021-07-30,"Protests","Germany"
"7676",2021-07-30,"Protests","Germany"
"7677",2021-07-30,"Protests","Germany"
"7678",2021-07-31,"Protests","Germany"
"7679",2021-07-31,"Strategic developments","Germany"
"7680",2021-07-31,"Protests","Germany"
"7681",2021-07-31,"Protests","Germany"
"7682",2021-07-31,"Protests","Germany"
"7683",2021-07-31,"Protests","Germany"
"7684",2021-07-31,"Protests","Germany"
"7685",2021-07-31,"Protests","Germany"
"7686",2021-07-31,"Riots","Germany"
"7687",2021-07-31,"Protests","Germany"
"7688",2021-07-31,"Protests","Germany"
"7689",2021-08-01,"Protests","Germany"
"7690",2021-08-01,"Protests","Germany"
"7691",2021-08-01,"Protests","Germany"
"7692",2021-08-01,"Protests","Germany"
"7693",2021-08-01,"Protests","Germany"
"7694",2021-08-01,"Protests","Germany"
"7695",2021-08-01,"Protests","Germany"
"7696",2021-08-01,"Protests","Germany"
"7697",2021-08-01,"Riots","Germany"
"7698",2021-08-02,"Protests","Germany"
"7699",2021-08-02,"Protests","Germany"
"7700",2021-08-02,"Protests","Germany"
"7701",2021-08-02,"Protests","Germany"
"7702",2021-08-02,"Protests","Germany"
"7703",2021-08-02,"Protests","Germany"
"7704",2021-08-03,"Protests","Germany"
"7705",2021-08-03,"Strategic developments","Germany"
"7706",2021-08-03,"Strategic developments","Germany"
"7707",2021-08-03,"Strategic developments","Germany"
"7708",2021-08-03,"Strategic developments","Germany"
"7709",2021-08-03,"Protests","Germany"
"7710",2021-08-03,"Protests","Germany"
"7711",2021-08-03,"Protests","Germany"
"7712",2021-08-03,"Riots","Germany"
"7713",2021-08-04,"Strategic developments","Germany"
"7714",2021-08-04,"Protests","Germany"
"7715",2021-08-04,"Protests","Germany"
"7716",2021-08-04,"Strategic developments","Germany"
"7717",2021-08-05,"Protests","Germany"
"7718",2021-08-05,"Protests","Germany"
"7719",2021-08-06,"Protests","Germany"
"7720",2021-08-06,"Protests","Germany"
"7721",2021-08-06,"Protests","Germany"
"7722",2021-08-06,"Protests","Germany"
"7723",2021-08-06,"Protests","Germany"
"7724",2021-08-06,"Protests","Germany"
"7725",2021-08-06,"Protests","Germany"
"7726",2021-08-06,"Protests","Germany"
"7727",2021-08-06,"Protests","Germany"
"7728",2021-08-06,"Protests","Germany"
"7729",2021-08-06,"Protests","Germany"
"7730",2021-08-07,"Protests","Germany"
"7731",2021-08-07,"Protests","Germany"
"7732",2021-08-07,"Riots","Germany"
"7733",2021-08-07,"Strategic developments","Germany"
"7734",2021-08-07,"Protests","Germany"
"7735",2021-08-07,"Protests","Germany"
"7736",2021-08-07,"Protests","Germany"
"7737",2021-08-07,"Protests","Germany"
"7738",2021-08-07,"Protests","Germany"
"7739",2021-08-07,"Protests","Germany"
"7740",2021-08-07,"Protests","Germany"
"7741",2021-08-07,"Protests","Germany"
"7742",2021-08-07,"Protests","Germany"
"7743",2021-08-07,"Protests","Germany"
"7744",2021-08-07,"Riots","Germany"
"7745",2021-08-07,"Riots","Germany"
"7746",2021-08-07,"Riots","Germany"
"7747",2021-08-07,"Protests","Germany"
"7748",2021-08-07,"Protests","Germany"
"7749",2021-08-08,"Protests","Germany"
"7750",2021-08-08,"Strategic developments","Germany"
"7751",2021-08-08,"Protests","Germany"
"7752",2021-08-08,"Protests","Germany"
"7753",2021-08-08,"Protests","Germany"
"7754",2021-08-08,"Protests","Germany"
"7755",2021-08-08,"Protests","Germany"
"7756",2021-08-08,"Riots","Germany"
"7757",2021-08-09,"Protests","Germany"
"7758",2021-08-09,"Strategic developments","Germany"
"7759",2021-08-09,"Protests","Germany"
"7760",2021-08-09,"Protests","Germany"
"7761",2021-08-09,"Protests","Germany"
"7762",2021-08-09,"Protests","Germany"
"7763",2021-08-09,"Protests","Germany"
"7764",2021-08-09,"Protests","Germany"
"7765",2021-08-09,"Protests","Germany"
"7766",2021-08-09,"Protests","Germany"
"7767",2021-08-09,"Protests","Germany"
"7768",2021-08-09,"Protests","Germany"
"7769",2021-08-10,"Strategic developments","Germany"
"7770",2021-08-10,"Strategic developments","Germany"
"7771",2021-08-10,"Strategic developments","Germany"
"7772",2021-08-10,"Strategic developments","Germany"
"7773",2021-08-10,"Riots","Germany"
"7774",2021-08-10,"Protests","Germany"
"7775",2021-08-10,"Protests","Germany"
"7776",2021-08-11,"Protests","Germany"
"7777",2021-08-11,"Protests","Germany"
"7778",2021-08-12,"Protests","Germany"
"7779",2021-08-12,"Protests","Germany"
"7780",2021-08-12,"Protests","Germany"
"7781",2021-08-13,"Protests","Germany"
"7782",2021-08-13,"Protests","Germany"
"7783",2021-08-13,"Protests","Germany"
"7784",2021-08-13,"Protests","Germany"
"7785",2021-08-13,"Protests","Germany"
"7786",2021-08-13,"Protests","Germany"
"7787",2021-08-14,"Protests","Germany"
"7788",2021-08-14,"Protests","Germany"
"7789",2021-08-14,"Protests","Germany"
"7790",2021-08-14,"Protests","Germany"
"7791",2021-08-14,"Protests","Germany"
"7792",2021-08-14,"Protests","Germany"
"7793",2021-08-14,"Protests","Germany"
"7794",2021-08-14,"Protests","Germany"
"7795",2021-08-14,"Protests","Germany"
"7796",2021-08-14,"Protests","Germany"
"7797",2021-08-14,"Protests","Germany"
"7798",2021-08-14,"Riots","Germany"
"7799",2021-08-14,"Protests","Germany"
"7800",2021-08-14,"Protests","Germany"
"7801",2021-08-14,"Protests","Germany"
"7802",2021-08-14,"Protests","Germany"
"7803",2021-08-15,"Protests","Germany"
"7804",2021-08-15,"Protests","Germany"
"7805",2021-08-15,"Protests","Germany"
"7806",2021-08-15,"Protests","Germany"
"7807",2021-08-15,"Protests","Germany"
"7808",2021-08-15,"Riots","Germany"
"7809",2021-08-16,"Protests","Germany"
"7810",2021-08-16,"Protests","Germany"
"7811",2021-08-16,"Protests","Germany"
"7812",2021-08-16,"Protests","Germany"
"7813",2021-08-16,"Protests","Germany"
"7814",2021-08-16,"Protests","Germany"
"7815",2021-08-16,"Protests","Germany"
"7816",2021-08-16,"Protests","Germany"
"7817",2021-08-16,"Protests","Germany"
"7818",2021-08-16,"Protests","Germany"
"7819",2021-08-16,"Protests","Germany"
"7820",2021-08-17,"Protests","Germany"
"7821",2021-08-17,"Protests","Germany"
"7822",2021-08-17,"Protests","Germany"
"7823",2021-08-17,"Protests","Germany"
"7824",2021-08-17,"Protests","Germany"
"7825",2021-08-17,"Protests","Germany"
"7826",2021-08-17,"Protests","Germany"
"7827",2021-08-17,"Protests","Germany"
"7828",2021-08-17,"Protests","Germany"
"7829",2021-08-17,"Protests","Germany"
"7830",2021-08-17,"Protests","Germany"
"7831",2021-08-18,"Protests","Germany"
"7832",2021-08-18,"Protests","Germany"
"7833",2021-08-18,"Protests","Germany"
"7834",2021-08-18,"Protests","Germany"
"7835",2021-08-18,"Protests","Germany"
"7836",2021-08-18,"Protests","Germany"
"7837",2021-08-18,"Protests","Germany"
"7838",2021-08-18,"Protests","Germany"
"7839",2021-08-18,"Protests","Germany"
"7840",2021-08-18,"Protests","Germany"
"7841",2021-08-18,"Protests","Germany"
"7842",2021-08-18,"Protests","Germany"
"7843",2021-08-18,"Protests","Germany"
"7844",2021-08-18,"Protests","Germany"
"7845",2021-08-19,"Strategic developments","Germany"
"7846",2021-08-19,"Protests","Germany"
"7847",2021-08-19,"Protests","Germany"
"7848",2021-08-19,"Protests","Germany"
"7849",2021-08-19,"Protests","Germany"
"7850",2021-08-19,"Protests","Germany"
"7851",2021-08-19,"Protests","Germany"
"7852",2021-08-20,"Protests","Germany"
"7853",2021-08-20,"Protests","Germany"
"7854",2021-08-20,"Protests","Germany"
"7855",2021-08-20,"Protests","Germany"
"7856",2021-08-20,"Protests","Germany"
"7857",2021-08-20,"Riots","Germany"
"7858",2021-08-20,"Protests","Germany"
"7859",2021-08-20,"Protests","Germany"
"7860",2021-08-20,"Protests","Germany"
"7861",2021-08-20,"Protests","Germany"
"7862",2021-08-20,"Protests","Germany"
"7863",2021-08-20,"Protests","Germany"
"7864",2021-08-20,"Protests","Germany"
"7865",2021-08-20,"Protests","Germany"
"7866",2021-08-20,"Protests","Germany"
"7867",2021-08-21,"Strategic developments","Germany"
"7868",2021-08-21,"Strategic developments","Germany"
"7869",2021-08-21,"Protests","Germany"
"7870",2021-08-21,"Protests","Germany"
"7871",2021-08-21,"Protests","Germany"
"7872",2021-08-21,"Protests","Germany"
"7873",2021-08-21,"Protests","Germany"
"7874",2021-08-21,"Riots","Germany"
"7875",2021-08-21,"Protests","Germany"
"7876",2021-08-21,"Protests","Germany"
"7877",2021-08-21,"Protests","Germany"
"7878",2021-08-21,"Protests","Germany"
"7879",2021-08-21,"Protests","Germany"
"7880",2021-08-21,"Protests","Germany"
"7881",2021-08-21,"Protests","Germany"
"7882",2021-08-21,"Protests","Germany"
"7883",2021-08-21,"Protests","Germany"
"7884",2021-08-21,"Protests","Germany"
"7885",2021-08-21,"Protests","Germany"
"7886",2021-08-21,"Protests","Germany"
"7887",2021-08-21,"Protests","Germany"
"7888",2021-08-21,"Protests","Germany"
"7889",2021-08-21,"Protests","Germany"
"7890",2021-08-21,"Protests","Germany"
"7891",2021-08-21,"Protests","Germany"
"7892",2021-08-21,"Strategic developments","Germany"
"7893",2021-08-21,"Protests","Germany"
"7894",2021-08-22,"Protests","Germany"
"7895",2021-08-22,"Protests","Germany"
"7896",2021-08-22,"Protests","Germany"
"7897",2021-08-22,"Protests","Germany"
"7898",2021-08-22,"Protests","Germany"
"7899",2021-08-22,"Protests","Germany"
"7900",2021-08-22,"Protests","Germany"
"7901",2021-08-22,"Protests","Germany"
"7902",2021-08-22,"Protests","Germany"
"7903",2021-08-23,"Protests","Germany"
"7904",2021-08-23,"Protests","Germany"
"7905",2021-08-23,"Strategic developments","Germany"
"7906",2021-08-23,"Protests","Germany"
"7907",2021-08-23,"Protests","Germany"
"7908",2021-08-23,"Protests","Germany"
"7909",2021-08-23,"Protests","Germany"
"7910",2021-08-23,"Protests","Germany"
"7911",2021-08-23,"Protests","Germany"
"7912",2021-08-23,"Protests","Germany"
"7913",2021-08-23,"Protests","Germany"
"7914",2021-08-23,"Protests","Germany"
"7915",2021-08-23,"Protests","Germany"
"7916",2021-08-23,"Protests","Germany"
"7917",2021-08-23,"Protests","Germany"
"7918",2021-08-24,"Protests","Germany"
"7919",2021-08-24,"Protests","Germany"
"7920",2021-08-24,"Protests","Germany"
"7921",2021-08-24,"Protests","Germany"
"7922",2021-08-24,"Protests","Germany"
"7923",2021-08-24,"Protests","Germany"
"7924",2021-08-25,"Strategic developments","Germany"
"7925",2021-08-25,"Protests","Germany"
"7926",2021-08-26,"Protests","Germany"
"7927",2021-08-26,"Protests","Germany"
"7928",2021-08-26,"Protests","Germany"
"7929",2021-08-26,"Protests","Germany"
"7930",2021-08-27,"Protests","Germany"
"7931",2021-08-27,"Protests","Germany"
"7932",2021-08-27,"Protests","Germany"
"7933",2021-08-27,"Protests","Germany"
"7934",2021-08-27,"Protests","Germany"
"7935",2021-08-27,"Protests","Germany"
"7936",2021-08-28,"Protests","Germany"
"7937",2021-08-28,"Protests","Germany"
"7938",2021-08-28,"Protests","Germany"
"7939",2021-08-28,"Protests","Germany"
"7940",2021-08-28,"Protests","Germany"
"7941",2021-08-28,"Protests","Germany"
"7942",2021-08-28,"Protests","Germany"
"7943",2021-08-28,"Protests","Germany"
"7944",2021-08-28,"Protests","Germany"
"7945",2021-08-28,"Riots","Germany"
"7946",2021-08-28,"Protests","Germany"
"7947",2021-08-28,"Protests","Germany"
"7948",2021-08-28,"Protests","Germany"
"7949",2021-08-29,"Protests","Germany"
"7950",2021-08-29,"Protests","Germany"
"7951",2021-08-29,"Riots","Germany"
"7952",2021-08-29,"Protests","Germany"
"7953",2021-08-30,"Protests","Germany"
"7954",2021-08-30,"Protests","Germany"
"7955",2021-08-30,"Protests","Germany"
"7956",2021-08-30,"Protests","Germany"
"7957",2021-08-30,"Protests","Germany"
"7958",2021-08-30,"Protests","Germany"
"7959",2021-08-30,"Riots","Germany"
"7960",2021-08-30,"Protests","Germany"
"7961",2021-09-01,"Strategic developments","Germany"
"7962",2021-09-01,"Protests","Germany"
"7963",2021-09-01,"Protests","Germany"
"7964",2021-09-01,"Protests","Germany"
"7965",2021-09-01,"Protests","Germany"
"7966",2021-09-01,"Protests","Germany"
"7967",2021-09-01,"Protests","Germany"
"7968",2021-09-01,"Protests","Germany"
"7969",2021-09-01,"Protests","Germany"
"7970",2021-09-01,"Protests","Germany"
"7971",2021-09-01,"Protests","Germany"
"7972",2021-09-01,"Protests","Germany"
"7973",2021-09-01,"Protests","Germany"
"7974",2021-09-01,"Protests","Germany"
"7975",2021-09-01,"Protests","Germany"
"7976",2021-09-01,"Protests","Germany"
"7977",2021-09-01,"Protests","Germany"
"7978",2021-09-02,"Riots","Germany"
"7979",2021-09-02,"Protests","Germany"
"7980",2021-09-02,"Protests","Germany"
"7981",2021-09-02,"Protests","Germany"
"7982",2021-09-02,"Protests","Germany"
"7983",2021-09-02,"Protests","Germany"
"7984",2021-09-02,"Riots","Germany"
"7985",2021-09-02,"Protests","Germany"
"7986",2021-09-03,"Protests","Germany"
"7987",2021-09-03,"Protests","Germany"
"7988",2021-09-03,"Protests","Germany"
"7989",2021-09-04,"Protests","Germany"
"7990",2021-09-04,"Riots","Germany"
"7991",2021-09-04,"Protests","Germany"
"7992",2021-09-04,"Protests","Germany"
"7993",2021-09-04,"Protests","Germany"
"7994",2021-09-04,"Protests","Germany"
"7995",2021-09-04,"Protests","Germany"
"7996",2021-09-04,"Protests","Germany"
"7997",2021-09-04,"Protests","Germany"
"7998",2021-09-04,"Protests","Germany"
"7999",2021-09-05,"Protests","Germany"
"8000",2021-09-05,"Protests","Germany"
"8001",2021-09-05,"Riots","Germany"
"8002",2021-09-05,"Protests","Germany"
"8003",2021-09-06,"Protests","Germany"
"8004",2021-09-06,"Protests","Germany"
"8005",2021-09-07,"Protests","Germany"
"8006",2021-09-07,"Protests","Germany"
"8007",2021-09-07,"Protests","Germany"
"8008",2021-09-08,"Protests","Germany"
"8009",2021-09-08,"Protests","Germany"
"8010",2021-09-09,"Protests","Germany"
"8011",2021-09-09,"Protests","Germany"
"8012",2021-09-09,"Protests","Germany"
"8013",2021-09-09,"Protests","Germany"
"8014",2021-09-09,"Protests","Germany"
"8015",2021-09-10,"Protests","Germany"
"8016",2021-09-10,"Protests","Germany"
"8017",2021-09-10,"Riots","Germany"
"8018",2021-09-10,"Protests","Germany"
"8019",2021-09-10,"Protests","Germany"
"8020",2021-09-10,"Protests","Germany"
"8021",2021-09-10,"Protests","Germany"
"8022",2021-09-10,"Protests","Germany"
"8023",2021-09-10,"Protests","Germany"
"8024",2021-09-10,"Protests","Germany"
"8025",2021-09-10,"Protests","Germany"
"8026",2021-09-10,"Protests","Germany"
"8027",2021-09-10,"Protests","Germany"
"8028",2021-09-11,"Protests","Germany"
"8029",2021-09-11,"Protests","Germany"
"8030",2021-09-11,"Protests","Germany"
"8031",2021-09-11,"Protests","Germany"
"8032",2021-09-11,"Riots","Germany"
"8033",2021-09-11,"Riots","Germany"
"8034",2021-09-11,"Riots","Germany"
"8035",2021-09-11,"Protests","Germany"
"8036",2021-09-11,"Protests","Germany"
"8037",2021-09-11,"Protests","Germany"
"8038",2021-09-11,"Protests","Germany"
"8039",2021-09-11,"Protests","Germany"
"8040",2021-09-11,"Protests","Germany"
"8041",2021-09-11,"Protests","Germany"
"8042",2021-09-11,"Protests","Germany"
"8043",2021-09-11,"Protests","Germany"
"8044",2021-09-12,"Protests","Germany"
"8045",2021-09-12,"Protests","Germany"
"8046",2021-09-12,"Protests","Germany"
"8047",2021-09-12,"Protests","Germany"
"8048",2021-09-13,"Protests","Germany"
"8049",2021-09-13,"Protests","Germany"
"8050",2021-09-13,"Protests","Germany"
"8051",2021-09-13,"Protests","Germany"
"8052",2021-09-13,"Protests","Germany"
"8053",2021-09-13,"Riots","Germany"
"8054",2021-09-14,"Protests","Germany"
"8055",2021-09-14,"Protests","Germany"
"8056",2021-09-14,"Protests","Germany"
"8057",2021-09-14,"Protests","Germany"
"8058",2021-09-14,"Protests","Germany"
"8059",2021-09-14,"Protests","Germany"
"8060",2021-09-14,"Protests","Germany"
"8061",2021-09-14,"Protests","Germany"
"8062",2021-09-15,"Protests","Germany"
"8063",2021-09-15,"Protests","Germany"
"8064",2021-09-15,"Protests","Germany"
"8065",2021-09-15,"Protests","Germany"
"8066",2021-09-15,"Riots","Germany"
"8067",2021-09-15,"Protests","Germany"
"8068",2021-09-16,"Protests","Germany"
"8069",2021-09-16,"Protests","Germany"
"8070",2021-09-16,"Protests","Germany"
"8071",2021-09-16,"Protests","Germany"
"8072",2021-09-16,"Protests","Germany"
"8073",2021-09-16,"Riots","Germany"
"8074",2021-09-16,"Protests","Germany"
"8075",2021-09-16,"Strategic developments","Germany"
"8076",2021-09-17,"Protests","Germany"
"8077",2021-09-17,"Protests","Germany"
"8078",2021-09-17,"Protests","Germany"
"8079",2021-09-17,"Protests","Germany"
"8080",2021-09-17,"Protests","Germany"
"8081",2021-09-17,"Protests","Germany"
"8082",2021-09-17,"Protests","Germany"
"8083",2021-09-17,"Protests","Germany"
"8084",2021-09-17,"Protests","Germany"
"8085",2021-09-17,"Protests","Germany"
"8086",2021-09-17,"Protests","Germany"
"8087",2021-09-17,"Protests","Germany"
"8088",2021-09-17,"Protests","Germany"
"8089",2021-09-18,"Protests","Germany"
"8090",2021-09-18,"Protests","Germany"
"8091",2021-09-18,"Riots","Germany"
"8092",2021-09-18,"Protests","Germany"
"8093",2021-09-18,"Protests","Germany"
"8094",2021-09-18,"Violence against civilians","Germany"
"8095",2021-09-18,"Protests","Germany"
"8096",2021-09-18,"Protests","Germany"
"8097",2021-09-18,"Protests","Germany"
"8098",2021-09-18,"Protests","Germany"
"8099",2021-09-18,"Protests","Germany"
"8100",2021-09-18,"Protests","Germany"
"8101",2021-09-18,"Protests","Germany"
"8102",2021-09-18,"Protests","Germany"
"8103",2021-09-18,"Protests","Germany"
"8104",2021-09-18,"Protests","Germany"
"8105",2021-09-18,"Protests","Germany"
"8106",2021-09-18,"Protests","Germany"
"8107",2021-09-18,"Protests","Germany"
"8108",2021-09-18,"Protests","Germany"
"8109",2021-09-18,"Protests","Germany"
"8110",2021-09-18,"Protests","Germany"
"8111",2021-09-18,"Protests","Germany"
"8112",2021-09-19,"Protests","Germany"
"8113",2021-09-19,"Protests","Germany"
"8114",2021-09-19,"Protests","Germany"
"8115",2021-09-19,"Protests","Germany"
"8116",2021-09-19,"Protests","Germany"
"8117",2021-09-19,"Protests","Germany"
"8118",2021-09-19,"Protests","Germany"
"8119",2021-09-19,"Protests","Germany"
"8120",2021-09-19,"Protests","Germany"
"8121",2021-09-19,"Protests","Germany"
"8122",2021-09-19,"Protests","Germany"
"8123",2021-09-20,"Protests","Germany"
"8124",2021-09-20,"Protests","Germany"
"8125",2021-09-20,"Protests","Germany"
"8126",2021-09-20,"Protests","Germany"
"8127",2021-09-20,"Protests","Germany"
"8128",2021-09-20,"Protests","Germany"
"8129",2021-09-21,"Protests","Germany"
"8130",2021-09-21,"Protests","Germany"
"8131",2021-09-21,"Protests","Germany"
"8132",2021-09-21,"Protests","Germany"
"8133",2021-09-21,"Protests","Germany"
"8134",2021-09-21,"Protests","Germany"
"8135",2021-09-22,"Protests","Germany"
"8136",2021-09-22,"Protests","Germany"
"8137",2021-09-22,"Protests","Germany"
"8138",2021-09-22,"Protests","Germany"
"8139",2021-09-22,"Protests","Germany"
"8140",2021-09-22,"Protests","Germany"
"8141",2021-09-22,"Protests","Germany"
"8142",2021-09-22,"Protests","Germany"
"8143",2021-09-22,"Protests","Germany"
"8144",2021-09-23,"Protests","Germany"
"8145",2021-09-23,"Protests","Germany"
"8146",2021-09-23,"Protests","Germany"
"8147",2021-09-23,"Protests","Germany"
"8148",2021-09-23,"Protests","Germany"
"8149",2021-09-24,"Protests","Germany"
"8150",2021-09-24,"Protests","Germany"
"8151",2021-09-24,"Protests","Germany"
"8152",2021-09-24,"Protests","Germany"
"8153",2021-09-24,"Protests","Germany"
"8154",2021-09-24,"Protests","Germany"
"8155",2021-09-24,"Protests","Germany"
"8156",2021-09-24,"Protests","Germany"
"8157",2021-09-24,"Protests","Germany"
"8158",2021-09-24,"Protests","Germany"
"8159",2021-09-24,"Protests","Germany"
"8160",2021-09-24,"Protests","Germany"
"8161",2021-09-24,"Protests","Germany"
"8162",2021-09-24,"Protests","Germany"
"8163",2021-09-24,"Protests","Germany"
"8164",2021-09-24,"Protests","Germany"
"8165",2021-09-24,"Protests","Germany"
"8166",2021-09-24,"Protests","Germany"
"8167",2021-09-24,"Protests","Germany"
"8168",2021-09-24,"Protests","Germany"
"8169",2021-09-24,"Protests","Germany"
"8170",2021-09-24,"Protests","Germany"
"8171",2021-09-24,"Protests","Germany"
"8172",2021-09-24,"Protests","Germany"
"8173",2021-09-24,"Protests","Germany"
"8174",2021-09-24,"Protests","Germany"
"8175",2021-09-24,"Protests","Germany"
"8176",2021-09-24,"Protests","Germany"
"8177",2021-09-24,"Protests","Germany"
"8178",2021-09-24,"Protests","Germany"
"8179",2021-09-24,"Protests","Germany"
"8180",2021-09-24,"Protests","Germany"
"8181",2021-09-24,"Protests","Germany"
"8182",2021-09-24,"Protests","Germany"
"8183",2021-09-24,"Protests","Germany"
"8184",2021-09-24,"Protests","Germany"
"8185",2021-09-24,"Protests","Germany"
"8186",2021-09-24,"Protests","Germany"
"8187",2021-09-24,"Protests","Germany"
"8188",2021-09-24,"Protests","Germany"
"8189",2021-09-24,"Protests","Germany"
"8190",2021-09-24,"Protests","Germany"
"8191",2021-09-24,"Protests","Germany"
"8192",2021-09-24,"Protests","Germany"
"8193",2021-09-24,"Protests","Germany"
"8194",2021-09-24,"Protests","Germany"
"8195",2021-09-24,"Protests","Germany"
"8196",2021-09-24,"Protests","Germany"
"8197",2021-09-24,"Protests","Germany"
"8198",2021-09-24,"Protests","Germany"
"8199",2021-09-24,"Protests","Germany"
"8200",2021-09-24,"Protests","Germany"
"8201",2021-09-24,"Protests","Germany"
"8202",2021-09-24,"Protests","Germany"
"8203",2021-09-24,"Protests","Germany"
"8204",2021-09-24,"Protests","Germany"
"8205",2021-09-24,"Protests","Germany"
"8206",2021-09-24,"Protests","Germany"
"8207",2021-09-24,"Protests","Germany"
"8208",2021-09-24,"Protests","Germany"
"8209",2021-09-24,"Protests","Germany"
"8210",2021-09-24,"Protests","Germany"
"8211",2021-09-24,"Protests","Germany"
"8212",2021-09-24,"Protests","Germany"
"8213",2021-09-24,"Protests","Germany"
"8214",2021-09-24,"Protests","Germany"
"8215",2021-09-24,"Protests","Germany"
"8216",2021-09-24,"Protests","Germany"
"8217",2021-09-24,"Protests","Germany"
"8218",2021-09-24,"Protests","Germany"
"8219",2021-09-24,"Protests","Germany"
"8220",2021-09-24,"Protests","Germany"
"8221",2021-09-24,"Protests","Germany"
"8222",2021-09-24,"Protests","Germany"
"8223",2021-09-24,"Protests","Germany"
"8224",2021-09-24,"Protests","Germany"
"8225",2021-09-24,"Protests","Germany"
"8226",2021-09-24,"Protests","Germany"
"8227",2021-09-24,"Protests","Germany"
"8228",2021-09-24,"Protests","Germany"
"8229",2021-09-24,"Protests","Germany"
"8230",2021-09-24,"Protests","Germany"
"8231",2021-09-24,"Protests","Germany"
"8232",2021-09-24,"Protests","Germany"
"8233",2021-09-24,"Protests","Germany"
"8234",2021-09-24,"Protests","Germany"
"8235",2021-09-24,"Protests","Germany"
"8236",2021-09-24,"Protests","Germany"
"8237",2021-09-24,"Protests","Germany"
"8238",2021-09-24,"Protests","Germany"
"8239",2021-09-24,"Protests","Germany"
"8240",2021-09-24,"Protests","Germany"
"8241",2021-09-24,"Protests","Germany"
"8242",2021-09-24,"Protests","Germany"
"8243",2021-09-24,"Protests","Germany"
"8244",2021-09-24,"Protests","Germany"
"8245",2021-09-24,"Protests","Germany"
"8246",2021-09-24,"Protests","Germany"
"8247",2021-09-24,"Protests","Germany"
"8248",2021-09-24,"Protests","Germany"
"8249",2021-09-24,"Protests","Germany"
"8250",2021-09-24,"Protests","Germany"
"8251",2021-09-24,"Protests","Germany"
"8252",2021-09-24,"Protests","Germany"
"8253",2021-09-24,"Protests","Germany"
"8254",2021-09-24,"Protests","Germany"
"8255",2021-09-24,"Protests","Germany"
"8256",2021-09-24,"Protests","Germany"
"8257",2021-09-25,"Protests","Germany"
"8258",2021-09-25,"Riots","Germany"
"8259",2021-09-25,"Protests","Germany"
"8260",2021-09-25,"Protests","Germany"
"8261",2021-09-25,"Protests","Germany"
"8262",2021-09-25,"Protests","Germany"
"8263",2021-09-25,"Protests","Germany"
"8264",2021-09-26,"Protests","Germany"
"8265",2021-09-26,"Strategic developments","Germany"
"8266",2021-09-26,"Protests","Germany"
"8267",2021-09-26,"Protests","Germany"
"8268",2021-09-26,"Protests","Germany"
"8269",2021-09-26,"Strategic developments","Germany"
"8270",2021-09-28,"Protests","Germany"
"8271",2021-09-28,"Protests","Germany"
"8272",2021-09-29,"Protests","Germany"
"8273",2021-09-29,"Protests","Germany"
"8274",2021-09-30,"Protests","Germany"
"8275",2021-09-30,"Protests","Germany"
"8276",2021-09-30,"Protests","Germany"
"8277",2021-09-30,"Riots","Germany"
"8278",2021-10-01,"Protests","Germany"
"8279",2021-10-01,"Protests","Germany"
"8280",2021-10-01,"Protests","Germany"
"8281",2021-10-01,"Protests","Germany"
"8282",2021-10-01,"Protests","Germany"
"8283",2021-10-02,"Riots","Germany"
"8284",2021-10-02,"Strategic developments","Germany"
"8285",2021-10-02,"Protests","Germany"
"8286",2021-10-02,"Protests","Germany"
"8287",2021-10-02,"Protests","Germany"
"8288",2021-10-02,"Protests","Germany"
"8289",2021-10-02,"Protests","Germany"
"8290",2021-10-02,"Protests","Germany"
"8291",2021-10-02,"Riots","Germany"
"8292",2021-10-02,"Strategic developments","Germany"
"8293",2021-10-02,"Violence against civilians","Germany"
"8294",2021-10-02,"Protests","Germany"
"8295",2021-10-02,"Protests","Germany"
"8296",2021-10-03,"Protests","Germany"
"8297",2021-10-03,"Protests","Germany"
"8298",2021-10-03,"Protests","Germany"
"8299",2021-10-03,"Protests","Germany"
"8300",2021-10-03,"Protests","Germany"
"8301",2021-10-03,"Protests","Germany"
"8302",2021-10-03,"Protests","Germany"
"8303",2021-10-03,"Protests","Germany"
"8304",2021-10-03,"Protests","Germany"
"8305",2021-10-04,"Protests","Germany"
"8306",2021-10-04,"Protests","Germany"
"8307",2021-10-04,"Protests","Germany"
"8308",2021-10-04,"Protests","Germany"
"8309",2021-10-04,"Protests","Germany"
"8310",2021-10-04,"Protests","Germany"
"8311",2021-10-04,"Protests","Germany"
"8312",2021-10-04,"Protests","Germany"
"8313",2021-10-04,"Protests","Germany"
"8314",2021-10-04,"Protests","Germany"
"8315",2021-10-04,"Protests","Germany"
"8316",2021-10-04,"Protests","Germany"
"8317",2021-10-04,"Protests","Germany"
"8318",2021-10-04,"Protests","Germany"
"8319",2021-10-05,"Protests","Germany"
"8320",2021-10-05,"Protests","Germany"
"8321",2021-10-05,"Protests","Germany"
"8322",2021-10-05,"Protests","Germany"
"8323",2021-10-06,"Protests","Germany"
"8324",2021-10-06,"Protests","Germany"
"8325",2021-10-06,"Protests","Germany"
"8326",2021-10-06,"Protests","Germany"
"8327",2021-10-06,"Protests","Germany"
"8328",2021-10-06,"Protests","Germany"
"8329",2021-10-06,"Protests","Germany"
"8330",2021-10-06,"Protests","Germany"
"8331",2021-10-07,"Protests","Germany"
"8332",2021-10-07,"Protests","Germany"
"8333",2021-10-07,"Protests","Germany"
"8334",2021-10-07,"Protests","Germany"
"8335",2021-10-08,"Protests","Germany"
"8336",2021-10-08,"Protests","Germany"
"8337",2021-10-08,"Protests","Germany"
"8338",2021-10-08,"Protests","Germany"
"8339",2021-10-08,"Protests","Germany"
"8340",2021-10-09,"Protests","Germany"
"8341",2021-10-09,"Protests","Germany"
"8342",2021-10-09,"Riots","Germany"
"8343",2021-10-09,"Protests","Germany"
"8344",2021-10-09,"Protests","Germany"
"8345",2021-10-09,"Protests","Germany"
"8346",2021-10-09,"Riots","Germany"
"8347",2021-10-09,"Protests","Germany"
"8348",2021-10-09,"Protests","Germany"
"8349",2021-10-09,"Protests","Germany"
"8350",2021-10-10,"Riots","Germany"
"8351",2021-10-10,"Protests","Germany"
"8352",2021-10-10,"Protests","Germany"
"8353",2021-10-10,"Protests","Germany"
"8354",2021-10-10,"Protests","Germany"
"8355",2021-10-10,"Protests","Germany"
"8356",2021-10-10,"Protests","Germany"
"8357",2021-10-10,"Protests","Germany"
"8358",2021-10-10,"Protests","Germany"
"8359",2021-10-10,"Protests","Germany"
"8360",2021-10-11,"Protests","Germany"
"8361",2021-10-11,"Protests","Germany"
"8362",2021-10-11,"Riots","Germany"
"8363",2021-10-12,"Protests","Germany"
"8364",2021-10-12,"Protests","Germany"
"8365",2021-10-12,"Protests","Germany"
"8366",2021-10-12,"Protests","Germany"
"8367",2021-10-12,"Protests","Germany"
"8368",2021-10-12,"Protests","Germany"
"8369",2021-10-12,"Strategic developments","Germany"
"8370",2021-10-12,"Protests","Germany"
"8371",2021-10-13,"Protests","Germany"
"8372",2021-10-13,"Strategic developments","Germany"
"8373",2021-10-13,"Protests","Germany"
"8374",2021-10-13,"Protests","Germany"
"8375",2021-10-13,"Riots","Germany"
"8376",2021-10-13,"Strategic developments","Germany"
"8377",2021-10-13,"Protests","Germany"
"8378",2021-10-13,"Protests","Germany"
"8379",2021-10-13,"Strategic developments","Germany"
"8380",2021-10-13,"Protests","Germany"
"8381",2021-10-14,"Protests","Germany"
"8382",2021-10-14,"Protests","Germany"
"8383",2021-10-15,"Protests","Germany"
"8384",2021-10-15,"Protests","Germany"
"8385",2021-10-15,"Riots","Germany"
"8386",2021-10-15,"Riots","Germany"
"8387",2021-10-15,"Strategic developments","Germany"
"8388",2021-10-15,"Protests","Germany"
"8389",2021-10-15,"Protests","Germany"
"8390",2021-10-15,"Protests","Germany"
"8391",2021-10-15,"Protests","Germany"
"8392",2021-10-15,"Protests","Germany"
"8393",2021-10-16,"Protests","Germany"
"8394",2021-10-16,"Protests","Germany"
"8395",2021-10-16,"Protests","Germany"
"8396",2021-10-16,"Protests","Germany"
"8397",2021-10-16,"Protests","Germany"
"8398",2021-10-16,"Protests","Germany"
"8399",2021-10-16,"Riots","Germany"
"8400",2021-10-17,"Protests","Germany"
"8401",2021-10-17,"Protests","Germany"
"8402",2021-10-17,"Protests","Germany"
"8403",2021-10-17,"Protests","Germany"
"8404",2021-10-17,"Protests","Germany"
"8405",2021-10-17,"Protests","Germany"
"8406",2021-10-18,"Protests","Germany"
"8407",2021-10-19,"Protests","Germany"
"8408",2021-10-19,"Protests","Germany"
"8409",2021-10-19,"Protests","Germany"
"8410",2021-10-19,"Protests","Germany"
"8411",2021-10-20,"Protests","Germany"
"8412",2021-10-20,"Riots","Germany"
"8413",2021-10-21,"Protests","Germany"
"8414",2021-10-21,"Protests","Germany"
"8415",2021-10-21,"Protests","Germany"
"8416",2021-10-22,"Protests","Germany"
"8417",2021-10-22,"Protests","Germany"
"8418",2021-10-22,"Protests","Germany"
"8419",2021-10-22,"Protests","Germany"
"8420",2021-10-22,"Protests","Germany"
"8421",2021-10-22,"Protests","Germany"
"8422",2021-10-22,"Protests","Germany"
"8423",2021-10-22,"Protests","Germany"
"8424",2021-10-22,"Protests","Germany"
"8425",2021-10-22,"Protests","Germany"
"8426",2021-10-23,"Violence against civilians","Germany"
"8427",2021-10-23,"Protests","Germany"
"8428",2021-10-23,"Strategic developments","Germany"
"8429",2021-10-23,"Protests","Germany"
"8430",2021-10-23,"Protests","Germany"
"8431",2021-10-23,"Protests","Germany"
"8432",2021-10-23,"Riots","Germany"
"8433",2021-10-23,"Strategic developments","Germany"
"8434",2021-10-23,"Protests","Germany"
"8435",2021-10-23,"Protests","Germany"
"8436",2021-10-23,"Protests","Germany"
"8437",2021-10-23,"Protests","Germany"
"8438",2021-10-23,"Riots","Germany"
"8439",2021-10-23,"Protests","Germany"
"8440",2021-10-23,"Protests","Germany"
"8441",2021-10-23,"Protests","Germany"
"8442",2021-10-23,"Strategic developments","Germany"
"8443",2021-10-23,"Protests","Germany"
"8444",2021-10-24,"Protests","Germany"
"8445",2021-10-24,"Protests","Germany"
"8446",2021-10-24,"Protests","Germany"
"8447",2021-10-24,"Protests","Germany"
"8448",2021-10-24,"Riots","Germany"
"8449",2021-10-24,"Protests","Germany"
"8450",2021-10-24,"Protests","Germany"
"8451",2021-10-24,"Protests","Germany"
"8452",2021-10-25,"Protests","Germany"
"8453",2021-10-25,"Protests","Germany"
"8454",2021-10-25,"Protests","Germany"
"8455",2021-10-25,"Protests","Germany"
"8456",2021-10-26,"Protests","Germany"
"8457",2021-10-27,"Protests","Germany"
"8458",2021-10-27,"Protests","Germany"
"8459",2021-10-27,"Protests","Germany"
"8460",2021-10-27,"Protests","Germany"
"8461",2021-10-27,"Protests","Germany"
"8462",2021-10-27,"Protests","Germany"
"8463",2021-10-27,"Protests","Germany"
"8464",2021-10-28,"Protests","Germany"
"8465",2021-10-28,"Protests","Germany"
"8466",2021-10-28,"Protests","Germany"
"8467",2021-10-28,"Protests","Germany"
"8468",2021-10-28,"Protests","Germany"
"8469",2021-10-29,"Protests","Germany"
"8470",2021-10-29,"Protests","Germany"
"8471",2021-10-29,"Protests","Germany"
"8472",2021-10-29,"Protests","Germany"
"8473",2021-10-29,"Protests","Germany"
"8474",2021-10-29,"Protests","Germany"
"8475",2021-10-29,"Protests","Germany"
"8476",2021-10-29,"Protests","Germany"
"8477",2021-10-29,"Protests","Germany"
"8478",2021-10-29,"Protests","Germany"
"8479",2021-10-29,"Protests","Germany"
"8480",2021-10-29,"Protests","Germany"
"8481",2021-10-29,"Protests","Germany"
"8482",2021-10-29,"Protests","Germany"
"8483",2021-10-29,"Protests","Germany"
"8484",2021-10-29,"Protests","Germany"
"8485",2021-10-29,"Protests","Germany"
"8486",2021-10-29,"Protests","Germany"
"8487",2021-10-29,"Protests","Germany"
"8488",2021-10-29,"Protests","Germany"
"8489",2021-10-29,"Protests","Germany"
"8490",2021-10-29,"Protests","Germany"
"8491",2021-10-29,"Protests","Germany"
"8492",2021-10-29,"Protests","Germany"
"8493",2021-10-29,"Protests","Germany"
"8494",2021-10-29,"Protests","Germany"
"8495",2021-10-29,"Protests","Germany"
"8496",2021-10-29,"Protests","Germany"
"8497",2021-10-29,"Protests","Germany"
"8498",2021-10-29,"Protests","Germany"
"8499",2021-10-29,"Protests","Germany"
"8500",2021-10-29,"Protests","Germany"
"8501",2021-10-30,"Protests","Germany"
"8502",2021-10-30,"Protests","Germany"
"8503",2021-10-30,"Protests","Germany"
"8504",2021-10-30,"Protests","Germany"
"8505",2021-10-30,"Protests","Germany"
"8506",2021-10-30,"Protests","Germany"
"8507",2021-10-30,"Protests","Germany"
"8508",2021-10-30,"Protests","Germany"
"8509",2021-10-30,"Protests","Germany"
"8510",2021-10-30,"Protests","Germany"
"8511",2021-10-31,"Protests","Germany"
"8512",2021-10-31,"Protests","Germany"
"8513",2021-10-31,"Protests","Germany"
"8514",2021-10-31,"Protests","Germany"
"8515",2021-10-31,"Protests","Germany"
"8516",2021-10-31,"Protests","Germany"
"8517",2021-10-31,"Protests","Germany"
"8518",2021-11-01,"Protests","Germany"
"8519",2021-11-02,"Protests","Germany"
"8520",2021-11-02,"Protests","Germany"
"8521",2021-11-02,"Protests","Germany"
"8522",2021-11-02,"Protests","Germany"
"8523",2021-11-02,"Protests","Germany"
"8524",2021-11-03,"Protests","Germany"
"8525",2021-11-03,"Protests","Germany"
"8526",2021-11-04,"Protests","Germany"
"8527",2021-11-04,"Protests","Germany"
"8528",2021-11-04,"Protests","Germany"
"8529",2021-11-04,"Protests","Germany"
"8530",2021-11-04,"Protests","Germany"
"8531",2021-11-05,"Protests","Germany"
"8532",2021-11-05,"Protests","Germany"
"8533",2021-11-05,"Protests","Germany"
"8534",2021-11-06,"Protests","Germany"
"8535",2021-11-06,"Protests","Germany"
"8536",2021-11-06,"Protests","Germany"
"8537",2021-11-06,"Protests","Germany"
"8538",2021-11-06,"Riots","Germany"
"8539",2021-11-06,"Riots","Germany"
"8540",2021-11-06,"Protests","Germany"
"8541",2021-11-06,"Protests","Germany"
"8542",2021-11-06,"Protests","Germany"
"8543",2021-11-07,"Protests","Germany"
"8544",2021-11-07,"Protests","Germany"
"8545",2021-11-07,"Protests","Germany"
"8546",2021-11-07,"Protests","Germany"
"8547",2021-11-08,"Protests","Germany"
"8548",2021-11-08,"Protests","Germany"
"8549",2021-11-08,"Protests","Germany"
"8550",2021-11-08,"Protests","Germany"
"8551",2021-11-08,"Riots","Germany"
"8552",2021-11-08,"Protests","Germany"
"8553",2021-11-08,"Protests","Germany"
"8554",2021-11-09,"Protests","Germany"
"8555",2021-11-09,"Protests","Germany"
"8556",2021-11-09,"Protests","Germany"
"8557",2021-11-09,"Protests","Germany"
"8558",2021-11-09,"Protests","Germany"
"8559",2021-11-09,"Protests","Germany"
"8560",2021-11-09,"Protests","Germany"
"8561",2021-11-09,"Protests","Germany"
"8562",2021-11-09,"Protests","Germany"
"8563",2021-11-09,"Protests","Germany"
"8564",2021-11-09,"Protests","Germany"
"8565",2021-11-09,"Protests","Germany"
"8566",2021-11-10,"Protests","Germany"
"8567",2021-11-10,"Protests","Germany"
"8568",2021-11-10,"Protests","Germany"
"8569",2021-11-10,"Protests","Germany"
"8570",2021-11-10,"Protests","Germany"
"8571",2021-11-10,"Protests","Germany"
"8572",2021-11-10,"Protests","Germany"
"8573",2021-11-11,"Protests","Germany"
"8574",2021-11-11,"Protests","Germany"
"8575",2021-11-11,"Protests","Germany"
"8576",2021-11-11,"Protests","Germany"
"8577",2021-11-11,"Protests","Germany"
"8578",2021-11-12,"Protests","Germany"
"8579",2021-11-12,"Protests","Germany"
"8580",2021-11-12,"Protests","Germany"
"8581",2021-11-13,"Protests","Germany"
"8582",2021-11-13,"Protests","Germany"
"8583",2021-11-13,"Protests","Germany"
"8584",2021-11-13,"Protests","Germany"
"8585",2021-11-13,"Protests","Germany"
"8586",2021-11-13,"Protests","Germany"
"8587",2021-11-13,"Protests","Germany"
"8588",2021-11-13,"Protests","Germany"
"8589",2021-11-13,"Protests","Germany"
"8590",2021-11-13,"Protests","Germany"
"8591",2021-11-13,"Protests","Germany"
"8592",2021-11-13,"Protests","Germany"
"8593",2021-11-14,"Protests","Germany"
"8594",2021-11-14,"Protests","Germany"
"8595",2021-11-15,"Protests","Germany"
"8596",2021-11-15,"Protests","Germany"
"8597",2021-11-15,"Protests","Germany"
"8598",2021-11-15,"Protests","Germany"
"8599",2021-11-15,"Riots","Germany"
"8600",2021-11-15,"Protests","Germany"
"8601",2021-11-15,"Protests","Germany"
"8602",2021-11-16,"Protests","Germany"
"8603",2021-11-16,"Protests","Germany"
"8604",2021-11-16,"Protests","Germany"
"8605",2021-11-16,"Protests","Germany"
"8606",2021-11-16,"Protests","Germany"
"8607",2021-11-16,"Protests","Germany"
"8608",2021-11-16,"Protests","Germany"
"8609",2021-11-16,"Protests","Germany"
"8610",2021-11-16,"Protests","Germany"
"8611",2021-11-16,"Protests","Germany"
"8612",2021-11-16,"Protests","Germany"
"8613",2021-11-16,"Protests","Germany"
"8614",2021-11-16,"Protests","Germany"
"8615",2021-11-16,"Protests","Germany"
"8616",2021-11-16,"Protests","Germany"
"8617",2021-11-16,"Protests","Germany"
"8618",2021-11-16,"Protests","Germany"
"8619",2021-11-17,"Protests","Germany"
"8620",2021-11-17,"Protests","Germany"
"8621",2021-11-17,"Protests","Germany"
"8622",2021-11-17,"Riots","Germany"
"8623",2021-11-17,"Protests","Germany"
"8624",2021-11-17,"Protests","Germany"
"8625",2021-11-17,"Protests","Germany"
"8626",2021-11-17,"Protests","Germany"
"8627",2021-11-18,"Protests","Germany"
"8628",2021-11-18,"Protests","Germany"
"8629",2021-11-18,"Protests","Germany"
"8630",2021-11-18,"Protests","Germany"
"8631",2021-11-18,"Protests","Germany"
"8632",2021-11-18,"Protests","Germany"
"8633",2021-11-18,"Protests","Germany"
"8634",2021-11-18,"Protests","Germany"
"8635",2021-11-18,"Protests","Germany"
"8636",2021-11-19,"Protests","Germany"
"8637",2021-11-19,"Protests","Germany"
"8638",2021-11-19,"Protests","Germany"
"8639",2021-11-19,"Protests","Germany"
"8640",2021-11-19,"Protests","Germany"
"8641",2021-11-19,"Protests","Germany"
"8642",2021-11-19,"Protests","Germany"
"8643",2021-11-19,"Protests","Germany"
"8644",2021-11-20,"Strategic developments","Germany"
"8645",2021-11-20,"Strategic developments","Germany"
"8646",2021-11-20,"Strategic developments","Germany"
"8647",2021-11-20,"Protests","Germany"
"8648",2021-11-20,"Protests","Germany"
"8649",2021-11-20,"Protests","Germany"
"8650",2021-11-20,"Protests","Germany"
"8651",2021-11-20,"Protests","Germany"
"8652",2021-11-20,"Protests","Germany"
"8653",2021-11-21,"Strategic developments","Germany"
"8654",2021-11-21,"Strategic developments","Germany"
"8655",2021-11-21,"Protests","Germany"
"8656",2021-11-22,"Protests","Germany"
"8657",2021-11-22,"Protests","Germany"
"8658",2021-11-22,"Protests","Germany"
"8659",2021-11-22,"Protests","Germany"
"8660",2021-11-22,"Protests","Germany"
"8661",2021-11-22,"Protests","Germany"
"8662",2021-11-22,"Protests","Germany"
"8663",2021-11-22,"Protests","Germany"
"8664",2021-11-22,"Protests","Germany"
"8665",2021-11-22,"Riots","Germany"
"8666",2021-11-22,"Protests","Germany"
"8667",2021-11-22,"Protests","Germany"
"8668",2021-11-23,"Protests","Germany"
"8669",2021-11-23,"Protests","Germany"
"8670",2021-11-23,"Protests","Germany"
"8671",2021-11-23,"Strategic developments","Germany"
"8672",2021-11-23,"Protests","Germany"
"8673",2021-11-23,"Protests","Germany"
"8674",2021-11-23,"Protests","Germany"
"8675",2021-11-23,"Protests","Germany"
"8676",2021-11-23,"Protests","Germany"
"8677",2021-11-23,"Protests","Germany"
"8678",2021-11-23,"Protests","Germany"
"8679",2021-11-23,"Protests","Germany"
"8680",2021-11-23,"Protests","Germany"
"8681",2021-11-23,"Protests","Germany"
"8682",2021-11-23,"Protests","Germany"
"8683",2021-11-23,"Protests","Germany"
"8684",2021-11-24,"Protests","Germany"
"8685",2021-11-24,"Protests","Germany"
"8686",2021-11-24,"Protests","Germany"
"8687",2021-11-24,"Protests","Germany"
"8688",2021-11-24,"Protests","Germany"
"8689",2021-11-24,"Protests","Germany"
"8690",2021-11-24,"Protests","Germany"
"8691",2021-11-24,"Protests","Germany"
"8692",2021-11-25,"Protests","Germany"
"8693",2021-11-25,"Protests","Germany"
"8694",2021-11-25,"Protests","Germany"
"8695",2021-11-25,"Protests","Germany"
"8696",2021-11-25,"Protests","Germany"
"8697",2021-11-25,"Protests","Germany"
"8698",2021-11-25,"Protests","Germany"
"8699",2021-11-25,"Protests","Germany"
"8700",2021-11-25,"Protests","Germany"
"8701",2021-11-26,"Protests","Germany"
"8702",2021-11-26,"Protests","Germany"
"8703",2021-11-26,"Protests","Germany"
"8704",2021-11-26,"Protests","Germany"
"8705",2021-11-27,"Protests","Germany"
"8706",2021-11-27,"Protests","Germany"
"8707",2021-11-27,"Protests","Germany"
"8708",2021-11-27,"Protests","Germany"
"8709",2021-11-27,"Protests","Germany"
"8710",2021-11-27,"Protests","Germany"
"8711",2021-11-27,"Protests","Germany"
"8712",2021-11-27,"Protests","Germany"
"8713",2021-11-27,"Protests","Germany"
"8714",2021-11-27,"Protests","Germany"
"8715",2021-11-27,"Protests","Germany"
"8716",2021-11-27,"Protests","Germany"
"8717",2021-11-27,"Protests","Germany"
"8718",2021-11-27,"Protests","Germany"
"8719",2021-11-27,"Protests","Germany"
"8720",2021-11-27,"Riots","Germany"
"8721",2021-11-27,"Protests","Germany"
"8722",2021-11-28,"Protests","Germany"
"8723",2021-11-28,"Protests","Germany"
"8724",2021-11-28,"Protests","Germany"
"8725",2021-11-28,"Riots","Germany"
"8726",2021-11-29,"Protests","Germany"
"8727",2021-11-29,"Protests","Germany"
"8728",2021-11-29,"Protests","Germany"
"8729",2021-11-29,"Protests","Germany"
"8730",2021-11-29,"Protests","Germany"
"8731",2021-11-29,"Protests","Germany"
"8732",2021-11-29,"Protests","Germany"
"8733",2021-11-29,"Protests","Germany"
"8734",2021-11-29,"Protests","Germany"
"8735",2021-11-29,"Protests","Germany"
"8736",2021-11-29,"Protests","Germany"
"8737",2021-11-29,"Protests","Germany"
"8738",2021-11-29,"Protests","Germany"
"8739",2021-11-29,"Protests","Germany"
"8740",2021-11-29,"Protests","Germany"
"8741",2021-11-29,"Protests","Germany"
"8742",2021-11-29,"Protests","Germany"
"8743",2021-11-29,"Protests","Germany"
"8744",2021-11-29,"Protests","Germany"
"8745",2021-11-29,"Protests","Germany"
"8746",2021-11-29,"Protests","Germany"
"8747",2021-11-29,"Protests","Germany"
"8748",2021-11-29,"Protests","Germany"
"8749",2021-11-29,"Protests","Germany"
"8750",2021-11-29,"Protests","Germany"
"8751",2021-11-29,"Riots","Germany"
"8752",2021-11-29,"Riots","Germany"
"8753",2021-11-29,"Protests","Germany"
"8754",2021-11-29,"Protests","Germany"
"8755",2021-11-29,"Protests","Germany"
"8756",2021-11-29,"Protests","Germany"
"8757",2021-11-30,"Protests","Germany"
"8758",2021-11-30,"Protests","Germany"
"8759",2021-11-30,"Riots","Germany"
"8760",2021-12-01,"Strategic developments","Germany"
"8761",2021-12-01,"Protests","Germany"
"8762",2021-12-01,"Protests","Germany"
"8763",2021-12-01,"Protests","Germany"
"8764",2021-12-01,"Protests","Germany"
"8765",2021-12-01,"Protests","Germany"
"8766",2021-12-01,"Protests","Germany"
"8767",2021-12-01,"Protests","Germany"
"8768",2021-12-01,"Protests","Germany"
"8769",2021-12-01,"Riots","Germany"
"8770",2021-12-01,"Riots","Germany"
"8771",2021-12-01,"Protests","Germany"
"8772",2021-12-01,"Protests","Germany"
"8773",2021-12-02,"Protests","Germany"
"8774",2021-12-02,"Protests","Germany"
"8775",2021-12-02,"Protests","Germany"
"8776",2021-12-02,"Protests","Germany"
"8777",2021-12-02,"Protests","Germany"
"8778",2021-12-03,"Violence against civilians","Germany"
"8779",2021-12-03,"Protests","Germany"
"8780",2021-12-03,"Protests","Germany"
"8781",2021-12-03,"Protests","Germany"
"8782",2021-12-03,"Protests","Germany"
"8783",2021-12-03,"Protests","Germany"
"8784",2021-12-03,"Protests","Germany"
"8785",2021-12-03,"Protests","Germany"
"8786",2021-12-03,"Protests","Germany"
"8787",2021-12-03,"Protests","Germany"
"8788",2021-12-03,"Protests","Germany"
"8789",2021-12-04,"Protests","Germany"
"8790",2021-12-04,"Protests","Germany"
"8791",2021-12-04,"Protests","Germany"
"8792",2021-12-04,"Protests","Germany"
"8793",2021-12-04,"Protests","Germany"
"8794",2021-12-04,"Protests","Germany"
"8795",2021-12-04,"Protests","Germany"
"8796",2021-12-04,"Protests","Germany"
"8797",2021-12-04,"Protests","Germany"
"8798",2021-12-04,"Protests","Germany"
"8799",2021-12-04,"Protests","Germany"
"8800",2021-12-04,"Protests","Germany"
"8801",2021-12-04,"Protests","Germany"
"8802",2021-12-04,"Protests","Germany"
"8803",2021-12-04,"Protests","Germany"
"8804",2021-12-04,"Riots","Germany"
"8805",2021-12-04,"Riots","Germany"
"8806",2021-12-04,"Riots","Germany"
"8807",2021-12-04,"Protests","Germany"
"8808",2021-12-04,"Protests","Germany"
"8809",2021-12-04,"Protests","Germany"
"8810",2021-12-04,"Protests","Germany"
"8811",2021-12-04,"Protests","Germany"
"8812",2021-12-05,"Protests","Germany"
"8813",2021-12-05,"Protests","Germany"
"8814",2021-12-05,"Protests","Germany"
"8815",2021-12-05,"Riots","Germany"
"8816",2021-12-05,"Protests","Germany"
"8817",2021-12-06,"Protests","Germany"
"8818",2021-12-06,"Protests","Germany"
"8819",2021-12-06,"Protests","Germany"
"8820",2021-12-06,"Protests","Germany"
"8821",2021-12-06,"Protests","Germany"
"8822",2021-12-06,"Protests","Germany"
"8823",2021-12-06,"Protests","Germany"
"8824",2021-12-06,"Protests","Germany"
"8825",2021-12-06,"Protests","Germany"
"8826",2021-12-06,"Protests","Germany"
"8827",2021-12-06,"Protests","Germany"
"8828",2021-12-06,"Protests","Germany"
"8829",2021-12-06,"Protests","Germany"
"8830",2021-12-06,"Protests","Germany"
"8831",2021-12-06,"Protests","Germany"
"8832",2021-12-06,"Protests","Germany"
"8833",2021-12-06,"Protests","Germany"
"8834",2021-12-06,"Protests","Germany"
"8835",2021-12-06,"Protests","Germany"
"8836",2021-12-06,"Protests","Germany"
"8837",2021-12-06,"Protests","Germany"
"8838",2021-12-06,"Protests","Germany"
"8839",2021-12-06,"Protests","Germany"
"8840",2021-12-06,"Protests","Germany"
"8841",2021-12-06,"Protests","Germany"
"8842",2021-12-06,"Protests","Germany"
"8843",2021-12-06,"Protests","Germany"
"8844",2021-12-06,"Protests","Germany"
"8845",2021-12-06,"Protests","Germany"
"8846",2021-12-06,"Protests","Germany"
"8847",2021-12-06,"Protests","Germany"
"8848",2021-12-06,"Protests","Germany"
"8849",2021-12-06,"Protests","Germany"
"8850",2021-12-06,"Protests","Germany"
"8851",2021-12-06,"Protests","Germany"
"8852",2021-12-06,"Protests","Germany"
"8853",2021-12-06,"Protests","Germany"
"8854",2021-12-06,"Protests","Germany"
"8855",2021-12-06,"Protests","Germany"
"8856",2021-12-06,"Protests","Germany"
"8857",2021-12-06,"Protests","Germany"
"8858",2021-12-06,"Protests","Germany"
"8859",2021-12-06,"Protests","Germany"
"8860",2021-12-06,"Protests","Germany"
"8861",2021-12-06,"Protests","Germany"
"8862",2021-12-06,"Protests","Germany"
"8863",2021-12-06,"Protests","Germany"
"8864",2021-12-06,"Protests","Germany"
"8865",2021-12-06,"Protests","Germany"
"8866",2021-12-06,"Protests","Germany"
"8867",2021-12-06,"Riots","Germany"
"8868",2021-12-06,"Protests","Germany"
"8869",2021-12-06,"Protests","Germany"
"8870",2021-12-06,"Protests","Germany"
"8871",2021-12-06,"Protests","Germany"
"8872",2021-12-06,"Protests","Germany"
"8873",2021-12-06,"Protests","Germany"
"8874",2021-12-06,"Protests","Germany"
"8875",2021-12-06,"Protests","Germany"
"8876",2021-12-07,"Protests","Germany"
"8877",2021-12-07,"Protests","Germany"
"8878",2021-12-07,"Protests","Germany"
"8879",2021-12-08,"Protests","Germany"
"8880",2021-12-08,"Protests","Germany"
"8881",2021-12-08,"Protests","Germany"
"8882",2021-12-08,"Protests","Germany"
"8883",2021-12-08,"Protests","Germany"
"8884",2021-12-08,"Protests","Germany"
"8885",2021-12-08,"Protests","Germany"
"8886",2021-12-08,"Protests","Germany"
"8887",2021-12-08,"Protests","Germany"
"8888",2021-12-08,"Protests","Germany"
"8889",2021-12-08,"Protests","Germany"
"8890",2021-12-08,"Protests","Germany"
"8891",2021-12-09,"Protests","Germany"
"8892",2021-12-09,"Protests","Germany"
"8893",2021-12-09,"Protests","Germany"
"8894",2021-12-10,"Protests","Germany"
"8895",2021-12-10,"Protests","Germany"
"8896",2021-12-10,"Protests","Germany"
"8897",2021-12-10,"Protests","Germany"
"8898",2021-12-10,"Protests","Germany"
"8899",2021-12-10,"Protests","Germany"
"8900",2021-12-10,"Protests","Germany"
"8901",2021-12-10,"Protests","Germany"
"8902",2021-12-10,"Protests","Germany"
"8903",2021-12-10,"Protests","Germany"
"8904",2021-12-10,"Protests","Germany"
"8905",2021-12-10,"Protests","Germany"
"8906",2021-12-10,"Protests","Germany"
"8907",2021-12-10,"Protests","Germany"
"8908",2021-12-10,"Protests","Germany"
"8909",2021-12-10,"Protests","Germany"
"8910",2021-12-10,"Protests","Germany"
"8911",2021-12-10,"Riots","Germany"
"8912",2021-12-10,"Protests","Germany"
"8913",2021-12-11,"Protests","Germany"
"8914",2021-12-11,"Protests","Germany"
"8915",2021-12-11,"Protests","Germany"
"8916",2021-12-11,"Riots","Germany"
"8917",2021-12-11,"Protests","Germany"
"8918",2021-12-11,"Protests","Germany"
"8919",2021-12-11,"Protests","Germany"
"8920",2021-12-11,"Protests","Germany"
"8921",2021-12-11,"Protests","Germany"
"8922",2021-12-11,"Protests","Germany"
"8923",2021-12-11,"Protests","Germany"
"8924",2021-12-11,"Protests","Germany"
"8925",2021-12-11,"Protests","Germany"
"8926",2021-12-11,"Protests","Germany"
"8927",2021-12-11,"Protests","Germany"
"8928",2021-12-11,"Protests","Germany"
"8929",2021-12-11,"Protests","Germany"
"8930",2021-12-11,"Protests","Germany"
"8931",2021-12-11,"Protests","Germany"
"8932",2021-12-11,"Protests","Germany"
"8933",2021-12-11,"Protests","Germany"
"8934",2021-12-11,"Protests","Germany"
"8935",2021-12-11,"Protests","Germany"
"8936",2021-12-11,"Protests","Germany"
"8937",2021-12-11,"Protests","Germany"
"8938",2021-12-11,"Protests","Germany"
"8939",2021-12-11,"Protests","Germany"
"8940",2021-12-11,"Protests","Germany"
"8941",2021-12-11,"Protests","Germany"
"8942",2021-12-11,"Protests","Germany"
"8943",2021-12-11,"Protests","Germany"
"8944",2021-12-11,"Protests","Germany"
"8945",2021-12-11,"Protests","Germany"
"8946",2021-12-11,"Riots","Germany"
"8947",2021-12-11,"Riots","Germany"
"8948",2021-12-11,"Protests","Germany"
"8949",2021-12-12,"Protests","Germany"
"8950",2021-12-12,"Protests","Germany"
"8951",2021-12-12,"Protests","Germany"
"8952",2021-12-12,"Protests","Germany"
"8953",2021-12-12,"Protests","Germany"
"8954",2021-12-12,"Protests","Germany"
"8955",2021-12-12,"Protests","Germany"
"8956",2021-12-12,"Protests","Germany"
"8957",2021-12-12,"Protests","Germany"
"8958",2021-12-12,"Protests","Germany"
"8959",2021-12-12,"Protests","Germany"
"8960",2021-12-12,"Protests","Germany"
"8961",2021-12-12,"Riots","Germany"
"8962",2021-12-12,"Riots","Germany"
"8963",2021-12-13,"Protests","Germany"
"8964",2021-12-13,"Protests","Germany"
"8965",2021-12-13,"Protests","Germany"
"8966",2021-12-13,"Protests","Germany"
"8967",2021-12-13,"Protests","Germany"
"8968",2021-12-13,"Protests","Germany"
"8969",2021-12-13,"Protests","Germany"
"8970",2021-12-13,"Protests","Germany"
"8971",2021-12-13,"Protests","Germany"
"8972",2021-12-13,"Protests","Germany"
"8973",2021-12-13,"Protests","Germany"
"8974",2021-12-13,"Protests","Germany"
"8975",2021-12-13,"Protests","Germany"
"8976",2021-12-13,"Protests","Germany"
"8977",2021-12-13,"Protests","Germany"
"8978",2021-12-13,"Protests","Germany"
"8979",2021-12-13,"Protests","Germany"
"8980",2021-12-13,"Protests","Germany"
"8981",2021-12-13,"Protests","Germany"
"8982",2021-12-13,"Protests","Germany"
"8983",2021-12-13,"Protests","Germany"
"8984",2021-12-13,"Protests","Germany"
"8985",2021-12-13,"Protests","Germany"
"8986",2021-12-13,"Protests","Germany"
"8987",2021-12-13,"Protests","Germany"
"8988",2021-12-13,"Protests","Germany"
"8989",2021-12-13,"Protests","Germany"
"8990",2021-12-13,"Protests","Germany"
"8991",2021-12-13,"Protests","Germany"
"8992",2021-12-13,"Protests","Germany"
"8993",2021-12-13,"Protests","Germany"
"8994",2021-12-13,"Protests","Germany"
"8995",2021-12-13,"Protests","Germany"
"8996",2021-12-13,"Protests","Germany"
"8997",2021-12-13,"Protests","Germany"
"8998",2021-12-13,"Protests","Germany"
"8999",2021-12-13,"Protests","Germany"
"9000",2021-12-13,"Protests","Germany"
"9001",2021-12-13,"Protests","Germany"
"9002",2021-12-13,"Protests","Germany"
"9003",2021-12-13,"Protests","Germany"
"9004",2021-12-13,"Protests","Germany"
"9005",2021-12-13,"Protests","Germany"
"9006",2021-12-13,"Protests","Germany"
"9007",2021-12-13,"Protests","Germany"
"9008",2021-12-13,"Protests","Germany"
"9009",2021-12-13,"Protests","Germany"
"9010",2021-12-13,"Protests","Germany"
"9011",2021-12-13,"Protests","Germany"
"9012",2021-12-13,"Protests","Germany"
"9013",2021-12-13,"Protests","Germany"
"9014",2021-12-13,"Protests","Germany"
"9015",2021-12-13,"Protests","Germany"
"9016",2021-12-13,"Protests","Germany"
"9017",2021-12-13,"Protests","Germany"
"9018",2021-12-13,"Protests","Germany"
"9019",2021-12-13,"Protests","Germany"
"9020",2021-12-13,"Protests","Germany"
"9021",2021-12-13,"Protests","Germany"
"9022",2021-12-13,"Protests","Germany"
"9023",2021-12-13,"Protests","Germany"
"9024",2021-12-13,"Protests","Germany"
"9025",2021-12-13,"Protests","Germany"
"9026",2021-12-13,"Protests","Germany"
"9027",2021-12-13,"Protests","Germany"
"9028",2021-12-13,"Protests","Germany"
"9029",2021-12-13,"Protests","Germany"
"9030",2021-12-13,"Protests","Germany"
"9031",2021-12-13,"Protests","Germany"
"9032",2021-12-13,"Protests","Germany"
"9033",2021-12-13,"Protests","Germany"
"9034",2021-12-13,"Protests","Germany"
"9035",2021-12-13,"Protests","Germany"
"9036",2021-12-13,"Protests","Germany"
"9037",2021-12-13,"Protests","Germany"
"9038",2021-12-13,"Protests","Germany"
"9039",2021-12-13,"Protests","Germany"
"9040",2021-12-13,"Protests","Germany"
"9041",2021-12-13,"Protests","Germany"
"9042",2021-12-13,"Protests","Germany"
"9043",2021-12-13,"Protests","Germany"
"9044",2021-12-13,"Protests","Germany"
"9045",2021-12-13,"Protests","Germany"
"9046",2021-12-13,"Protests","Germany"
"9047",2021-12-13,"Protests","Germany"
"9048",2021-12-13,"Protests","Germany"
"9049",2021-12-13,"Protests","Germany"
"9050",2021-12-13,"Protests","Germany"
"9051",2021-12-13,"Protests","Germany"
"9052",2021-12-13,"Protests","Germany"
"9053",2021-12-13,"Protests","Germany"
"9054",2021-12-13,"Protests","Germany"
"9055",2021-12-13,"Protests","Germany"
"9056",2021-12-13,"Protests","Germany"
"9057",2021-12-13,"Protests","Germany"
"9058",2021-12-13,"Riots","Germany"
"9059",2021-12-13,"Riots","Germany"
"9060",2021-12-13,"Protests","Germany"
"9061",2021-12-13,"Protests","Germany"
"9062",2021-12-13,"Protests","Germany"
"9063",2021-12-13,"Protests","Germany"
"9064",2021-12-13,"Protests","Germany"
"9065",2021-12-13,"Protests","Germany"
"9066",2021-12-13,"Protests","Germany"
"9067",2021-12-13,"Riots","Germany"
"9068",2021-12-13,"Riots","Germany"
"9069",2021-12-13,"Riots","Germany"
"9070",2021-12-13,"Riots","Germany"
"9071",2021-12-13,"Protests","Germany"
"9072",2021-12-14,"Protests","Germany"
"9073",2021-12-14,"Protests","Germany"
"9074",2021-12-15,"Protests","Germany"
"9075",2021-12-15,"Protests","Germany"
"9076",2021-12-15,"Protests","Germany"
"9077",2021-12-15,"Protests","Germany"
"9078",2021-12-16,"Protests","Germany"
"9079",2021-12-16,"Protests","Germany"
"9080",2021-12-16,"Protests","Germany"
"9081",2021-12-16,"Protests","Germany"
"9082",2021-12-17,"Protests","Germany"
"9083",2021-12-17,"Protests","Germany"
"9084",2021-12-17,"Protests","Germany"
"9085",2021-12-17,"Protests","Germany"
"9086",2021-12-17,"Protests","Germany"
"9087",2021-12-17,"Protests","Germany"
"9088",2021-12-17,"Protests","Germany"
"9089",2021-12-17,"Protests","Germany"
"9090",2021-12-17,"Protests","Germany"
"9091",2021-12-17,"Protests","Germany"
"9092",2021-12-17,"Protests","Germany"
"9093",2021-12-17,"Protests","Germany"
"9094",2021-12-17,"Protests","Germany"
"9095",2021-12-17,"Protests","Germany"
"9096",2021-12-17,"Protests","Germany"
"9097",2021-12-17,"Protests","Germany"
"9098",2021-12-17,"Riots","Germany"
"9099",2021-12-18,"Protests","Germany"
"9100",2021-12-18,"Protests","Germany"
"9101",2021-12-18,"Protests","Germany"
"9102",2021-12-18,"Protests","Germany"
"9103",2021-12-18,"Protests","Germany"
"9104",2021-12-18,"Protests","Germany"
"9105",2021-12-18,"Riots","Germany"
"9106",2021-12-18,"Protests","Germany"
"9107",2021-12-18,"Protests","Germany"
"9108",2021-12-18,"Protests","Germany"
"9109",2021-12-18,"Protests","Germany"
"9110",2021-12-18,"Protests","Germany"
"9111",2021-12-18,"Protests","Germany"
"9112",2021-12-18,"Protests","Germany"
"9113",2021-12-18,"Protests","Germany"
"9114",2021-12-18,"Protests","Germany"
"9115",2021-12-18,"Protests","Germany"
"9116",2021-12-18,"Protests","Germany"
"9117",2021-12-18,"Protests","Germany"
"9118",2021-12-18,"Protests","Germany"
"9119",2021-12-18,"Protests","Germany"
"9120",2021-12-18,"Protests","Germany"
"9121",2021-12-18,"Protests","Germany"
"9122",2021-12-18,"Protests","Germany"
"9123",2021-12-18,"Protests","Germany"
"9124",2021-12-18,"Protests","Germany"
"9125",2021-12-18,"Protests","Germany"
"9126",2021-12-18,"Protests","Germany"
"9127",2021-12-18,"Protests","Germany"
"9128",2021-12-18,"Protests","Germany"
"9129",2021-12-18,"Protests","Germany"
"9130",2021-12-18,"Protests","Germany"
"9131",2021-12-18,"Protests","Germany"
"9132",2021-12-18,"Protests","Germany"
"9133",2021-12-18,"Protests","Germany"
"9134",2021-12-18,"Protests","Germany"
"9135",2021-12-18,"Protests","Germany"
"9136",2021-12-18,"Protests","Germany"
"9137",2021-12-18,"Riots","Germany"
"9138",2021-12-18,"Protests","Germany"
"9139",2021-12-18,"Protests","Germany"
"9140",2021-12-18,"Protests","Germany"
"9141",2021-12-18,"Riots","Germany"
"9142",2021-12-18,"Protests","Germany"
"9143",2021-12-18,"Riots","Germany"
"9144",2021-12-18,"Protests","Germany"
"9145",2021-12-18,"Riots","Germany"
"9146",2021-12-19,"Protests","Germany"
"9147",2021-12-19,"Protests","Germany"
"9148",2021-12-19,"Protests","Germany"
"9149",2021-12-19,"Protests","Germany"
"9150",2021-12-19,"Protests","Germany"
"9151",2021-12-19,"Protests","Germany"
"9152",2021-12-19,"Protests","Germany"
"9153",2021-12-19,"Protests","Germany"
"9154",2021-12-19,"Protests","Germany"
"9155",2021-12-19,"Protests","Germany"
"9156",2021-12-19,"Protests","Germany"
"9157",2021-12-19,"Protests","Germany"
"9158",2021-12-19,"Protests","Germany"
"9159",2021-12-19,"Protests","Germany"
"9160",2021-12-19,"Protests","Germany"
"9161",2021-12-19,"Protests","Germany"
"9162",2021-12-19,"Protests","Germany"
"9163",2021-12-19,"Protests","Germany"
"9164",2021-12-19,"Protests","Germany"
"9165",2021-12-19,"Protests","Germany"
"9166",2021-12-19,"Riots","Germany"
"9167",2021-12-20,"Protests","Germany"
"9168",2021-12-20,"Protests","Germany"
"9169",2021-12-20,"Protests","Germany"
"9170",2021-12-20,"Protests","Germany"
"9171",2021-12-20,"Protests","Germany"
"9172",2021-12-20,"Protests","Germany"
"9173",2021-12-20,"Protests","Germany"
"9174",2021-12-20,"Protests","Germany"
"9175",2021-12-20,"Protests","Germany"
"9176",2021-12-20,"Protests","Germany"
"9177",2021-12-20,"Protests","Germany"
"9178",2021-12-20,"Protests","Germany"
"9179",2021-12-20,"Protests","Germany"
"9180",2021-12-20,"Protests","Germany"
"9181",2021-12-20,"Protests","Germany"
"9182",2021-12-20,"Protests","Germany"
"9183",2021-12-20,"Protests","Germany"
"9184",2021-12-20,"Protests","Germany"
"9185",2021-12-20,"Protests","Germany"
"9186",2021-12-20,"Protests","Germany"
"9187",2021-12-20,"Protests","Germany"
"9188",2021-12-20,"Protests","Germany"
"9189",2021-12-20,"Protests","Germany"
"9190",2021-12-20,"Protests","Germany"
"9191",2021-12-20,"Protests","Germany"
"9192",2021-12-20,"Protests","Germany"
"9193",2021-12-20,"Protests","Germany"
"9194",2021-12-20,"Protests","Germany"
"9195",2021-12-20,"Protests","Germany"
"9196",2021-12-20,"Protests","Germany"
"9197",2021-12-20,"Protests","Germany"
"9198",2021-12-20,"Protests","Germany"
"9199",2021-12-20,"Protests","Germany"
"9200",2021-12-20,"Protests","Germany"
"9201",2021-12-20,"Protests","Germany"
"9202",2021-12-20,"Protests","Germany"
"9203",2021-12-20,"Protests","Germany"
"9204",2021-12-20,"Protests","Germany"
"9205",2021-12-20,"Protests","Germany"
"9206",2021-12-20,"Protests","Germany"
"9207",2021-12-20,"Protests","Germany"
"9208",2021-12-20,"Protests","Germany"
"9209",2021-12-20,"Protests","Germany"
"9210",2021-12-20,"Protests","Germany"
"9211",2021-12-20,"Protests","Germany"
"9212",2021-12-20,"Protests","Germany"
"9213",2021-12-20,"Protests","Germany"
"9214",2021-12-20,"Protests","Germany"
"9215",2021-12-20,"Protests","Germany"
"9216",2021-12-20,"Protests","Germany"
"9217",2021-12-20,"Protests","Germany"
"9218",2021-12-20,"Protests","Germany"
"9219",2021-12-20,"Protests","Germany"
"9220",2021-12-20,"Protests","Germany"
"9221",2021-12-20,"Protests","Germany"
"9222",2021-12-20,"Protests","Germany"
"9223",2021-12-20,"Protests","Germany"
"9224",2021-12-20,"Protests","Germany"
"9225",2021-12-20,"Protests","Germany"
"9226",2021-12-20,"Protests","Germany"
"9227",2021-12-20,"Protests","Germany"
"9228",2021-12-20,"Protests","Germany"
"9229",2021-12-20,"Protests","Germany"
"9230",2021-12-20,"Protests","Germany"
"9231",2021-12-20,"Protests","Germany"
"9232",2021-12-20,"Protests","Germany"
"9233",2021-12-20,"Protests","Germany"
"9234",2021-12-20,"Protests","Germany"
"9235",2021-12-20,"Protests","Germany"
"9236",2021-12-20,"Protests","Germany"
"9237",2021-12-20,"Protests","Germany"
"9238",2021-12-20,"Protests","Germany"
"9239",2021-12-20,"Protests","Germany"
"9240",2021-12-20,"Protests","Germany"
"9241",2021-12-20,"Protests","Germany"
"9242",2021-12-20,"Protests","Germany"
"9243",2021-12-20,"Protests","Germany"
"9244",2021-12-20,"Protests","Germany"
"9245",2021-12-20,"Protests","Germany"
"9246",2021-12-20,"Protests","Germany"
"9247",2021-12-20,"Protests","Germany"
"9248",2021-12-20,"Protests","Germany"
"9249",2021-12-20,"Protests","Germany"
"9250",2021-12-20,"Protests","Germany"
"9251",2021-12-20,"Protests","Germany"
"9252",2021-12-20,"Protests","Germany"
"9253",2021-12-20,"Protests","Germany"
"9254",2021-12-20,"Protests","Germany"
"9255",2021-12-20,"Protests","Germany"
"9256",2021-12-20,"Protests","Germany"
"9257",2021-12-20,"Protests","Germany"
"9258",2021-12-20,"Protests","Germany"
"9259",2021-12-20,"Protests","Germany"
"9260",2021-12-20,"Protests","Germany"
"9261",2021-12-20,"Protests","Germany"
"9262",2021-12-20,"Protests","Germany"
"9263",2021-12-20,"Protests","Germany"
"9264",2021-12-20,"Protests","Germany"
"9265",2021-12-20,"Protests","Germany"
"9266",2021-12-20,"Protests","Germany"
"9267",2021-12-20,"Protests","Germany"
"9268",2021-12-20,"Protests","Germany"
"9269",2021-12-20,"Protests","Germany"
"9270",2021-12-20,"Protests","Germany"
"9271",2021-12-20,"Protests","Germany"
"9272",2021-12-20,"Protests","Germany"
"9273",2021-12-20,"Protests","Germany"
"9274",2021-12-20,"Protests","Germany"
"9275",2021-12-20,"Protests","Germany"
"9276",2021-12-20,"Protests","Germany"
"9277",2021-12-20,"Riots","Germany"
"9278",2021-12-20,"Protests","Germany"
"9279",2021-12-20,"Riots","Germany"
"9280",2021-12-20,"Protests","Germany"
"9281",2021-12-20,"Riots","Germany"
"9282",2021-12-20,"Riots","Germany"
"9283",2021-12-20,"Protests","Germany"
"9284",2021-12-20,"Riots","Germany"
"9285",2021-12-20,"Riots","Germany"
"9286",2021-12-21,"Protests","Germany"
"9287",2021-12-21,"Protests","Germany"
"9288",2021-12-21,"Protests","Germany"
"9289",2021-12-21,"Protests","Germany"
"9290",2021-12-22,"Protests","Germany"
"9291",2021-12-22,"Protests","Germany"
"9292",2021-12-22,"Protests","Germany"
"9293",2021-12-22,"Protests","Germany"
"9294",2021-12-22,"Riots","Germany"
"9295",2021-12-23,"Protests","Germany"
"9296",2021-12-23,"Protests","Germany"
"9297",2021-12-25,"Protests","Germany"
"9298",2021-12-25,"Protests","Germany"
"9299",2021-12-25,"Riots","Germany"
"9300",2021-12-26,"Protests","Germany"
"9301",2021-12-26,"Protests","Germany"
"9302",2021-12-26,"Riots","Germany"
"9303",2021-12-26,"Riots","Germany"
"9304",2021-12-27,"Protests","Germany"
"9305",2021-12-27,"Protests","Germany"
"9306",2021-12-27,"Protests","Germany"
"9307",2021-12-27,"Protests","Germany"
"9308",2021-12-27,"Protests","Germany"
"9309",2021-12-27,"Protests","Germany"
"9310",2021-12-27,"Protests","Germany"
"9311",2021-12-27,"Protests","Germany"
"9312",2021-12-27,"Protests","Germany"
"9313",2021-12-27,"Protests","Germany"
"9314",2021-12-27,"Protests","Germany"
"9315",2021-12-27,"Protests","Germany"
"9316",2021-12-27,"Protests","Germany"
"9317",2021-12-27,"Protests","Germany"
"9318",2021-12-27,"Protests","Germany"
"9319",2021-12-27,"Protests","Germany"
"9320",2021-12-27,"Protests","Germany"
"9321",2021-12-27,"Protests","Germany"
"9322",2021-12-27,"Protests","Germany"
"9323",2021-12-27,"Protests","Germany"
"9324",2021-12-27,"Protests","Germany"
"9325",2021-12-27,"Protests","Germany"
"9326",2021-12-27,"Protests","Germany"
"9327",2021-12-27,"Protests","Germany"
"9328",2021-12-27,"Protests","Germany"
"9329",2021-12-27,"Protests","Germany"
"9330",2021-12-27,"Protests","Germany"
"9331",2021-12-27,"Protests","Germany"
"9332",2021-12-27,"Protests","Germany"
"9333",2021-12-27,"Protests","Germany"
"9334",2021-12-27,"Protests","Germany"
"9335",2021-12-27,"Protests","Germany"
"9336",2021-12-27,"Protests","Germany"
"9337",2021-12-27,"Protests","Germany"
"9338",2021-12-27,"Protests","Germany"
"9339",2021-12-27,"Protests","Germany"
"9340",2021-12-27,"Protests","Germany"
"9341",2021-12-27,"Protests","Germany"
"9342",2021-12-27,"Protests","Germany"
"9343",2021-12-27,"Protests","Germany"
"9344",2021-12-27,"Protests","Germany"
"9345",2021-12-27,"Protests","Germany"
"9346",2021-12-27,"Protests","Germany"
"9347",2021-12-27,"Protests","Germany"
"9348",2021-12-27,"Protests","Germany"
"9349",2021-12-27,"Protests","Germany"
"9350",2021-12-27,"Protests","Germany"
"9351",2021-12-27,"Protests","Germany"
"9352",2021-12-27,"Protests","Germany"
"9353",2021-12-27,"Protests","Germany"
"9354",2021-12-27,"Protests","Germany"
"9355",2021-12-27,"Protests","Germany"
"9356",2021-12-27,"Protests","Germany"
"9357",2021-12-27,"Protests","Germany"
"9358",2021-12-27,"Protests","Germany"
"9359",2021-12-27,"Protests","Germany"
"9360",2021-12-27,"Protests","Germany"
"9361",2021-12-27,"Protests","Germany"
"9362",2021-12-27,"Protests","Germany"
"9363",2021-12-27,"Protests","Germany"
"9364",2021-12-27,"Protests","Germany"
"9365",2021-12-27,"Protests","Germany"
"9366",2021-12-27,"Protests","Germany"
"9367",2021-12-27,"Protests","Germany"
"9368",2021-12-27,"Protests","Germany"
"9369",2021-12-27,"Protests","Germany"
"9370",2021-12-27,"Protests","Germany"
"9371",2021-12-27,"Protests","Germany"
"9372",2021-12-27,"Protests","Germany"
"9373",2021-12-27,"Protests","Germany"
"9374",2021-12-27,"Protests","Germany"
"9375",2021-12-27,"Protests","Germany"
"9376",2021-12-27,"Protests","Germany"
"9377",2021-12-27,"Protests","Germany"
"9378",2021-12-27,"Protests","Germany"
"9379",2021-12-27,"Protests","Germany"
"9380",2021-12-27,"Protests","Germany"
"9381",2021-12-27,"Protests","Germany"
"9382",2021-12-27,"Protests","Germany"
"9383",2021-12-27,"Protests","Germany"
"9384",2021-12-27,"Protests","Germany"
"9385",2021-12-27,"Protests","Germany"
"9386",2021-12-27,"Protests","Germany"
"9387",2021-12-27,"Protests","Germany"
"9388",2021-12-27,"Protests","Germany"
"9389",2021-12-27,"Protests","Germany"
"9390",2021-12-27,"Protests","Germany"
"9391",2021-12-27,"Protests","Germany"
"9392",2021-12-27,"Protests","Germany"
"9393",2021-12-27,"Protests","Germany"
"9394",2021-12-27,"Protests","Germany"
"9395",2021-12-27,"Protests","Germany"
"9396",2021-12-27,"Protests","Germany"
"9397",2021-12-27,"Protests","Germany"
"9398",2021-12-27,"Riots","Germany"
"9399",2021-12-27,"Riots","Germany"
"9400",2021-12-27,"Riots","Germany"
"9401",2021-12-27,"Riots","Germany"
"9402",2021-12-27,"Protests","Germany"
"9403",2021-12-28,"Protests","Germany"
"9404",2021-12-28,"Protests","Germany"
"9405",2021-12-28,"Protests","Germany"
"9406",2021-12-28,"Protests","Germany"
"9407",2021-12-29,"Protests","Germany"
"9408",2021-12-29,"Protests","Germany"
"9409",2021-12-29,"Protests","Germany"
"9410",2021-12-30,"Protests","Germany"
"9411",2021-12-31,"Strategic developments","Germany"
"9412",2022-01-01,"Protests","Germany"
"9413",2022-01-01,"Protests","Germany"
"9414",2022-01-01,"Protests","Germany"
"9415",2022-01-01,"Protests","Germany"
"9416",2022-01-01,"Protests","Germany"
"9417",2022-01-01,"Protests","Germany"
"9418",2022-01-01,"Protests","Germany"
"9419",2022-01-01,"Protests","Germany"
"9420",2022-01-01,"Protests","Germany"
"9421",2022-01-01,"Riots","Germany"
"9422",2022-01-01,"Protests","Germany"
"9423",2022-01-01,"Riots","Germany"
"9424",2022-01-01,"Riots","Germany"
"9425",2022-01-02,"Protests","Germany"
"9426",2022-01-02,"Protests","Germany"
"9427",2022-01-02,"Protests","Germany"
"9428",2022-01-02,"Protests","Germany"
"9429",2022-01-02,"Protests","Germany"
"9430",2022-01-02,"Protests","Germany"
"9431",2022-01-02,"Protests","Germany"
"9432",2022-01-02,"Protests","Germany"
"9433",2022-01-03,"Protests","Germany"
"9434",2022-01-03,"Protests","Germany"
"9435",2022-01-03,"Protests","Germany"
"9436",2022-01-03,"Protests","Germany"
"9437",2022-01-03,"Protests","Germany"
"9438",2022-01-03,"Protests","Germany"
"9439",2022-01-03,"Protests","Germany"
"9440",2022-01-03,"Protests","Germany"
"9441",2022-01-03,"Protests","Germany"
"9442",2022-01-03,"Protests","Germany"
"9443",2022-01-03,"Protests","Germany"
"9444",2022-01-03,"Protests","Germany"
"9445",2022-01-03,"Protests","Germany"
"9446",2022-01-03,"Protests","Germany"
"9447",2022-01-03,"Protests","Germany"
"9448",2022-01-03,"Protests","Germany"
"9449",2022-01-03,"Protests","Germany"
"9450",2022-01-03,"Protests","Germany"
"9451",2022-01-03,"Protests","Germany"
"9452",2022-01-03,"Protests","Germany"
"9453",2022-01-03,"Protests","Germany"
"9454",2022-01-03,"Protests","Germany"
"9455",2022-01-03,"Protests","Germany"
"9456",2022-01-03,"Protests","Germany"
"9457",2022-01-03,"Protests","Germany"
"9458",2022-01-03,"Protests","Germany"
"9459",2022-01-03,"Protests","Germany"
"9460",2022-01-03,"Protests","Germany"
"9461",2022-01-03,"Protests","Germany"
"9462",2022-01-03,"Protests","Germany"
"9463",2022-01-03,"Protests","Germany"
"9464",2022-01-03,"Protests","Germany"
"9465",2022-01-03,"Protests","Germany"
"9466",2022-01-03,"Protests","Germany"
"9467",2022-01-03,"Protests","Germany"
"9468",2022-01-03,"Protests","Germany"
"9469",2022-01-03,"Protests","Germany"
"9470",2022-01-03,"Protests","Germany"
"9471",2022-01-03,"Protests","Germany"
"9472",2022-01-03,"Protests","Germany"
"9473",2022-01-03,"Protests","Germany"
"9474",2022-01-03,"Protests","Germany"
"9475",2022-01-03,"Protests","Germany"
"9476",2022-01-03,"Protests","Germany"
"9477",2022-01-03,"Protests","Germany"
"9478",2022-01-03,"Protests","Germany"
"9479",2022-01-03,"Protests","Germany"
"9480",2022-01-03,"Protests","Germany"
"9481",2022-01-03,"Protests","Germany"
"9482",2022-01-03,"Protests","Germany"
"9483",2022-01-03,"Protests","Germany"
"9484",2022-01-03,"Protests","Germany"
"9485",2022-01-03,"Protests","Germany"
"9486",2022-01-03,"Protests","Germany"
"9487",2022-01-03,"Protests","Germany"
"9488",2022-01-03,"Protests","Germany"
"9489",2022-01-03,"Protests","Germany"
"9490",2022-01-03,"Protests","Germany"
"9491",2022-01-03,"Protests","Germany"
"9492",2022-01-03,"Protests","Germany"
"9493",2022-01-03,"Protests","Germany"
"9494",2022-01-03,"Protests","Germany"
"9495",2022-01-03,"Protests","Germany"
"9496",2022-01-03,"Protests","Germany"
"9497",2022-01-03,"Protests","Germany"
"9498",2022-01-03,"Protests","Germany"
"9499",2022-01-03,"Protests","Germany"
"9500",2022-01-03,"Protests","Germany"
"9501",2022-01-03,"Protests","Germany"
"9502",2022-01-03,"Protests","Germany"
"9503",2022-01-03,"Protests","Germany"
"9504",2022-01-03,"Protests","Germany"
"9505",2022-01-03,"Protests","Germany"
"9506",2022-01-03,"Protests","Germany"
"9507",2022-01-03,"Protests","Germany"
"9508",2022-01-03,"Protests","Germany"
"9509",2022-01-03,"Protests","Germany"
"9510",2022-01-03,"Protests","Germany"
"9511",2022-01-03,"Protests","Germany"
"9512",2022-01-03,"Protests","Germany"
"9513",2022-01-03,"Protests","Germany"
"9514",2022-01-03,"Protests","Germany"
"9515",2022-01-03,"Riots","Germany"
"9516",2022-01-03,"Protests","Germany"
"9517",2022-01-03,"Protests","Germany"
"9518",2022-01-03,"Protests","Germany"
"9519",2022-01-03,"Protests","Germany"
"9520",2022-01-03,"Protests","Germany"
"9521",2022-01-03,"Protests","Germany"
"9522",2022-01-03,"Protests","Germany"
"9523",2022-01-03,"Protests","Germany"
"9524",2022-01-03,"Protests","Germany"
"9525",2022-01-03,"Protests","Germany"
"9526",2022-01-03,"Protests","Germany"
"9527",2022-01-03,"Protests","Germany"
"9528",2022-01-03,"Protests","Germany"
"9529",2022-01-03,"Protests","Germany"
"9530",2022-01-03,"Protests","Germany"
"9531",2022-01-03,"Protests","Germany"
"9532",2022-01-03,"Protests","Germany"
"9533",2022-01-03,"Protests","Germany"
"9534",2022-01-03,"Protests","Germany"
"9535",2022-01-03,"Protests","Germany"
"9536",2022-01-03,"Protests","Germany"
"9537",2022-01-03,"Protests","Germany"
"9538",2022-01-03,"Protests","Germany"
"9539",2022-01-03,"Protests","Germany"
"9540",2022-01-03,"Protests","Germany"
"9541",2022-01-03,"Protests","Germany"
"9542",2022-01-03,"Protests","Germany"
"9543",2022-01-03,"Protests","Germany"
"9544",2022-01-03,"Protests","Germany"
"9545",2022-01-03,"Protests","Germany"
"9546",2022-01-03,"Protests","Germany"
"9547",2022-01-03,"Protests","Germany"
"9548",2022-01-03,"Protests","Germany"
"9549",2022-01-03,"Protests","Germany"
"9550",2022-01-03,"Protests","Germany"
"9551",2022-01-03,"Protests","Germany"
"9552",2022-01-03,"Protests","Germany"
"9553",2022-01-03,"Protests","Germany"
"9554",2022-01-03,"Protests","Germany"
"9555",2022-01-03,"Protests","Germany"
"9556",2022-01-03,"Protests","Germany"
"9557",2022-01-03,"Protests","Germany"
"9558",2022-01-03,"Protests","Germany"
"9559",2022-01-03,"Protests","Germany"
"9560",2022-01-03,"Protests","Germany"
"9561",2022-01-03,"Protests","Germany"
"9562",2022-01-03,"Protests","Germany"
"9563",2022-01-03,"Protests","Germany"
"9564",2022-01-03,"Protests","Germany"
"9565",2022-01-03,"Protests","Germany"
"9566",2022-01-03,"Protests","Germany"
"9567",2022-01-03,"Protests","Germany"
"9568",2022-01-03,"Protests","Germany"
"9569",2022-01-03,"Protests","Germany"
"9570",2022-01-03,"Protests","Germany"
"9571",2022-01-03,"Protests","Germany"
"9572",2022-01-03,"Protests","Germany"
"9573",2022-01-03,"Protests","Germany"
"9574",2022-01-03,"Protests","Germany"
"9575",2022-01-03,"Protests","Germany"
"9576",2022-01-03,"Protests","Germany"
"9577",2022-01-03,"Protests","Germany"
"9578",2022-01-03,"Protests","Germany"
"9579",2022-01-03,"Protests","Germany"
"9580",2022-01-03,"Protests","Germany"
"9581",2022-01-03,"Protests","Germany"
"9582",2022-01-03,"Protests","Germany"
"9583",2022-01-03,"Protests","Germany"
"9584",2022-01-03,"Protests","Germany"
"9585",2022-01-03,"Protests","Germany"
"9586",2022-01-03,"Protests","Germany"
"9587",2022-01-03,"Protests","Germany"
"9588",2022-01-03,"Protests","Germany"
"9589",2022-01-03,"Protests","Germany"
"9590",2022-01-03,"Protests","Germany"
"9591",2022-01-03,"Protests","Germany"
"9592",2022-01-03,"Protests","Germany"
"9593",2022-01-03,"Protests","Germany"
"9594",2022-01-03,"Protests","Germany"
"9595",2022-01-03,"Protests","Germany"
"9596",2022-01-03,"Protests","Germany"
"9597",2022-01-03,"Protests","Germany"
"9598",2022-01-03,"Protests","Germany"
"9599",2022-01-03,"Protests","Germany"
"9600",2022-01-03,"Protests","Germany"
"9601",2022-01-03,"Protests","Germany"
"9602",2022-01-03,"Protests","Germany"
"9603",2022-01-03,"Protests","Germany"
"9604",2022-01-03,"Protests","Germany"
"9605",2022-01-03,"Protests","Germany"
"9606",2022-01-03,"Riots","Germany"
"9607",2022-01-03,"Riots","Germany"
"9608",2022-01-03,"Protests","Germany"
"9609",2022-01-03,"Riots","Germany"
"9610",2022-01-03,"Protests","Germany"
"9611",2022-01-03,"Protests","Germany"
"9612",2022-01-04,"Protests","Germany"
"9613",2022-01-04,"Protests","Germany"
"9614",2022-01-04,"Protests","Germany"
"9615",2022-01-05,"Protests","Germany"
"9616",2022-01-05,"Protests","Germany"
"9617",2022-01-05,"Protests","Germany"
"9618",2022-01-05,"Protests","Germany"
"9619",2022-01-05,"Protests","Germany"
"9620",2022-01-05,"Protests","Germany"
"9621",2022-01-05,"Protests","Germany"
"9622",2022-01-05,"Protests","Germany"
"9623",2022-01-06,"Protests","Germany"
"9624",2022-01-06,"Protests","Germany"
"9625",2022-01-06,"Protests","Germany"
"9626",2022-01-06,"Protests","Germany"
"9627",2022-01-06,"Protests","Germany"
"9628",2022-01-06,"Protests","Germany"
"9629",2022-01-06,"Strategic developments","Germany"
"9630",2022-01-07,"Protests","Germany"
"9631",2022-01-07,"Protests","Germany"
"9632",2022-01-07,"Protests","Germany"
"9633",2022-01-07,"Protests","Germany"
"9634",2022-01-07,"Protests","Germany"
"9635",2022-01-07,"Protests","Germany"
"9636",2022-01-07,"Protests","Germany"
"9637",2022-01-07,"Protests","Germany"
"9638",2022-01-07,"Protests","Germany"
"9639",2022-01-07,"Riots","Germany"
"9640",2022-01-07,"Riots","Germany"
"9641",2022-01-08,"Protests","Germany"
"9642",2022-01-08,"Protests","Germany"
"9643",2022-01-08,"Protests","Germany"
"9644",2022-01-08,"Protests","Germany"
"9645",2022-01-08,"Protests","Germany"
"9646",2022-01-08,"Protests","Germany"
"9647",2022-01-08,"Protests","Germany"
"9648",2022-01-08,"Protests","Germany"
"9649",2022-01-08,"Protests","Germany"
"9650",2022-01-08,"Protests","Germany"
"9651",2022-01-08,"Protests","Germany"
"9652",2022-01-08,"Protests","Germany"
"9653",2022-01-08,"Protests","Germany"
"9654",2022-01-08,"Protests","Germany"
"9655",2022-01-08,"Protests","Germany"
"9656",2022-01-08,"Protests","Germany"
"9657",2022-01-08,"Protests","Germany"
"9658",2022-01-08,"Protests","Germany"
"9659",2022-01-08,"Protests","Germany"
"9660",2022-01-08,"Protests","Germany"
"9661",2022-01-08,"Protests","Germany"
"9662",2022-01-08,"Protests","Germany"
"9663",2022-01-08,"Protests","Germany"
"9664",2022-01-08,"Protests","Germany"
"9665",2022-01-08,"Protests","Germany"
"9666",2022-01-08,"Protests","Germany"
"9667",2022-01-08,"Protests","Germany"
"9668",2022-01-08,"Protests","Germany"
"9669",2022-01-08,"Protests","Germany"
"9670",2022-01-08,"Protests","Germany"
"9671",2022-01-08,"Protests","Germany"
"9672",2022-01-08,"Protests","Germany"
"9673",2022-01-08,"Protests","Germany"
"9674",2022-01-08,"Protests","Germany"
"9675",2022-01-08,"Protests","Germany"
"9676",2022-01-08,"Protests","Germany"
"9677",2022-01-08,"Protests","Germany"
"9678",2022-01-08,"Protests","Germany"
"9679",2022-01-08,"Protests","Germany"
"9680",2022-01-08,"Protests","Germany"
"9681",2022-01-08,"Protests","Germany"
"9682",2022-01-08,"Protests","Germany"
"9683",2022-01-08,"Protests","Germany"
"9684",2022-01-08,"Protests","Germany"
"9685",2022-01-08,"Protests","Germany"
"9686",2022-01-08,"Protests","Germany"
"9687",2022-01-08,"Protests","Germany"
"9688",2022-01-08,"Protests","Germany"
"9689",2022-01-08,"Protests","Germany"
"9690",2022-01-08,"Protests","Germany"
"9691",2022-01-08,"Riots","Germany"
"9692",2022-01-08,"Riots","Germany"
"9693",2022-01-08,"Protests","Germany"
"9694",2022-01-09,"Protests","Germany"
"9695",2022-01-09,"Protests","Germany"
"9696",2022-01-09,"Protests","Germany"
"9697",2022-01-09,"Protests","Germany"
"9698",2022-01-09,"Protests","Germany"
"9699",2022-01-09,"Protests","Germany"
"9700",2022-01-09,"Protests","Germany"
"9701",2022-01-09,"Protests","Germany"
"9702",2022-01-09,"Protests","Germany"
"9703",2022-01-09,"Protests","Germany"
"9704",2022-01-09,"Protests","Germany"
"9705",2022-01-09,"Protests","Germany"
"9706",2022-01-09,"Protests","Germany"
"9707",2022-01-10,"Protests","Germany"
"9708",2022-01-10,"Protests","Germany"
"9709",2022-01-10,"Protests","Germany"
"9710",2022-01-10,"Protests","Germany"
"9711",2022-01-10,"Protests","Germany"
"9712",2022-01-10,"Protests","Germany"
"9713",2022-01-10,"Protests","Germany"
"9714",2022-01-10,"Protests","Germany"
"9715",2022-01-10,"Protests","Germany"
"9716",2022-01-10,"Protests","Germany"
"9717",2022-01-10,"Protests","Germany"
"9718",2022-01-10,"Protests","Germany"
"9719",2022-01-10,"Protests","Germany"
"9720",2022-01-10,"Protests","Germany"
"9721",2022-01-10,"Protests","Germany"
"9722",2022-01-10,"Protests","Germany"
"9723",2022-01-10,"Protests","Germany"
"9724",2022-01-10,"Protests","Germany"
"9725",2022-01-10,"Protests","Germany"
"9726",2022-01-10,"Protests","Germany"
"9727",2022-01-10,"Protests","Germany"
"9728",2022-01-10,"Protests","Germany"
"9729",2022-01-10,"Protests","Germany"
"9730",2022-01-10,"Protests","Germany"
"9731",2022-01-10,"Protests","Germany"
"9732",2022-01-10,"Protests","Germany"
"9733",2022-01-10,"Protests","Germany"
"9734",2022-01-10,"Protests","Germany"
"9735",2022-01-10,"Protests","Germany"
"9736",2022-01-10,"Protests","Germany"
"9737",2022-01-10,"Protests","Germany"
"9738",2022-01-10,"Protests","Germany"
"9739",2022-01-10,"Protests","Germany"
"9740",2022-01-10,"Protests","Germany"
"9741",2022-01-10,"Protests","Germany"
"9742",2022-01-10,"Protests","Germany"
"9743",2022-01-10,"Protests","Germany"
"9744",2022-01-10,"Protests","Germany"
"9745",2022-01-10,"Protests","Germany"
"9746",2022-01-10,"Protests","Germany"
"9747",2022-01-10,"Protests","Germany"
"9748",2022-01-10,"Protests","Germany"
"9749",2022-01-10,"Protests","Germany"
"9750",2022-01-10,"Protests","Germany"
"9751",2022-01-10,"Protests","Germany"
"9752",2022-01-10,"Protests","Germany"
"9753",2022-01-10,"Protests","Germany"
"9754",2022-01-10,"Protests","Germany"
"9755",2022-01-10,"Protests","Germany"
"9756",2022-01-10,"Protests","Germany"
"9757",2022-01-10,"Protests","Germany"
"9758",2022-01-10,"Protests","Germany"
"9759",2022-01-10,"Protests","Germany"
"9760",2022-01-10,"Protests","Germany"
"9761",2022-01-10,"Protests","Germany"
"9762",2022-01-10,"Protests","Germany"
"9763",2022-01-10,"Protests","Germany"
"9764",2022-01-10,"Protests","Germany"
"9765",2022-01-10,"Protests","Germany"
"9766",2022-01-10,"Protests","Germany"
"9767",2022-01-10,"Protests","Germany"
"9768",2022-01-10,"Protests","Germany"
"9769",2022-01-10,"Protests","Germany"
"9770",2022-01-10,"Protests","Germany"
"9771",2022-01-10,"Protests","Germany"
"9772",2022-01-10,"Protests","Germany"
"9773",2022-01-10,"Protests","Germany"
"9774",2022-01-10,"Protests","Germany"
"9775",2022-01-10,"Protests","Germany"
"9776",2022-01-10,"Protests","Germany"
"9777",2022-01-10,"Protests","Germany"
"9778",2022-01-10,"Protests","Germany"
"9779",2022-01-10,"Protests","Germany"
"9780",2022-01-10,"Protests","Germany"
"9781",2022-01-10,"Protests","Germany"
"9782",2022-01-10,"Protests","Germany"
"9783",2022-01-10,"Protests","Germany"
"9784",2022-01-10,"Protests","Germany"
"9785",2022-01-10,"Protests","Germany"
"9786",2022-01-10,"Protests","Germany"
"9787",2022-01-10,"Protests","Germany"
"9788",2022-01-10,"Protests","Germany"
"9789",2022-01-10,"Protests","Germany"
"9790",2022-01-10,"Protests","Germany"
"9791",2022-01-10,"Protests","Germany"
"9792",2022-01-10,"Protests","Germany"
"9793",2022-01-10,"Protests","Germany"
"9794",2022-01-10,"Protests","Germany"
"9795",2022-01-10,"Protests","Germany"
"9796",2022-01-10,"Protests","Germany"
"9797",2022-01-10,"Protests","Germany"
"9798",2022-01-10,"Protests","Germany"
"9799",2022-01-10,"Protests","Germany"
"9800",2022-01-10,"Protests","Germany"
"9801",2022-01-10,"Protests","Germany"
"9802",2022-01-10,"Protests","Germany"
"9803",2022-01-10,"Protests","Germany"
"9804",2022-01-10,"Protests","Germany"
"9805",2022-01-10,"Protests","Germany"
"9806",2022-01-10,"Riots","Germany"
"9807",2022-01-10,"Protests","Germany"
"9808",2022-01-10,"Protests","Germany"
"9809",2022-01-10,"Protests","Germany"
"9810",2022-01-10,"Protests","Germany"
"9811",2022-01-10,"Protests","Germany"
"9812",2022-01-10,"Protests","Germany"
"9813",2022-01-10,"Protests","Germany"
"9814",2022-01-10,"Protests","Germany"
"9815",2022-01-10,"Protests","Germany"
"9816",2022-01-10,"Protests","Germany"
"9817",2022-01-10,"Protests","Germany"
"9818",2022-01-10,"Protests","Germany"
"9819",2022-01-10,"Protests","Germany"
"9820",2022-01-10,"Protests","Germany"
"9821",2022-01-10,"Protests","Germany"
"9822",2022-01-10,"Protests","Germany"
"9823",2022-01-10,"Protests","Germany"
"9824",2022-01-10,"Protests","Germany"
"9825",2022-01-10,"Protests","Germany"
"9826",2022-01-10,"Protests","Germany"
"9827",2022-01-10,"Protests","Germany"
"9828",2022-01-10,"Protests","Germany"
"9829",2022-01-10,"Protests","Germany"
"9830",2022-01-10,"Protests","Germany"
"9831",2022-01-10,"Protests","Germany"
"9832",2022-01-10,"Protests","Germany"
"9833",2022-01-10,"Protests","Germany"
"9834",2022-01-10,"Protests","Germany"
"9835",2022-01-10,"Protests","Germany"
"9836",2022-01-10,"Protests","Germany"
"9837",2022-01-10,"Protests","Germany"
"9838",2022-01-10,"Protests","Germany"
"9839",2022-01-10,"Protests","Germany"
"9840",2022-01-10,"Protests","Germany"
"9841",2022-01-10,"Protests","Germany"
"9842",2022-01-10,"Protests","Germany"
"9843",2022-01-10,"Protests","Germany"
"9844",2022-01-10,"Protests","Germany"
"9845",2022-01-10,"Protests","Germany"
"9846",2022-01-10,"Protests","Germany"
"9847",2022-01-10,"Protests","Germany"
"9848",2022-01-10,"Protests","Germany"
"9849",2022-01-10,"Protests","Germany"
"9850",2022-01-10,"Protests","Germany"
"9851",2022-01-10,"Protests","Germany"
"9852",2022-01-10,"Protests","Germany"
"9853",2022-01-10,"Protests","Germany"
"9854",2022-01-10,"Protests","Germany"
"9855",2022-01-10,"Protests","Germany"
"9856",2022-01-10,"Protests","Germany"
"9857",2022-01-10,"Protests","Germany"
"9858",2022-01-10,"Protests","Germany"
"9859",2022-01-10,"Protests","Germany"
"9860",2022-01-10,"Protests","Germany"
"9861",2022-01-10,"Protests","Germany"
"9862",2022-01-10,"Protests","Germany"
"9863",2022-01-10,"Protests","Germany"
"9864",2022-01-10,"Protests","Germany"
"9865",2022-01-10,"Protests","Germany"
"9866",2022-01-10,"Protests","Germany"
"9867",2022-01-10,"Protests","Germany"
"9868",2022-01-10,"Protests","Germany"
"9869",2022-01-10,"Protests","Germany"
"9870",2022-01-10,"Protests","Germany"
"9871",2022-01-10,"Protests","Germany"
"9872",2022-01-10,"Protests","Germany"
"9873",2022-01-10,"Protests","Germany"
"9874",2022-01-10,"Protests","Germany"
"9875",2022-01-10,"Protests","Germany"
"9876",2022-01-10,"Protests","Germany"
"9877",2022-01-10,"Protests","Germany"
"9878",2022-01-10,"Protests","Germany"
"9879",2022-01-10,"Protests","Germany"
"9880",2022-01-10,"Protests","Germany"
"9881",2022-01-10,"Protests","Germany"
"9882",2022-01-10,"Protests","Germany"
"9883",2022-01-10,"Protests","Germany"
"9884",2022-01-10,"Protests","Germany"
"9885",2022-01-10,"Protests","Germany"
"9886",2022-01-10,"Protests","Germany"
"9887",2022-01-10,"Protests","Germany"
"9888",2022-01-10,"Protests","Germany"
"9889",2022-01-10,"Protests","Germany"
"9890",2022-01-10,"Protests","Germany"
"9891",2022-01-10,"Protests","Germany"
"9892",2022-01-10,"Protests","Germany"
"9893",2022-01-10,"Protests","Germany"
"9894",2022-01-10,"Protests","Germany"
"9895",2022-01-10,"Protests","Germany"
"9896",2022-01-10,"Protests","Germany"
"9897",2022-01-10,"Protests","Germany"
"9898",2022-01-10,"Protests","Germany"
"9899",2022-01-10,"Protests","Germany"
"9900",2022-01-10,"Protests","Germany"
"9901",2022-01-10,"Protests","Germany"
"9902",2022-01-10,"Protests","Germany"
"9903",2022-01-10,"Protests","Germany"
"9904",2022-01-10,"Protests","Germany"
"9905",2022-01-10,"Protests","Germany"
"9906",2022-01-10,"Protests","Germany"
"9907",2022-01-10,"Protests","Germany"
"9908",2022-01-10,"Protests","Germany"
"9909",2022-01-10,"Protests","Germany"
"9910",2022-01-10,"Protests","Germany"
"9911",2022-01-10,"Protests","Germany"
"9912",2022-01-10,"Protests","Germany"
"9913",2022-01-10,"Protests","Germany"
"9914",2022-01-10,"Protests","Germany"
"9915",2022-01-10,"Protests","Germany"
"9916",2022-01-10,"Protests","Germany"
"9917",2022-01-10,"Protests","Germany"
"9918",2022-01-10,"Protests","Germany"
"9919",2022-01-10,"Protests","Germany"
"9920",2022-01-10,"Protests","Germany"
"9921",2022-01-10,"Protests","Germany"
"9922",2022-01-10,"Protests","Germany"
"9923",2022-01-10,"Protests","Germany"
"9924",2022-01-10,"Protests","Germany"
"9925",2022-01-10,"Protests","Germany"
"9926",2022-01-10,"Protests","Germany"
"9927",2022-01-10,"Protests","Germany"
"9928",2022-01-10,"Protests","Germany"
"9929",2022-01-10,"Protests","Germany"
"9930",2022-01-10,"Protests","Germany"
"9931",2022-01-10,"Protests","Germany"
"9932",2022-01-10,"Protests","Germany"
"9933",2022-01-10,"Protests","Germany"
"9934",2022-01-10,"Protests","Germany"
"9935",2022-01-10,"Protests","Germany"
"9936",2022-01-10,"Protests","Germany"
"9937",2022-01-10,"Protests","Germany"
"9938",2022-01-10,"Protests","Germany"
"9939",2022-01-10,"Protests","Germany"
"9940",2022-01-10,"Protests","Germany"
"9941",2022-01-10,"Protests","Germany"
"9942",2022-01-10,"Protests","Germany"
"9943",2022-01-10,"Protests","Germany"
"9944",2022-01-10,"Protests","Germany"
"9945",2022-01-10,"Protests","Germany"
"9946",2022-01-10,"Protests","Germany"
"9947",2022-01-10,"Protests","Germany"
"9948",2022-01-10,"Protests","Germany"
"9949",2022-01-10,"Protests","Germany"
"9950",2022-01-10,"Protests","Germany"
"9951",2022-01-10,"Protests","Germany"
"9952",2022-01-10,"Protests","Germany"
"9953",2022-01-10,"Protests","Germany"
"9954",2022-01-10,"Protests","Germany"
"9955",2022-01-10,"Protests","Germany"
"9956",2022-01-10,"Protests","Germany"
"9957",2022-01-10,"Protests","Germany"
"9958",2022-01-10,"Protests","Germany"
"9959",2022-01-10,"Protests","Germany"
"9960",2022-01-10,"Protests","Germany"
"9961",2022-01-10,"Protests","Germany"
"9962",2022-01-10,"Protests","Germany"
"9963",2022-01-10,"Protests","Germany"
"9964",2022-01-10,"Protests","Germany"
"9965",2022-01-10,"Protests","Germany"
"9966",2022-01-10,"Protests","Germany"
"9967",2022-01-10,"Protests","Germany"
"9968",2022-01-10,"Protests","Germany"
"9969",2022-01-10,"Protests","Germany"
"9970",2022-01-10,"Protests","Germany"
"9971",2022-01-10,"Protests","Germany"
"9972",2022-01-10,"Protests","Germany"
"9973",2022-01-10,"Protests","Germany"
"9974",2022-01-10,"Protests","Germany"
"9975",2022-01-10,"Protests","Germany"
"9976",2022-01-10,"Protests","Germany"
"9977",2022-01-10,"Protests","Germany"
"9978",2022-01-10,"Protests","Germany"
"9979",2022-01-10,"Protests","Germany"
"9980",2022-01-10,"Protests","Germany"
"9981",2022-01-10,"Riots","Germany"
"9982",2022-01-10,"Protests","Germany"
"9983",2022-01-10,"Protests","Germany"
"9984",2022-01-10,"Protests","Germany"
"9985",2022-01-10,"Protests","Germany"
"9986",2022-01-10,"Protests","Germany"
"9987",2022-01-10,"Protests","Germany"
"9988",2022-01-10,"Protests","Germany"
"9989",2022-01-10,"Protests","Germany"
"9990",2022-01-10,"Protests","Germany"
"9991",2022-01-10,"Protests","Germany"
"9992",2022-01-10,"Protests","Germany"
"9993",2022-01-10,"Protests","Germany"
"9994",2022-01-10,"Protests","Germany"
"9995",2022-01-10,"Protests","Germany"
"9996",2022-01-10,"Protests","Germany"
"9997",2022-01-10,"Protests","Germany"
"9998",2022-01-10,"Protests","Germany"
"9999",2022-01-10,"Protests","Germany"
"10000",2022-01-10,"Protests","Germany"
"10001",2022-01-10,"Protests","Germany"
"10002",2022-01-10,"Protests","Germany"
"10003",2022-01-10,"Protests","Germany"
"10004",2022-01-10,"Protests","Germany"
"10005",2022-01-10,"Protests","Germany"
"10006",2022-01-10,"Protests","Germany"
"10007",2022-01-10,"Protests","Germany"
"10008",2022-01-10,"Protests","Germany"
"10009",2022-01-10,"Protests","Germany"
"10010",2022-01-10,"Protests","Germany"
"10011",2022-01-10,"Protests","Germany"
"10012",2022-01-10,"Protests","Germany"
"10013",2022-01-10,"Protests","Germany"
"10014",2022-01-10,"Protests","Germany"
"10015",2022-01-10,"Protests","Germany"
"10016",2022-01-10,"Protests","Germany"
"10017",2022-01-10,"Protests","Germany"
"10018",2022-01-10,"Protests","Germany"
"10019",2022-01-10,"Protests","Germany"
"10020",2022-01-10,"Protests","Germany"
"10021",2022-01-10,"Protests","Germany"
"10022",2022-01-10,"Protests","Germany"
"10023",2022-01-10,"Protests","Germany"
"10024",2022-01-10,"Protests","Germany"
"10025",2022-01-10,"Protests","Germany"
"10026",2022-01-10,"Protests","Germany"
"10027",2022-01-10,"Protests","Germany"
"10028",2022-01-10,"Protests","Germany"
"10029",2022-01-10,"Protests","Germany"
"10030",2022-01-10,"Protests","Germany"
"10031",2022-01-10,"Protests","Germany"
"10032",2022-01-10,"Protests","Germany"
"10033",2022-01-10,"Protests","Germany"
"10034",2022-01-10,"Riots","Germany"
"10035",2022-01-10,"Riots","Germany"
"10036",2022-01-10,"Riots","Germany"
"10037",2022-01-10,"Protests","Germany"
"10038",2022-01-10,"Riots","Germany"
"10039",2022-01-10,"Riots","Germany"
"10040",2022-01-10,"Riots","Germany"
"10041",2022-01-10,"Riots","Germany"
"10042",2022-01-10,"Protests","Germany"
"10043",2022-01-10,"Protests","Germany"
"10044",2022-01-10,"Protests","Germany"
"10045",2022-01-10,"Protests","Germany"
"10046",2022-01-10,"Protests","Germany"
"10047",2022-01-10,"Protests","Germany"
"10048",2022-01-10,"Protests","Germany"
"10049",2022-01-10,"Protests","Germany"
"10050",2022-01-10,"Protests","Germany"
"10051",2022-01-11,"Protests","Germany"
"10052",2022-01-11,"Protests","Germany"
"10053",2022-01-11,"Protests","Germany"
"10054",2022-01-11,"Protests","Germany"
"10055",2022-01-11,"Protests","Germany"
"10056",2022-01-11,"Protests","Germany"
"10057",2022-01-11,"Protests","Germany"
"10058",2022-01-12,"Protests","Germany"
"10059",2022-01-12,"Protests","Germany"
"10060",2022-01-12,"Protests","Germany"
"10061",2022-01-12,"Protests","Germany"
"10062",2022-01-12,"Protests","Germany"
"10063",2022-01-12,"Protests","Germany"
"10064",2022-01-12,"Protests","Germany"
"10065",2022-01-12,"Protests","Germany"
"10066",2022-01-12,"Protests","Germany"
"10067",2022-01-12,"Protests","Germany"
"10068",2022-01-12,"Protests","Germany"
"10069",2022-01-12,"Protests","Germany"
"10070",2022-01-12,"Protests","Germany"
"10071",2022-01-12,"Protests","Germany"
"10072",2022-01-12,"Protests","Germany"
"10073",2022-01-12,"Protests","Germany"
"10074",2022-01-12,"Protests","Germany"
"10075",2022-01-12,"Protests","Germany"
"10076",2022-01-12,"Protests","Germany"
"10077",2022-01-12,"Riots","Germany"
"10078",2022-01-12,"Protests","Germany"
"10079",2022-01-13,"Protests","Germany"
"10080",2022-01-13,"Protests","Germany"
"10081",2022-01-13,"Protests","Germany"
"10082",2022-01-13,"Protests","Germany"
"10083",2022-01-13,"Protests","Germany"
"10084",2022-01-13,"Protests","Germany"
"10085",2022-01-13,"Protests","Germany"
"10086",2022-01-13,"Protests","Germany"
"10087",2022-01-13,"Protests","Germany"
"10088",2022-01-13,"Protests","Germany"
"10089",2022-01-13,"Protests","Germany"
"10090",2022-01-13,"Protests","Germany"
"10091",2022-01-13,"Protests","Germany"
"10092",2022-01-13,"Protests","Germany"
"10093",2022-01-13,"Protests","Germany"
"10094",2022-01-14,"Protests","Germany"
"10095",2022-01-14,"Protests","Germany"
"10096",2022-01-14,"Protests","Germany"
"10097",2022-01-14,"Protests","Germany"
"10098",2022-01-14,"Protests","Germany"
"10099",2022-01-14,"Protests","Germany"
"10100",2022-01-14,"Protests","Germany"
"10101",2022-01-14,"Protests","Germany"
"10102",2022-01-14,"Protests","Germany"
"10103",2022-01-14,"Protests","Germany"
"10104",2022-01-14,"Protests","Germany"
"10105",2022-01-15,"Protests","Germany"
"10106",2022-01-15,"Protests","Germany"
"10107",2022-01-15,"Protests","Germany"
"10108",2022-01-15,"Protests","Germany"
"10109",2022-01-15,"Protests","Germany"
"10110",2022-01-15,"Protests","Germany"
"10111",2022-01-15,"Protests","Germany"
"10112",2022-01-15,"Protests","Germany"
"10113",2022-01-15,"Protests","Germany"
"10114",2022-01-15,"Protests","Germany"
"10115",2022-01-15,"Protests","Germany"
"10116",2022-01-15,"Protests","Germany"
"10117",2022-01-15,"Protests","Germany"
"10118",2022-01-15,"Protests","Germany"
"10119",2022-01-15,"Protests","Germany"
"10120",2022-01-15,"Protests","Germany"
"10121",2022-01-15,"Protests","Germany"
"10122",2022-01-15,"Protests","Germany"
"10123",2022-01-15,"Protests","Germany"
"10124",2022-01-15,"Protests","Germany"
"10125",2022-01-15,"Protests","Germany"
"10126",2022-01-15,"Protests","Germany"
"10127",2022-01-15,"Protests","Germany"
"10128",2022-01-15,"Protests","Germany"
"10129",2022-01-15,"Riots","Germany"
"10130",2022-01-15,"Protests","Germany"
"10131",2022-01-15,"Protests","Germany"
"10132",2022-01-15,"Protests","Germany"
"10133",2022-01-15,"Protests","Germany"
"10134",2022-01-15,"Protests","Germany"
"10135",2022-01-15,"Protests","Germany"
"10136",2022-01-15,"Riots","Germany"
"10137",2022-01-15,"Protests","Germany"
"10138",2022-01-15,"Riots","Germany"
"10139",2022-01-15,"Protests","Germany"
"10140",2022-01-15,"Protests","Germany"
"10141",2022-01-15,"Protests","Germany"
"10142",2022-01-15,"Protests","Germany"
"10143",2022-01-15,"Protests","Germany"
"10144",2022-01-15,"Riots","Germany"
"10145",2022-01-15,"Protests","Germany"
"10146",2022-01-16,"Protests","Germany"
"10147",2022-01-16,"Protests","Germany"
"10148",2022-01-16,"Protests","Germany"
"10149",2022-01-16,"Protests","Germany"
"10150",2022-01-16,"Protests","Germany"
"10151",2022-01-16,"Protests","Germany"
"10152",2022-01-16,"Protests","Germany"
"10153",2022-01-16,"Protests","Germany"
"10154",2022-01-16,"Protests","Germany"
"10155",2022-01-16,"Protests","Germany"
"10156",2022-01-16,"Protests","Germany"
"10157",2022-01-17,"Protests","Germany"
"10158",2022-01-17,"Protests","Germany"
"10159",2022-01-17,"Protests","Germany"
"10160",2022-01-17,"Protests","Germany"
"10161",2022-01-17,"Protests","Germany"
"10162",2022-01-17,"Protests","Germany"
"10163",2022-01-17,"Protests","Germany"
"10164",2022-01-17,"Protests","Germany"
"10165",2022-01-17,"Protests","Germany"
"10166",2022-01-17,"Protests","Germany"
"10167",2022-01-17,"Protests","Germany"
"10168",2022-01-17,"Protests","Germany"
"10169",2022-01-17,"Protests","Germany"
"10170",2022-01-17,"Protests","Germany"
"10171",2022-01-17,"Protests","Germany"
"10172",2022-01-17,"Protests","Germany"
"10173",2022-01-17,"Protests","Germany"
"10174",2022-01-17,"Protests","Germany"
"10175",2022-01-17,"Protests","Germany"
"10176",2022-01-17,"Protests","Germany"
"10177",2022-01-17,"Protests","Germany"
"10178",2022-01-17,"Protests","Germany"
"10179",2022-01-17,"Protests","Germany"
"10180",2022-01-17,"Protests","Germany"
"10181",2022-01-17,"Protests","Germany"
"10182",2022-01-17,"Protests","Germany"
"10183",2022-01-17,"Protests","Germany"
"10184",2022-01-17,"Protests","Germany"
"10185",2022-01-17,"Protests","Germany"
"10186",2022-01-17,"Protests","Germany"
"10187",2022-01-17,"Protests","Germany"
"10188",2022-01-17,"Protests","Germany"
"10189",2022-01-17,"Protests","Germany"
"10190",2022-01-17,"Protests","Germany"
"10191",2022-01-17,"Protests","Germany"
"10192",2022-01-17,"Protests","Germany"
"10193",2022-01-17,"Protests","Germany"
"10194",2022-01-17,"Protests","Germany"
"10195",2022-01-17,"Protests","Germany"
"10196",2022-01-17,"Protests","Germany"
"10197",2022-01-17,"Protests","Germany"
"10198",2022-01-17,"Protests","Germany"
"10199",2022-01-17,"Protests","Germany"
"10200",2022-01-17,"Protests","Germany"
"10201",2022-01-17,"Protests","Germany"
"10202",2022-01-17,"Protests","Germany"
"10203",2022-01-17,"Protests","Germany"
"10204",2022-01-17,"Protests","Germany"
"10205",2022-01-17,"Protests","Germany"
"10206",2022-01-17,"Protests","Germany"
"10207",2022-01-17,"Protests","Germany"
"10208",2022-01-17,"Protests","Germany"
"10209",2022-01-17,"Protests","Germany"
"10210",2022-01-17,"Protests","Germany"
"10211",2022-01-17,"Protests","Germany"
"10212",2022-01-17,"Protests","Germany"
"10213",2022-01-17,"Protests","Germany"
"10214",2022-01-17,"Protests","Germany"
"10215",2022-01-17,"Protests","Germany"
"10216",2022-01-17,"Protests","Germany"
"10217",2022-01-17,"Protests","Germany"
"10218",2022-01-17,"Protests","Germany"
"10219",2022-01-17,"Protests","Germany"
"10220",2022-01-17,"Protests","Germany"
"10221",2022-01-17,"Protests","Germany"
"10222",2022-01-17,"Protests","Germany"
"10223",2022-01-17,"Protests","Germany"
"10224",2022-01-17,"Protests","Germany"
"10225",2022-01-17,"Protests","Germany"
"10226",2022-01-17,"Protests","Germany"
"10227",2022-01-17,"Protests","Germany"
"10228",2022-01-17,"Protests","Germany"
"10229",2022-01-17,"Protests","Germany"
"10230",2022-01-17,"Protests","Germany"
"10231",2022-01-17,"Protests","Germany"
"10232",2022-01-17,"Protests","Germany"
"10233",2022-01-17,"Protests","Germany"
"10234",2022-01-17,"Protests","Germany"
"10235",2022-01-17,"Protests","Germany"
"10236",2022-01-17,"Protests","Germany"
"10237",2022-01-17,"Protests","Germany"
"10238",2022-01-17,"Protests","Germany"
"10239",2022-01-17,"Protests","Germany"
"10240",2022-01-17,"Protests","Germany"
"10241",2022-01-17,"Protests","Germany"
"10242",2022-01-17,"Protests","Germany"
"10243",2022-01-17,"Protests","Germany"
"10244",2022-01-17,"Protests","Germany"
"10245",2022-01-17,"Protests","Germany"
"10246",2022-01-17,"Protests","Germany"
"10247",2022-01-17,"Protests","Germany"
"10248",2022-01-17,"Protests","Germany"
"10249",2022-01-17,"Protests","Germany"
"10250",2022-01-17,"Protests","Germany"
"10251",2022-01-17,"Protests","Germany"
"10252",2022-01-17,"Protests","Germany"
"10253",2022-01-17,"Protests","Germany"
"10254",2022-01-17,"Protests","Germany"
"10255",2022-01-17,"Protests","Germany"
"10256",2022-01-17,"Protests","Germany"
"10257",2022-01-17,"Protests","Germany"
"10258",2022-01-17,"Protests","Germany"
"10259",2022-01-17,"Protests","Germany"
"10260",2022-01-17,"Protests","Germany"
"10261",2022-01-17,"Protests","Germany"
"10262",2022-01-17,"Protests","Germany"
"10263",2022-01-17,"Protests","Germany"
"10264",2022-01-17,"Protests","Germany"
"10265",2022-01-17,"Protests","Germany"
"10266",2022-01-17,"Protests","Germany"
"10267",2022-01-17,"Protests","Germany"
"10268",2022-01-17,"Protests","Germany"
"10269",2022-01-17,"Protests","Germany"
"10270",2022-01-17,"Protests","Germany"
"10271",2022-01-17,"Protests","Germany"
"10272",2022-01-17,"Protests","Germany"
"10273",2022-01-17,"Protests","Germany"
"10274",2022-01-17,"Protests","Germany"
"10275",2022-01-17,"Protests","Germany"
"10276",2022-01-17,"Protests","Germany"
"10277",2022-01-17,"Protests","Germany"
"10278",2022-01-17,"Protests","Germany"
"10279",2022-01-17,"Protests","Germany"
"10280",2022-01-17,"Protests","Germany"
"10281",2022-01-17,"Protests","Germany"
"10282",2022-01-17,"Protests","Germany"
"10283",2022-01-17,"Protests","Germany"
"10284",2022-01-17,"Protests","Germany"
"10285",2022-01-17,"Protests","Germany"
"10286",2022-01-17,"Protests","Germany"
"10287",2022-01-17,"Protests","Germany"
"10288",2022-01-17,"Protests","Germany"
"10289",2022-01-17,"Protests","Germany"
"10290",2022-01-17,"Protests","Germany"
"10291",2022-01-17,"Protests","Germany"
"10292",2022-01-17,"Protests","Germany"
"10293",2022-01-17,"Protests","Germany"
"10294",2022-01-17,"Protests","Germany"
"10295",2022-01-17,"Protests","Germany"
"10296",2022-01-17,"Protests","Germany"
"10297",2022-01-17,"Protests","Germany"
"10298",2022-01-17,"Protests","Germany"
"10299",2022-01-17,"Protests","Germany"
"10300",2022-01-17,"Protests","Germany"
"10301",2022-01-17,"Protests","Germany"
"10302",2022-01-17,"Protests","Germany"
"10303",2022-01-17,"Protests","Germany"
"10304",2022-01-17,"Protests","Germany"
"10305",2022-01-17,"Protests","Germany"
"10306",2022-01-17,"Protests","Germany"
"10307",2022-01-17,"Protests","Germany"
"10308",2022-01-17,"Protests","Germany"
"10309",2022-01-17,"Protests","Germany"
"10310",2022-01-17,"Protests","Germany"
"10311",2022-01-17,"Protests","Germany"
"10312",2022-01-17,"Protests","Germany"
"10313",2022-01-17,"Protests","Germany"
"10314",2022-01-17,"Protests","Germany"
"10315",2022-01-17,"Protests","Germany"
"10316",2022-01-17,"Protests","Germany"
"10317",2022-01-17,"Protests","Germany"
"10318",2022-01-17,"Protests","Germany"
"10319",2022-01-17,"Protests","Germany"
"10320",2022-01-17,"Protests","Germany"
"10321",2022-01-17,"Protests","Germany"
"10322",2022-01-17,"Protests","Germany"
"10323",2022-01-17,"Protests","Germany"
"10324",2022-01-17,"Protests","Germany"
"10325",2022-01-17,"Protests","Germany"
"10326",2022-01-17,"Protests","Germany"
"10327",2022-01-17,"Protests","Germany"
"10328",2022-01-17,"Protests","Germany"
"10329",2022-01-17,"Protests","Germany"
"10330",2022-01-17,"Protests","Germany"
"10331",2022-01-17,"Protests","Germany"
"10332",2022-01-17,"Protests","Germany"
"10333",2022-01-17,"Protests","Germany"
"10334",2022-01-17,"Protests","Germany"
"10335",2022-01-17,"Protests","Germany"
"10336",2022-01-17,"Protests","Germany"
"10337",2022-01-17,"Protests","Germany"
"10338",2022-01-17,"Protests","Germany"
"10339",2022-01-17,"Protests","Germany"
"10340",2022-01-17,"Protests","Germany"
"10341",2022-01-17,"Protests","Germany"
"10342",2022-01-17,"Protests","Germany"
"10343",2022-01-17,"Protests","Germany"
"10344",2022-01-17,"Protests","Germany"
"10345",2022-01-17,"Protests","Germany"
"10346",2022-01-17,"Protests","Germany"
"10347",2022-01-17,"Protests","Germany"
"10348",2022-01-17,"Protests","Germany"
"10349",2022-01-17,"Protests","Germany"
"10350",2022-01-17,"Protests","Germany"
"10351",2022-01-17,"Protests","Germany"
"10352",2022-01-17,"Protests","Germany"
"10353",2022-01-17,"Protests","Germany"
"10354",2022-01-17,"Protests","Germany"
"10355",2022-01-17,"Protests","Germany"
"10356",2022-01-17,"Protests","Germany"
"10357",2022-01-17,"Protests","Germany"
"10358",2022-01-17,"Protests","Germany"
"10359",2022-01-17,"Protests","Germany"
"10360",2022-01-17,"Protests","Germany"
"10361",2022-01-17,"Protests","Germany"
"10362",2022-01-17,"Protests","Germany"
"10363",2022-01-17,"Protests","Germany"
"10364",2022-01-17,"Protests","Germany"
"10365",2022-01-17,"Protests","Germany"
"10366",2022-01-17,"Protests","Germany"
"10367",2022-01-17,"Protests","Germany"
"10368",2022-01-17,"Protests","Germany"
"10369",2022-01-17,"Protests","Germany"
"10370",2022-01-17,"Protests","Germany"
"10371",2022-01-17,"Protests","Germany"
"10372",2022-01-17,"Protests","Germany"
"10373",2022-01-17,"Protests","Germany"
"10374",2022-01-17,"Protests","Germany"
"10375",2022-01-17,"Protests","Germany"
"10376",2022-01-17,"Protests","Germany"
"10377",2022-01-17,"Protests","Germany"
"10378",2022-01-17,"Protests","Germany"
"10379",2022-01-17,"Protests","Germany"
"10380",2022-01-17,"Protests","Germany"
"10381",2022-01-17,"Protests","Germany"
"10382",2022-01-17,"Protests","Germany"
"10383",2022-01-17,"Protests","Germany"
"10384",2022-01-17,"Riots","Germany"
"10385",2022-01-17,"Protests","Germany"
"10386",2022-01-17,"Protests","Germany"
"10387",2022-01-17,"Protests","Germany"
"10388",2022-01-17,"Protests","Germany"
"10389",2022-01-17,"Protests","Germany"
"10390",2022-01-17,"Protests","Germany"
"10391",2022-01-17,"Protests","Germany"
"10392",2022-01-17,"Protests","Germany"
"10393",2022-01-17,"Protests","Germany"
"10394",2022-01-17,"Protests","Germany"
"10395",2022-01-17,"Protests","Germany"
"10396",2022-01-17,"Protests","Germany"
"10397",2022-01-17,"Protests","Germany"
"10398",2022-01-17,"Protests","Germany"
"10399",2022-01-17,"Protests","Germany"
"10400",2022-01-17,"Protests","Germany"
"10401",2022-01-17,"Protests","Germany"
"10402",2022-01-17,"Protests","Germany"
"10403",2022-01-17,"Protests","Germany"
"10404",2022-01-17,"Protests","Germany"
"10405",2022-01-17,"Riots","Germany"
"10406",2022-01-17,"Protests","Germany"
"10407",2022-01-17,"Protests","Germany"
"10408",2022-01-17,"Protests","Germany"
"10409",2022-01-17,"Protests","Germany"
"10410",2022-01-17,"Protests","Germany"
"10411",2022-01-17,"Protests","Germany"
"10412",2022-01-17,"Protests","Germany"
"10413",2022-01-17,"Protests","Germany"
"10414",2022-01-17,"Protests","Germany"
"10415",2022-01-17,"Protests","Germany"
"10416",2022-01-17,"Protests","Germany"
"10417",2022-01-17,"Protests","Germany"
"10418",2022-01-17,"Protests","Germany"
"10419",2022-01-17,"Protests","Germany"
"10420",2022-01-17,"Protests","Germany"
"10421",2022-01-17,"Protests","Germany"
"10422",2022-01-17,"Protests","Germany"
"10423",2022-01-17,"Protests","Germany"
"10424",2022-01-17,"Protests","Germany"
"10425",2022-01-17,"Protests","Germany"
"10426",2022-01-17,"Protests","Germany"
"10427",2022-01-17,"Protests","Germany"
"10428",2022-01-17,"Protests","Germany"
"10429",2022-01-17,"Riots","Germany"
"10430",2022-01-17,"Riots","Germany"
"10431",2022-01-17,"Riots","Germany"
"10432",2022-01-17,"Riots","Germany"
"10433",2022-01-17,"Riots","Germany"
"10434",2022-01-17,"Protests","Germany"
"10435",2022-01-17,"Protests","Germany"
"10436",2022-01-17,"Protests","Germany"
"10437",2022-01-18,"Protests","Germany"
"10438",2022-01-18,"Protests","Germany"
"10439",2022-01-18,"Protests","Germany"
"10440",2022-01-18,"Protests","Germany"
"10441",2022-01-18,"Protests","Germany"
"10442",2022-01-18,"Riots","Germany"
"10443",2022-01-18,"Protests","Germany"
"10444",2022-01-19,"Protests","Germany"
"10445",2022-01-19,"Protests","Germany"
"10446",2022-01-19,"Protests","Germany"
"10447",2022-01-19,"Protests","Germany"
"10448",2022-01-19,"Protests","Germany"
"10449",2022-01-19,"Protests","Germany"
"10450",2022-01-19,"Protests","Germany"
"10451",2022-01-19,"Protests","Germany"
"10452",2022-01-19,"Protests","Germany"
"10453",2022-01-20,"Protests","Germany"
"10454",2022-01-20,"Protests","Germany"
"10455",2022-01-20,"Protests","Germany"
"10456",2022-01-20,"Protests","Germany"
"10457",2022-01-20,"Protests","Germany"
"10458",2022-01-20,"Protests","Germany"
"10459",2022-01-20,"Protests","Germany"
"10460",2022-01-21,"Protests","Germany"
"10461",2022-01-21,"Protests","Germany"
"10462",2022-01-21,"Protests","Germany"
"10463",2022-01-21,"Protests","Germany"
"10464",2022-01-21,"Protests","Germany"
"10465",2022-01-21,"Protests","Germany"
"10466",2022-01-21,"Protests","Germany"
"10467",2022-01-21,"Protests","Germany"
"10468",2022-01-22,"Protests","Germany"
"10469",2022-01-22,"Protests","Germany"
"10470",2022-01-22,"Protests","Germany"
"10471",2022-01-22,"Protests","Germany"
"10472",2022-01-22,"Protests","Germany"
"10473",2022-01-22,"Protests","Germany"
"10474",2022-01-22,"Protests","Germany"
"10475",2022-01-22,"Protests","Germany"
"10476",2022-01-22,"Protests","Germany"
"10477",2022-01-22,"Protests","Germany"
"10478",2022-01-22,"Protests","Germany"
"10479",2022-01-22,"Protests","Germany"
"10480",2022-01-22,"Protests","Germany"
"10481",2022-01-22,"Protests","Germany"
"10482",2022-01-22,"Protests","Germany"
"10483",2022-01-22,"Protests","Germany"
"10484",2022-01-22,"Protests","Germany"
"10485",2022-01-22,"Protests","Germany"
"10486",2022-01-22,"Protests","Germany"
"10487",2022-01-22,"Protests","Germany"
"10488",2022-01-22,"Protests","Germany"
"10489",2022-01-22,"Protests","Germany"
"10490",2022-01-22,"Protests","Germany"
"10491",2022-01-22,"Protests","Germany"
"10492",2022-01-22,"Protests","Germany"
"10493",2022-01-22,"Protests","Germany"
"10494",2022-01-22,"Protests","Germany"
"10495",2022-01-22,"Protests","Germany"
"10496",2022-01-22,"Protests","Germany"
"10497",2022-01-22,"Protests","Germany"
"10498",2022-01-22,"Protests","Germany"
"10499",2022-01-22,"Protests","Germany"
"10500",2022-01-22,"Protests","Germany"
"10501",2022-01-22,"Protests","Germany"
"10502",2022-01-22,"Riots","Germany"
"10503",2022-01-22,"Protests","Germany"
"10504",2022-01-22,"Protests","Germany"
"10505",2022-01-22,"Protests","Germany"
"10506",2022-01-22,"Protests","Germany"
"10507",2022-01-22,"Protests","Germany"
"10508",2022-01-22,"Protests","Germany"
"10509",2022-01-22,"Protests","Germany"
"10510",2022-01-22,"Protests","Germany"
"10511",2022-01-22,"Protests","Germany"
"10512",2022-01-22,"Protests","Germany"
"10513",2022-01-22,"Riots","Germany"
"10514",2022-01-22,"Protests","Germany"
"10515",2022-01-22,"Protests","Germany"
"10516",2022-01-23,"Protests","Germany"
"10517",2022-01-23,"Protests","Germany"
"10518",2022-01-23,"Protests","Germany"
"10519",2022-01-23,"Protests","Germany"
"10520",2022-01-23,"Protests","Germany"
"10521",2022-01-23,"Protests","Germany"
"10522",2022-01-23,"Protests","Germany"
"10523",2022-01-23,"Protests","Germany"
"10524",2022-01-23,"Protests","Germany"
"10525",2022-01-23,"Protests","Germany"
"10526",2022-01-23,"Riots","Germany"
"10527",2022-01-24,"Protests","Germany"
"10528",2022-01-24,"Protests","Germany"
"10529",2022-01-24,"Protests","Germany"
"10530",2022-01-24,"Protests","Germany"
"10531",2022-01-24,"Protests","Germany"
"10532",2022-01-24,"Protests","Germany"
"10533",2022-01-24,"Protests","Germany"
"10534",2022-01-24,"Protests","Germany"
"10535",2022-01-24,"Protests","Germany"
"10536",2022-01-24,"Protests","Germany"
"10537",2022-01-24,"Protests","Germany"
"10538",2022-01-24,"Protests","Germany"
"10539",2022-01-24,"Protests","Germany"
"10540",2022-01-24,"Protests","Germany"
"10541",2022-01-24,"Protests","Germany"
"10542",2022-01-24,"Protests","Germany"
"10543",2022-01-24,"Protests","Germany"
"10544",2022-01-24,"Protests","Germany"
"10545",2022-01-24,"Protests","Germany"
"10546",2022-01-24,"Protests","Germany"
"10547",2022-01-24,"Protests","Germany"
"10548",2022-01-24,"Protests","Germany"
"10549",2022-01-24,"Protests","Germany"
"10550",2022-01-24,"Protests","Germany"
"10551",2022-01-24,"Protests","Germany"
"10552",2022-01-24,"Protests","Germany"
"10553",2022-01-24,"Protests","Germany"
"10554",2022-01-24,"Protests","Germany"
"10555",2022-01-24,"Protests","Germany"
"10556",2022-01-24,"Protests","Germany"
"10557",2022-01-24,"Protests","Germany"
"10558",2022-01-24,"Protests","Germany"
"10559",2022-01-24,"Protests","Germany"
"10560",2022-01-24,"Protests","Germany"
"10561",2022-01-24,"Protests","Germany"
"10562",2022-01-24,"Protests","Germany"
"10563",2022-01-24,"Protests","Germany"
"10564",2022-01-24,"Protests","Germany"
"10565",2022-01-24,"Protests","Germany"
"10566",2022-01-24,"Protests","Germany"
"10567",2022-01-24,"Protests","Germany"
"10568",2022-01-24,"Protests","Germany"
"10569",2022-01-24,"Protests","Germany"
"10570",2022-01-24,"Protests","Germany"
"10571",2022-01-24,"Protests","Germany"
"10572",2022-01-24,"Protests","Germany"
"10573",2022-01-24,"Protests","Germany"
"10574",2022-01-24,"Protests","Germany"
"10575",2022-01-24,"Protests","Germany"
"10576",2022-01-24,"Protests","Germany"
"10577",2022-01-24,"Protests","Germany"
"10578",2022-01-24,"Protests","Germany"
"10579",2022-01-24,"Protests","Germany"
"10580",2022-01-24,"Protests","Germany"
"10581",2022-01-24,"Protests","Germany"
"10582",2022-01-24,"Protests","Germany"
"10583",2022-01-24,"Protests","Germany"
"10584",2022-01-24,"Protests","Germany"
"10585",2022-01-24,"Protests","Germany"
"10586",2022-01-24,"Protests","Germany"
"10587",2022-01-24,"Protests","Germany"
"10588",2022-01-24,"Protests","Germany"
"10589",2022-01-24,"Protests","Germany"
"10590",2022-01-24,"Protests","Germany"
"10591",2022-01-24,"Protests","Germany"
"10592",2022-01-24,"Protests","Germany"
"10593",2022-01-24,"Protests","Germany"
"10594",2022-01-24,"Protests","Germany"
"10595",2022-01-24,"Protests","Germany"
"10596",2022-01-24,"Protests","Germany"
"10597",2022-01-24,"Protests","Germany"
"10598",2022-01-24,"Protests","Germany"
"10599",2022-01-24,"Protests","Germany"
"10600",2022-01-24,"Protests","Germany"
"10601",2022-01-24,"Protests","Germany"
"10602",2022-01-24,"Protests","Germany"
"10603",2022-01-24,"Protests","Germany"
"10604",2022-01-24,"Protests","Germany"
"10605",2022-01-24,"Protests","Germany"
"10606",2022-01-24,"Protests","Germany"
"10607",2022-01-24,"Protests","Germany"
"10608",2022-01-24,"Protests","Germany"
"10609",2022-01-24,"Protests","Germany"
"10610",2022-01-24,"Protests","Germany"
"10611",2022-01-24,"Protests","Germany"
"10612",2022-01-24,"Protests","Germany"
"10613",2022-01-24,"Protests","Germany"
"10614",2022-01-24,"Protests","Germany"
"10615",2022-01-24,"Protests","Germany"
"10616",2022-01-24,"Protests","Germany"
"10617",2022-01-24,"Protests","Germany"
"10618",2022-01-24,"Protests","Germany"
"10619",2022-01-24,"Protests","Germany"
"10620",2022-01-24,"Protests","Germany"
"10621",2022-01-24,"Protests","Germany"
"10622",2022-01-24,"Protests","Germany"
"10623",2022-01-24,"Protests","Germany"
"10624",2022-01-24,"Protests","Germany"
"10625",2022-01-24,"Protests","Germany"
"10626",2022-01-24,"Protests","Germany"
"10627",2022-01-24,"Protests","Germany"
"10628",2022-01-24,"Protests","Germany"
"10629",2022-01-24,"Protests","Germany"
"10630",2022-01-24,"Protests","Germany"
"10631",2022-01-24,"Protests","Germany"
"10632",2022-01-24,"Protests","Germany"
"10633",2022-01-24,"Protests","Germany"
"10634",2022-01-24,"Protests","Germany"
"10635",2022-01-24,"Protests","Germany"
"10636",2022-01-24,"Protests","Germany"
"10637",2022-01-24,"Protests","Germany"
"10638",2022-01-24,"Protests","Germany"
"10639",2022-01-24,"Protests","Germany"
"10640",2022-01-24,"Protests","Germany"
"10641",2022-01-24,"Protests","Germany"
"10642",2022-01-24,"Protests","Germany"
"10643",2022-01-24,"Protests","Germany"
"10644",2022-01-24,"Protests","Germany"
"10645",2022-01-24,"Protests","Germany"
"10646",2022-01-24,"Protests","Germany"
"10647",2022-01-24,"Protests","Germany"
"10648",2022-01-24,"Protests","Germany"
"10649",2022-01-24,"Protests","Germany"
"10650",2022-01-24,"Protests","Germany"
"10651",2022-01-24,"Protests","Germany"
"10652",2022-01-24,"Protests","Germany"
"10653",2022-01-24,"Protests","Germany"
"10654",2022-01-24,"Protests","Germany"
"10655",2022-01-24,"Protests","Germany"
"10656",2022-01-24,"Protests","Germany"
"10657",2022-01-24,"Protests","Germany"
"10658",2022-01-24,"Protests","Germany"
"10659",2022-01-24,"Protests","Germany"
"10660",2022-01-24,"Protests","Germany"
"10661",2022-01-24,"Protests","Germany"
"10662",2022-01-24,"Protests","Germany"
"10663",2022-01-24,"Protests","Germany"
"10664",2022-01-24,"Protests","Germany"
"10665",2022-01-24,"Protests","Germany"
"10666",2022-01-24,"Protests","Germany"
"10667",2022-01-24,"Protests","Germany"
"10668",2022-01-24,"Protests","Germany"
"10669",2022-01-24,"Protests","Germany"
"10670",2022-01-24,"Protests","Germany"
"10671",2022-01-24,"Protests","Germany"
"10672",2022-01-24,"Protests","Germany"
"10673",2022-01-24,"Protests","Germany"
"10674",2022-01-24,"Protests","Germany"
"10675",2022-01-24,"Protests","Germany"
"10676",2022-01-24,"Protests","Germany"
"10677",2022-01-24,"Protests","Germany"
"10678",2022-01-24,"Protests","Germany"
"10679",2022-01-24,"Protests","Germany"
"10680",2022-01-24,"Protests","Germany"
"10681",2022-01-24,"Protests","Germany"
"10682",2022-01-24,"Protests","Germany"
"10683",2022-01-24,"Protests","Germany"
"10684",2022-01-24,"Protests","Germany"
"10685",2022-01-24,"Protests","Germany"
"10686",2022-01-24,"Protests","Germany"
"10687",2022-01-24,"Protests","Germany"
"10688",2022-01-24,"Protests","Germany"
"10689",2022-01-24,"Riots","Germany"
"10690",2022-01-24,"Protests","Germany"
"10691",2022-01-24,"Riots","Germany"
"10692",2022-01-24,"Protests","Germany"
"10693",2022-01-24,"Protests","Germany"
"10694",2022-01-24,"Protests","Germany"
"10695",2022-01-24,"Protests","Germany"
"10696",2022-01-24,"Riots","Germany"
"10697",2022-01-24,"Protests","Germany"
"10698",2022-01-24,"Protests","Germany"
"10699",2022-01-24,"Protests","Germany"
"10700",2022-01-24,"Protests","Germany"
"10701",2022-01-24,"Protests","Germany"
"10702",2022-01-24,"Protests","Germany"
"10703",2022-01-24,"Protests","Germany"
"10704",2022-01-24,"Riots","Germany"
"10705",2022-01-24,"Protests","Germany"
"10706",2022-01-24,"Protests","Germany"
"10707",2022-01-24,"Riots","Germany"
"10708",2022-01-24,"Protests","Germany"
"10709",2022-01-24,"Protests","Germany"
"10710",2022-01-24,"Riots","Germany"
"10711",2022-01-24,"Protests","Germany"
"10712",2022-01-24,"Protests","Germany"
"10713",2022-01-24,"Protests","Germany"
"10714",2022-01-24,"Riots","Germany"
"10715",2022-01-24,"Protests","Germany"
"10716",2022-01-24,"Protests","Germany"
"10717",2022-01-24,"Protests","Germany"
"10718",2022-01-24,"Protests","Germany"
"10719",2022-01-24,"Protests","Germany"
"10720",2022-01-24,"Protests","Germany"
"10721",2022-01-24,"Protests","Germany"
"10722",2022-01-24,"Protests","Germany"
"10723",2022-01-24,"Protests","Germany"
"10724",2022-01-24,"Protests","Germany"
"10725",2022-01-24,"Protests","Germany"
"10726",2022-01-25,"Protests","Germany"
"10727",2022-01-25,"Protests","Germany"
"10728",2022-01-25,"Protests","Germany"
"10729",2022-01-25,"Protests","Germany"
"10730",2022-01-25,"Protests","Germany"
"10731",2022-01-25,"Protests","Germany"
"10732",2022-01-26,"Protests","Germany"
"10733",2022-01-26,"Protests","Germany"
"10734",2022-01-26,"Protests","Germany"
"10735",2022-01-26,"Protests","Germany"
"10736",2022-01-26,"Protests","Germany"
"10737",2022-01-26,"Protests","Germany"
"10738",2022-01-26,"Protests","Germany"
"10739",2022-01-26,"Protests","Germany"
"10740",2022-01-26,"Protests","Germany"
"10741",2022-01-26,"Protests","Germany"
"10742",2022-01-26,"Protests","Germany"
"10743",2022-01-26,"Protests","Germany"
"10744",2022-01-26,"Protests","Germany"
"10745",2022-01-26,"Protests","Germany"
"10746",2022-01-26,"Protests","Germany"
"10747",2022-01-26,"Protests","Germany"
"10748",2022-01-26,"Protests","Germany"
"10749",2022-01-26,"Protests","Germany"
"10750",2022-01-27,"Protests","Germany"
"10751",2022-01-27,"Protests","Germany"
"10752",2022-01-27,"Protests","Germany"
"10753",2022-01-27,"Riots","Germany"
"10754",2022-01-28,"Protests","Germany"
"10755",2022-01-28,"Protests","Germany"
"10756",2022-01-28,"Protests","Germany"
"10757",2022-01-28,"Protests","Germany"
"10758",2022-01-28,"Protests","Germany"
"10759",2022-01-28,"Protests","Germany"
"10760",2022-01-28,"Protests","Germany"
"10761",2022-01-28,"Protests","Germany"
"10762",2022-01-28,"Protests","Germany"
"10763",2022-01-28,"Protests","Germany"
"10764",2022-01-28,"Protests","Germany"
"10765",2022-01-28,"Riots","Germany"
"10766",2022-01-29,"Protests","Germany"
"10767",2022-01-29,"Protests","Germany"
"10768",2022-01-29,"Protests","Germany"
"10769",2022-01-29,"Protests","Germany"
"10770",2022-01-29,"Protests","Germany"
"10771",2022-01-29,"Protests","Germany"
"10772",2022-01-29,"Protests","Germany"
"10773",2022-01-29,"Protests","Germany"
"10774",2022-01-29,"Protests","Germany"
"10775",2022-01-29,"Protests","Germany"
"10776",2022-01-29,"Protests","Germany"
"10777",2022-01-29,"Protests","Germany"
"10778",2022-01-29,"Protests","Germany"
"10779",2022-01-29,"Protests","Germany"
"10780",2022-01-29,"Protests","Germany"
"10781",2022-01-29,"Protests","Germany"
"10782",2022-01-29,"Protests","Germany"
"10783",2022-01-29,"Protests","Germany"
"10784",2022-01-29,"Protests","Germany"
"10785",2022-01-29,"Protests","Germany"
"10786",2022-01-29,"Protests","Germany"
"10787",2022-01-29,"Protests","Germany"
"10788",2022-01-29,"Protests","Germany"
"10789",2022-01-29,"Protests","Germany"
"10790",2022-01-29,"Protests","Germany"
"10791",2022-01-29,"Protests","Germany"
"10792",2022-01-29,"Protests","Germany"
"10793",2022-01-29,"Protests","Germany"
"10794",2022-01-29,"Protests","Germany"
"10795",2022-01-29,"Protests","Germany"
"10796",2022-01-29,"Protests","Germany"
"10797",2022-01-29,"Protests","Germany"
"10798",2022-01-29,"Protests","Germany"
"10799",2022-01-29,"Protests","Germany"
"10800",2022-01-29,"Protests","Germany"
"10801",2022-01-29,"Protests","Germany"
"10802",2022-01-29,"Protests","Germany"
"10803",2022-01-29,"Protests","Germany"
"10804",2022-01-29,"Riots","Germany"
"10805",2022-01-29,"Riots","Germany"
"10806",2022-01-29,"Protests","Germany"
"10807",2022-01-30,"Protests","Germany"
"10808",2022-01-30,"Protests","Germany"
"10809",2022-01-30,"Protests","Germany"
"10810",2022-01-30,"Protests","Germany"
"10811",2022-01-30,"Protests","Germany"
"10812",2022-01-30,"Protests","Germany"
"10813",2022-01-30,"Protests","Germany"
"10814",2022-01-30,"Protests","Germany"
"10815",2022-01-30,"Protests","Germany"
"10816",2022-01-30,"Protests","Germany"
"10817",2022-01-30,"Protests","Germany"
"10818",2022-01-30,"Protests","Germany"
"10819",2022-01-31,"Protests","Germany"
"10820",2022-01-31,"Protests","Germany"
"10821",2022-01-31,"Protests","Germany"
"10822",2022-01-31,"Protests","Germany"
"10823",2022-01-31,"Protests","Germany"
"10824",2022-01-31,"Protests","Germany"
"10825",2022-01-31,"Protests","Germany"
"10826",2022-01-31,"Protests","Germany"
"10827",2022-01-31,"Protests","Germany"
"10828",2022-01-31,"Protests","Germany"
"10829",2022-01-31,"Protests","Germany"
"10830",2022-01-31,"Protests","Germany"
"10831",2022-01-31,"Protests","Germany"
"10832",2022-01-31,"Protests","Germany"
"10833",2022-01-31,"Protests","Germany"
"10834",2022-01-31,"Protests","Germany"
"10835",2022-01-31,"Protests","Germany"
"10836",2022-01-31,"Protests","Germany"
"10837",2022-01-31,"Protests","Germany"
"10838",2022-01-31,"Protests","Germany"
"10839",2022-01-31,"Protests","Germany"
"10840",2022-01-31,"Protests","Germany"
"10841",2022-01-31,"Protests","Germany"
"10842",2022-01-31,"Protests","Germany"
"10843",2022-01-31,"Protests","Germany"
"10844",2022-01-31,"Protests","Germany"
"10845",2022-01-31,"Protests","Germany"
"10846",2022-01-31,"Protests","Germany"
"10847",2022-01-31,"Protests","Germany"
"10848",2022-01-31,"Protests","Germany"
"10849",2022-01-31,"Protests","Germany"
"10850",2022-01-31,"Protests","Germany"
"10851",2022-01-31,"Protests","Germany"
"10852",2022-01-31,"Protests","Germany"
"10853",2022-01-31,"Protests","Germany"
"10854",2022-01-31,"Protests","Germany"
"10855",2022-01-31,"Protests","Germany"
"10856",2022-01-31,"Protests","Germany"
"10857",2022-01-31,"Protests","Germany"
"10858",2022-01-31,"Protests","Germany"
"10859",2022-01-31,"Protests","Germany"
"10860",2022-01-31,"Protests","Germany"
"10861",2022-01-31,"Protests","Germany"
"10862",2022-01-31,"Protests","Germany"
"10863",2022-01-31,"Protests","Germany"
"10864",2022-01-31,"Protests","Germany"
"10865",2022-01-31,"Protests","Germany"
"10866",2022-01-31,"Protests","Germany"
"10867",2022-01-31,"Protests","Germany"
"10868",2022-01-31,"Protests","Germany"
"10869",2022-01-31,"Protests","Germany"
"10870",2022-01-31,"Protests","Germany"
"10871",2022-01-31,"Protests","Germany"
"10872",2022-01-31,"Protests","Germany"
"10873",2022-01-31,"Protests","Germany"
"10874",2022-01-31,"Protests","Germany"
"10875",2022-01-31,"Protests","Germany"
"10876",2022-01-31,"Protests","Germany"
"10877",2022-01-31,"Protests","Germany"
"10878",2022-01-31,"Protests","Germany"
"10879",2022-01-31,"Protests","Germany"
"10880",2022-01-31,"Protests","Germany"
"10881",2022-01-31,"Protests","Germany"
"10882",2022-01-31,"Protests","Germany"
"10883",2022-01-31,"Protests","Germany"
"10884",2022-01-31,"Protests","Germany"
"10885",2022-01-31,"Protests","Germany"
"10886",2022-01-31,"Protests","Germany"
"10887",2022-01-31,"Protests","Germany"
"10888",2022-01-31,"Protests","Germany"
"10889",2022-01-31,"Protests","Germany"
"10890",2022-01-31,"Protests","Germany"
"10891",2022-01-31,"Protests","Germany"
"10892",2022-01-31,"Protests","Germany"
"10893",2022-01-31,"Protests","Germany"
"10894",2022-01-31,"Protests","Germany"
"10895",2022-01-31,"Protests","Germany"
"10896",2022-01-31,"Protests","Germany"
"10897",2022-01-31,"Protests","Germany"
"10898",2022-01-31,"Protests","Germany"
"10899",2022-01-31,"Protests","Germany"
"10900",2022-01-31,"Protests","Germany"
"10901",2022-01-31,"Protests","Germany"
"10902",2022-01-31,"Protests","Germany"
"10903",2022-01-31,"Protests","Germany"
"10904",2022-01-31,"Protests","Germany"
"10905",2022-01-31,"Protests","Germany"
"10906",2022-01-31,"Protests","Germany"
"10907",2022-01-31,"Protests","Germany"
"10908",2022-01-31,"Protests","Germany"
"10909",2022-01-31,"Protests","Germany"
"10910",2022-01-31,"Protests","Germany"
"10911",2022-01-31,"Protests","Germany"
"10912",2022-01-31,"Protests","Germany"
"10913",2022-01-31,"Protests","Germany"
"10914",2022-01-31,"Protests","Germany"
"10915",2022-01-31,"Protests","Germany"
"10916",2022-01-31,"Protests","Germany"
"10917",2022-01-31,"Protests","Germany"
"10918",2022-01-31,"Protests","Germany"
"10919",2022-01-31,"Protests","Germany"
"10920",2022-01-31,"Protests","Germany"
"10921",2022-01-31,"Protests","Germany"
"10922",2022-01-31,"Protests","Germany"
"10923",2022-01-31,"Protests","Germany"
"10924",2022-01-31,"Protests","Germany"
"10925",2022-01-31,"Protests","Germany"
"10926",2022-01-31,"Protests","Germany"
"10927",2022-01-31,"Protests","Germany"
"10928",2022-01-31,"Protests","Germany"
"10929",2022-01-31,"Protests","Germany"
"10930",2022-01-31,"Protests","Germany"
"10931",2022-01-31,"Protests","Germany"
"10932",2022-01-31,"Protests","Germany"
"10933",2022-01-31,"Protests","Germany"
"10934",2022-01-31,"Protests","Germany"
"10935",2022-01-31,"Protests","Germany"
"10936",2022-01-31,"Protests","Germany"
"10937",2022-01-31,"Protests","Germany"
"10938",2022-01-31,"Protests","Germany"
"10939",2022-01-31,"Protests","Germany"
"10940",2022-01-31,"Protests","Germany"
"10941",2022-01-31,"Protests","Germany"
"10942",2022-01-31,"Protests","Germany"
"10943",2022-01-31,"Protests","Germany"
"10944",2022-01-31,"Protests","Germany"
"10945",2022-01-31,"Protests","Germany"
"10946",2022-01-31,"Protests","Germany"
"10947",2022-01-31,"Protests","Germany"
"10948",2022-01-31,"Protests","Germany"
"10949",2022-01-31,"Protests","Germany"
"10950",2022-01-31,"Protests","Germany"
"10951",2022-01-31,"Protests","Germany"
"10952",2022-01-31,"Protests","Germany"
"10953",2022-01-31,"Protests","Germany"
"10954",2022-01-31,"Protests","Germany"
"10955",2022-01-31,"Protests","Germany"
"10956",2022-01-31,"Protests","Germany"
"10957",2022-01-31,"Protests","Germany"
"10958",2022-01-31,"Riots","Germany"
"10959",2022-01-31,"Riots","Germany"
"10960",2022-01-31,"Riots","Germany"
"10961",2022-01-31,"Protests","Germany"
"10962",2022-02-01,"Protests","Germany"
"10963",2022-02-01,"Protests","Germany"
"10964",2022-02-01,"Protests","Germany"
"10965",2022-02-01,"Protests","Germany"
"10966",2022-02-02,"Protests","Germany"
"10967",2022-02-02,"Protests","Germany"
"10968",2022-02-02,"Protests","Germany"
"10969",2022-02-02,"Protests","Germany"
"10970",2022-02-02,"Protests","Germany"
"10971",2022-02-03,"Protests","Germany"
"10972",2022-02-03,"Protests","Germany"
"10973",2022-02-04,"Protests","Germany"
"10974",2022-02-04,"Protests","Germany"
"10975",2022-02-04,"Protests","Germany"
"10976",2022-02-04,"Protests","Germany"
"10977",2022-02-04,"Protests","Germany"
"10978",2022-02-04,"Protests","Germany"
"10979",2022-02-04,"Protests","Germany"
"10980",2022-02-04,"Protests","Germany"
"10981",2022-02-04,"Protests","Germany"
"10982",2022-02-04,"Protests","Germany"
"10983",2022-02-04,"Protests","Germany"
"10984",2022-02-04,"Protests","Germany"
"10985",2022-02-04,"Strategic developments","Germany"
"10986",2022-02-05,"Protests","Germany"
"10987",2022-02-05,"Protests","Germany"
"10988",2022-02-05,"Protests","Germany"
"10989",2022-02-05,"Protests","Germany"
"10990",2022-02-05,"Protests","Germany"
"10991",2022-02-05,"Protests","Germany"
"10992",2022-02-05,"Protests","Germany"
"10993",2022-02-05,"Riots","Germany"
"10994",2022-02-05,"Protests","Germany"
"10995",2022-02-05,"Protests","Germany"
"10996",2022-02-05,"Riots","Germany"
"10997",2022-02-05,"Protests","Germany"
"10998",2022-02-05,"Protests","Germany"
"10999",2022-02-05,"Protests","Germany"
"11000",2022-02-05,"Protests","Germany"
"11001",2022-02-05,"Protests","Germany"
"11002",2022-02-05,"Protests","Germany"
"11003",2022-02-05,"Protests","Germany"
"11004",2022-02-05,"Protests","Germany"
"11005",2022-02-05,"Protests","Germany"
"11006",2022-02-05,"Protests","Germany"
"11007",2022-02-05,"Protests","Germany"
"11008",2022-02-05,"Protests","Germany"
"11009",2022-02-05,"Protests","Germany"
"11010",2022-02-05,"Protests","Germany"
"11011",2022-02-05,"Protests","Germany"
"11012",2022-02-05,"Protests","Germany"
"11013",2022-02-05,"Protests","Germany"
"11014",2022-02-05,"Protests","Germany"
"11015",2022-02-05,"Protests","Germany"
"11016",2022-02-05,"Protests","Germany"
"11017",2022-02-05,"Protests","Germany"
"11018",2022-02-05,"Riots","Germany"
"11019",2022-02-05,"Protests","Germany"
"11020",2022-02-05,"Protests","Germany"
"11021",2022-02-06,"Protests","Germany"
"11022",2022-02-06,"Protests","Germany"
"11023",2022-02-06,"Protests","Germany"
"11024",2022-02-06,"Protests","Germany"
"11025",2022-02-06,"Protests","Germany"
"11026",2022-02-06,"Protests","Germany"
"11027",2022-02-06,"Protests","Germany"
"11028",2022-02-06,"Protests","Germany"
"11029",2022-02-06,"Protests","Germany"
"11030",2022-02-06,"Protests","Germany"
"11031",2022-02-07,"Protests","Germany"
"11032",2022-02-07,"Protests","Germany"
"11033",2022-02-07,"Protests","Germany"
"11034",2022-02-07,"Protests","Germany"
"11035",2022-02-07,"Protests","Germany"
"11036",2022-02-07,"Protests","Germany"
"11037",2022-02-07,"Protests","Germany"
"11038",2022-02-07,"Protests","Germany"
"11039",2022-02-07,"Protests","Germany"
"11040",2022-02-07,"Protests","Germany"
"11041",2022-02-07,"Protests","Germany"
"11042",2022-02-07,"Protests","Germany"
"11043",2022-02-07,"Protests","Germany"
"11044",2022-02-07,"Protests","Germany"
"11045",2022-02-07,"Protests","Germany"
"11046",2022-02-07,"Protests","Germany"
"11047",2022-02-07,"Protests","Germany"
"11048",2022-02-07,"Protests","Germany"
"11049",2022-02-07,"Protests","Germany"
"11050",2022-02-07,"Protests","Germany"
"11051",2022-02-07,"Protests","Germany"
"11052",2022-02-07,"Protests","Germany"
"11053",2022-02-07,"Protests","Germany"
"11054",2022-02-07,"Protests","Germany"
"11055",2022-02-07,"Protests","Germany"
"11056",2022-02-07,"Protests","Germany"
"11057",2022-02-07,"Protests","Germany"
"11058",2022-02-07,"Protests","Germany"
"11059",2022-02-07,"Protests","Germany"
"11060",2022-02-07,"Protests","Germany"
"11061",2022-02-07,"Protests","Germany"
"11062",2022-02-07,"Protests","Germany"
"11063",2022-02-07,"Protests","Germany"
"11064",2022-02-07,"Protests","Germany"
"11065",2022-02-07,"Protests","Germany"
"11066",2022-02-07,"Protests","Germany"
"11067",2022-02-07,"Protests","Germany"
"11068",2022-02-07,"Protests","Germany"
"11069",2022-02-07,"Protests","Germany"
"11070",2022-02-07,"Protests","Germany"
"11071",2022-02-07,"Protests","Germany"
"11072",2022-02-07,"Protests","Germany"
"11073",2022-02-07,"Protests","Germany"
"11074",2022-02-07,"Protests","Germany"
"11075",2022-02-07,"Protests","Germany"
"11076",2022-02-07,"Protests","Germany"
"11077",2022-02-07,"Protests","Germany"
"11078",2022-02-07,"Protests","Germany"
"11079",2022-02-07,"Protests","Germany"
"11080",2022-02-07,"Protests","Germany"
"11081",2022-02-07,"Protests","Germany"
"11082",2022-02-07,"Protests","Germany"
"11083",2022-02-07,"Protests","Germany"
"11084",2022-02-07,"Protests","Germany"
"11085",2022-02-07,"Protests","Germany"
"11086",2022-02-07,"Protests","Germany"
"11087",2022-02-07,"Protests","Germany"
"11088",2022-02-07,"Protests","Germany"
"11089",2022-02-07,"Protests","Germany"
"11090",2022-02-07,"Protests","Germany"
"11091",2022-02-07,"Protests","Germany"
"11092",2022-02-07,"Protests","Germany"
"11093",2022-02-07,"Protests","Germany"
"11094",2022-02-07,"Protests","Germany"
"11095",2022-02-07,"Protests","Germany"
"11096",2022-02-07,"Protests","Germany"
"11097",2022-02-07,"Protests","Germany"
"11098",2022-02-07,"Protests","Germany"
"11099",2022-02-07,"Protests","Germany"
"11100",2022-02-07,"Protests","Germany"
"11101",2022-02-07,"Protests","Germany"
"11102",2022-02-07,"Protests","Germany"
"11103",2022-02-07,"Protests","Germany"
"11104",2022-02-07,"Protests","Germany"
"11105",2022-02-07,"Protests","Germany"
"11106",2022-02-07,"Protests","Germany"
"11107",2022-02-07,"Protests","Germany"
"11108",2022-02-07,"Protests","Germany"
"11109",2022-02-07,"Protests","Germany"
"11110",2022-02-07,"Protests","Germany"
"11111",2022-02-07,"Protests","Germany"
"11112",2022-02-07,"Protests","Germany"
"11113",2022-02-07,"Protests","Germany"
"11114",2022-02-07,"Protests","Germany"
"11115",2022-02-07,"Protests","Germany"
"11116",2022-02-07,"Protests","Germany"
"11117",2022-02-07,"Protests","Germany"
"11118",2022-02-07,"Protests","Germany"
"11119",2022-02-07,"Protests","Germany"
"11120",2022-02-07,"Protests","Germany"
"11121",2022-02-07,"Protests","Germany"
"11122",2022-02-07,"Protests","Germany"
"11123",2022-02-07,"Protests","Germany"
"11124",2022-02-07,"Protests","Germany"
"11125",2022-02-07,"Protests","Germany"
"11126",2022-02-07,"Protests","Germany"
"11127",2022-02-07,"Protests","Germany"
"11128",2022-02-07,"Protests","Germany"
"11129",2022-02-07,"Protests","Germany"
"11130",2022-02-07,"Protests","Germany"
"11131",2022-02-07,"Protests","Germany"
"11132",2022-02-07,"Protests","Germany"
"11133",2022-02-07,"Protests","Germany"
"11134",2022-02-07,"Protests","Germany"
"11135",2022-02-07,"Protests","Germany"
"11136",2022-02-07,"Protests","Germany"
"11137",2022-02-07,"Protests","Germany"
"11138",2022-02-07,"Protests","Germany"
"11139",2022-02-07,"Protests","Germany"
"11140",2022-02-07,"Protests","Germany"
"11141",2022-02-07,"Protests","Germany"
"11142",2022-02-07,"Protests","Germany"
"11143",2022-02-07,"Protests","Germany"
"11144",2022-02-07,"Protests","Germany"
"11145",2022-02-07,"Protests","Germany"
"11146",2022-02-07,"Protests","Germany"
"11147",2022-02-07,"Protests","Germany"
"11148",2022-02-07,"Protests","Germany"
"11149",2022-02-07,"Protests","Germany"
"11150",2022-02-07,"Protests","Germany"
"11151",2022-02-07,"Protests","Germany"
"11152",2022-02-07,"Protests","Germany"
"11153",2022-02-07,"Protests","Germany"
"11154",2022-02-07,"Protests","Germany"
"11155",2022-02-07,"Protests","Germany"
"11156",2022-02-07,"Protests","Germany"
"11157",2022-02-07,"Protests","Germany"
"11158",2022-02-07,"Protests","Germany"
"11159",2022-02-07,"Protests","Germany"
"11160",2022-02-07,"Protests","Germany"
"11161",2022-02-07,"Protests","Germany"
"11162",2022-02-07,"Protests","Germany"
"11163",2022-02-07,"Protests","Germany"
"11164",2022-02-07,"Protests","Germany"
"11165",2022-02-07,"Protests","Germany"
"11166",2022-02-07,"Protests","Germany"
"11167",2022-02-07,"Protests","Germany"
"11168",2022-02-07,"Protests","Germany"
"11169",2022-02-07,"Protests","Germany"
"11170",2022-02-07,"Protests","Germany"
"11171",2022-02-07,"Protests","Germany"
"11172",2022-02-07,"Protests","Germany"
"11173",2022-02-07,"Protests","Germany"
"11174",2022-02-07,"Protests","Germany"
"11175",2022-02-07,"Riots","Germany"
"11176",2022-02-07,"Riots","Germany"
"11177",2022-02-07,"Protests","Germany"
"11178",2022-02-07,"Riots","Germany"
"11179",2022-02-07,"Riots","Germany"
"11180",2022-02-07,"Protests","Germany"
"11181",2022-02-08,"Protests","Germany"
"11182",2022-02-09,"Protests","Germany"
"11183",2022-02-09,"Protests","Germany"
"11184",2022-02-09,"Protests","Germany"
"11185",2022-02-09,"Protests","Germany"
"11186",2022-02-09,"Protests","Germany"
"11187",2022-02-09,"Protests","Germany"
"11188",2022-02-09,"Protests","Germany"
"11189",2022-02-09,"Riots","Germany"
"11190",2022-02-09,"Protests","Germany"
"11191",2022-02-10,"Protests","Germany"
"11192",2022-02-10,"Protests","Germany"
"11193",2022-02-10,"Protests","Germany"
"11194",2022-02-11,"Protests","Germany"
"11195",2022-02-11,"Protests","Germany"
"11196",2022-02-11,"Protests","Germany"
"11197",2022-02-11,"Protests","Germany"
"11198",2022-02-11,"Protests","Germany"
"11199",2022-02-12,"Protests","Germany"
"11200",2022-02-12,"Protests","Germany"
"11201",2022-02-12,"Protests","Germany"
"11202",2022-02-12,"Protests","Germany"
"11203",2022-02-12,"Protests","Germany"
"11204",2022-02-12,"Riots","Germany"
"11205",2022-02-12,"Protests","Germany"
"11206",2022-02-12,"Protests","Germany"
"11207",2022-02-12,"Protests","Germany"
"11208",2022-02-12,"Protests","Germany"
"11209",2022-02-12,"Protests","Germany"
"11210",2022-02-12,"Protests","Germany"
"11211",2022-02-12,"Protests","Germany"
"11212",2022-02-12,"Protests","Germany"
"11213",2022-02-12,"Protests","Germany"
"11214",2022-02-12,"Protests","Germany"
"11215",2022-02-12,"Protests","Germany"
"11216",2022-02-12,"Protests","Germany"
"11217",2022-02-12,"Protests","Germany"
"11218",2022-02-12,"Protests","Germany"
"11219",2022-02-12,"Protests","Germany"
"11220",2022-02-12,"Protests","Germany"
"11221",2022-02-12,"Protests","Germany"
"11222",2022-02-12,"Protests","Germany"
"11223",2022-02-12,"Protests","Germany"
"11224",2022-02-12,"Riots","Germany"
"11225",2022-02-12,"Riots","Germany"
"11226",2022-02-12,"Protests","Germany"
"11227",2022-02-12,"Protests","Germany"
"11228",2022-02-12,"Protests","Germany"
"11229",2022-02-12,"Protests","Germany"
"11230",2022-02-12,"Protests","Germany"
"11231",2022-02-13,"Protests","Germany"
"11232",2022-02-13,"Protests","Germany"
"11233",2022-02-13,"Protests","Germany"
"11234",2022-02-13,"Riots","Germany"
"11235",2022-02-13,"Protests","Germany"
"11236",2022-02-13,"Protests","Germany"
"11237",2022-02-13,"Protests","Germany"
"11238",2022-02-14,"Protests","Germany"
"11239",2022-02-14,"Protests","Germany"
"11240",2022-02-14,"Protests","Germany"
"11241",2022-02-14,"Protests","Germany"
"11242",2022-02-14,"Protests","Germany"
"11243",2022-02-14,"Protests","Germany"
"11244",2022-02-14,"Protests","Germany"
"11245",2022-02-14,"Protests","Germany"
"11246",2022-02-14,"Protests","Germany"
"11247",2022-02-14,"Protests","Germany"
"11248",2022-02-14,"Protests","Germany"
"11249",2022-02-14,"Protests","Germany"
"11250",2022-02-14,"Protests","Germany"
"11251",2022-02-14,"Protests","Germany"
"11252",2022-02-14,"Protests","Germany"
"11253",2022-02-14,"Protests","Germany"
"11254",2022-02-14,"Protests","Germany"
"11255",2022-02-14,"Protests","Germany"
"11256",2022-02-14,"Protests","Germany"
"11257",2022-02-14,"Protests","Germany"
"11258",2022-02-14,"Protests","Germany"
"11259",2022-02-14,"Protests","Germany"
"11260",2022-02-14,"Protests","Germany"
"11261",2022-02-14,"Protests","Germany"
"11262",2022-02-14,"Protests","Germany"
"11263",2022-02-14,"Protests","Germany"
"11264",2022-02-14,"Protests","Germany"
"11265",2022-02-14,"Protests","Germany"
"11266",2022-02-14,"Protests","Germany"
"11267",2022-02-14,"Protests","Germany"
"11268",2022-02-14,"Protests","Germany"
"11269",2022-02-14,"Protests","Germany"
"11270",2022-02-14,"Protests","Germany"
"11271",2022-02-14,"Protests","Germany"
"11272",2022-02-14,"Protests","Germany"
"11273",2022-02-14,"Protests","Germany"
"11274",2022-02-14,"Protests","Germany"
"11275",2022-02-14,"Protests","Germany"
"11276",2022-02-14,"Protests","Germany"
"11277",2022-02-14,"Protests","Germany"
"11278",2022-02-14,"Protests","Germany"
"11279",2022-02-14,"Protests","Germany"
"11280",2022-02-14,"Protests","Germany"
"11281",2022-02-14,"Protests","Germany"
"11282",2022-02-14,"Protests","Germany"
"11283",2022-02-14,"Protests","Germany"
"11284",2022-02-14,"Protests","Germany"
"11285",2022-02-14,"Protests","Germany"
"11286",2022-02-14,"Protests","Germany"
"11287",2022-02-14,"Protests","Germany"
"11288",2022-02-14,"Protests","Germany"
"11289",2022-02-14,"Protests","Germany"
"11290",2022-02-14,"Protests","Germany"
"11291",2022-02-14,"Protests","Germany"
"11292",2022-02-14,"Protests","Germany"
"11293",2022-02-14,"Protests","Germany"
"11294",2022-02-14,"Protests","Germany"
"11295",2022-02-14,"Protests","Germany"
"11296",2022-02-14,"Protests","Germany"
"11297",2022-02-14,"Protests","Germany"
"11298",2022-02-14,"Protests","Germany"
"11299",2022-02-14,"Protests","Germany"
"11300",2022-02-14,"Protests","Germany"
"11301",2022-02-14,"Protests","Germany"
"11302",2022-02-14,"Protests","Germany"
"11303",2022-02-14,"Protests","Germany"
"11304",2022-02-14,"Protests","Germany"
"11305",2022-02-14,"Protests","Germany"
"11306",2022-02-14,"Protests","Germany"
"11307",2022-02-14,"Protests","Germany"
"11308",2022-02-14,"Protests","Germany"
"11309",2022-02-14,"Protests","Germany"
"11310",2022-02-14,"Protests","Germany"
"11311",2022-02-14,"Protests","Germany"
"11312",2022-02-14,"Protests","Germany"
"11313",2022-02-14,"Protests","Germany"
"11314",2022-02-14,"Protests","Germany"
"11315",2022-02-14,"Protests","Germany"
"11316",2022-02-14,"Protests","Germany"
"11317",2022-02-14,"Protests","Germany"
"11318",2022-02-14,"Protests","Germany"
"11319",2022-02-14,"Protests","Germany"
"11320",2022-02-14,"Protests","Germany"
"11321",2022-02-14,"Riots","Germany"
"11322",2022-02-14,"Protests","Germany"
"11323",2022-02-14,"Riots","Germany"
"11324",2022-02-14,"Protests","Germany"
"11325",2022-02-14,"Protests","Germany"
"11326",2022-02-14,"Protests","Germany"
"11327",2022-02-14,"Protests","Germany"
"11328",2022-02-14,"Protests","Germany"
"11329",2022-02-14,"Protests","Germany"
"11330",2022-02-14,"Protests","Germany"
"11331",2022-02-14,"Protests","Germany"
"11332",2022-02-14,"Protests","Germany"
"11333",2022-02-14,"Riots","Germany"
"11334",2022-02-14,"Riots","Germany"
"11335",2022-02-14,"Riots","Germany"
"11336",2022-02-14,"Riots","Germany"
"11337",2022-02-14,"Protests","Germany"
"11338",2022-02-15,"Protests","Germany"
"11339",2022-02-15,"Protests","Germany"
"11340",2022-02-15,"Protests","Germany"
"11341",2022-02-15,"Protests","Germany"
"11342",2022-02-15,"Protests","Germany"
"11343",2022-02-16,"Protests","Germany"
"11344",2022-02-16,"Protests","Germany"
"11345",2022-02-16,"Protests","Germany"
"11346",2022-02-16,"Protests","Germany"
"11347",2022-02-17,"Protests","Germany"
"11348",2022-02-17,"Protests","Germany"
"11349",2022-02-17,"Protests","Germany"
"11350",2022-02-18,"Protests","Germany"
"11351",2022-02-18,"Protests","Germany"
"11352",2022-02-18,"Protests","Germany"
"11353",2022-02-18,"Protests","Germany"
"11354",2022-02-18,"Protests","Germany"
"11355",2022-02-18,"Protests","Germany"
"11356",2022-02-18,"Protests","Germany"
"11357",2022-02-18,"Protests","Germany"
"11358",2022-02-19,"Protests","Germany"
"11359",2022-02-19,"Protests","Germany"
"11360",2022-02-19,"Protests","Germany"
"11361",2022-02-19,"Protests","Germany"
"11362",2022-02-19,"Protests","Germany"
"11363",2022-02-19,"Protests","Germany"
"11364",2022-02-19,"Protests","Germany"
"11365",2022-02-19,"Protests","Germany"
"11366",2022-02-19,"Protests","Germany"
"11367",2022-02-19,"Protests","Germany"
"11368",2022-02-19,"Protests","Germany"
"11369",2022-02-19,"Protests","Germany"
"11370",2022-02-19,"Protests","Germany"
"11371",2022-02-19,"Protests","Germany"
"11372",2022-02-19,"Protests","Germany"
"11373",2022-02-19,"Protests","Germany"
"11374",2022-02-19,"Protests","Germany"
"11375",2022-02-19,"Protests","Germany"
"11376",2022-02-19,"Protests","Germany"
"11377",2022-02-19,"Protests","Germany"
"11378",2022-02-19,"Protests","Germany"
"11379",2022-02-19,"Protests","Germany"
"11380",2022-02-19,"Protests","Germany"
"11381",2022-02-19,"Protests","Germany"
"11382",2022-02-19,"Protests","Germany"
"11383",2022-02-19,"Protests","Germany"
"11384",2022-02-19,"Riots","Germany"
"11385",2022-02-19,"Protests","Germany"
"11386",2022-02-19,"Protests","Germany"
"11387",2022-02-19,"Protests","Germany"
"11388",2022-02-19,"Riots","Germany"
"11389",2022-02-19,"Riots","Germany"
"11390",2022-02-20,"Protests","Germany"
"11391",2022-02-20,"Protests","Germany"
"11392",2022-02-20,"Protests","Germany"
"11393",2022-02-20,"Protests","Germany"
"11394",2022-02-20,"Protests","Germany"
"11395",2022-02-20,"Protests","Germany"
"11396",2022-02-20,"Protests","Germany"
"11397",2022-02-20,"Protests","Germany"
"11398",2022-02-20,"Protests","Germany"
"11399",2022-02-20,"Protests","Germany"
"11400",2022-02-20,"Protests","Germany"
"11401",2022-02-21,"Protests","Germany"
"11402",2022-02-21,"Protests","Germany"
"11403",2022-02-21,"Protests","Germany"
"11404",2022-02-21,"Protests","Germany"
"11405",2022-02-21,"Protests","Germany"
"11406",2022-02-21,"Protests","Germany"
"11407",2022-02-21,"Protests","Germany"
"11408",2022-02-21,"Protests","Germany"
"11409",2022-02-21,"Protests","Germany"
"11410",2022-02-21,"Protests","Germany"
"11411",2022-02-21,"Protests","Germany"
"11412",2022-02-21,"Protests","Germany"
"11413",2022-02-21,"Protests","Germany"
"11414",2022-02-21,"Protests","Germany"
"11415",2022-02-21,"Protests","Germany"
"11416",2022-02-21,"Protests","Germany"
"11417",2022-02-21,"Protests","Germany"
"11418",2022-02-21,"Protests","Germany"
"11419",2022-02-21,"Protests","Germany"
"11420",2022-02-21,"Protests","Germany"
"11421",2022-02-21,"Protests","Germany"
"11422",2022-02-21,"Protests","Germany"
"11423",2022-02-21,"Protests","Germany"
"11424",2022-02-21,"Protests","Germany"
"11425",2022-02-21,"Protests","Germany"
"11426",2022-02-21,"Protests","Germany"
"11427",2022-02-21,"Protests","Germany"
"11428",2022-02-21,"Protests","Germany"
"11429",2022-02-21,"Protests","Germany"
"11430",2022-02-21,"Protests","Germany"
"11431",2022-02-21,"Protests","Germany"
"11432",2022-02-21,"Protests","Germany"
"11433",2022-02-21,"Protests","Germany"
"11434",2022-02-21,"Protests","Germany"
"11435",2022-02-21,"Protests","Germany"
"11436",2022-02-21,"Protests","Germany"
"11437",2022-02-21,"Protests","Germany"
"11438",2022-02-21,"Protests","Germany"
"11439",2022-02-21,"Protests","Germany"
"11440",2022-02-21,"Protests","Germany"
"11441",2022-02-21,"Protests","Germany"
"11442",2022-02-21,"Protests","Germany"
"11443",2022-02-21,"Protests","Germany"
"11444",2022-02-21,"Protests","Germany"
"11445",2022-02-21,"Protests","Germany"
"11446",2022-02-21,"Protests","Germany"
"11447",2022-02-21,"Protests","Germany"
"11448",2022-02-21,"Protests","Germany"
"11449",2022-02-21,"Protests","Germany"
"11450",2022-02-21,"Protests","Germany"
"11451",2022-02-21,"Protests","Germany"
"11452",2022-02-21,"Protests","Germany"
"11453",2022-02-21,"Protests","Germany"
"11454",2022-02-21,"Protests","Germany"
"11455",2022-02-21,"Protests","Germany"
"11456",2022-02-21,"Protests","Germany"
"11457",2022-02-21,"Protests","Germany"
"11458",2022-02-21,"Protests","Germany"
"11459",2022-02-21,"Protests","Germany"
"11460",2022-02-21,"Protests","Germany"
"11461",2022-02-21,"Protests","Germany"
"11462",2022-02-21,"Protests","Germany"
"11463",2022-02-21,"Protests","Germany"
"11464",2022-02-21,"Protests","Germany"
"11465",2022-02-21,"Protests","Germany"
"11466",2022-02-21,"Protests","Germany"
"11467",2022-02-21,"Protests","Germany"
"11468",2022-02-21,"Protests","Germany"
"11469",2022-02-21,"Protests","Germany"
"11470",2022-02-21,"Protests","Germany"
"11471",2022-02-21,"Protests","Germany"
"11472",2022-02-21,"Protests","Germany"
"11473",2022-02-21,"Protests","Germany"
"11474",2022-02-21,"Protests","Germany"
"11475",2022-02-21,"Protests","Germany"
"11476",2022-02-21,"Protests","Germany"
"11477",2022-02-21,"Protests","Germany"
"11478",2022-02-21,"Riots","Germany"
"11479",2022-02-21,"Protests","Germany"
"11480",2022-02-22,"Protests","Germany"
"11481",2022-02-22,"Protests","Germany"
"11482",2022-02-22,"Protests","Germany"
"11483",2022-02-22,"Protests","Germany"
"11484",2022-02-22,"Protests","Germany"
"11485",2022-02-22,"Protests","Germany"
"11486",2022-02-22,"Protests","Germany"
"11487",2022-02-22,"Protests","Germany"
"11488",2022-02-22,"Protests","Germany"
"11489",2022-02-22,"Protests","Germany"
"11490",2022-02-23,"Protests","Germany"
"11491",2022-02-23,"Protests","Germany"
"11492",2022-02-23,"Protests","Germany"
"11493",2022-02-23,"Protests","Germany"
"11494",2022-02-23,"Protests","Germany"
"11495",2022-02-23,"Protests","Germany"
"11496",2022-02-23,"Protests","Germany"
"11497",2022-02-23,"Protests","Germany"
"11498",2022-02-23,"Protests","Germany"
"11499",2022-02-23,"Protests","Germany"
"11500",2022-02-23,"Protests","Germany"
"11501",2022-02-23,"Protests","Germany"
"11502",2022-02-23,"Riots","Germany"
"11503",2022-02-24,"Protests","Germany"
"11504",2022-02-24,"Protests","Germany"
"11505",2022-02-24,"Protests","Germany"
"11506",2022-02-24,"Protests","Germany"
"11507",2022-02-24,"Protests","Germany"
"11508",2022-02-24,"Protests","Germany"
"11509",2022-02-24,"Protests","Germany"
"11510",2022-02-24,"Protests","Germany"
"11511",2022-02-24,"Protests","Germany"
"11512",2022-02-24,"Protests","Germany"
"11513",2022-02-24,"Protests","Germany"
"11514",2022-02-24,"Protests","Germany"
"11515",2022-02-24,"Protests","Germany"
"11516",2022-02-24,"Protests","Germany"
"11517",2022-02-24,"Protests","Germany"
"11518",2022-02-24,"Protests","Germany"
"11519",2022-02-24,"Protests","Germany"
"11520",2022-02-25,"Protests","Germany"
"11521",2022-02-25,"Protests","Germany"
"11522",2022-02-25,"Protests","Germany"
"11523",2022-02-25,"Protests","Germany"
"11524",2022-02-26,"Protests","Germany"
"11525",2022-02-26,"Protests","Germany"
"11526",2022-02-26,"Protests","Germany"
"11527",2022-02-26,"Protests","Germany"
"11528",2022-02-26,"Protests","Germany"
"11529",2022-02-26,"Protests","Germany"
"11530",2022-02-26,"Protests","Germany"
"11531",2022-02-26,"Protests","Germany"
"11532",2022-02-26,"Protests","Germany"
"11533",2022-02-26,"Protests","Germany"
"11534",2022-02-26,"Protests","Germany"
"11535",2022-02-26,"Protests","Germany"
"11536",2022-02-26,"Protests","Germany"
"11537",2022-02-26,"Protests","Germany"
"11538",2022-02-26,"Protests","Germany"
"11539",2022-02-26,"Protests","Germany"
"11540",2022-02-26,"Protests","Germany"
"11541",2022-02-26,"Protests","Germany"
"11542",2022-02-26,"Protests","Germany"
"11543",2022-02-26,"Protests","Germany"
"11544",2022-02-26,"Protests","Germany"
"11545",2022-02-26,"Protests","Germany"
"11546",2022-02-26,"Protests","Germany"
"11547",2022-02-26,"Protests","Germany"
"11548",2022-02-26,"Protests","Germany"
"11549",2022-02-26,"Protests","Germany"
"11550",2022-02-26,"Protests","Germany"
"11551",2022-02-26,"Protests","Germany"
"11552",2022-02-26,"Protests","Germany"
"11553",2022-02-26,"Protests","Germany"
"11554",2022-02-26,"Protests","Germany"
"11555",2022-02-26,"Protests","Germany"
"11556",2022-02-26,"Protests","Germany"
"11557",2022-02-26,"Protests","Germany"
"11558",2022-02-26,"Protests","Germany"
"11559",2022-02-26,"Protests","Germany"
"11560",2022-02-26,"Protests","Germany"
"11561",2022-02-26,"Protests","Germany"
"11562",2022-02-26,"Protests","Germany"
"11563",2022-02-26,"Protests","Germany"
"11564",2022-02-26,"Protests","Germany"
"11565",2022-02-26,"Protests","Germany"
"11566",2022-02-26,"Protests","Germany"
"11567",2022-02-26,"Protests","Germany"
"11568",2022-02-26,"Protests","Germany"
"11569",2022-02-26,"Protests","Germany"
"11570",2022-02-26,"Protests","Germany"
"11571",2022-02-26,"Protests","Germany"
"11572",2022-02-26,"Protests","Germany"
"11573",2022-02-26,"Protests","Germany"
"11574",2022-02-26,"Protests","Germany"
"11575",2022-02-26,"Protests","Germany"
"11576",2022-02-26,"Protests","Germany"
"11577",2022-02-26,"Protests","Germany"
"11578",2022-02-26,"Protests","Germany"
"11579",2022-02-26,"Protests","Germany"
"11580",2022-02-26,"Protests","Germany"
"11581",2022-02-26,"Protests","Germany"
"11582",2022-02-26,"Protests","Germany"
"11583",2022-02-26,"Protests","Germany"
"11584",2022-02-26,"Protests","Germany"
"11585",2022-02-26,"Protests","Germany"
"11586",2022-02-26,"Protests","Germany"
"11587",2022-02-26,"Protests","Germany"
"11588",2022-02-26,"Protests","Germany"
"11589",2022-02-27,"Protests","Germany"
"11590",2022-02-27,"Protests","Germany"
"11591",2022-02-27,"Protests","Germany"
"11592",2022-02-27,"Protests","Germany"
"11593",2022-02-27,"Protests","Germany"
"11594",2022-02-27,"Protests","Germany"
"11595",2022-02-27,"Protests","Germany"
"11596",2022-02-27,"Protests","Germany"
"11597",2022-02-27,"Protests","Germany"
"11598",2022-02-27,"Protests","Germany"
"11599",2022-02-27,"Protests","Germany"
"11600",2022-02-27,"Protests","Germany"
"11601",2022-02-27,"Protests","Germany"
"11602",2022-02-27,"Protests","Germany"
"11603",2022-02-27,"Protests","Germany"
"11604",2022-02-27,"Protests","Germany"
"11605",2022-02-27,"Protests","Germany"
"11606",2022-02-27,"Protests","Germany"
"11607",2022-02-27,"Protests","Germany"
"11608",2022-02-27,"Protests","Germany"
"11609",2022-02-27,"Protests","Germany"
"11610",2022-02-27,"Protests","Germany"
"11611",2022-02-27,"Protests","Germany"
"11612",2022-02-27,"Protests","Germany"
"11613",2022-02-27,"Protests","Germany"
"11614",2022-02-27,"Protests","Germany"
"11615",2022-02-27,"Protests","Germany"
"11616",2022-02-27,"Protests","Germany"
"11617",2022-02-27,"Protests","Germany"
"11618",2022-02-27,"Protests","Germany"
"11619",2022-02-28,"Protests","Germany"
"11620",2022-02-28,"Protests","Germany"
"11621",2022-02-28,"Protests","Germany"
"11622",2022-02-28,"Protests","Germany"
"11623",2022-02-28,"Protests","Germany"
"11624",2022-02-28,"Protests","Germany"
"11625",2022-02-28,"Protests","Germany"
"11626",2022-02-28,"Protests","Germany"
"11627",2022-02-28,"Protests","Germany"
"11628",2022-02-28,"Protests","Germany"
"11629",2022-02-28,"Protests","Germany"
"11630",2022-02-28,"Protests","Germany"
"11631",2022-02-28,"Protests","Germany"
"11632",2022-02-28,"Protests","Germany"
"11633",2022-02-28,"Protests","Germany"
"11634",2022-02-28,"Protests","Germany"
"11635",2022-02-28,"Protests","Germany"
"11636",2022-02-28,"Protests","Germany"
"11637",2022-02-28,"Protests","Germany"
"11638",2022-02-28,"Protests","Germany"
"11639",2022-02-28,"Protests","Germany"
"11640",2022-02-28,"Protests","Germany"
"11641",2022-02-28,"Protests","Germany"
"11642",2022-02-28,"Protests","Germany"
"11643",2022-02-28,"Protests","Germany"
"11644",2022-02-28,"Protests","Germany"
"11645",2022-02-28,"Protests","Germany"
"11646",2022-02-28,"Protests","Germany"
"11647",2022-02-28,"Protests","Germany"
"11648",2022-02-28,"Protests","Germany"
"11649",2022-02-28,"Protests","Germany"
"11650",2022-02-28,"Protests","Germany"
"11651",2022-02-28,"Protests","Germany"
"11652",2022-02-28,"Protests","Germany"
"11653",2022-02-28,"Protests","Germany"
"11654",2022-02-28,"Protests","Germany"
"11655",2022-02-28,"Protests","Germany"
"11656",2022-02-28,"Protests","Germany"
"11657",2022-02-28,"Protests","Germany"
"11658",2022-02-28,"Protests","Germany"
"11659",2022-02-28,"Protests","Germany"
"11660",2022-02-28,"Protests","Germany"
"11661",2022-02-28,"Protests","Germany"
"11662",2022-02-28,"Protests","Germany"
"11663",2022-02-28,"Protests","Germany"
"11664",2022-02-28,"Protests","Germany"
"11665",2022-02-28,"Protests","Germany"
"11666",2022-02-28,"Protests","Germany"
"11667",2022-02-28,"Protests","Germany"
"11668",2022-02-28,"Protests","Germany"
"11669",2022-02-28,"Protests","Germany"
"11670",2022-02-28,"Protests","Germany"
"11671",2022-02-28,"Protests","Germany"
"11672",2022-02-28,"Protests","Germany"
"11673",2022-02-28,"Protests","Germany"
"11674",2022-02-28,"Protests","Germany"
"11675",2022-02-28,"Protests","Germany"
"11676",2022-02-28,"Protests","Germany"
"11677",2022-02-28,"Protests","Germany"
"11678",2022-02-28,"Protests","Germany"
"11679",2022-02-28,"Protests","Germany"
"11680",2022-02-28,"Protests","Germany"
"11681",2022-02-28,"Protests","Germany"
"11682",2022-02-28,"Protests","Germany"
"11683",2022-02-28,"Protests","Germany"
"11684",2022-02-28,"Protests","Germany"
"11685",2022-02-28,"Protests","Germany"
"11686",2022-02-28,"Protests","Germany"
"11687",2022-02-28,"Protests","Germany"
"11688",2022-02-28,"Protests","Germany"
"11689",2022-02-28,"Protests","Germany"
"11690",2022-02-28,"Protests","Germany"
"11691",2022-02-28,"Protests","Germany"
"11692",2022-02-28,"Protests","Germany"
"11693",2022-02-28,"Protests","Germany"
"11694",2022-02-28,"Protests","Germany"
"11695",2022-02-28,"Protests","Germany"
"11696",2022-03-01,"Protests","Germany"
"11697",2022-03-01,"Protests","Germany"
"11698",2022-03-01,"Protests","Germany"
"11699",2022-03-01,"Protests","Germany"
"11700",2022-03-01,"Protests","Germany"
"11701",2022-03-01,"Protests","Germany"
"11702",2022-03-01,"Protests","Germany"
"11703",2022-03-01,"Protests","Germany"
"11704",2022-03-02,"Protests","Germany"
"11705",2022-03-02,"Protests","Germany"
"11706",2022-03-02,"Protests","Germany"
"11707",2022-03-02,"Protests","Germany"
"11708",2022-03-02,"Protests","Germany"
"11709",2022-03-03,"Protests","Germany"
"11710",2022-03-03,"Protests","Germany"
"11711",2022-03-03,"Protests","Germany"
"11712",2022-03-03,"Protests","Germany"
"11713",2022-03-03,"Protests","Germany"
"11714",2022-03-03,"Protests","Germany"
"11715",2022-03-03,"Protests","Germany"
"11716",2022-03-03,"Protests","Germany"
"11717",2022-03-03,"Protests","Germany"
"11718",2022-03-03,"Protests","Germany"
"11719",2022-03-04,"Protests","Germany"
"11720",2022-03-04,"Protests","Germany"
"11721",2022-03-04,"Protests","Germany"
"11722",2022-03-04,"Protests","Germany"
"11723",2022-03-04,"Protests","Germany"
"11724",2022-03-04,"Protests","Germany"
"11725",2022-03-05,"Protests","Germany"
"11726",2022-03-05,"Protests","Germany"
"11727",2022-03-05,"Protests","Germany"
"11728",2022-03-05,"Protests","Germany"
"11729",2022-03-05,"Protests","Germany"
"11730",2022-03-05,"Protests","Germany"
"11731",2022-03-05,"Protests","Germany"
"11732",2022-03-05,"Protests","Germany"
"11733",2022-03-05,"Protests","Germany"
"11734",2022-03-05,"Protests","Germany"
"11735",2022-03-05,"Protests","Germany"
"11736",2022-03-05,"Protests","Germany"
"11737",2022-03-05,"Protests","Germany"
"11738",2022-03-05,"Protests","Germany"
"11739",2022-03-05,"Protests","Germany"
"11740",2022-03-05,"Protests","Germany"
"11741",2022-03-05,"Protests","Germany"
"11742",2022-03-05,"Protests","Germany"
"11743",2022-03-05,"Protests","Germany"
"11744",2022-03-05,"Protests","Germany"
"11745",2022-03-05,"Protests","Germany"
"11746",2022-03-05,"Protests","Germany"
"11747",2022-03-05,"Protests","Germany"
"11748",2022-03-05,"Protests","Germany"
"11749",2022-03-05,"Protests","Germany"
"11750",2022-03-05,"Protests","Germany"
"11751",2022-03-06,"Protests","Germany"
"11752",2022-03-06,"Protests","Germany"
"11753",2022-03-06,"Protests","Germany"
"11754",2022-03-06,"Protests","Germany"
"11755",2022-03-06,"Protests","Germany"
"11756",2022-03-06,"Protests","Germany"
"11757",2022-03-06,"Protests","Germany"
"11758",2022-03-06,"Protests","Germany"
"11759",2022-03-06,"Protests","Germany"
"11760",2022-03-06,"Protests","Germany"
"11761",2022-03-06,"Protests","Germany"
"11762",2022-03-06,"Protests","Germany"
"11763",2022-03-06,"Protests","Germany"
"11764",2022-03-06,"Protests","Germany"
"11765",2022-03-06,"Protests","Germany"
"11766",2022-03-06,"Protests","Germany"
"11767",2022-03-06,"Protests","Germany"
"11768",2022-03-06,"Protests","Germany"
"11769",2022-03-06,"Protests","Germany"
"11770",2022-03-06,"Protests","Germany"
"11771",2022-03-06,"Protests","Germany"
"11772",2022-03-06,"Protests","Germany"
"11773",2022-03-06,"Protests","Germany"
"11774",2022-03-06,"Protests","Germany"
"11775",2022-03-06,"Protests","Germany"
"11776",2022-03-06,"Protests","Germany"
"11777",2022-03-06,"Protests","Germany"
"11778",2022-03-06,"Protests","Germany"
"11779",2022-03-06,"Protests","Germany"
"11780",2022-03-06,"Protests","Germany"
"11781",2022-03-06,"Protests","Germany"
"11782",2022-03-06,"Protests","Germany"
"11783",2022-03-06,"Protests","Germany"
"11784",2022-03-06,"Protests","Germany"
"11785",2022-03-06,"Protests","Germany"
"11786",2022-03-06,"Protests","Germany"
"11787",2022-03-06,"Protests","Germany"
"11788",2022-03-06,"Protests","Germany"
"11789",2022-03-06,"Protests","Germany"
"11790",2022-03-06,"Protests","Germany"
"11791",2022-03-06,"Protests","Germany"
"11792",2022-03-06,"Protests","Germany"
"11793",2022-03-06,"Protests","Germany"
"11794",2022-03-06,"Protests","Germany"
"11795",2022-03-06,"Protests","Germany"
"11796",2022-03-06,"Protests","Germany"
"11797",2022-03-06,"Protests","Germany"
"11798",2022-03-07,"Protests","Germany"
"11799",2022-03-07,"Protests","Germany"
"11800",2022-03-07,"Protests","Germany"
"11801",2022-03-07,"Protests","Germany"
"11802",2022-03-07,"Protests","Germany"
"11803",2022-03-07,"Protests","Germany"
"11804",2022-03-07,"Protests","Germany"
"11805",2022-03-07,"Protests","Germany"
"11806",2022-03-07,"Protests","Germany"
"11807",2022-03-07,"Protests","Germany"
"11808",2022-03-07,"Protests","Germany"
"11809",2022-03-07,"Protests","Germany"
"11810",2022-03-07,"Protests","Germany"
"11811",2022-03-07,"Protests","Germany"
"11812",2022-03-07,"Protests","Germany"
"11813",2022-03-07,"Protests","Germany"
"11814",2022-03-07,"Protests","Germany"
"11815",2022-03-07,"Protests","Germany"
"11816",2022-03-07,"Protests","Germany"
"11817",2022-03-07,"Protests","Germany"
"11818",2022-03-07,"Protests","Germany"
"11819",2022-03-07,"Protests","Germany"
"11820",2022-03-07,"Protests","Germany"
"11821",2022-03-07,"Protests","Germany"
"11822",2022-03-07,"Protests","Germany"
"11823",2022-03-07,"Protests","Germany"
"11824",2022-03-07,"Protests","Germany"
"11825",2022-03-07,"Protests","Germany"
"11826",2022-03-07,"Protests","Germany"
"11827",2022-03-07,"Protests","Germany"
"11828",2022-03-07,"Protests","Germany"
"11829",2022-03-07,"Protests","Germany"
"11830",2022-03-07,"Protests","Germany"
"11831",2022-03-07,"Protests","Germany"
"11832",2022-03-07,"Protests","Germany"
"11833",2022-03-07,"Protests","Germany"
"11834",2022-03-07,"Protests","Germany"
"11835",2022-03-07,"Protests","Germany"
"11836",2022-03-07,"Protests","Germany"
"11837",2022-03-07,"Protests","Germany"
"11838",2022-03-07,"Protests","Germany"
"11839",2022-03-07,"Protests","Germany"
"11840",2022-03-07,"Protests","Germany"
"11841",2022-03-07,"Protests","Germany"
"11842",2022-03-07,"Protests","Germany"
"11843",2022-03-07,"Protests","Germany"
"11844",2022-03-07,"Protests","Germany"
"11845",2022-03-07,"Protests","Germany"
"11846",2022-03-07,"Protests","Germany"
"11847",2022-03-07,"Protests","Germany"
"11848",2022-03-07,"Protests","Germany"
"11849",2022-03-07,"Protests","Germany"
"11850",2022-03-07,"Protests","Germany"
"11851",2022-03-07,"Protests","Germany"
"11852",2022-03-07,"Protests","Germany"
"11853",2022-03-07,"Protests","Germany"
"11854",2022-03-07,"Protests","Germany"
"11855",2022-03-07,"Protests","Germany"
"11856",2022-03-07,"Protests","Germany"
"11857",2022-03-07,"Protests","Germany"
"11858",2022-03-07,"Protests","Germany"
"11859",2022-03-07,"Protests","Germany"
"11860",2022-03-07,"Protests","Germany"
"11861",2022-03-07,"Protests","Germany"
"11862",2022-03-07,"Protests","Germany"
"11863",2022-03-07,"Protests","Germany"
"11864",2022-03-07,"Protests","Germany"
"11865",2022-03-07,"Protests","Germany"
"11866",2022-03-07,"Protests","Germany"
"11867",2022-03-07,"Protests","Germany"
"11868",2022-03-07,"Protests","Germany"
"11869",2022-03-07,"Protests","Germany"
"11870",2022-03-07,"Protests","Germany"
"11871",2022-03-07,"Protests","Germany"
"11872",2022-03-07,"Protests","Germany"
"11873",2022-03-07,"Riots","Germany"
"11874",2022-03-08,"Protests","Germany"
"11875",2022-03-08,"Protests","Germany"
"11876",2022-03-08,"Protests","Germany"
"11877",2022-03-08,"Protests","Germany"
"11878",2022-03-08,"Protests","Germany"
"11879",2022-03-08,"Protests","Germany"
"11880",2022-03-08,"Protests","Germany"
"11881",2022-03-08,"Protests","Germany"
"11882",2022-03-08,"Protests","Germany"
"11883",2022-03-08,"Protests","Germany"
"11884",2022-03-08,"Protests","Germany"
"11885",2022-03-09,"Strategic developments","Germany"
"11886",2022-03-09,"Protests","Germany"
"11887",2022-03-10,"Protests","Germany"
"11888",2022-03-11,"Protests","Germany"
"11889",2022-03-11,"Protests","Germany"
"11890",2022-03-11,"Protests","Germany"
"11891",2022-03-11,"Protests","Germany"
"11892",2022-03-11,"Protests","Germany"
"11893",2022-03-11,"Protests","Germany"
"11894",2022-03-12,"Protests","Germany"
"11895",2022-03-12,"Protests","Germany"
"11896",2022-03-12,"Protests","Germany"
"11897",2022-03-12,"Protests","Germany"
"11898",2022-03-12,"Protests","Germany"
"11899",2022-03-12,"Protests","Germany"
"11900",2022-03-12,"Protests","Germany"
"11901",2022-03-12,"Protests","Germany"
"11902",2022-03-12,"Protests","Germany"
"11903",2022-03-12,"Protests","Germany"
"11904",2022-03-12,"Protests","Germany"
"11905",2022-03-12,"Protests","Germany"
"11906",2022-03-12,"Protests","Germany"
"11907",2022-03-12,"Protests","Germany"
"11908",2022-03-12,"Protests","Germany"
"11909",2022-03-12,"Protests","Germany"
"11910",2022-03-12,"Protests","Germany"
"11911",2022-03-12,"Protests","Germany"
"11912",2022-03-12,"Riots","Germany"
"11913",2022-03-12,"Protests","Germany"
"11914",2022-03-12,"Protests","Germany"
"11915",2022-03-12,"Protests","Germany"
"11916",2022-03-12,"Protests","Germany"
"11917",2022-03-12,"Protests","Germany"
"11918",2022-03-13,"Protests","Germany"
"11919",2022-03-13,"Protests","Germany"
"11920",2022-03-13,"Protests","Germany"
"11921",2022-03-13,"Protests","Germany"
"11922",2022-03-13,"Protests","Germany"
"11923",2022-03-13,"Protests","Germany"
"11924",2022-03-13,"Protests","Germany"
"11925",2022-03-13,"Protests","Germany"
"11926",2022-03-13,"Protests","Germany"
"11927",2022-03-13,"Protests","Germany"
"11928",2022-03-13,"Protests","Germany"
"11929",2022-03-13,"Protests","Germany"
"11930",2022-03-13,"Protests","Germany"
"11931",2022-03-13,"Protests","Germany"
"11932",2022-03-13,"Protests","Germany"
"11933",2022-03-13,"Protests","Germany"
"11934",2022-03-13,"Protests","Germany"
"11935",2022-03-13,"Protests","Germany"
"11936",2022-03-13,"Protests","Germany"
"11937",2022-03-14,"Protests","Germany"
"11938",2022-03-14,"Protests","Germany"
"11939",2022-03-14,"Protests","Germany"
"11940",2022-03-14,"Protests","Germany"
"11941",2022-03-14,"Protests","Germany"
"11942",2022-03-14,"Protests","Germany"
"11943",2022-03-14,"Protests","Germany"
"11944",2022-03-14,"Protests","Germany"
"11945",2022-03-14,"Protests","Germany"
"11946",2022-03-14,"Protests","Germany"
"11947",2022-03-14,"Protests","Germany"
"11948",2022-03-14,"Protests","Germany"
"11949",2022-03-14,"Protests","Germany"
"11950",2022-03-14,"Protests","Germany"
"11951",2022-03-14,"Protests","Germany"
"11952",2022-03-14,"Protests","Germany"
"11953",2022-03-14,"Protests","Germany"
"11954",2022-03-14,"Protests","Germany"
"11955",2022-03-14,"Protests","Germany"
"11956",2022-03-14,"Protests","Germany"
"11957",2022-03-14,"Protests","Germany"
"11958",2022-03-14,"Protests","Germany"
"11959",2022-03-14,"Protests","Germany"
"11960",2022-03-14,"Protests","Germany"
"11961",2022-03-14,"Protests","Germany"
"11962",2022-03-14,"Protests","Germany"
"11963",2022-03-14,"Protests","Germany"
"11964",2022-03-14,"Protests","Germany"
"11965",2022-03-14,"Protests","Germany"
"11966",2022-03-14,"Protests","Germany"
"11967",2022-03-14,"Protests","Germany"
"11968",2022-03-14,"Protests","Germany"
"11969",2022-03-14,"Protests","Germany"
"11970",2022-03-14,"Protests","Germany"
"11971",2022-03-14,"Protests","Germany"
"11972",2022-03-14,"Protests","Germany"
"11973",2022-03-14,"Protests","Germany"
"11974",2022-03-14,"Protests","Germany"
"11975",2022-03-14,"Protests","Germany"
"11976",2022-03-14,"Protests","Germany"
"11977",2022-03-14,"Protests","Germany"
"11978",2022-03-14,"Protests","Germany"
"11979",2022-03-14,"Protests","Germany"
"11980",2022-03-14,"Protests","Germany"
"11981",2022-03-14,"Protests","Germany"
"11982",2022-03-14,"Protests","Germany"
"11983",2022-03-14,"Protests","Germany"
"11984",2022-03-14,"Protests","Germany"
"11985",2022-03-14,"Protests","Germany"
"11986",2022-03-14,"Protests","Germany"
"11987",2022-03-14,"Protests","Germany"
"11988",2022-03-14,"Protests","Germany"
"11989",2022-03-14,"Protests","Germany"
"11990",2022-03-14,"Protests","Germany"
"11991",2022-03-14,"Protests","Germany"
"11992",2022-03-14,"Protests","Germany"
"11993",2022-03-14,"Protests","Germany"
"11994",2022-03-14,"Protests","Germany"
"11995",2022-03-14,"Protests","Germany"
"11996",2022-03-14,"Protests","Germany"
"11997",2022-03-14,"Protests","Germany"
"11998",2022-03-14,"Protests","Germany"
"11999",2022-03-14,"Protests","Germany"
"12000",2022-03-14,"Protests","Germany"
"12001",2022-03-14,"Protests","Germany"
"12002",2022-03-14,"Protests","Germany"
"12003",2022-03-14,"Protests","Germany"
"12004",2022-03-14,"Protests","Germany"
"12005",2022-03-14,"Protests","Germany"
"12006",2022-03-14,"Protests","Germany"
"12007",2022-03-14,"Protests","Germany"
"12008",2022-03-15,"Protests","Germany"
"12009",2022-03-15,"Protests","Germany"
"12010",2022-03-15,"Protests","Germany"
"12011",2022-03-15,"Protests","Germany"
"12012",2022-03-15,"Protests","Germany"
"12013",2022-03-16,"Protests","Germany"
"12014",2022-03-16,"Protests","Germany"
"12015",2022-03-16,"Protests","Germany"
"12016",2022-03-16,"Protests","Germany"
"12017",2022-03-16,"Protests","Germany"
"12018",2022-03-16,"Protests","Germany"
"12019",2022-03-16,"Protests","Germany"
"12020",2022-03-18,"Protests","Germany"
"12021",2022-03-18,"Protests","Germany"
"12022",2022-03-18,"Protests","Germany"
"12023",2022-03-18,"Protests","Germany"
"12024",2022-03-18,"Protests","Germany"
"12025",2022-03-18,"Protests","Germany"
"12026",2022-03-18,"Protests","Germany"
"12027",2022-03-18,"Protests","Germany"
"12028",2022-03-18,"Protests","Germany"
"12029",2022-03-19,"Protests","Germany"
"12030",2022-03-19,"Protests","Germany"
"12031",2022-03-19,"Protests","Germany"
"12032",2022-03-19,"Protests","Germany"
"12033",2022-03-19,"Protests","Germany"
"12034",2022-03-19,"Protests","Germany"
"12035",2022-03-19,"Protests","Germany"
"12036",2022-03-19,"Protests","Germany"
"12037",2022-03-19,"Protests","Germany"
"12038",2022-03-19,"Protests","Germany"
"12039",2022-03-19,"Protests","Germany"
"12040",2022-03-19,"Protests","Germany"
"12041",2022-03-19,"Protests","Germany"
"12042",2022-03-19,"Protests","Germany"
"12043",2022-03-19,"Protests","Germany"
"12044",2022-03-19,"Protests","Germany"
"12045",2022-03-19,"Protests","Germany"
"12046",2022-03-19,"Protests","Germany"
"12047",2022-03-19,"Protests","Germany"
"12048",2022-03-19,"Protests","Germany"
"12049",2022-03-19,"Protests","Germany"
"12050",2022-03-19,"Protests","Germany"
"12051",2022-03-19,"Protests","Germany"
"12052",2022-03-20,"Protests","Germany"
"12053",2022-03-20,"Protests","Germany"
"12054",2022-03-20,"Protests","Germany"
"12055",2022-03-20,"Protests","Germany"
"12056",2022-03-20,"Protests","Germany"
"12057",2022-03-20,"Protests","Germany"
"12058",2022-03-20,"Protests","Germany"
"12059",2022-03-20,"Protests","Germany"
"12060",2022-03-20,"Protests","Germany"
"12061",2022-03-20,"Protests","Germany"
"12062",2022-03-20,"Protests","Germany"
"12063",2022-03-20,"Protests","Germany"
"12064",2022-03-20,"Protests","Germany"
"12065",2022-03-20,"Protests","Germany"
"12066",2022-03-20,"Protests","Germany"
"12067",2022-03-20,"Protests","Germany"
"12068",2022-03-20,"Protests","Germany"
"12069",2022-03-20,"Protests","Germany"
"12070",2022-03-20,"Protests","Germany"
"12071",2022-03-20,"Protests","Germany"
"12072",2022-03-20,"Protests","Germany"
"12073",2022-03-20,"Protests","Germany"
"12074",2022-03-21,"Protests","Germany"
"12075",2022-03-21,"Protests","Germany"
"12076",2022-03-21,"Protests","Germany"
"12077",2022-03-21,"Protests","Germany"
"12078",2022-03-21,"Protests","Germany"
"12079",2022-03-21,"Protests","Germany"
"12080",2022-03-21,"Protests","Germany"
"12081",2022-03-21,"Protests","Germany"
"12082",2022-03-21,"Protests","Germany"
"12083",2022-03-21,"Protests","Germany"
"12084",2022-03-21,"Protests","Germany"
"12085",2022-03-21,"Protests","Germany"
"12086",2022-03-21,"Protests","Germany"
"12087",2022-03-21,"Protests","Germany"
"12088",2022-03-21,"Protests","Germany"
"12089",2022-03-21,"Protests","Germany"
"12090",2022-03-21,"Protests","Germany"
"12091",2022-03-21,"Protests","Germany"
"12092",2022-03-21,"Protests","Germany"
"12093",2022-03-21,"Protests","Germany"
"12094",2022-03-21,"Protests","Germany"
"12095",2022-03-21,"Protests","Germany"
"12096",2022-03-21,"Protests","Germany"
"12097",2022-03-21,"Protests","Germany"
"12098",2022-03-21,"Protests","Germany"
"12099",2022-03-21,"Protests","Germany"
"12100",2022-03-21,"Protests","Germany"
"12101",2022-03-21,"Protests","Germany"
"12102",2022-03-21,"Protests","Germany"
"12103",2022-03-21,"Protests","Germany"
"12104",2022-03-21,"Protests","Germany"
"12105",2022-03-21,"Protests","Germany"
"12106",2022-03-21,"Protests","Germany"
"12107",2022-03-21,"Protests","Germany"
"12108",2022-03-21,"Protests","Germany"
"12109",2022-03-21,"Protests","Germany"
"12110",2022-03-21,"Protests","Germany"
"12111",2022-03-21,"Protests","Germany"
"12112",2022-03-21,"Protests","Germany"
"12113",2022-03-21,"Protests","Germany"
"12114",2022-03-21,"Protests","Germany"
"12115",2022-03-21,"Protests","Germany"
"12116",2022-03-21,"Protests","Germany"
"12117",2022-03-21,"Protests","Germany"
"12118",2022-03-21,"Protests","Germany"
"12119",2022-03-21,"Protests","Germany"
"12120",2022-03-22,"Protests","Germany"
"12121",2022-03-22,"Protests","Germany"
"12122",2022-03-22,"Protests","Germany"
"12123",2022-03-22,"Protests","Germany"
"12124",2022-03-22,"Protests","Germany"
"12125",2022-03-22,"Protests","Germany"
"12126",2022-03-23,"Protests","Germany"
"12127",2022-03-23,"Protests","Germany"
"12128",2022-03-23,"Protests","Germany"
"12129",2022-03-23,"Protests","Germany"
"12130",2022-03-23,"Protests","Germany"
"12131",2022-03-23,"Protests","Germany"
"12132",2022-03-25,"Protests","Germany"
"12133",2022-03-25,"Protests","Germany"
"12134",2022-03-25,"Protests","Germany"
"12135",2022-03-25,"Protests","Germany"
"12136",2022-03-25,"Protests","Germany"
"12137",2022-03-25,"Protests","Germany"
"12138",2022-03-25,"Protests","Germany"
"12139",2022-03-25,"Protests","Germany"
"12140",2022-03-25,"Protests","Germany"
"12141",2022-03-25,"Protests","Germany"
"12142",2022-03-25,"Protests","Germany"
"12143",2022-03-25,"Protests","Germany"
"12144",2022-03-25,"Protests","Germany"
"12145",2022-03-25,"Protests","Germany"
"12146",2022-03-25,"Protests","Germany"
"12147",2022-03-25,"Protests","Germany"
"12148",2022-03-25,"Protests","Germany"
"12149",2022-03-25,"Protests","Germany"
"12150",2022-03-25,"Protests","Germany"
"12151",2022-03-25,"Protests","Germany"
"12152",2022-03-25,"Protests","Germany"
"12153",2022-03-25,"Protests","Germany"
"12154",2022-03-25,"Protests","Germany"
"12155",2022-03-25,"Protests","Germany"
"12156",2022-03-25,"Protests","Germany"
"12157",2022-03-25,"Protests","Germany"
"12158",2022-03-25,"Protests","Germany"
"12159",2022-03-25,"Protests","Germany"
"12160",2022-03-25,"Protests","Germany"
"12161",2022-03-25,"Protests","Germany"
"12162",2022-03-25,"Protests","Germany"
"12163",2022-03-25,"Protests","Germany"
"12164",2022-03-25,"Protests","Germany"
"12165",2022-03-25,"Protests","Germany"
"12166",2022-03-25,"Protests","Germany"
"12167",2022-03-25,"Protests","Germany"
"12168",2022-03-25,"Protests","Germany"
"12169",2022-03-25,"Protests","Germany"
"12170",2022-03-25,"Protests","Germany"
"12171",2022-03-25,"Protests","Germany"
"12172",2022-03-25,"Protests","Germany"
"12173",2022-03-25,"Protests","Germany"
"12174",2022-03-25,"Protests","Germany"
"12175",2022-03-25,"Protests","Germany"
"12176",2022-03-25,"Protests","Germany"
"12177",2022-03-25,"Protests","Germany"
"12178",2022-03-25,"Protests","Germany"
"12179",2022-03-25,"Protests","Germany"
"12180",2022-03-25,"Protests","Germany"
"12181",2022-03-25,"Protests","Germany"
"12182",2022-03-25,"Protests","Germany"
"12183",2022-03-25,"Protests","Germany"
"12184",2022-03-25,"Protests","Germany"
"12185",2022-03-25,"Protests","Germany"
"12186",2022-03-25,"Protests","Germany"
"12187",2022-03-25,"Protests","Germany"
"12188",2022-03-25,"Protests","Germany"
"12189",2022-03-25,"Protests","Germany"
"12190",2022-03-25,"Protests","Germany"
"12191",2022-03-25,"Protests","Germany"
"12192",2022-03-26,"Protests","Germany"
"12193",2022-03-26,"Protests","Germany"
"12194",2022-03-26,"Protests","Germany"
"12195",2022-03-26,"Protests","Germany"
"12196",2022-03-26,"Protests","Germany"
"12197",2022-03-26,"Protests","Germany"
"12198",2022-03-26,"Protests","Germany"
"12199",2022-03-26,"Protests","Germany"
"12200",2022-03-26,"Protests","Germany"
"12201",2022-03-26,"Protests","Germany"
"12202",2022-03-26,"Protests","Germany"
"12203",2022-03-26,"Protests","Germany"
"12204",2022-03-26,"Protests","Germany"
"12205",2022-03-27,"Protests","Germany"
"12206",2022-03-27,"Protests","Germany"
"12207",2022-03-27,"Protests","Germany"
"12208",2022-03-27,"Protests","Germany"
"12209",2022-03-27,"Protests","Germany"
"12210",2022-03-27,"Protests","Germany"
"12211",2022-03-27,"Protests","Germany"
"12212",2022-03-27,"Protests","Germany"
"12213",2022-03-27,"Protests","Germany"
"12214",2022-03-28,"Protests","Germany"
"12215",2022-03-28,"Protests","Germany"
"12216",2022-03-28,"Protests","Germany"
"12217",2022-03-28,"Protests","Germany"
"12218",2022-03-28,"Protests","Germany"
"12219",2022-03-28,"Protests","Germany"
"12220",2022-03-28,"Protests","Germany"
"12221",2022-03-28,"Protests","Germany"
"12222",2022-03-28,"Protests","Germany"
"12223",2022-03-28,"Protests","Germany"
"12224",2022-03-28,"Protests","Germany"
"12225",2022-03-28,"Protests","Germany"
"12226",2022-03-28,"Protests","Germany"
"12227",2022-03-28,"Protests","Germany"
"12228",2022-03-28,"Protests","Germany"
"12229",2022-03-28,"Protests","Germany"
"12230",2022-03-28,"Protests","Germany"
"12231",2022-03-28,"Protests","Germany"
"12232",2022-03-28,"Protests","Germany"
"12233",2022-03-28,"Protests","Germany"
"12234",2022-03-28,"Protests","Germany"
"12235",2022-03-28,"Protests","Germany"
"12236",2022-03-28,"Protests","Germany"
"12237",2022-03-28,"Protests","Germany"
"12238",2022-03-28,"Protests","Germany"
"12239",2022-03-28,"Protests","Germany"
"12240",2022-03-28,"Protests","Germany"
"12241",2022-03-28,"Protests","Germany"
"12242",2022-03-28,"Protests","Germany"
"12243",2022-03-28,"Protests","Germany"
"12244",2022-03-28,"Protests","Germany"
"12245",2022-03-28,"Protests","Germany"
"12246",2022-03-28,"Protests","Germany"
"12247",2022-03-28,"Protests","Germany"
"12248",2022-03-28,"Protests","Germany"
"12249",2022-03-29,"Protests","Germany"
"12250",2022-03-29,"Protests","Germany"
"12251",2022-03-30,"Protests","Germany"
"12252",2022-03-30,"Protests","Germany"
"12253",2022-03-30,"Protests","Germany"
"12254",2022-03-30,"Protests","Germany"
"12255",2022-03-31,"Protests","Germany"
"12256",2022-03-31,"Protests","Germany"
"12257",2022-03-31,"Protests","Germany"
"12258",2022-03-31,"Protests","Germany"
"12259",2022-04-01,"Protests","Germany"
"12260",2022-04-01,"Protests","Germany"
"12261",2022-04-01,"Protests","Germany"
"12262",2022-04-01,"Protests","Germany"
"12263",2022-04-01,"Protests","Germany"
"12264",2022-04-01,"Protests","Germany"
"12265",2022-04-01,"Protests","Germany"
"12266",2022-04-02,"Protests","Germany"
"12267",2022-04-02,"Protests","Germany"
"12268",2022-04-02,"Protests","Germany"
"12269",2022-04-02,"Protests","Germany"
"12270",2022-04-02,"Protests","Germany"
"12271",2022-04-02,"Protests","Germany"
"12272",2022-04-02,"Protests","Germany"
"12273",2022-04-03,"Protests","Germany"
"12274",2022-04-03,"Protests","Germany"
"12275",2022-04-03,"Protests","Germany"
"12276",2022-04-03,"Protests","Germany"
"12277",2022-04-03,"Protests","Germany"
"12278",2022-04-03,"Protests","Germany"
"12279",2022-04-03,"Protests","Germany"
"12280",2022-04-03,"Protests","Germany"
"12281",2022-04-03,"Protests","Germany"
"12282",2022-04-04,"Protests","Germany"
"12283",2022-04-04,"Protests","Germany"
"12284",2022-04-04,"Protests","Germany"
"12285",2022-04-04,"Protests","Germany"
"12286",2022-04-04,"Protests","Germany"
"12287",2022-04-04,"Protests","Germany"
"12288",2022-04-04,"Protests","Germany"
"12289",2022-04-04,"Protests","Germany"
"12290",2022-04-04,"Protests","Germany"
"12291",2022-04-04,"Protests","Germany"
"12292",2022-04-04,"Protests","Germany"
"12293",2022-04-04,"Protests","Germany"
"12294",2022-04-04,"Protests","Germany"
"12295",2022-04-04,"Protests","Germany"
"12296",2022-04-04,"Protests","Germany"
"12297",2022-04-04,"Protests","Germany"
"12298",2022-04-04,"Protests","Germany"
"12299",2022-04-04,"Protests","Germany"
"12300",2022-04-04,"Protests","Germany"
"12301",2022-04-05,"Protests","Germany"
"12302",2022-04-05,"Protests","Germany"
"12303",2022-04-05,"Protests","Germany"
"12304",2022-04-06,"Protests","Germany"
"12305",2022-04-06,"Protests","Germany"
"12306",2022-04-06,"Protests","Germany"
"12307",2022-04-06,"Protests","Germany"
"12308",2022-04-07,"Protests","Germany"
"12309",2022-04-07,"Protests","Germany"
"12310",2022-04-07,"Protests","Germany"
"12311",2022-04-08,"Protests","Germany"
"12312",2022-04-09,"Protests","Germany"
"12313",2022-04-09,"Protests","Germany"
"12314",2022-04-09,"Protests","Germany"
"12315",2022-04-09,"Protests","Germany"
"12316",2022-04-09,"Protests","Germany"
"12317",2022-04-09,"Protests","Germany"
"12318",2022-04-10,"Protests","Germany"
"12319",2022-04-10,"Protests","Germany"
"12320",2022-04-10,"Protests","Germany"
"12321",2022-04-10,"Protests","Germany"
"12322",2022-04-10,"Protests","Germany"
"12323",2022-04-10,"Protests","Germany"
"12324",2022-04-10,"Protests","Germany"
"12325",2022-04-10,"Protests","Germany"
"12326",2022-04-10,"Protests","Germany"
"12327",2022-04-10,"Protests","Germany"
"12328",2022-04-11,"Protests","Germany"
"12329",2022-04-11,"Protests","Germany"
"12330",2022-04-11,"Protests","Germany"
"12331",2022-04-11,"Protests","Germany"
"12332",2022-04-11,"Protests","Germany"
"12333",2022-04-11,"Protests","Germany"
"12334",2022-04-11,"Protests","Germany"
"12335",2022-04-12,"Protests","Germany"
"12336",2022-04-12,"Protests","Germany"
"12337",2022-04-12,"Protests","Germany"
"12338",2022-04-12,"Protests","Germany"
"12339",2022-04-12,"Protests","Germany"
"12340",2022-04-13,"Protests","Germany"
"12341",2022-04-13,"Protests","Germany"
"12342",2022-04-13,"Protests","Germany"
"12343",2022-04-13,"Strategic developments","Germany"
"12344",2022-04-13,"Protests","Germany"
"12345",2022-04-13,"Protests","Germany"
"12346",2022-04-14,"Protests","Germany"
"12347",2022-04-14,"Protests","Germany"
"12348",2022-04-14,"Strategic developments","Germany"
"12349",2022-04-14,"Protests","Germany"
"12350",2022-04-14,"Protests","Germany"
"12351",2022-04-14,"Protests","Germany"
"12352",2022-04-14,"Protests","Germany"
"12353",2022-04-15,"Protests","Germany"
"12354",2022-04-15,"Strategic developments","Germany"
"12355",2022-04-15,"Protests","Germany"
"12356",2022-04-15,"Protests","Germany"
"12357",2022-04-15,"Protests","Germany"
"12358",2022-04-16,"Protests","Germany"
"12359",2022-04-16,"Strategic developments","Germany"
"12360",2022-04-16,"Protests","Germany"
"12361",2022-04-16,"Protests","Germany"
"12362",2022-04-16,"Protests","Germany"
"12363",2022-04-16,"Protests","Germany"
"12364",2022-04-16,"Protests","Germany"
"12365",2022-04-16,"Protests","Germany"
"12366",2022-04-16,"Protests","Germany"
"12367",2022-04-16,"Protests","Germany"
"12368",2022-04-16,"Protests","Germany"
"12369",2022-04-16,"Protests","Germany"
"12370",2022-04-16,"Protests","Germany"
"12371",2022-04-16,"Protests","Germany"
"12372",2022-04-16,"Protests","Germany"
"12373",2022-04-16,"Protests","Germany"
"12374",2022-04-16,"Protests","Germany"
"12375",2022-04-16,"Protests","Germany"
"12376",2022-04-16,"Protests","Germany"
"12377",2022-04-16,"Protests","Germany"
"12378",2022-04-16,"Protests","Germany"
"12379",2022-04-16,"Protests","Germany"
"12380",2022-04-16,"Protests","Germany"
"12381",2022-04-16,"Protests","Germany"
"12382",2022-04-16,"Protests","Germany"
"12383",2022-04-16,"Protests","Germany"
"12384",2022-04-16,"Protests","Germany"
"12385",2022-04-16,"Protests","Germany"
"12386",2022-04-16,"Protests","Germany"
"12387",2022-04-16,"Protests","Germany"
"12388",2022-04-16,"Protests","Germany"
"12389",2022-04-16,"Protests","Germany"
"12390",2022-04-16,"Protests","Germany"
"12391",2022-04-16,"Protests","Germany"
"12392",2022-04-16,"Protests","Germany"
"12393",2022-04-16,"Protests","Germany"
"12394",2022-04-16,"Protests","Germany"
"12395",2022-04-16,"Protests","Germany"
"12396",2022-04-16,"Protests","Germany"
"12397",2022-04-16,"Protests","Germany"
"12398",2022-04-16,"Protests","Germany"
"12399",2022-04-16,"Protests","Germany"
"12400",2022-04-16,"Protests","Germany"
"12401",2022-04-16,"Protests","Germany"
"12402",2022-04-16,"Protests","Germany"
"12403",2022-04-17,"Protests","Germany"
"12404",2022-04-18,"Protests","Germany"
"12405",2022-04-18,"Protests","Germany"
"12406",2022-04-18,"Protests","Germany"
"12407",2022-04-18,"Protests","Germany"
"12408",2022-04-18,"Protests","Germany"
"12409",2022-04-18,"Protests","Germany"
"12410",2022-04-18,"Protests","Germany"
"12411",2022-04-18,"Protests","Germany"
"12412",2022-04-18,"Protests","Germany"
"12413",2022-04-18,"Protests","Germany"
"12414",2022-04-18,"Riots","Germany"
"12415",2022-04-19,"Protests","Germany"
"12416",2022-04-19,"Protests","Germany"
"12417",2022-04-19,"Protests","Germany"
"12418",2022-04-20,"Protests","Germany"
"12419",2022-04-21,"Protests","Germany"
"12420",2022-04-21,"Protests","Germany"
"12421",2022-04-22,"Protests","Germany"
"12422",2022-04-22,"Protests","Germany"
"12423",2022-04-22,"Protests","Germany"
"12424",2022-04-22,"Protests","Germany"
"12425",2022-04-22,"Riots","Germany"
"12426",2022-04-23,"Protests","Germany"
"12427",2022-04-23,"Protests","Germany"
"12428",2022-04-23,"Protests","Germany"
"12429",2022-04-23,"Protests","Germany"
"12430",2022-04-23,"Protests","Germany"
"12431",2022-04-23,"Protests","Germany"
"12432",2022-04-23,"Protests","Germany"
"12433",2022-04-23,"Protests","Germany"
"12434",2022-04-23,"Protests","Germany"
"12435",2022-04-23,"Strategic developments","Germany"
"12436",2022-04-23,"Protests","Germany"
"12437",2022-04-23,"Riots","Germany"
"12438",2022-04-24,"Protests","Germany"
"12439",2022-04-24,"Protests","Germany"
"12440",2022-04-24,"Protests","Germany"
"12441",2022-04-24,"Protests","Germany"
"12442",2022-04-24,"Protests","Germany"
"12443",2022-04-25,"Protests","Germany"
"12444",2022-04-25,"Protests","Germany"
"12445",2022-04-26,"Protests","Germany"
"12446",2022-04-26,"Protests","Germany"
"12447",2022-04-28,"Protests","Germany"
"12448",2022-04-28,"Protests","Germany"
"12449",2022-04-29,"Protests","Germany"
"12450",2022-04-30,"Protests","Germany"
"12451",2022-04-30,"Protests","Germany"
"12452",2022-04-30,"Protests","Germany"
"12453",2022-04-30,"Protests","Germany"
"12454",2022-04-30,"Protests","Germany"
"12455",2022-04-30,"Protests","Germany"
"12456",2022-04-30,"Protests","Germany"
"12457",2022-04-30,"Protests","Germany"
"12458",2022-05-01,"Protests","Germany"
"12459",2022-05-01,"Protests","Germany"
"12460",2022-05-01,"Protests","Germany"
"12461",2022-05-01,"Protests","Germany"
"12462",2022-05-01,"Riots","Germany"
"12463",2022-05-01,"Protests","Germany"
"12464",2022-05-01,"Protests","Germany"
"12465",2022-05-01,"Protests","Germany"
"12466",2022-05-01,"Protests","Germany"
"12467",2022-05-01,"Protests","Germany"
"12468",2022-05-01,"Protests","Germany"
"12469",2022-05-01,"Protests","Germany"
"12470",2022-05-01,"Protests","Germany"
"12471",2022-05-01,"Protests","Germany"
"12472",2022-05-01,"Protests","Germany"
"12473",2022-05-01,"Protests","Germany"
"12474",2022-05-01,"Protests","Germany"
"12475",2022-05-01,"Protests","Germany"
"12476",2022-05-01,"Protests","Germany"
"12477",2022-05-01,"Protests","Germany"
"12478",2022-05-01,"Riots","Germany"
"12479",2022-05-01,"Riots","Germany"
"12480",2022-05-01,"Protests","Germany"
"12481",2022-05-02,"Protests","Germany"
"12482",2022-05-02,"Protests","Germany"
"12483",2022-05-02,"Violence against civilians","Germany"
"12484",2022-05-03,"Protests","Germany"
"12485",2022-05-03,"Protests","Germany"
"12486",2022-05-03,"Protests","Germany"
"12487",2022-05-04,"Protests","Germany"
"12488",2022-05-04,"Protests","Germany"
"12489",2022-05-04,"Protests","Germany"
"12490",2022-05-04,"Protests","Germany"
"12491",2022-05-06,"Protests","Germany"
"12492",2022-05-06,"Protests","Germany"
"12493",2022-05-06,"Protests","Germany"
"12494",2022-05-07,"Protests","Germany"
"12495",2022-05-07,"Protests","Germany"
"12496",2022-05-07,"Protests","Germany"
"12497",2022-05-07,"Protests","Germany"
"12498",2022-05-07,"Protests","Germany"
"12499",2022-05-07,"Protests","Germany"
"12500",2022-05-07,"Protests","Germany"
"12501",2022-05-07,"Protests","Germany"
"12502",2022-05-07,"Protests","Germany"
"12503",2022-05-07,"Protests","Germany"
"12504",2022-05-08,"Protests","Germany"
"12505",2022-05-08,"Protests","Germany"
"12506",2022-05-08,"Protests","Germany"
"12507",2022-05-08,"Protests","Germany"
"12508",2022-05-08,"Protests","Germany"
"12509",2022-05-08,"Protests","Germany"
"12510",2022-05-08,"Protests","Germany"
"12511",2022-05-08,"Protests","Germany"
"12512",2022-05-08,"Protests","Germany"
"12513",2022-05-08,"Protests","Germany"
"12514",2022-05-08,"Protests","Germany"
"12515",2022-05-08,"Protests","Germany"
"12516",2022-05-08,"Protests","Germany"
"12517",2022-05-08,"Protests","Germany"
"12518",2022-05-08,"Protests","Germany"
"12519",2022-05-08,"Protests","Germany"
"12520",2022-05-08,"Protests","Germany"
"12521",2022-05-09,"Protests","Germany"
"12522",2022-05-09,"Protests","Germany"
"12523",2022-05-09,"Protests","Germany"
"12524",2022-05-09,"Protests","Germany"
"12525",2022-05-10,"Protests","Germany"
"12526",2022-05-10,"Protests","Germany"
"12527",2022-05-10,"Protests","Germany"
"12528",2022-05-10,"Protests","Germany"
"12529",2022-05-11,"Protests","Germany"
"12530",2022-05-11,"Protests","Germany"
"12531",2022-05-11,"Protests","Germany"
"12532",2022-05-12,"Protests","Germany"
"12533",2022-05-12,"Protests","Germany"
"12534",2022-05-12,"Protests","Germany"
"12535",2022-05-12,"Protests","Germany"
"12536",2022-05-12,"Protests","Germany"
"12537",2022-05-13,"Protests","Germany"
"12538",2022-05-13,"Protests","Germany"
"12539",2022-05-13,"Protests","Germany"
"12540",2022-05-13,"Protests","Germany"
"12541",2022-05-13,"Protests","Germany"
"12542",2022-05-14,"Protests","Germany"
"12543",2022-05-14,"Protests","Germany"
"12544",2022-05-14,"Protests","Germany"
"12545",2022-05-14,"Protests","Germany"
"12546",2022-05-14,"Protests","Germany"
"12547",2022-05-14,"Protests","Germany"
"12548",2022-05-14,"Protests","Germany"
"12549",2022-05-14,"Protests","Germany"
"12550",2022-05-14,"Protests","Germany"
"12551",2022-05-14,"Protests","Germany"
"12552",2022-05-14,"Protests","Germany"
"12553",2022-05-14,"Protests","Germany"
"12554",2022-05-14,"Protests","Germany"
"12555",2022-05-14,"Protests","Germany"
"12556",2022-05-14,"Protests","Germany"
"12557",2022-05-14,"Protests","Germany"
"12558",2022-05-14,"Riots","Germany"
"12559",2022-05-15,"Protests","Germany"
"12560",2022-05-15,"Protests","Germany"
"12561",2022-05-15,"Protests","Germany"
"12562",2022-05-15,"Protests","Germany"
"12563",2022-05-15,"Protests","Germany"
"12564",2022-05-15,"Protests","Germany"
"12565",2022-05-15,"Protests","Germany"
"12566",2022-05-15,"Protests","Germany"
"12567",2022-05-15,"Protests","Germany"
"12568",2022-05-15,"Protests","Germany"
"12569",2022-05-16,"Protests","Germany"
"12570",2022-05-16,"Protests","Germany"
"12571",2022-05-16,"Protests","Germany"
"12572",2022-05-16,"Protests","Germany"
"12573",2022-05-16,"Protests","Germany"
"12574",2022-05-16,"Protests","Germany"
"12575",2022-05-16,"Protests","Germany"
"12576",2022-05-16,"Protests","Germany"
"12577",2022-05-16,"Protests","Germany"
"12578",2022-05-16,"Protests","Germany"
"12579",2022-05-16,"Protests","Germany"
"12580",2022-05-16,"Protests","Germany"
"12581",2022-05-17,"Protests","Germany"
"12582",2022-05-17,"Protests","Germany"
"12583",2022-05-18,"Protests","Germany"
"12584",2022-05-18,"Protests","Germany"
"12585",2022-05-18,"Protests","Germany"
"12586",2022-05-19,"Protests","Germany"
"12587",2022-05-19,"Protests","Germany"
"12588",2022-05-19,"Protests","Germany"
"12589",2022-05-19,"Protests","Germany"
"12590",2022-05-19,"Protests","Germany"
"12591",2022-05-19,"Protests","Germany"
"12592",2022-05-19,"Protests","Germany"
"12593",2022-05-20,"Protests","Germany"
"12594",2022-05-21,"Protests","Germany"
"12595",2022-05-21,"Protests","Germany"
"12596",2022-05-21,"Protests","Germany"
"12597",2022-05-21,"Protests","Germany"
"12598",2022-05-21,"Protests","Germany"
"12599",2022-05-21,"Protests","Germany"
"12600",2022-05-21,"Protests","Germany"
"12601",2022-05-22,"Strategic developments","Germany"
"12602",2022-05-22,"Protests","Germany"
"12603",2022-05-22,"Protests","Germany"
"12604",2022-05-22,"Protests","Germany"
"12605",2022-05-22,"Protests","Germany"
"12606",2022-05-22,"Protests","Germany"
"12607",2022-05-22,"Protests","Germany"
"12608",2022-05-23,"Protests","Germany"
"12609",2022-05-23,"Protests","Germany"
"12610",2022-05-23,"Protests","Germany"
"12611",2022-05-23,"Protests","Germany"
"12612",2022-05-23,"Protests","Germany"
"12613",2022-05-23,"Protests","Germany"
"12614",2022-05-23,"Protests","Germany"
"12615",2022-05-23,"Protests","Germany"
"12616",2022-05-23,"Protests","Germany"
"12617",2022-05-23,"Protests","Germany"
"12618",2022-05-23,"Protests","Germany"
"12619",2022-05-23,"Protests","Germany"
"12620",2022-05-23,"Protests","Germany"
"12621",2022-05-23,"Protests","Germany"
"12622",2022-05-23,"Protests","Germany"
"12623",2022-05-23,"Protests","Germany"
"12624",2022-05-23,"Protests","Germany"
"12625",2022-05-23,"Protests","Germany"
"12626",2022-05-23,"Protests","Germany"
"12627",2022-05-23,"Protests","Germany"
"12628",2022-05-23,"Riots","Germany"
"12629",2022-05-24,"Protests","Germany"
"12630",2022-05-24,"Protests","Germany"
"12631",2022-05-24,"Protests","Germany"
"12632",2022-05-24,"Strategic developments","Germany"
"12633",2022-05-24,"Protests","Germany"
"12634",2022-05-25,"Protests","Germany"
"12635",2022-05-25,"Protests","Germany"
"12636",2022-05-25,"Protests","Germany"
"12637",2022-05-26,"Riots","Germany"
"12638",2022-05-26,"Protests","Germany"
"12639",2022-05-27,"Protests","Germany"
"12640",2022-05-27,"Protests","Germany"
"12641",2022-05-28,"Protests","Germany"
"12642",2022-05-28,"Protests","Germany"
"12643",2022-05-28,"Protests","Germany"
"12644",2022-05-28,"Protests","Germany"
"12645",2022-05-28,"Protests","Germany"
"12646",2022-05-28,"Protests","Germany"
"12647",2022-05-28,"Protests","Germany"
"12648",2022-05-28,"Protests","Germany"
"12649",2022-05-28,"Protests","Germany"
"12650",2022-05-28,"Protests","Germany"
"12651",2022-05-29,"Protests","Germany"
"12652",2022-05-29,"Protests","Germany"
"12653",2022-05-29,"Protests","Germany"
"12654",2022-05-29,"Protests","Germany"
"12655",2022-05-30,"Protests","Germany"
"12656",2022-05-30,"Protests","Germany"
"12657",2022-05-30,"Protests","Germany"
"12658",2022-05-30,"Protests","Germany"
"12659",2022-05-30,"Protests","Germany"
"12660",2022-05-30,"Protests","Germany"
"12661",2022-05-30,"Protests","Germany"
"12662",2022-05-30,"Protests","Germany"
"12663",2022-05-31,"Protests","Germany"
"12664",2022-05-31,"Protests","Germany"
"12665",2022-05-31,"Protests","Germany"
"12666",2022-06-01,"Protests","Germany"
"12667",2022-06-01,"Protests","Germany"
"12668",2022-06-01,"Protests","Germany"
"12669",2022-06-01,"Protests","Germany"
"12670",2022-06-01,"Protests","Germany"
"12671",2022-06-01,"Protests","Germany"
"12672",2022-06-01,"Protests","Germany"
"12673",2022-06-01,"Protests","Germany"
"12674",2022-06-01,"Protests","Germany"
"12675",2022-06-02,"Protests","Germany"
"12676",2022-06-02,"Protests","Germany"
"12677",2022-06-02,"Protests","Germany"
"12678",2022-06-02,"Protests","Germany"
"12679",2022-06-03,"Protests","Germany"
"12680",2022-06-03,"Protests","Germany"
"12681",2022-06-03,"Protests","Germany"
"12682",2022-06-04,"Protests","Germany"
"12683",2022-06-04,"Protests","Germany"
"12684",2022-06-04,"Protests","Germany"
"12685",2022-06-04,"Protests","Germany"
"12686",2022-06-04,"Protests","Germany"
"12687",2022-06-05,"Protests","Germany"
"12688",2022-06-05,"Protests","Germany"
"12689",2022-06-05,"Strategic developments","Germany"
"12690",2022-06-06,"Protests","Germany"
"12691",2022-06-06,"Protests","Germany"
"12692",2022-06-06,"Protests","Germany"
"12693",2022-06-07,"Protests","Germany"
"12694",2022-06-07,"Protests","Germany"
"12695",2022-06-07,"Protests","Germany"
"12696",2022-06-07,"Protests","Germany"
"12697",2022-06-07,"Protests","Germany"
"12698",2022-06-08,"Protests","Germany"
"12699",2022-06-08,"Protests","Germany"
"12700",2022-06-08,"Protests","Germany"
"12701",2022-06-08,"Protests","Germany"
"12702",2022-06-08,"Protests","Germany"
"12703",2022-06-08,"Protests","Germany"
"12704",2022-06-08,"Protests","Germany"
"12705",2022-06-09,"Protests","Germany"
"12706",2022-06-09,"Protests","Germany"
"12707",2022-06-09,"Protests","Germany"
"12708",2022-06-09,"Protests","Germany"
"12709",2022-06-09,"Protests","Germany"
"12710",2022-06-10,"Protests","Germany"
"12711",2022-06-10,"Protests","Germany"
"12712",2022-06-10,"Protests","Germany"
"12713",2022-06-10,"Protests","Germany"
"12714",2022-06-10,"Protests","Germany"
"12715",2022-06-10,"Protests","Germany"
"12716",2022-06-10,"Protests","Germany"
"12717",2022-06-10,"Protests","Germany"
"12718",2022-06-10,"Protests","Germany"
"12719",2022-06-10,"Protests","Germany"
"12720",2022-06-10,"Protests","Germany"
"12721",2022-06-11,"Protests","Germany"
"12722",2022-06-11,"Protests","Germany"
"12723",2022-06-11,"Protests","Germany"
"12724",2022-06-11,"Protests","Germany"
"12725",2022-06-11,"Protests","Germany"
"12726",2022-06-11,"Protests","Germany"
"12727",2022-06-11,"Riots","Germany"
"12728",2022-06-11,"Protests","Germany"
"12729",2022-06-11,"Protests","Germany"
"12730",2022-06-11,"Protests","Germany"
"12731",2022-06-12,"Protests","Germany"
"12732",2022-06-12,"Protests","Germany"
"12733",2022-06-12,"Protests","Germany"
"12734",2022-06-12,"Protests","Germany"
"12735",2022-06-13,"Protests","Germany"
"12736",2022-06-13,"Protests","Germany"
"12737",2022-06-13,"Protests","Germany"
"12738",2022-06-13,"Protests","Germany"
"12739",2022-06-13,"Protests","Germany"
"12740",2022-06-13,"Protests","Germany"
"12741",2022-06-13,"Protests","Germany"
"12742",2022-06-13,"Protests","Germany"
"12743",2022-06-13,"Protests","Germany"
"12744",2022-06-13,"Protests","Germany"
"12745",2022-06-13,"Protests","Germany"
"12746",2022-06-13,"Protests","Germany"
"12747",2022-06-13,"Protests","Germany"
"12748",2022-06-14,"Protests","Germany"
"12749",2022-06-15,"Protests","Germany"
"12750",2022-06-16,"Strategic developments","Germany"
"12751",2022-06-17,"Protests","Germany"
"12752",2022-06-17,"Protests","Germany"
"12753",2022-06-17,"Protests","Germany"
"12754",2022-06-17,"Protests","Germany"
"12755",2022-06-17,"Protests","Germany"
"12756",2022-06-17,"Protests","Germany"
"12757",2022-06-18,"Protests","Germany"
"12758",2022-06-18,"Protests","Germany"
"12759",2022-06-18,"Protests","Germany"
"12760",2022-06-18,"Protests","Germany"
"12761",2022-06-18,"Riots","Germany"
"12762",2022-06-18,"Protests","Germany"
"12763",2022-06-18,"Protests","Germany"
"12764",2022-06-18,"Protests","Germany"
"12765",2022-06-19,"Protests","Germany"
"12766",2022-06-19,"Protests","Germany"
"12767",2022-06-19,"Protests","Germany"
"12768",2022-06-19,"Protests","Germany"
"12769",2022-06-19,"Protests","Germany"
"12770",2022-06-19,"Protests","Germany"
"12771",2022-06-19,"Protests","Germany"
"12772",2022-06-19,"Protests","Germany"
"12773",2022-06-19,"Protests","Germany"
"12774",2022-06-19,"Protests","Germany"
"12775",2022-06-19,"Protests","Germany"
"12776",2022-06-19,"Protests","Germany"
"12777",2022-06-19,"Protests","Germany"
"12778",2022-06-20,"Protests","Germany"
"12779",2022-06-20,"Protests","Germany"
"12780",2022-06-20,"Protests","Germany"
"12781",2022-06-20,"Protests","Germany"
"12782",2022-06-20,"Protests","Germany"
"12783",2022-06-20,"Protests","Germany"
"12784",2022-06-20,"Protests","Germany"
"12785",2022-06-20,"Protests","Germany"
"12786",2022-06-20,"Protests","Germany"
"12787",2022-06-21,"Protests","Germany"
"12788",2022-06-21,"Protests","Germany"
"12789",2022-06-21,"Protests","Germany"
"12790",2022-06-21,"Protests","Germany"
"12791",2022-06-21,"Protests","Germany"
"12792",2022-06-22,"Protests","Germany"
"12793",2022-06-22,"Riots","Germany"
"12794",2022-06-22,"Protests","Germany"
"12795",2022-06-22,"Strategic developments","Germany"
"12796",2022-06-23,"Protests","Germany"
"12797",2022-06-24,"Protests","Germany"
"12798",2022-06-25,"Protests","Germany"
"12799",2022-06-25,"Protests","Germany"
"12800",2022-06-25,"Protests","Germany"
"12801",2022-06-25,"Protests","Germany"
"12802",2022-06-25,"Protests","Germany"
"12803",2022-06-25,"Protests","Germany"
"12804",2022-06-25,"Protests","Germany"
"12805",2022-06-25,"Protests","Germany"
"12806",2022-06-25,"Protests","Germany"
"12807",2022-06-25,"Protests","Germany"
"12808",2022-06-25,"Protests","Germany"
"12809",2022-06-25,"Protests","Germany"
"12810",2022-06-25,"Protests","Germany"
"12811",2022-06-25,"Protests","Germany"
"12812",2022-06-25,"Protests","Germany"
"12813",2022-06-25,"Protests","Germany"
"12814",2022-06-25,"Protests","Germany"
"12815",2022-06-25,"Riots","Germany"
"12816",2022-06-26,"Protests","Germany"
"12817",2022-06-26,"Protests","Germany"
"12818",2022-06-26,"Protests","Germany"
"12819",2022-06-27,"Protests","Germany"
"12820",2022-06-27,"Protests","Germany"
"12821",2022-06-27,"Protests","Germany"
"12822",2022-06-27,"Protests","Germany"
"12823",2022-06-27,"Protests","Germany"
"12824",2022-06-28,"Protests","Germany"
"12825",2022-06-28,"Protests","Germany"
"12826",2022-06-28,"Protests","Germany"
"12827",2022-06-29,"Protests","Germany"
"12828",2022-06-29,"Protests","Germany"
"12829",2022-06-29,"Protests","Germany"
"12830",2022-06-29,"Protests","Germany"
"12831",2022-06-29,"Protests","Germany"
"12832",2022-06-30,"Protests","Germany"
"12833",2022-06-30,"Protests","Germany"
"12834",2022-06-30,"Protests","Germany"
"12835",2022-07-01,"Protests","Germany"
"12836",2022-07-01,"Protests","Germany"
"12837",2022-07-02,"Protests","Germany"
"12838",2022-07-02,"Protests","Germany"
"12839",2022-07-02,"Protests","Germany"
"12840",2022-07-02,"Protests","Germany"
"12841",2022-07-02,"Protests","Germany"
"12842",2022-07-02,"Protests","Germany"
"12843",2022-07-02,"Protests","Germany"
"12844",2022-07-02,"Protests","Germany"
"12845",2022-07-02,"Riots","Germany"
"12846",2022-07-02,"Protests","Germany"
"12847",2022-07-03,"Protests","Germany"
"12848",2022-07-03,"Protests","Germany"
"12849",2022-07-03,"Protests","Germany"
"12850",2022-07-03,"Protests","Germany"
"12851",2022-07-04,"Protests","Germany"
"12852",2022-07-04,"Explosions/Remote violence","Germany"
"12853",2022-07-04,"Protests","Germany"
"12854",2022-07-05,"Protests","Germany"
"12855",2022-07-05,"Protests","Germany"
"12856",2022-07-05,"Protests","Germany"
"12857",2022-07-05,"Protests","Germany"
"12858",2022-07-05,"Protests","Germany"
"12859",2022-07-06,"Protests","Germany"
"12860",2022-07-06,"Protests","Germany"
"12861",2022-07-06,"Protests","Germany"
"12862",2022-07-07,"Protests","Germany"
"12863",2022-07-07,"Protests","Germany"
"12864",2022-07-07,"Protests","Germany"
"12865",2022-07-07,"Protests","Germany"
"12866",2022-07-07,"Protests","Germany"
"12867",2022-07-07,"Protests","Germany"
"12868",2022-07-08,"Protests","Germany"
"12869",2022-07-08,"Protests","Germany"
"12870",2022-07-08,"Protests","Germany"
"12871",2022-07-08,"Protests","Germany"
"12872",2022-07-08,"Protests","Germany"
"12873",2022-07-08,"Protests","Germany"
"12874",2022-07-09,"Protests","Germany"
"12875",2022-07-09,"Protests","Germany"
"12876",2022-07-09,"Protests","Germany"
"12877",2022-07-09,"Protests","Germany"
"12878",2022-07-09,"Protests","Germany"
"12879",2022-07-09,"Protests","Germany"
"12880",2022-07-09,"Protests","Germany"
"12881",2022-07-09,"Protests","Germany"
"12882",2022-07-09,"Protests","Germany"
"12883",2022-07-09,"Protests","Germany"
"12884",2022-07-10,"Protests","Germany"
"12885",2022-07-10,"Protests","Germany"
"12886",2022-07-10,"Protests","Germany"
"12887",2022-07-10,"Protests","Germany"
"12888",2022-07-10,"Protests","Germany"
"12889",2022-07-10,"Protests","Germany"
"12890",2022-07-10,"Protests","Germany"
"12891",2022-07-10,"Protests","Germany"
"12892",2022-07-11,"Protests","Germany"
"12893",2022-07-11,"Protests","Germany"
"12894",2022-07-11,"Protests","Germany"
"12895",2022-07-11,"Protests","Germany"
"12896",2022-07-11,"Protests","Germany"
"12897",2022-07-11,"Protests","Germany"
"12898",2022-07-11,"Protests","Germany"
"12899",2022-07-11,"Protests","Germany"
"12900",2022-07-11,"Protests","Germany"
"12901",2022-07-11,"Protests","Germany"
"12902",2022-07-11,"Protests","Germany"
"12903",2022-07-11,"Protests","Germany"
"12904",2022-07-11,"Protests","Germany"
"12905",2022-07-12,"Protests","Germany"
"12906",2022-07-12,"Protests","Germany"
"12907",2022-07-12,"Protests","Germany"
"12908",2022-07-12,"Protests","Germany"
"12909",2022-07-12,"Protests","Germany"
"12910",2022-07-12,"Protests","Germany"
"12911",2022-07-13,"Protests","Germany"
"12912",2022-07-13,"Protests","Germany"
"12913",2022-07-13,"Protests","Germany"
"12914",2022-07-14,"Protests","Germany"
"12915",2022-07-15,"Protests","Germany"
"12916",2022-07-15,"Protests","Germany"
"12917",2022-07-15,"Protests","Germany"
"12918",2022-07-15,"Protests","Germany"
"12919",2022-07-15,"Riots","Germany"
"12920",2022-07-16,"Protests","Germany"
"12921",2022-07-16,"Protests","Germany"
"12922",2022-07-16,"Protests","Germany"
"12923",2022-07-16,"Protests","Germany"
"12924",2022-07-16,"Protests","Germany"
"12925",2022-07-16,"Protests","Germany"
"12926",2022-07-16,"Protests","Germany"
"12927",2022-07-16,"Riots","Germany"
"12928",2022-07-16,"Protests","Germany"
"12929",2022-07-17,"Protests","Germany"
"12930",2022-07-17,"Protests","Germany"
"12931",2022-07-18,"Protests","Germany"
"12932",2022-07-18,"Protests","Germany"
"12933",2022-07-18,"Protests","Germany"
"12934",2022-07-18,"Protests","Germany"
"12935",2022-07-18,"Protests","Germany"
"12936",2022-07-18,"Protests","Germany"
"12937",2022-07-21,"Protests","Germany"
"12938",2022-07-22,"Protests","Germany"
"12939",2022-07-22,"Strategic developments","Germany"
"12940",2022-07-23,"Protests","Germany"
"12941",2022-07-23,"Protests","Germany"
"12942",2022-07-23,"Protests","Germany"
"12943",2022-07-23,"Protests","Germany"
"12944",2022-07-24,"Protests","Germany"
"12945",2022-07-25,"Protests","Germany"
"12946",2022-07-25,"Protests","Germany"
"12947",2022-07-25,"Protests","Germany"
"12948",2022-07-25,"Protests","Germany"
"12949",2022-07-26,"Protests","Germany"
"12950",2022-07-26,"Protests","Germany"
"12951",2022-07-27,"Protests","Germany"
"12952",2022-07-27,"Protests","Germany"
"12953",2022-07-27,"Protests","Germany"
"12954",2022-07-27,"Protests","Germany"
"12955",2022-07-28,"Protests","Germany"
"12956",2022-07-28,"Protests","Germany"
"12957",2022-07-28,"Protests","Germany"
"12958",2022-07-28,"Protests","Germany"
"12959",2022-07-30,"Protests","Germany"
"12960",2022-07-30,"Protests","Germany"
"12961",2022-07-30,"Protests","Germany"
"12962",2022-07-30,"Protests","Germany"
"12963",2022-07-30,"Protests","Germany"
"12964",2022-07-30,"Protests","Germany"
"12965",2022-07-31,"Protests","Germany"
"12966",2022-08-01,"Protests","Germany"
"12967",2022-08-01,"Protests","Germany"
"12968",2022-08-03,"Protests","Germany"
"12969",2022-08-03,"Protests","Germany"
"12970",2022-08-04,"Strategic developments","Germany"
"12971",2022-08-04,"Protests","Germany"
"12972",2022-08-04,"Protests","Germany"
"12973",2022-08-05,"Protests","Germany"
"12974",2022-08-06,"Protests","Germany"
"12975",2022-08-06,"Protests","Germany"
"12976",2022-08-06,"Protests","Germany"
"12977",2022-08-06,"Protests","Germany"
"12978",2022-08-06,"Protests","Germany"
"12979",2022-08-06,"Protests","Germany"
"12980",2022-08-06,"Protests","Germany"
"12981",2022-08-06,"Protests","Germany"
"12982",2022-08-06,"Protests","Germany"
"12983",2022-08-06,"Protests","Germany"
"12984",2022-08-06,"Protests","Germany"
"12985",2022-08-06,"Protests","Germany"
"12986",2022-08-06,"Protests","Germany"
"12987",2022-08-06,"Protests","Germany"
"12988",2022-08-06,"Protests","Germany"
"12989",2022-08-06,"Protests","Germany"
"12990",2022-08-06,"Protests","Germany"
"12991",2022-08-06,"Protests","Germany"
"12992",2022-08-06,"Protests","Germany"
"12993",2022-08-06,"Protests","Germany"
"12994",2022-08-07,"Protests","Germany"
"12995",2022-08-07,"Protests","Germany"
"12996",2022-08-08,"Protests","Germany"
"12997",2022-08-09,"Protests","Germany"
"12998",2022-08-09,"Protests","Germany"
"12999",2022-08-10,"Protests","Germany"
"13000",2022-08-12,"Protests","Germany"
"13001",2022-08-12,"Protests","Germany"
"13002",2022-08-12,"Protests","Germany"
"13003",2022-08-13,"Protests","Germany"
"13004",2022-08-13,"Protests","Germany"
"13005",2022-08-13,"Protests","Germany"
"13006",2022-08-13,"Protests","Germany"
"13007",2022-08-13,"Protests","Germany"
"13008",2022-08-13,"Protests","Germany"
"13009",2022-08-13,"Protests","Germany"
"13010",2022-08-13,"Protests","Germany"
"13011",2022-08-13,"Protests","Germany"
"13012",2022-08-13,"Riots","Germany"
"13013",2022-08-14,"Protests","Germany"
"13014",2022-08-14,"Protests","Germany"
"13015",2022-08-14,"Protests","Germany"
"13016",2022-08-14,"Protests","Germany"
"13017",2022-08-14,"Strategic developments","Germany"
"13018",2022-08-15,"Protests","Germany"
"13019",2022-08-15,"Protests","Germany"
"13020",2022-08-15,"Protests","Germany"
"13021",2022-08-15,"Protests","Germany"
"13022",2022-08-15,"Protests","Germany"
"13023",2022-08-15,"Protests","Germany"
"13024",2022-08-15,"Protests","Germany"
"13025",2022-08-15,"Protests","Germany"
"13026",2022-08-15,"Protests","Germany"
"13027",2022-08-15,"Protests","Germany"
"13028",2022-08-16,"Protests","Germany"
"13029",2022-08-16,"Protests","Germany"
"13030",2022-08-16,"Protests","Germany"
"13031",2022-08-17,"Protests","Germany"
"13032",2022-08-17,"Protests","Germany"
"13033",2022-08-17,"Protests","Germany"
"13034",2022-08-17,"Riots","Germany"
"13035",2022-08-18,"Protests","Germany"
"13036",2022-08-18,"Protests","Germany"
"13037",2022-08-19,"Protests","Germany"
"13038",2022-08-20,"Protests","Germany"
"13039",2022-08-20,"Protests","Germany"
"13040",2022-08-20,"Protests","Germany"
"13041",2022-08-20,"Protests","Germany"
"13042",2022-08-20,"Protests","Germany"
"13043",2022-08-20,"Riots","Germany"
"13044",2022-08-21,"Protests","Germany"
"13045",2022-08-21,"Protests","Germany"
"13046",2022-08-21,"Riots","Germany"
"13047",2022-08-21,"Protests","Germany"
"13048",2022-08-22,"Protests","Germany"
"13049",2022-08-22,"Protests","Germany"
"13050",2022-08-22,"Protests","Germany"
"13051",2022-08-22,"Protests","Germany"
"13052",2022-08-24,"Protests","Germany"
"13053",2022-08-24,"Protests","Germany"
"13054",2022-08-24,"Protests","Germany"
"13055",2022-08-24,"Protests","Germany"
"13056",2022-08-24,"Protests","Germany"
"13057",2022-08-24,"Protests","Germany"
"13058",2022-08-24,"Protests","Germany"
"13059",2022-08-24,"Protests","Germany"
"13060",2022-08-24,"Protests","Germany"
"13061",2022-08-24,"Protests","Germany"
"13062",2022-08-24,"Protests","Germany"
"13063",2022-08-24,"Protests","Germany"
"13064",2022-08-26,"Protests","Germany"
"13065",2022-08-26,"Protests","Germany"
"13066",2022-08-26,"Protests","Germany"
"13067",2022-08-26,"Protests","Germany"
"13068",2022-08-26,"Protests","Germany"
"13069",2022-08-27,"Protests","Germany"
"13070",2022-08-27,"Riots","Germany"
"13071",2022-08-27,"Protests","Germany"
"13072",2022-08-27,"Protests","Germany"
"13073",2022-08-27,"Violence against civilians","Germany"
"13074",2022-08-27,"Protests","Germany"
"13075",2022-08-27,"Protests","Germany"
"13076",2022-08-27,"Protests","Germany"
"13077",2022-08-27,"Protests","Germany"
"13078",2022-08-27,"Protests","Germany"
"13079",2022-08-27,"Protests","Germany"
"13080",2022-08-28,"Protests","Germany"
"13081",2022-08-28,"Protests","Germany"
"13082",2022-08-29,"Protests","Germany"
"13083",2022-08-29,"Protests","Germany"
"13084",2022-08-29,"Protests","Germany"
"13085",2022-08-31,"Protests","Germany"
"13086",2022-08-31,"Protests","Germany"
"13087",2022-08-31,"Protests","Germany"
"13088",2022-08-31,"Protests","Germany"
"13089",2022-08-31,"Protests","Germany"
"13090",2022-09-01,"Protests","Germany"
"13091",2022-09-01,"Protests","Germany"
"13092",2022-09-01,"Protests","Germany"
"13093",2022-09-01,"Protests","Germany"
"13094",2022-09-01,"Protests","Germany"
"13095",2022-09-01,"Protests","Germany"
"13096",2022-09-02,"Protests","Germany"
"13097",2022-09-02,"Riots","Germany"
"13098",2022-09-03,"Protests","Germany"
"13099",2022-09-03,"Protests","Germany"
"13100",2022-09-03,"Protests","Germany"
"13101",2022-09-03,"Protests","Germany"
"13102",2022-09-03,"Protests","Germany"
"13103",2022-09-03,"Riots","Germany"
"13104",2022-09-03,"Protests","Germany"
"13105",2022-09-03,"Protests","Germany"
"13106",2022-09-03,"Protests","Germany"
"13107",2022-09-03,"Protests","Germany"
"13108",2022-09-03,"Protests","Germany"
"13109",2022-09-03,"Protests","Germany"
"13110",2022-09-03,"Protests","Germany"
"13111",2022-09-03,"Protests","Germany"
"13112",2022-09-03,"Protests","Germany"
"13113",2022-09-03,"Protests","Germany"
"13114",2022-09-03,"Protests","Germany"
"13115",2022-09-03,"Riots","Germany"
"13116",2022-09-04,"Protests","Germany"
"13117",2022-09-04,"Protests","Germany"
"13118",2022-09-04,"Protests","Germany"
"13119",2022-09-04,"Protests","Germany"
"13120",2022-09-04,"Protests","Germany"
"13121",2022-09-05,"Protests","Germany"
"13122",2022-09-05,"Protests","Germany"
"13123",2022-09-05,"Protests","Germany"
"13124",2022-09-05,"Protests","Germany"
"13125",2022-09-05,"Protests","Germany"
"13126",2022-09-05,"Protests","Germany"
"13127",2022-09-05,"Protests","Germany"
"13128",2022-09-05,"Protests","Germany"
"13129",2022-09-05,"Protests","Germany"
"13130",2022-09-05,"Protests","Germany"
"13131",2022-09-05,"Protests","Germany"
"13132",2022-09-05,"Protests","Germany"
"13133",2022-09-05,"Protests","Germany"
"13134",2022-09-05,"Protests","Germany"
"13135",2022-09-05,"Protests","Germany"
"13136",2022-09-05,"Protests","Germany"
"13137",2022-09-05,"Protests","Germany"
"13138",2022-09-05,"Protests","Germany"
"13139",2022-09-05,"Protests","Germany"
"13140",2022-09-05,"Protests","Germany"
"13141",2022-09-05,"Protests","Germany"
"13142",2022-09-05,"Protests","Germany"
"13143",2022-09-05,"Protests","Germany"
"13144",2022-09-05,"Protests","Germany"
"13145",2022-09-05,"Protests","Germany"
"13146",2022-09-05,"Protests","Germany"
"13147",2022-09-05,"Protests","Germany"
"13148",2022-09-05,"Protests","Germany"
"13149",2022-09-06,"Protests","Germany"
"13150",2022-09-07,"Protests","Germany"
"13151",2022-09-07,"Protests","Germany"
"13152",2022-09-09,"Protests","Germany"
"13153",2022-09-09,"Protests","Germany"
"13154",2022-09-09,"Protests","Germany"
"13155",2022-09-09,"Protests","Germany"
"13156",2022-09-09,"Protests","Germany"
"13157",2022-09-09,"Protests","Germany"
"13158",2022-09-09,"Protests","Germany"
"13159",2022-09-09,"Protests","Germany"
"13160",2022-09-09,"Riots","Germany"
"13161",2022-09-10,"Protests","Germany"
"13162",2022-09-10,"Protests","Germany"
"13163",2022-09-10,"Protests","Germany"
"13164",2022-09-10,"Protests","Germany"
"13165",2022-09-10,"Protests","Germany"
"13166",2022-09-10,"Protests","Germany"
"13167",2022-09-10,"Protests","Germany"
"13168",2022-09-10,"Protests","Germany"
"13169",2022-09-10,"Protests","Germany"
"13170",2022-09-10,"Protests","Germany"
"13171",2022-09-10,"Protests","Germany"
"13172",2022-09-10,"Protests","Germany"
"13173",2022-09-10,"Protests","Germany"
"13174",2022-09-10,"Protests","Germany"
"13175",2022-09-11,"Protests","Germany"
"13176",2022-09-11,"Protests","Germany"
"13177",2022-09-11,"Protests","Germany"
"13178",2022-09-11,"Protests","Germany"
"13179",2022-09-11,"Protests","Germany"
"13180",2022-09-11,"Protests","Germany"
"13181",2022-09-11,"Protests","Germany"
"13182",2022-09-12,"Protests","Germany"
"13183",2022-09-12,"Protests","Germany"
"13184",2022-09-12,"Protests","Germany"
"13185",2022-09-12,"Protests","Germany"
"13186",2022-09-12,"Protests","Germany"
"13187",2022-09-12,"Protests","Germany"
"13188",2022-09-12,"Protests","Germany"
"13189",2022-09-12,"Protests","Germany"
"13190",2022-09-12,"Protests","Germany"
"13191",2022-09-12,"Protests","Germany"
"13192",2022-09-12,"Protests","Germany"
"13193",2022-09-12,"Protests","Germany"
"13194",2022-09-12,"Protests","Germany"
"13195",2022-09-12,"Protests","Germany"
"13196",2022-09-12,"Protests","Germany"
"13197",2022-09-12,"Protests","Germany"
"13198",2022-09-12,"Protests","Germany"
"13199",2022-09-12,"Protests","Germany"
"13200",2022-09-12,"Protests","Germany"
"13201",2022-09-12,"Protests","Germany"
"13202",2022-09-12,"Protests","Germany"
"13203",2022-09-12,"Protests","Germany"
"13204",2022-09-12,"Protests","Germany"
"13205",2022-09-12,"Protests","Germany"
"13206",2022-09-13,"Protests","Germany"
"13207",2022-09-13,"Protests","Germany"
"13208",2022-09-14,"Protests","Germany"
"13209",2022-09-14,"Protests","Germany"
"13210",2022-09-15,"Protests","Germany"
"13211",2022-09-15,"Protests","Germany"
"13212",2022-09-15,"Protests","Germany"
"13213",2022-09-16,"Protests","Germany"
"13214",2022-09-17,"Protests","Germany"
"13215",2022-09-17,"Protests","Germany"
"13216",2022-09-17,"Protests","Germany"
"13217",2022-09-17,"Protests","Germany"
"13218",2022-09-17,"Protests","Germany"
"13219",2022-09-17,"Protests","Germany"
"13220",2022-09-17,"Protests","Germany"
"13221",2022-09-17,"Protests","Germany"
"13222",2022-09-17,"Protests","Germany"
"13223",2022-09-17,"Protests","Germany"
"13224",2022-09-17,"Protests","Germany"
"13225",2022-09-17,"Protests","Germany"
"13226",2022-09-17,"Protests","Germany"
"13227",2022-09-17,"Protests","Germany"
"13228",2022-09-17,"Protests","Germany"
"13229",2022-09-17,"Protests","Germany"
"13230",2022-09-17,"Protests","Germany"
"13231",2022-09-17,"Protests","Germany"
"13232",2022-09-19,"Protests","Germany"
"13233",2022-09-19,"Protests","Germany"
"13234",2022-09-19,"Protests","Germany"
"13235",2022-09-19,"Protests","Germany"
"13236",2022-09-19,"Protests","Germany"
"13237",2022-09-19,"Protests","Germany"
"13238",2022-09-19,"Protests","Germany"
"13239",2022-09-19,"Protests","Germany"
"13240",2022-09-19,"Protests","Germany"
"13241",2022-09-19,"Protests","Germany"
"13242",2022-09-19,"Protests","Germany"
"13243",2022-09-19,"Protests","Germany"
"13244",2022-09-19,"Protests","Germany"
"13245",2022-09-19,"Protests","Germany"
"13246",2022-09-19,"Protests","Germany"
"13247",2022-09-19,"Protests","Germany"
"13248",2022-09-19,"Protests","Germany"
"13249",2022-09-19,"Protests","Germany"
"13250",2022-09-19,"Protests","Germany"
"13251",2022-09-19,"Protests","Germany"
"13252",2022-09-19,"Protests","Germany"
"13253",2022-09-19,"Protests","Germany"
"13254",2022-09-19,"Protests","Germany"
"13255",2022-09-19,"Protests","Germany"
"13256",2022-09-19,"Protests","Germany"
"13257",2022-09-19,"Protests","Germany"
"13258",2022-09-19,"Protests","Germany"
"13259",2022-09-19,"Protests","Germany"
"13260",2022-09-19,"Protests","Germany"
"13261",2022-09-19,"Protests","Germany"
"13262",2022-09-19,"Protests","Germany"
"13263",2022-09-19,"Protests","Germany"
"13264",2022-09-19,"Protests","Germany"
"13265",2022-09-19,"Protests","Germany"
"13266",2022-09-19,"Protests","Germany"
"13267",2022-09-19,"Protests","Germany"
"13268",2022-09-19,"Protests","Germany"
"13269",2022-09-19,"Protests","Germany"
"13270",2022-09-19,"Protests","Germany"
"13271",2022-09-19,"Protests","Germany"
"13272",2022-09-19,"Protests","Germany"
"13273",2022-09-19,"Protests","Germany"
"13274",2022-09-19,"Protests","Germany"
"13275",2022-09-19,"Protests","Germany"
"13276",2022-09-19,"Protests","Germany"
"13277",2022-09-19,"Protests","Germany"
"13278",2022-09-19,"Protests","Germany"
"13279",2022-09-19,"Protests","Germany"
"13280",2022-09-19,"Protests","Germany"
"13281",2022-09-19,"Protests","Germany"
"13282",2022-09-19,"Protests","Germany"
"13283",2022-09-19,"Protests","Germany"
"13284",2022-09-19,"Protests","Germany"
"13285",2022-09-19,"Protests","Germany"
"13286",2022-09-19,"Protests","Germany"
"13287",2022-09-19,"Protests","Germany"
"13288",2022-09-19,"Protests","Germany"
"13289",2022-09-19,"Protests","Germany"
"13290",2022-09-19,"Protests","Germany"
"13291",2022-09-19,"Protests","Germany"
"13292",2022-09-19,"Protests","Germany"
"13293",2022-09-19,"Protests","Germany"
"13294",2022-09-19,"Protests","Germany"
"13295",2022-09-19,"Protests","Germany"
"13296",2022-09-19,"Protests","Germany"
"13297",2022-09-20,"Protests","Germany"
"13298",2022-09-20,"Protests","Germany"
"13299",2022-09-20,"Protests","Germany"
"13300",2022-09-20,"Protests","Germany"
"13301",2022-09-20,"Protests","Germany"
"13302",2022-09-21,"Protests","Germany"
"13303",2022-09-21,"Protests","Germany"
"13304",2022-09-21,"Protests","Germany"
"13305",2022-09-21,"Protests","Germany"
"13306",2022-09-21,"Protests","Germany"
"13307",2022-09-21,"Protests","Germany"
"13308",2022-09-21,"Protests","Germany"
"13309",2022-09-21,"Protests","Germany"
"13310",2022-09-21,"Protests","Germany"
"13311",2022-09-21,"Protests","Germany"
"13312",2022-09-21,"Protests","Germany"
"13313",2022-09-21,"Protests","Germany"
"13314",2022-09-23,"Protests","Germany"
"13315",2022-09-23,"Protests","Germany"
"13316",2022-09-23,"Protests","Germany"
"13317",2022-09-23,"Protests","Germany"
"13318",2022-09-23,"Protests","Germany"
"13319",2022-09-23,"Protests","Germany"
"13320",2022-09-23,"Protests","Germany"
"13321",2022-09-23,"Protests","Germany"
"13322",2022-09-23,"Protests","Germany"
"13323",2022-09-23,"Protests","Germany"
"13324",2022-09-23,"Protests","Germany"
"13325",2022-09-23,"Protests","Germany"
"13326",2022-09-23,"Protests","Germany"
"13327",2022-09-23,"Protests","Germany"
"13328",2022-09-23,"Protests","Germany"
"13329",2022-09-23,"Protests","Germany"
"13330",2022-09-23,"Protests","Germany"
"13331",2022-09-23,"Protests","Germany"
"13332",2022-09-23,"Protests","Germany"
"13333",2022-09-23,"Protests","Germany"
"13334",2022-09-23,"Protests","Germany"
"13335",2022-09-23,"Protests","Germany"
"13336",2022-09-23,"Protests","Germany"
"13337",2022-09-23,"Protests","Germany"
"13338",2022-09-23,"Protests","Germany"
"13339",2022-09-23,"Protests","Germany"
"13340",2022-09-23,"Protests","Germany"
"13341",2022-09-23,"Protests","Germany"
"13342",2022-09-23,"Protests","Germany"
"13343",2022-09-23,"Protests","Germany"
"13344",2022-09-23,"Protests","Germany"
"13345",2022-09-24,"Protests","Germany"
"13346",2022-09-24,"Protests","Germany"
"13347",2022-09-24,"Protests","Germany"
"13348",2022-09-24,"Protests","Germany"
"13349",2022-09-24,"Protests","Germany"
"13350",2022-09-24,"Protests","Germany"
"13351",2022-09-24,"Protests","Germany"
"13352",2022-09-24,"Protests","Germany"
"13353",2022-09-24,"Protests","Germany"
"13354",2022-09-24,"Protests","Germany"
"13355",2022-09-24,"Protests","Germany"
"13356",2022-09-24,"Protests","Germany"
"13357",2022-09-24,"Protests","Germany"
"13358",2022-09-24,"Protests","Germany"
"13359",2022-09-24,"Protests","Germany"
"13360",2022-09-24,"Protests","Germany"
"13361",2022-09-24,"Protests","Germany"
"13362",2022-09-25,"Protests","Germany"
"13363",2022-09-25,"Protests","Germany"
"13364",2022-09-25,"Protests","Germany"
"13365",2022-09-25,"Protests","Germany"
"13366",2022-09-25,"Protests","Germany"
"13367",2022-09-25,"Protests","Germany"
"13368",2022-09-25,"Protests","Germany"
"13369",2022-09-25,"Protests","Germany"
"13370",2022-09-25,"Protests","Germany"
"13371",2022-09-25,"Protests","Germany"
"13372",2022-09-25,"Protests","Germany"
"13373",2022-09-25,"Protests","Germany"
"13374",2022-09-25,"Protests","Germany"
"13375",2022-09-25,"Protests","Germany"
"13376",2022-09-25,"Protests","Germany"
"13377",2022-09-25,"Protests","Germany"
"13378",2022-09-26,"Protests","Germany"
"13379",2022-09-26,"Protests","Germany"
"13380",2022-09-26,"Protests","Germany"
"13381",2022-09-26,"Protests","Germany"
"13382",2022-09-26,"Protests","Germany"
"13383",2022-09-26,"Protests","Germany"
"13384",2022-09-26,"Protests","Germany"
"13385",2022-09-26,"Protests","Germany"
"13386",2022-09-26,"Protests","Germany"
"13387",2022-09-26,"Protests","Germany"
"13388",2022-09-26,"Protests","Germany"
"13389",2022-09-26,"Protests","Germany"
"13390",2022-09-26,"Protests","Germany"
"13391",2022-09-26,"Protests","Germany"
"13392",2022-09-26,"Protests","Germany"
"13393",2022-09-26,"Protests","Germany"
"13394",2022-09-26,"Protests","Germany"
"13395",2022-09-26,"Protests","Germany"
"13396",2022-09-26,"Protests","Germany"
"13397",2022-09-26,"Protests","Germany"
"13398",2022-09-26,"Protests","Germany"
"13399",2022-09-26,"Protests","Germany"
"13400",2022-09-26,"Protests","Germany"
"13401",2022-09-26,"Protests","Germany"
"13402",2022-09-26,"Protests","Germany"
"13403",2022-09-26,"Protests","Germany"
"13404",2022-09-26,"Protests","Germany"
"13405",2022-09-26,"Protests","Germany"
"13406",2022-09-26,"Protests","Germany"
"13407",2022-09-26,"Protests","Germany"
"13408",2022-09-26,"Protests","Germany"
"13409",2022-09-26,"Protests","Germany"
"13410",2022-09-26,"Protests","Germany"
"13411",2022-09-26,"Protests","Germany"
"13412",2022-09-26,"Protests","Germany"
"13413",2022-09-26,"Protests","Germany"
"13414",2022-09-26,"Protests","Germany"
"13415",2022-09-26,"Protests","Germany"
"13416",2022-09-26,"Protests","Germany"
"13417",2022-09-26,"Protests","Germany"
"13418",2022-09-26,"Protests","Germany"
"13419",2022-09-26,"Protests","Germany"
"13420",2022-09-26,"Protests","Germany"
"13421",2022-09-27,"Protests","Germany"
"13422",2022-09-27,"Protests","Germany"
"13423",2022-09-27,"Protests","Germany"
"13424",2022-09-27,"Protests","Germany"
"13425",2022-09-27,"Protests","Germany"
"13426",2022-09-28,"Protests","Germany"
"13427",2022-09-28,"Protests","Germany"
"13428",2022-09-28,"Protests","Germany"
"13429",2022-09-28,"Protests","Germany"
"13430",2022-09-28,"Protests","Germany"
"13431",2022-09-28,"Protests","Germany"
"13432",2022-09-28,"Protests","Germany"
"13433",2022-09-28,"Protests","Germany"
"13434",2022-09-29,"Protests","Germany"
"13435",2022-09-30,"Protests","Germany"
"13436",2022-09-30,"Protests","Germany"
"13437",2022-09-30,"Protests","Germany"
"13438",2022-09-30,"Protests","Germany"
"13439",2022-10-01,"Protests","Germany"
"13440",2022-10-01,"Protests","Germany"
"13441",2022-10-01,"Protests","Germany"
"13442",2022-10-01,"Protests","Germany"
"13443",2022-10-01,"Protests","Germany"
"13444",2022-10-01,"Protests","Germany"
"13445",2022-10-01,"Protests","Germany"
"13446",2022-10-01,"Protests","Germany"
"13447",2022-10-01,"Protests","Germany"
"13448",2022-10-01,"Protests","Germany"
"13449",2022-10-01,"Protests","Germany"
"13450",2022-10-01,"Protests","Germany"
"13451",2022-10-01,"Protests","Germany"
"13452",2022-10-01,"Protests","Germany"
"13453",2022-10-01,"Protests","Germany"
"13454",2022-10-02,"Protests","Germany"
"13455",2022-10-02,"Strategic developments","Germany"
"13456",2022-10-03,"Protests","Germany"
"13457",2022-10-03,"Protests","Germany"
"13458",2022-10-03,"Protests","Germany"
"13459",2022-10-03,"Protests","Germany"
"13460",2022-10-03,"Protests","Germany"
"13461",2022-10-03,"Protests","Germany"
"13462",2022-10-03,"Protests","Germany"
"13463",2022-10-03,"Protests","Germany"
"13464",2022-10-03,"Protests","Germany"
"13465",2022-10-03,"Protests","Germany"
"13466",2022-10-03,"Protests","Germany"
"13467",2022-10-03,"Protests","Germany"
"13468",2022-10-03,"Protests","Germany"
"13469",2022-10-03,"Protests","Germany"
"13470",2022-10-03,"Protests","Germany"
"13471",2022-10-03,"Protests","Germany"
"13472",2022-10-03,"Protests","Germany"
"13473",2022-10-03,"Protests","Germany"
"13474",2022-10-03,"Protests","Germany"
"13475",2022-10-03,"Protests","Germany"
"13476",2022-10-03,"Protests","Germany"
"13477",2022-10-03,"Protests","Germany"
"13478",2022-10-03,"Protests","Germany"
"13479",2022-10-03,"Protests","Germany"
"13480",2022-10-03,"Protests","Germany"
"13481",2022-10-03,"Protests","Germany"
"13482",2022-10-03,"Protests","Germany"
"13483",2022-10-03,"Protests","Germany"
"13484",2022-10-03,"Protests","Germany"
"13485",2022-10-03,"Protests","Germany"
"13486",2022-10-03,"Protests","Germany"
"13487",2022-10-03,"Protests","Germany"
"13488",2022-10-03,"Protests","Germany"
"13489",2022-10-03,"Protests","Germany"
"13490",2022-10-03,"Protests","Germany"
"13491",2022-10-03,"Protests","Germany"
"13492",2022-10-03,"Protests","Germany"
"13493",2022-10-03,"Protests","Germany"
"13494",2022-10-03,"Protests","Germany"
"13495",2022-10-04,"Protests","Germany"
"13496",2022-10-04,"Protests","Germany"
"13497",2022-10-05,"Strategic developments","Germany"
"13498",2022-10-05,"Protests","Germany"
"13499",2022-10-05,"Protests","Germany"
"13500",2022-10-05,"Protests","Germany"
"13501",2022-10-05,"Protests","Germany"
"13502",2022-10-05,"Strategic developments","Germany"
"13503",2022-10-05,"Protests","Germany"
"13504",2022-10-05,"Protests","Germany"
"13505",2022-10-06,"Protests","Germany"
"13506",2022-10-06,"Protests","Germany"
"13507",2022-10-06,"Protests","Germany"
"13508",2022-10-06,"Protests","Germany"
"13509",2022-10-06,"Protests","Germany"
"13510",2022-10-07,"Riots","Germany"
"13511",2022-10-07,"Protests","Germany"
"13512",2022-10-07,"Protests","Germany"
"13513",2022-10-07,"Protests","Germany"
"13514",2022-10-07,"Riots","Germany"
"13515",2022-10-07,"Protests","Germany"
"13516",2022-10-07,"Protests","Germany"
"13517",2022-10-07,"Protests","Germany"
"13518",2022-10-07,"Protests","Germany"
"13519",2022-10-07,"Protests","Germany"
"13520",2022-10-07,"Protests","Germany"
"13521",2022-10-07,"Protests","Germany"
"13522",2022-10-07,"Protests","Germany"
"13523",2022-10-07,"Protests","Germany"
"13524",2022-10-07,"Protests","Germany"
"13525",2022-10-07,"Protests","Germany"
"13526",2022-10-08,"Protests","Germany"
"13527",2022-10-08,"Protests","Germany"
"13528",2022-10-08,"Protests","Germany"
"13529",2022-10-08,"Protests","Germany"
"13530",2022-10-08,"Protests","Germany"
"13531",2022-10-08,"Protests","Germany"
"13532",2022-10-08,"Protests","Germany"
"13533",2022-10-08,"Protests","Germany"
"13534",2022-10-08,"Protests","Germany"
"13535",2022-10-08,"Protests","Germany"
"13536",2022-10-08,"Protests","Germany"
"13537",2022-10-08,"Protests","Germany"
"13538",2022-10-08,"Protests","Germany"
"13539",2022-10-08,"Protests","Germany"
"13540",2022-10-08,"Protests","Germany"
"13541",2022-10-08,"Protests","Germany"
"13542",2022-10-08,"Protests","Germany"
"13543",2022-10-08,"Protests","Germany"
"13544",2022-10-08,"Riots","Germany"
"13545",2022-10-08,"Protests","Germany"
"13546",2022-10-08,"Protests","Germany"
"13547",2022-10-08,"Protests","Germany"
"13548",2022-10-09,"Protests","Germany"
"13549",2022-10-09,"Protests","Germany"
"13550",2022-10-09,"Protests","Germany"
"13551",2022-10-09,"Protests","Germany"
"13552",2022-10-10,"Protests","Germany"
"13553",2022-10-10,"Protests","Germany"
"13554",2022-10-10,"Protests","Germany"
"13555",2022-10-10,"Protests","Germany"
"13556",2022-10-10,"Protests","Germany"
"13557",2022-10-10,"Protests","Germany"
"13558",2022-10-10,"Protests","Germany"
"13559",2022-10-10,"Protests","Germany"
"13560",2022-10-10,"Protests","Germany"
"13561",2022-10-10,"Riots","Germany"
"13562",2022-10-10,"Protests","Germany"
"13563",2022-10-10,"Protests","Germany"
"13564",2022-10-10,"Protests","Germany"
"13565",2022-10-10,"Protests","Germany"
"13566",2022-10-10,"Protests","Germany"
"13567",2022-10-10,"Protests","Germany"
"13568",2022-10-10,"Protests","Germany"
"13569",2022-10-10,"Protests","Germany"
"13570",2022-10-10,"Protests","Germany"
"13571",2022-10-10,"Protests","Germany"
"13572",2022-10-10,"Protests","Germany"
"13573",2022-10-10,"Protests","Germany"
"13574",2022-10-10,"Protests","Germany"
"13575",2022-10-10,"Protests","Germany"
"13576",2022-10-10,"Protests","Germany"
"13577",2022-10-10,"Protests","Germany"
"13578",2022-10-10,"Protests","Germany"
"13579",2022-10-10,"Protests","Germany"
"13580",2022-10-10,"Protests","Germany"
"13581",2022-10-10,"Protests","Germany"
"13582",2022-10-10,"Protests","Germany"
"13583",2022-10-10,"Protests","Germany"
"13584",2022-10-10,"Protests","Germany"
"13585",2022-10-10,"Protests","Germany"
"13586",2022-10-10,"Protests","Germany"
"13587",2022-10-10,"Protests","Germany"
"13588",2022-10-10,"Protests","Germany"
"13589",2022-10-10,"Protests","Germany"
"13590",2022-10-10,"Protests","Germany"
"13591",2022-10-10,"Protests","Germany"
"13592",2022-10-10,"Protests","Germany"
"13593",2022-10-10,"Protests","Germany"
"13594",2022-10-10,"Protests","Germany"
"13595",2022-10-10,"Protests","Germany"
"13596",2022-10-10,"Protests","Germany"
"13597",2022-10-10,"Protests","Germany"
"13598",2022-10-10,"Protests","Germany"
"13599",2022-10-10,"Protests","Germany"
"13600",2022-10-10,"Protests","Germany"
"13601",2022-10-10,"Protests","Germany"
"13602",2022-10-10,"Protests","Germany"
"13603",2022-10-11,"Protests","Germany"
"13604",2022-10-11,"Protests","Germany"
"13605",2022-10-11,"Protests","Germany"
"13606",2022-10-11,"Protests","Germany"
"13607",2022-10-11,"Protests","Germany"
"13608",2022-10-12,"Protests","Germany"
"13609",2022-10-12,"Protests","Germany"
"13610",2022-10-12,"Protests","Germany"
"13611",2022-10-12,"Protests","Germany"
"13612",2022-10-12,"Protests","Germany"
"13613",2022-10-13,"Violence against civilians","Germany"
"13614",2022-10-13,"Protests","Germany"
"13615",2022-10-13,"Protests","Germany"
"13616",2022-10-13,"Protests","Germany"
"13617",2022-10-13,"Protests","Germany"
"13618",2022-10-13,"Protests","Germany"
"13619",2022-10-13,"Protests","Germany"
"13620",2022-10-13,"Protests","Germany"
"13621",2022-10-13,"Protests","Germany"
"13622",2022-10-13,"Protests","Germany"
"13623",2022-10-14,"Protests","Germany"
"13624",2022-10-14,"Protests","Germany"
"13625",2022-10-14,"Protests","Germany"
"13626",2022-10-14,"Protests","Germany"
"13627",2022-10-15,"Protests","Germany"
"13628",2022-10-15,"Protests","Germany"
"13629",2022-10-15,"Protests","Germany"
"13630",2022-10-15,"Protests","Germany"
"13631",2022-10-15,"Protests","Germany"
"13632",2022-10-15,"Protests","Germany"
"13633",2022-10-15,"Protests","Germany"
"13634",2022-10-15,"Protests","Germany"
"13635",2022-10-15,"Protests","Germany"
"13636",2022-10-15,"Protests","Germany"
"13637",2022-10-15,"Protests","Germany"
"13638",2022-10-15,"Protests","Germany"
"13639",2022-10-15,"Protests","Germany"
"13640",2022-10-15,"Protests","Germany"
"13641",2022-10-15,"Protests","Germany"
"13642",2022-10-15,"Protests","Germany"
"13643",2022-10-15,"Protests","Germany"
"13644",2022-10-15,"Protests","Germany"
"13645",2022-10-15,"Protests","Germany"
"13646",2022-10-15,"Protests","Germany"
"13647",2022-10-15,"Protests","Germany"
"13648",2022-10-16,"Protests","Germany"
"13649",2022-10-16,"Protests","Germany"
"13650",2022-10-16,"Protests","Germany"
"13651",2022-10-16,"Protests","Germany"
"13652",2022-10-16,"Protests","Germany"
"13653",2022-10-17,"Protests","Germany"
"13654",2022-10-17,"Riots","Germany"
"13655",2022-10-17,"Protests","Germany"
"13656",2022-10-17,"Protests","Germany"
"13657",2022-10-17,"Protests","Germany"
"13658",2022-10-17,"Protests","Germany"
"13659",2022-10-17,"Riots","Germany"
"13660",2022-10-17,"Protests","Germany"
"13661",2022-10-17,"Protests","Germany"
"13662",2022-10-17,"Protests","Germany"
"13663",2022-10-17,"Protests","Germany"
"13664",2022-10-17,"Protests","Germany"
"13665",2022-10-17,"Protests","Germany"
"13666",2022-10-17,"Protests","Germany"
"13667",2022-10-17,"Protests","Germany"
"13668",2022-10-17,"Protests","Germany"
"13669",2022-10-17,"Protests","Germany"
"13670",2022-10-17,"Protests","Germany"
"13671",2022-10-17,"Protests","Germany"
"13672",2022-10-17,"Protests","Germany"
"13673",2022-10-17,"Protests","Germany"
"13674",2022-10-17,"Protests","Germany"
"13675",2022-10-17,"Protests","Germany"
"13676",2022-10-17,"Protests","Germany"
"13677",2022-10-17,"Protests","Germany"
"13678",2022-10-17,"Protests","Germany"
"13679",2022-10-17,"Protests","Germany"
"13680",2022-10-17,"Protests","Germany"
"13681",2022-10-17,"Protests","Germany"
"13682",2022-10-17,"Protests","Germany"
"13683",2022-10-17,"Protests","Germany"
"13684",2022-10-17,"Protests","Germany"
"13685",2022-10-17,"Protests","Germany"
"13686",2022-10-17,"Protests","Germany"
"13687",2022-10-17,"Violence against civilians","Germany"
"13688",2022-10-17,"Protests","Germany"
"13689",2022-10-18,"Protests","Germany"
"13690",2022-10-19,"Protests","Germany"
"13691",2022-10-19,"Protests","Germany"
"13692",2022-10-20,"Strategic developments","Germany"
"13693",2022-10-20,"Protests","Germany"
"13694",2022-10-20,"Protests","Germany"
"13695",2022-10-21,"Riots","Germany"
"13696",2022-10-21,"Protests","Germany"
"13697",2022-10-21,"Protests","Germany"
"13698",2022-10-21,"Protests","Germany"
"13699",2022-10-22,"Protests","Germany"
"13700",2022-10-22,"Protests","Germany"
"13701",2022-10-22,"Protests","Germany"
"13702",2022-10-22,"Protests","Germany"
"13703",2022-10-22,"Protests","Germany"
"13704",2022-10-22,"Protests","Germany"
"13705",2022-10-22,"Protests","Germany"
"13706",2022-10-22,"Protests","Germany"
"13707",2022-10-22,"Protests","Germany"
"13708",2022-10-22,"Protests","Germany"
"13709",2022-10-22,"Protests","Germany"
"13710",2022-10-22,"Riots","Germany"
"13711",2022-10-22,"Protests","Germany"
"13712",2022-10-22,"Protests","Germany"
"13713",2022-10-22,"Protests","Germany"
"13714",2022-10-22,"Protests","Germany"
"13715",2022-10-22,"Protests","Germany"
"13716",2022-10-22,"Protests","Germany"
"13717",2022-10-22,"Protests","Germany"
"13718",2022-10-22,"Protests","Germany"
"13719",2022-10-23,"Violence against civilians","Germany"
"13720",2022-10-23,"Protests","Germany"
"13721",2022-10-23,"Protests","Germany"
"13722",2022-10-23,"Protests","Germany"
"13723",2022-10-24,"Protests","Germany"
"13724",2022-10-24,"Protests","Germany"
"13725",2022-10-24,"Protests","Germany"
"13726",2022-10-24,"Protests","Germany"
"13727",2022-10-24,"Protests","Germany"
"13728",2022-10-24,"Protests","Germany"
"13729",2022-10-24,"Protests","Germany"
"13730",2022-10-24,"Protests","Germany"
"13731",2022-10-24,"Protests","Germany"
"13732",2022-10-24,"Protests","Germany"
"13733",2022-10-24,"Protests","Germany"
"13734",2022-10-24,"Protests","Germany"
"13735",2022-10-24,"Protests","Germany"
"13736",2022-10-24,"Protests","Germany"
"13737",2022-10-24,"Protests","Germany"
"13738",2022-10-24,"Protests","Germany"
"13739",2022-10-24,"Protests","Germany"
"13740",2022-10-24,"Protests","Germany"
"13741",2022-10-24,"Protests","Germany"
"13742",2022-10-24,"Protests","Germany"
"13743",2022-10-24,"Protests","Germany"
"13744",2022-10-24,"Protests","Germany"
"13745",2022-10-24,"Protests","Germany"
"13746",2022-10-24,"Protests","Germany"
"13747",2022-10-24,"Protests","Germany"
"13748",2022-10-24,"Protests","Germany"
"13749",2022-10-24,"Protests","Germany"
"13750",2022-10-24,"Protests","Germany"
"13751",2022-10-24,"Protests","Germany"
"13752",2022-10-24,"Protests","Germany"
"13753",2022-10-24,"Protests","Germany"
"13754",2022-10-24,"Protests","Germany"
"13755",2022-10-24,"Protests","Germany"
"13756",2022-10-24,"Protests","Germany"
"13757",2022-10-24,"Protests","Germany"
"13758",2022-10-24,"Protests","Germany"
"13759",2022-10-24,"Protests","Germany"
"13760",2022-10-24,"Protests","Germany"
"13761",2022-10-24,"Protests","Germany"
"13762",2022-10-24,"Protests","Germany"
"13763",2022-10-24,"Protests","Germany"
"13764",2022-10-24,"Protests","Germany"
"13765",2022-10-24,"Protests","Germany"
"13766",2022-10-24,"Protests","Germany"
"13767",2022-10-24,"Protests","Germany"
"13768",2022-10-24,"Protests","Germany"
"13769",2022-10-24,"Protests","Germany"
"13770",2022-10-24,"Protests","Germany"
"13771",2022-10-24,"Protests","Germany"
"13772",2022-10-24,"Protests","Germany"
"13773",2022-10-24,"Protests","Germany"
"13774",2022-10-24,"Riots","Germany"
"13775",2022-10-25,"Protests","Germany"
"13776",2022-10-25,"Protests","Germany"
"13777",2022-10-25,"Protests","Germany"
"13778",2022-10-26,"Protests","Germany"
"13779",2022-10-26,"Protests","Germany"
"13780",2022-10-26,"Protests","Germany"
"13781",2022-10-26,"Protests","Germany"
"13782",2022-10-26,"Protests","Germany"
"13783",2022-10-26,"Protests","Germany"
"13784",2022-10-26,"Protests","Germany"
"13785",2022-10-27,"Protests","Germany"
"13786",2022-10-27,"Protests","Germany"
"13787",2022-10-27,"Protests","Germany"
"13788",2022-10-27,"Protests","Germany"
"13789",2022-10-28,"Protests","Germany"
"13790",2022-10-28,"Protests","Germany"
"13791",2022-10-28,"Protests","Germany"
"13792",2022-10-28,"Protests","Germany"
"13793",2022-10-28,"Protests","Germany"
"13794",2022-10-28,"Protests","Germany"
"13795",2022-10-28,"Protests","Germany"
"13796",2022-10-28,"Protests","Germany"
"13797",2022-10-28,"Protests","Germany"
"13798",2022-10-29,"Protests","Germany"
"13799",2022-10-29,"Protests","Germany"
"13800",2022-10-29,"Protests","Germany"
"13801",2022-10-29,"Protests","Germany"
"13802",2022-10-29,"Protests","Germany"
"13803",2022-10-29,"Protests","Germany"
"13804",2022-10-29,"Protests","Germany"
"13805",2022-10-29,"Protests","Germany"
"13806",2022-10-29,"Protests","Germany"
"13807",2022-10-29,"Protests","Germany"
"13808",2022-10-29,"Protests","Germany"
"13809",2022-10-29,"Protests","Germany"
"13810",2022-10-29,"Protests","Germany"
"13811",2022-10-29,"Protests","Germany"
"13812",2022-10-29,"Protests","Germany"
"13813",2022-10-29,"Protests","Germany"
"13814",2022-10-29,"Protests","Germany"
"13815",2022-10-29,"Protests","Germany"
"13816",2022-10-30,"Protests","Germany"
"13817",2022-10-30,"Protests","Germany"
"13818",2022-10-30,"Protests","Germany"
"13819",2022-10-31,"Protests","Germany"
"13820",2022-10-31,"Protests","Germany"
"13821",2022-10-31,"Protests","Germany"
"13822",2022-10-31,"Protests","Germany"
"13823",2022-10-31,"Protests","Germany"
"13824",2022-10-31,"Protests","Germany"
"13825",2022-10-31,"Protests","Germany"
"13826",2022-10-31,"Protests","Germany"
"13827",2022-10-31,"Protests","Germany"
"13828",2022-10-31,"Protests","Germany"
"13829",2022-10-31,"Protests","Germany"
"13830",2022-10-31,"Protests","Germany"
"13831",2022-10-31,"Protests","Germany"
"13832",2022-10-31,"Protests","Germany"
"13833",2022-10-31,"Protests","Germany"
"13834",2022-10-31,"Protests","Germany"
"13835",2022-10-31,"Protests","Germany"
"13836",2022-10-31,"Protests","Germany"
"13837",2022-10-31,"Protests","Germany"
"13838",2022-10-31,"Protests","Germany"
"13839",2022-10-31,"Protests","Germany"
"13840",2022-10-31,"Protests","Germany"
"13841",2022-10-31,"Protests","Germany"
"13842",2022-10-31,"Protests","Germany"
"13843",2022-10-31,"Protests","Germany"
"13844",2022-10-31,"Protests","Germany"
"13845",2022-10-31,"Protests","Germany"
"13846",2022-10-31,"Protests","Germany"
"13847",2022-10-31,"Protests","Germany"
"13848",2022-10-31,"Protests","Germany"
"13849",2022-10-31,"Protests","Germany"
"13850",2022-10-31,"Protests","Germany"
"13851",2022-10-31,"Protests","Germany"
"13852",2022-10-31,"Protests","Germany"
"13853",2022-10-31,"Protests","Germany"
"13854",2022-10-31,"Protests","Germany"
"13855",2022-10-31,"Protests","Germany"
"13856",2022-11-01,"Protests","Germany"
"13857",2022-11-01,"Protests","Germany"
"13858",2022-11-01,"Protests","Germany"
"13859",2022-11-01,"Protests","Germany"
"13860",2022-11-01,"Protests","Germany"
"13861",2022-11-01,"Protests","Germany"
"13862",2022-11-01,"Protests","Germany"
"13863",2022-11-02,"Protests","Germany"
"13864",2022-11-02,"Protests","Germany"
"13865",2022-11-02,"Protests","Germany"
"13866",2022-11-02,"Protests","Germany"
"13867",2022-11-02,"Protests","Germany"
"13868",2022-11-02,"Protests","Germany"
"13869",2022-11-02,"Protests","Germany"
"13870",2022-11-02,"Protests","Germany"
"13871",2022-11-02,"Protests","Germany"
"13872",2022-11-02,"Protests","Germany"
"13873",2022-11-03,"Protests","Germany"
"13874",2022-11-03,"Protests","Germany"
"13875",2022-11-03,"Protests","Germany"
"13876",2022-11-03,"Protests","Germany"
"13877",2022-11-03,"Protests","Germany"
"13878",2022-11-03,"Protests","Germany"
"13879",2022-11-03,"Protests","Germany"
"13880",2022-11-03,"Protests","Germany"
"13881",2022-11-03,"Protests","Germany"
"13882",2022-11-03,"Protests","Germany"
"13883",2022-11-03,"Protests","Germany"
"13884",2022-11-03,"Protests","Germany"
"13885",2022-11-03,"Protests","Germany"
"13886",2022-11-03,"Protests","Germany"
"13887",2022-11-03,"Protests","Germany"
"13888",2022-11-03,"Protests","Germany"
"13889",2022-11-03,"Protests","Germany"
"13890",2022-11-03,"Protests","Germany"
"13891",2022-11-03,"Protests","Germany"
"13892",2022-11-03,"Protests","Germany"
"13893",2022-11-03,"Protests","Germany"
"13894",2022-11-03,"Protests","Germany"
"13895",2022-11-04,"Protests","Germany"
"13896",2022-11-04,"Protests","Germany"
"13897",2022-11-04,"Protests","Germany"
"13898",2022-11-04,"Protests","Germany"
"13899",2022-11-04,"Protests","Germany"
"13900",2022-11-04,"Protests","Germany"
"13901",2022-11-04,"Protests","Germany"
"13902",2022-11-04,"Protests","Germany"
"13903",2022-11-04,"Protests","Germany"
"13904",2022-11-04,"Protests","Germany"
"13905",2022-11-04,"Protests","Germany"
"13906",2022-11-04,"Protests","Germany"
"13907",2022-11-04,"Protests","Germany"
"13908",2022-11-04,"Protests","Germany"
"13909",2022-11-04,"Protests","Germany"
"13910",2022-11-04,"Protests","Germany"
"13911",2022-11-04,"Protests","Germany"
"13912",2022-11-04,"Protests","Germany"
"13913",2022-11-04,"Protests","Germany"
"13914",2022-11-04,"Protests","Germany"
"13915",2022-11-04,"Protests","Germany"
"13916",2022-11-04,"Protests","Germany"
"13917",2022-11-04,"Protests","Germany"
"13918",2022-11-04,"Protests","Germany"
"13919",2022-11-05,"Protests","Germany"
"13920",2022-11-05,"Protests","Germany"
"13921",2022-11-05,"Protests","Germany"
"13922",2022-11-05,"Protests","Germany"
"13923",2022-11-05,"Protests","Germany"
"13924",2022-11-05,"Protests","Germany"
"13925",2022-11-06,"Protests","Germany"
"13926",2022-11-06,"Protests","Germany"
"13927",2022-11-06,"Protests","Germany"
"13928",2022-11-07,"Protests","Germany"
"13929",2022-11-07,"Protests","Germany"
"13930",2022-11-07,"Protests","Germany"
"13931",2022-11-07,"Protests","Germany"
"13932",2022-11-07,"Protests","Germany"
"13933",2022-11-07,"Protests","Germany"
"13934",2022-11-07,"Protests","Germany"
"13935",2022-11-07,"Protests","Germany"
"13936",2022-11-07,"Protests","Germany"
"13937",2022-11-07,"Protests","Germany"
"13938",2022-11-07,"Protests","Germany"
"13939",2022-11-07,"Protests","Germany"
"13940",2022-11-07,"Protests","Germany"
"13941",2022-11-07,"Protests","Germany"
"13942",2022-11-07,"Protests","Germany"
"13943",2022-11-07,"Protests","Germany"
"13944",2022-11-07,"Protests","Germany"
"13945",2022-11-07,"Protests","Germany"
"13946",2022-11-07,"Protests","Germany"
"13947",2022-11-07,"Protests","Germany"
"13948",2022-11-07,"Protests","Germany"
"13949",2022-11-07,"Protests","Germany"
"13950",2022-11-07,"Protests","Germany"
"13951",2022-11-07,"Protests","Germany"
"13952",2022-11-07,"Protests","Germany"
"13953",2022-11-07,"Protests","Germany"
"13954",2022-11-07,"Protests","Germany"
"13955",2022-11-07,"Protests","Germany"
"13956",2022-11-07,"Protests","Germany"
"13957",2022-11-07,"Protests","Germany"
"13958",2022-11-07,"Protests","Germany"
"13959",2022-11-07,"Protests","Germany"
"13960",2022-11-07,"Protests","Germany"
"13961",2022-11-07,"Protests","Germany"
"13962",2022-11-07,"Protests","Germany"
"13963",2022-11-07,"Protests","Germany"
"13964",2022-11-07,"Protests","Germany"
"13965",2022-11-07,"Protests","Germany"
"13966",2022-11-08,"Protests","Germany"
"13967",2022-11-08,"Protests","Germany"
"13968",2022-11-08,"Protests","Germany"
"13969",2022-11-08,"Protests","Germany"
"13970",2022-11-08,"Protests","Germany"
"13971",2022-11-08,"Protests","Germany"
"13972",2022-11-08,"Protests","Germany"
"13973",2022-11-08,"Protests","Germany"
"13974",2022-11-09,"Protests","Germany"
"13975",2022-11-09,"Protests","Germany"
"13976",2022-11-10,"Protests","Germany"
"13977",2022-11-10,"Protests","Germany"
"13978",2022-11-10,"Protests","Germany"
"13979",2022-11-10,"Protests","Germany"
"13980",2022-11-11,"Protests","Germany"
"13981",2022-11-11,"Protests","Germany"
"13982",2022-11-12,"Protests","Germany"
"13983",2022-11-12,"Protests","Germany"
"13984",2022-11-12,"Protests","Germany"
"13985",2022-11-12,"Protests","Germany"
"13986",2022-11-12,"Protests","Germany"
"13987",2022-11-12,"Protests","Germany"
"13988",2022-11-12,"Protests","Germany"
"13989",2022-11-12,"Protests","Germany"
"13990",2022-11-12,"Protests","Germany"
"13991",2022-11-12,"Protests","Germany"
"13992",2022-11-12,"Protests","Germany"
"13993",2022-11-12,"Protests","Germany"
"13994",2022-11-12,"Protests","Germany"
"13995",2022-11-12,"Protests","Germany"
"13996",2022-11-12,"Protests","Germany"
"13997",2022-11-12,"Protests","Germany"
"13998",2022-11-12,"Strategic developments","Germany"
"13999",2022-11-12,"Protests","Germany"
"14000",2022-11-12,"Protests","Germany"
"14001",2022-11-12,"Riots","Germany"
"14002",2022-11-12,"Protests","Germany"
"14003",2022-11-12,"Protests","Germany"
"14004",2022-11-12,"Protests","Germany"
"14005",2022-11-12,"Protests","Germany"
"14006",2022-11-13,"Protests","Germany"
"14007",2022-11-13,"Protests","Germany"
"14008",2022-11-14,"Protests","Germany"
"14009",2022-11-14,"Protests","Germany"
"14010",2022-11-14,"Protests","Germany"
"14011",2022-11-14,"Protests","Germany"
"14012",2022-11-14,"Protests","Germany"
"14013",2022-11-14,"Protests","Germany"
"14014",2022-11-14,"Protests","Germany"
"14015",2022-11-14,"Protests","Germany"
"14016",2022-11-14,"Protests","Germany"
"14017",2022-11-14,"Protests","Germany"
"14018",2022-11-14,"Protests","Germany"
"14019",2022-11-14,"Protests","Germany"
"14020",2022-11-14,"Protests","Germany"
"14021",2022-11-15,"Protests","Germany"
"14022",2022-11-15,"Protests","Germany"
"14023",2022-11-15,"Protests","Germany"
"14024",2022-11-15,"Protests","Germany"
"14025",2022-11-15,"Protests","Germany"
"14026",2022-11-15,"Protests","Germany"
"14027",2022-11-15,"Protests","Germany"
"14028",2022-11-16,"Protests","Germany"
"14029",2022-11-16,"Protests","Germany"
"14030",2022-11-16,"Protests","Germany"
"14031",2022-11-16,"Protests","Germany"
"14032",2022-11-16,"Protests","Germany"
"14033",2022-11-16,"Protests","Germany"
"14034",2022-11-17,"Strategic developments","Germany"
"14035",2022-11-17,"Strategic developments","Germany"
"14036",2022-11-17,"Protests","Germany"
"14037",2022-11-17,"Protests","Germany"
"14038",2022-11-17,"Protests","Germany"
"14039",2022-11-17,"Protests","Germany"
"14040",2022-11-18,"Protests","Germany"
"14041",2022-11-19,"Protests","Germany"
"14042",2022-11-19,"Protests","Germany"
"14043",2022-11-19,"Protests","Germany"
"14044",2022-11-19,"Protests","Germany"
"14045",2022-11-19,"Protests","Germany"
"14046",2022-11-19,"Protests","Germany"
"14047",2022-11-20,"Protests","Germany"
"14048",2022-11-20,"Protests","Germany"
"14049",2022-11-20,"Protests","Germany"
"14050",2022-11-21,"Protests","Germany"
"14051",2022-11-21,"Protests","Germany"
"14052",2022-11-21,"Protests","Germany"
"14053",2022-11-21,"Protests","Germany"
"14054",2022-11-21,"Protests","Germany"
"14055",2022-11-21,"Protests","Germany"
"14056",2022-11-21,"Protests","Germany"
"14057",2022-11-21,"Protests","Germany"
"14058",2022-11-21,"Protests","Germany"
"14059",2022-11-21,"Protests","Germany"
"14060",2022-11-21,"Protests","Germany"
"14061",2022-11-21,"Protests","Germany"
"14062",2022-11-21,"Protests","Germany"
"14063",2022-11-21,"Protests","Germany"
"14064",2022-11-21,"Protests","Germany"
"14065",2022-11-21,"Protests","Germany"
"14066",2022-11-21,"Protests","Germany"
"14067",2022-11-21,"Protests","Germany"
"14068",2022-11-21,"Protests","Germany"
"14069",2022-11-21,"Protests","Germany"
"14070",2022-11-21,"Protests","Germany"
"14071",2022-11-22,"Protests","Germany"
"14072",2022-11-22,"Protests","Germany"
"14073",2022-11-22,"Protests","Germany"
"14074",2022-11-23,"Protests","Germany"
"14075",2022-11-24,"Protests","Germany"
"14076",2022-11-24,"Protests","Germany"
"14077",2022-11-24,"Protests","Germany"
"14078",2022-11-24,"Protests","Germany"
"14079",2022-11-24,"Protests","Germany"
"14080",2022-11-24,"Protests","Germany"
"14081",2022-11-24,"Protests","Germany"
"14082",2022-11-24,"Protests","Germany"
"14083",2022-11-24,"Protests","Germany"
"14084",2022-11-24,"Protests","Germany"
"14085",2022-11-24,"Protests","Germany"
"14086",2022-11-24,"Protests","Germany"
"14087",2022-11-24,"Protests","Germany"
"14088",2022-11-24,"Protests","Germany"
"14089",2022-11-24,"Protests","Germany"
"14090",2022-11-24,"Protests","Germany"
"14091",2022-11-24,"Protests","Germany"
"14092",2022-11-24,"Protests","Germany"
"14093",2022-11-24,"Protests","Germany"
"14094",2022-11-24,"Protests","Germany"
"14095",2022-11-24,"Protests","Germany"
"14096",2022-11-24,"Protests","Germany"
"14097",2022-11-24,"Protests","Germany"
"14098",2022-11-24,"Protests","Germany"
"14099",2022-11-24,"Protests","Germany"
"14100",2022-11-24,"Protests","Germany"
"14101",2022-11-24,"Protests","Germany"
"14102",2022-11-24,"Protests","Germany"
"14103",2022-11-24,"Protests","Germany"
"14104",2022-11-24,"Protests","Germany"
"14105",2022-11-25,"Protests","Germany"
"14106",2022-11-25,"Protests","Germany"
"14107",2022-11-25,"Protests","Germany"
"14108",2022-11-25,"Protests","Germany"
"14109",2022-11-25,"Protests","Germany"
"14110",2022-11-25,"Protests","Germany"
"14111",2022-11-25,"Protests","Germany"
"14112",2022-11-25,"Protests","Germany"
"14113",2022-11-25,"Protests","Germany"
"14114",2022-11-25,"Protests","Germany"
"14115",2022-11-25,"Protests","Germany"
"14116",2022-11-25,"Protests","Germany"
"14117",2022-11-25,"Protests","Germany"
"14118",2022-11-25,"Protests","Germany"
"14119",2022-11-25,"Protests","Germany"
"14120",2022-11-25,"Protests","Germany"
"14121",2022-11-25,"Protests","Germany"
"14122",2022-11-25,"Protests","Germany"
"14123",2022-11-25,"Protests","Germany"
"14124",2022-11-25,"Protests","Germany"
"14125",2022-11-25,"Protests","Germany"
"14126",2022-11-25,"Protests","Germany"
"14127",2022-11-25,"Protests","Germany"
"14128",2022-11-25,"Protests","Germany"
"14129",2022-11-25,"Protests","Germany"
"14130",2022-11-25,"Protests","Germany"
"14131",2022-11-25,"Protests","Germany"
"14132",2022-11-25,"Protests","Germany"
"14133",2022-11-25,"Protests","Germany"
"14134",2022-11-25,"Protests","Germany"
"14135",2022-11-25,"Protests","Germany"
"14136",2022-11-25,"Protests","Germany"
"14137",2022-11-25,"Protests","Germany"
"14138",2022-11-25,"Protests","Germany"
"14139",2022-11-25,"Protests","Germany"
"14140",2022-11-25,"Protests","Germany"
"14141",2022-11-25,"Protests","Germany"
"14142",2022-11-25,"Protests","Germany"
"14143",2022-11-25,"Protests","Germany"
"14144",2022-11-25,"Protests","Germany"
"14145",2022-11-25,"Protests","Germany"
"14146",2022-11-25,"Protests","Germany"
"14147",2022-11-25,"Protests","Germany"
"14148",2022-11-25,"Protests","Germany"
"14149",2022-11-25,"Protests","Germany"
"14150",2022-11-25,"Protests","Germany"
"14151",2022-11-25,"Protests","Germany"
"14152",2022-11-25,"Protests","Germany"
"14153",2022-11-25,"Protests","Germany"
"14154",2022-11-25,"Protests","Germany"
"14155",2022-11-25,"Protests","Germany"
"14156",2022-11-25,"Protests","Germany"
"14157",2022-11-26,"Protests","Germany"
"14158",2022-11-26,"Protests","Germany"
"14159",2022-11-26,"Protests","Germany"
"14160",2022-11-26,"Protests","Germany"
"14161",2022-11-26,"Protests","Germany"
"14162",2022-11-26,"Protests","Germany"
"14163",2022-11-26,"Protests","Germany"
"14164",2022-11-26,"Protests","Germany"
"14165",2022-11-26,"Riots","Germany"
"14166",2022-11-27,"Protests","Germany"
"14167",2022-11-28,"Protests","Germany"
"14168",2022-11-28,"Strategic developments","Germany"
"14169",2022-11-28,"Protests","Germany"
"14170",2022-11-28,"Protests","Germany"
"14171",2022-11-28,"Protests","Germany"
"14172",2022-11-28,"Protests","Germany"
"14173",2022-11-28,"Protests","Germany"
"14174",2022-11-29,"Protests","Germany"
"14175",2022-11-29,"Protests","Germany"
"14176",2022-11-29,"Protests","Germany"
"14177",2022-11-29,"Protests","Germany"
"14178",2022-11-29,"Protests","Germany"
"14179",2022-11-29,"Protests","Germany"
"14180",2022-11-30,"Protests","Germany"
"14181",2022-11-30,"Protests","Germany"
"14182",2022-11-30,"Protests","Germany"
"14183",2022-11-30,"Protests","Germany"
"14184",2022-11-30,"Protests","Germany"
"14185",2022-11-30,"Protests","Germany"
"14186",2022-11-30,"Protests","Germany"
"14187",2022-12-01,"Protests","Germany"
"14188",2022-12-02,"Protests","Germany"
"14189",2022-12-02,"Protests","Germany"
"14190",2022-12-02,"Protests","Germany"
"14191",2022-12-03,"Strategic developments","Germany"
"14192",2022-12-03,"Protests","Germany"
"14193",2022-12-03,"Protests","Germany"
"14194",2022-12-03,"Protests","Germany"
"14195",2022-12-03,"Protests","Germany"
"14196",2022-12-03,"Protests","Germany"
"14197",2022-12-03,"Protests","Germany"
"14198",2022-12-03,"Protests","Germany"
"14199",2022-12-03,"Protests","Germany"
"14200",2022-12-03,"Protests","Germany"
"14201",2022-12-03,"Protests","Germany"
"14202",2022-12-03,"Protests","Germany"
"14203",2022-12-03,"Protests","Germany"
"14204",2022-12-03,"Protests","Germany"
"14205",2022-12-03,"Protests","Germany"
"14206",2022-12-03,"Protests","Germany"
"14207",2022-12-04,"Protests","Germany"
"14208",2022-12-04,"Protests","Germany"
"14209",2022-12-05,"Protests","Germany"
"14210",2022-12-05,"Protests","Germany"
"14211",2022-12-05,"Protests","Germany"
"14212",2022-12-05,"Protests","Germany"
"14213",2022-12-05,"Protests","Germany"
"14214",2022-12-05,"Protests","Germany"
"14215",2022-12-05,"Protests","Germany"
"14216",2022-12-05,"Protests","Germany"
"14217",2022-12-05,"Protests","Germany"
"14218",2022-12-05,"Protests","Germany"
"14219",2022-12-05,"Protests","Germany"
"14220",2022-12-05,"Protests","Germany"
"14221",2022-12-05,"Protests","Germany"
"14222",2022-12-05,"Protests","Germany"
"14223",2022-12-06,"Protests","Germany"
"14224",2022-12-06,"Protests","Germany"
"14225",2022-12-06,"Protests","Germany"
"14226",2022-12-06,"Protests","Germany"
"14227",2022-12-07,"Protests","Germany"
"14228",2022-12-07,"Protests","Germany"
"14229",2022-12-07,"Strategic developments","Germany"
"14230",2022-12-08,"Protests","Germany"
"14231",2022-12-08,"Protests","Germany"
"14232",2022-12-08,"Protests","Germany"
"14233",2022-12-08,"Protests","Germany"
"14234",2022-12-08,"Protests","Germany"
"14235",2022-12-09,"Protests","Germany"
"14236",2022-12-09,"Protests","Germany"
"14237",2022-12-09,"Protests","Germany"
"14238",2022-12-10,"Protests","Germany"
"14239",2022-12-10,"Protests","Germany"
"14240",2022-12-10,"Protests","Germany"
"14241",2022-12-10,"Protests","Germany"
"14242",2022-12-10,"Protests","Germany"
"14243",2022-12-10,"Protests","Germany"
"14244",2022-12-10,"Protests","Germany"
"14245",2022-12-10,"Protests","Germany"
"14246",2022-12-10,"Protests","Germany"
"14247",2022-12-10,"Protests","Germany"
"14248",2022-12-10,"Protests","Germany"
"14249",2022-12-11,"Protests","Germany"
"14250",2022-12-11,"Protests","Germany"
"14251",2022-12-11,"Protests","Germany"
"14252",2022-12-11,"Protests","Germany"
"14253",2022-12-11,"Protests","Germany"
"14254",2022-12-12,"Protests","Germany"
"14255",2022-12-12,"Protests","Germany"
"14256",2022-12-12,"Protests","Germany"
"14257",2022-12-12,"Protests","Germany"
"14258",2022-12-12,"Protests","Germany"
"14259",2022-12-12,"Protests","Germany"
"14260",2022-12-12,"Protests","Germany"
"14261",2022-12-12,"Protests","Germany"
"14262",2022-12-12,"Protests","Germany"
"14263",2022-12-12,"Protests","Germany"
"14264",2022-12-12,"Protests","Germany"
"14265",2022-12-12,"Protests","Germany"
"14266",2022-12-12,"Protests","Germany"
"14267",2022-12-12,"Protests","Germany"
"14268",2022-12-13,"Protests","Germany"
"14269",2022-12-13,"Protests","Germany"
"14270",2022-12-14,"Protests","Germany"
"14271",2022-12-14,"Protests","Germany"
"14272",2022-12-14,"Protests","Germany"
"14273",2022-12-15,"Protests","Germany"
"14274",2022-12-15,"Protests","Germany"
"14275",2022-12-15,"Protests","Germany"
"14276",2022-12-16,"Protests","Germany"
"14277",2022-12-16,"Protests","Germany"
"14278",2022-12-17,"Protests","Germany"
"14279",2022-12-17,"Protests","Germany"
"14280",2022-12-17,"Protests","Germany"
"14281",2022-12-17,"Protests","Germany"
"14282",2022-12-17,"Protests","Germany"
"14283",2022-12-17,"Protests","Germany"
"14284",2022-12-17,"Protests","Germany"
"14285",2022-12-17,"Protests","Germany"
"14286",2022-12-17,"Protests","Germany"
"14287",2022-12-17,"Protests","Germany"
"14288",2022-12-17,"Protests","Germany"
"14289",2022-12-17,"Protests","Germany"
"14290",2022-12-18,"Riots","Germany"
"14291",2022-12-18,"Protests","Germany"
"14292",2022-12-19,"Protests","Germany"
"14293",2022-12-19,"Protests","Germany"
"14294",2022-12-19,"Protests","Germany"
"14295",2022-12-20,"Protests","Germany"
"14296",2022-12-20,"Protests","Germany"
"14297",2022-12-20,"Protests","Germany"
"14298",2022-12-20,"Protests","Germany"
"14299",2022-12-20,"Protests","Germany"
"14300",2022-12-21,"Protests","Germany"
"14301",2022-12-21,"Protests","Germany"
"14302",2022-12-21,"Protests","Germany"
"14303",2022-12-21,"Protests","Germany"
"14304",2022-12-22,"Protests","Germany"
"14305",2022-12-22,"Protests","Germany"
"14306",2022-12-22,"Protests","Germany"
"14307",2022-12-22,"Protests","Germany"
"14308",2022-12-22,"Protests","Germany"
"14309",2022-12-23,"Protests","Germany"
"14310",2022-12-24,"Protests","Germany"
"14311",2022-12-24,"Protests","Germany"
"14312",2022-12-24,"Protests","Germany"
"14313",2022-12-24,"Protests","Germany"
"14314",2022-12-24,"Protests","Germany"
"14315",2022-12-24,"Riots","Germany"
"14316",2022-12-25,"Riots","Germany"
"14317",2022-12-26,"Protests","Germany"
"14318",2022-12-26,"Protests","Germany"
"14319",2022-12-28,"Protests","Germany"
"14320",2022-12-28,"Strategic developments","Germany"
"14321",2022-12-28,"Protests","Germany"
"14322",2022-12-28,"Protests","Germany"
"14323",2022-12-31,"Strategic developments","Germany"
"14324",2022-12-31,"Protests","Germany"
"14325",2022-12-31,"Protests","Germany"
"14326",2022-12-31,"Protests","Germany"
"14327",2022-12-31,"Protests","Germany"
"14328",2022-12-31,"Protests","Germany"
"14329",2022-12-31,"Protests","Germany"
"14330",2023-01-01,"Protests","Germany"
"14331",2023-01-02,"Protests","Germany"
"14332",2023-01-02,"Protests","Germany"
"14333",2023-01-02,"Protests","Germany"
"14334",2023-01-02,"Protests","Germany"
"14335",2023-01-02,"Protests","Germany"
"14336",2023-01-02,"Protests","Germany"
"14337",2023-01-02,"Protests","Germany"
"14338",2023-01-02,"Protests","Germany"
"14339",2023-01-02,"Protests","Germany"
"14340",2023-01-02,"Riots","Germany"
"14341",2023-01-02,"Riots","Germany"
"14342",2023-01-03,"Protests","Germany"
"14343",2023-01-03,"Protests","Germany"
"14344",2023-01-03,"Protests","Germany"
"14345",2023-01-03,"Protests","Germany"
"14346",2023-01-03,"Protests","Germany"
"14347",2023-01-03,"Protests","Germany"
"14348",2023-01-04,"Strategic developments","Germany"
"14349",2023-01-04,"Protests","Germany"
"14350",2023-01-04,"Protests","Germany"
"14351",2023-01-04,"Protests","Germany"
"14352",2023-01-04,"Protests","Germany"
"14353",2023-01-04,"Protests","Germany"
"14354",2023-01-04,"Protests","Germany"
"14355",2023-01-04,"Protests","Germany"
"14356",2023-01-04,"Protests","Germany"
"14357",2023-01-04,"Protests","Germany"
"14358",2023-01-04,"Protests","Germany"
"14359",2023-01-04,"Protests","Germany"
"14360",2023-01-04,"Protests","Germany"
"14361",2023-01-04,"Protests","Germany"
"14362",2023-01-04,"Protests","Germany"
"14363",2023-01-04,"Protests","Germany"
"14364",2023-01-04,"Protests","Germany"
"14365",2023-01-04,"Protests","Germany"
"14366",2023-01-04,"Protests","Germany"
"14367",2023-01-04,"Protests","Germany"
"14368",2023-01-04,"Protests","Germany"
"14369",2023-01-06,"Violence against civilians","Germany"
"14370",2023-01-06,"Protests","Germany"
"14371",2023-01-06,"Protests","Germany"
"14372",2023-01-06,"Protests","Germany"
"14373",2023-01-06,"Protests","Germany"
"14374",2023-01-06,"Protests","Germany"
"14375",2023-01-06,"Protests","Germany"
"14376",2023-01-06,"Protests","Germany"
"14377",2023-01-06,"Protests","Germany"
"14378",2023-01-06,"Protests","Germany"
"14379",2023-01-06,"Protests","Germany"
"14380",2023-01-06,"Protests","Germany"
"14381",2023-01-06,"Protests","Germany"
"14382",2023-01-06,"Protests","Germany"
"14383",2023-01-06,"Protests","Germany"
"14384",2023-01-07,"Protests","Germany"
"14385",2023-01-07,"Protests","Germany"
"14386",2023-01-07,"Protests","Germany"
"14387",2023-01-08,"Protests","Germany"
"14388",2023-01-08,"Protests","Germany"
"14389",2023-01-08,"Protests","Germany"
"14390",2023-01-08,"Protests","Germany"
"14391",2023-01-08,"Protests","Germany"
"14392",2023-01-08,"Protests","Germany"
"14393",2023-01-08,"Protests","Germany"
"14394",2023-01-08,"Protests","Germany"
"14395",2023-01-08,"Strategic developments","Germany"
"14396",2023-01-08,"Riots","Germany"
"14397",2023-01-09,"Protests","Germany"
"14398",2023-01-09,"Protests","Germany"
"14399",2023-01-09,"Protests","Germany"
"14400",2023-01-09,"Protests","Germany"
"14401",2023-01-09,"Protests","Germany"
"14402",2023-01-09,"Protests","Germany"
"14403",2023-01-09,"Protests","Germany"
"14404",2023-01-09,"Protests","Germany"
"14405",2023-01-10,"Protests","Germany"
"14406",2023-01-10,"Protests","Germany"
"14407",2023-01-10,"Protests","Germany"
"14408",2023-01-10,"Protests","Germany"
"14409",2023-01-10,"Protests","Germany"
"14410",2023-01-10,"Protests","Germany"
"14411",2023-01-10,"Protests","Germany"
"14412",2023-01-10,"Protests","Germany"
"14413",2023-01-10,"Protests","Germany"
"14414",2023-01-10,"Riots","Germany"
"14415",2023-01-11,"Protests","Germany"
"14416",2023-01-11,"Protests","Germany"
"14417",2023-01-11,"Protests","Germany"
"14418",2023-01-11,"Protests","Germany"
"14419",2023-01-12,"Protests","Germany"
"14420",2023-01-12,"Violence against civilians","Germany"
"14421",2023-01-12,"Strategic developments","Germany"
"14422",2023-01-12,"Protests","Germany"
"14423",2023-01-12,"Protests","Germany"
"14424",2023-01-12,"Protests","Germany"
"14425",2023-01-12,"Protests","Germany"
"14426",2023-01-13,"Riots","Germany"
"14427",2023-01-13,"Protests","Germany"
"14428",2023-01-13,"Protests","Germany"
"14429",2023-01-13,"Protests","Germany"
"14430",2023-01-13,"Protests","Germany"
"14431",2023-01-14,"Protests","Germany"
"14432",2023-01-14,"Protests","Germany"
"14433",2023-01-14,"Protests","Germany"
"14434",2023-01-14,"Protests","Germany"
"14435",2023-01-14,"Protests","Germany"
"14436",2023-01-14,"Protests","Germany"
"14437",2023-01-14,"Protests","Germany"
"14438",2023-01-14,"Protests","Germany"
"14439",2023-01-14,"Protests","Germany"
"14440",2023-01-14,"Protests","Germany"
"14441",2023-01-14,"Protests","Germany"
"14442",2023-01-14,"Protests","Germany"
"14443",2023-01-14,"Riots","Germany"
"14444",2023-01-14,"Protests","Germany"
"14445",2023-01-14,"Riots","Germany"
"14446",2023-01-15,"Protests","Germany"
"14447",2023-01-15,"Protests","Germany"
"14448",2023-01-15,"Protests","Germany"
"14449",2023-01-15,"Protests","Germany"
"14450",2023-01-15,"Riots","Germany"
"14451",2023-01-16,"Protests","Germany"
"14452",2023-01-16,"Protests","Germany"
"14453",2023-01-16,"Protests","Germany"
"14454",2023-01-16,"Protests","Germany"
"14455",2023-01-16,"Protests","Germany"
"14456",2023-01-16,"Protests","Germany"
"14457",2023-01-16,"Protests","Germany"
"14458",2023-01-16,"Protests","Germany"
"14459",2023-01-16,"Protests","Germany"
"14460",2023-01-16,"Protests","Germany"
"14461",2023-01-16,"Riots","Germany"
"14462",2023-01-17,"Protests","Germany"
"14463",2023-01-17,"Protests","Germany"
"14464",2023-01-17,"Protests","Germany"
"14465",2023-01-17,"Strategic developments","Germany"
"14466",2023-01-17,"Protests","Germany"
"14467",2023-01-17,"Protests","Germany"
"14468",2023-01-17,"Protests","Germany"
"14469",2023-01-17,"Protests","Germany"
"14470",2023-01-18,"Protests","Germany"
"14471",2023-01-18,"Protests","Germany"
"14472",2023-01-18,"Protests","Germany"
"14473",2023-01-19,"Protests","Germany"
"14474",2023-01-20,"Protests","Germany"
"14475",2023-01-20,"Protests","Germany"
"14476",2023-01-20,"Protests","Germany"
"14477",2023-01-20,"Protests","Germany"
"14478",2023-01-20,"Protests","Germany"
"14479",2023-01-20,"Protests","Germany"
"14480",2023-01-20,"Protests","Germany"
"14481",2023-01-20,"Protests","Germany"
"14482",2023-01-20,"Protests","Germany"
"14483",2023-01-20,"Protests","Germany"
"14484",2023-01-20,"Protests","Germany"
"14485",2023-01-20,"Protests","Germany"
"14486",2023-01-20,"Protests","Germany"
"14487",2023-01-20,"Protests","Germany"
"14488",2023-01-20,"Protests","Germany"
"14489",2023-01-21,"Protests","Germany"
"14490",2023-01-21,"Protests","Germany"
"14491",2023-01-21,"Protests","Germany"
"14492",2023-01-21,"Protests","Germany"
"14493",2023-01-21,"Protests","Germany"
"14494",2023-01-21,"Protests","Germany"
"14495",2023-01-21,"Protests","Germany"
"14496",2023-01-21,"Protests","Germany"
"14497",2023-01-22,"Protests","Germany"
"14498",2023-01-22,"Protests","Germany"
"14499",2023-01-22,"Protests","Germany"
"14500",2023-01-22,"Protests","Germany"
"14501",2023-01-23,"Protests","Germany"
"14502",2023-01-23,"Protests","Germany"
"14503",2023-01-23,"Protests","Germany"
"14504",2023-01-23,"Protests","Germany"
"14505",2023-01-23,"Protests","Germany"
"14506",2023-01-23,"Protests","Germany"
"14507",2023-01-23,"Protests","Germany"
"14508",2023-01-23,"Protests","Germany"
"14509",2023-01-23,"Protests","Germany"
"14510",2023-01-23,"Protests","Germany"
"14511",2023-01-23,"Protests","Germany"
"14512",2023-01-23,"Protests","Germany"
"14513",2023-01-23,"Protests","Germany"
"14514",2023-01-23,"Protests","Germany"
"14515",2023-01-23,"Protests","Germany"
"14516",2023-01-23,"Protests","Germany"
"14517",2023-01-23,"Protests","Germany"
"14518",2023-01-24,"Protests","Germany"
"14519",2023-01-24,"Protests","Germany"
"14520",2023-01-24,"Protests","Germany"
"14521",2023-01-25,"Protests","Germany"
"14522",2023-01-25,"Protests","Germany"
"14523",2023-01-25,"Protests","Germany"
"14524",2023-01-25,"Protests","Germany"
"14525",2023-01-25,"Protests","Germany"
"14526",2023-01-26,"Strategic developments","Germany"
"14527",2023-01-26,"Protests","Germany"
"14528",2023-01-26,"Protests","Germany"
"14529",2023-01-26,"Protests","Germany"
"14530",2023-01-26,"Protests","Germany"
"14531",2023-01-26,"Protests","Germany"
"14532",2023-01-26,"Protests","Germany"
"14533",2023-01-26,"Violence against civilians","Germany"
"14534",2023-01-27,"Protests","Germany"
"14535",2023-01-27,"Riots","Germany"
"14536",2023-01-27,"Protests","Germany"
"14537",2023-01-27,"Protests","Germany"
"14538",2023-01-27,"Protests","Germany"
"14539",2023-01-27,"Protests","Germany"
"14540",2023-01-27,"Protests","Germany"
"14541",2023-01-28,"Protests","Germany"
"14542",2023-01-28,"Riots","Germany"
"14543",2023-01-28,"Protests","Germany"
"14544",2023-01-28,"Protests","Germany"
"14545",2023-01-28,"Protests","Germany"
"14546",2023-01-28,"Protests","Germany"
"14547",2023-01-28,"Protests","Germany"
"14548",2023-01-28,"Protests","Germany"
"14549",2023-01-28,"Protests","Germany"
"14550",2023-01-28,"Protests","Germany"
"14551",2023-01-28,"Protests","Germany"
"14552",2023-01-28,"Protests","Germany"
"14553",2023-01-28,"Protests","Germany"
"14554",2023-01-28,"Protests","Germany"
"14555",2023-01-28,"Protests","Germany"
"14556",2023-01-28,"Protests","Germany"
"14557",2023-01-28,"Riots","Germany"
"14558",2023-01-29,"Protests","Germany"
"14559",2023-01-29,"Protests","Germany"
"14560",2023-01-29,"Protests","Germany"
"14561",2023-01-29,"Strategic developments","Germany"
"14562",2023-01-30,"Strategic developments","Germany"
"14563",2023-01-30,"Protests","Germany"
"14564",2023-01-30,"Protests","Germany"
"14565",2023-01-30,"Protests","Germany"
"14566",2023-01-30,"Protests","Germany"
"14567",2023-01-30,"Protests","Germany"
"14568",2023-01-30,"Protests","Germany"
"14569",2023-01-30,"Protests","Germany"
"14570",2023-01-30,"Protests","Germany"
"14571",2023-01-30,"Protests","Germany"
"14572",2023-01-30,"Protests","Germany"
"14573",2023-01-30,"Protests","Germany"
"14574",2023-01-31,"Protests","Germany"
"14575",2023-01-31,"Protests","Germany"
"14576",2023-01-31,"Protests","Germany"
"14577",2023-01-31,"Protests","Germany"
"14578",2023-01-31,"Protests","Germany"
"14579",2023-01-31,"Riots","Germany"
"14580",2023-01-31,"Protests","Germany"
"14581",2023-02-01,"Strategic developments","Germany"
"14582",2023-02-01,"Protests","Germany"
"14583",2023-02-02,"Protests","Germany"
"14584",2023-02-02,"Protests","Germany"
"14585",2023-02-02,"Strategic developments","Germany"
"14586",2023-02-02,"Protests","Germany"
"14587",2023-02-02,"Protests","Germany"
"14588",2023-02-02,"Protests","Germany"
"14589",2023-02-02,"Protests","Germany"
"14590",2023-02-02,"Protests","Germany"
"14591",2023-02-02,"Protests","Germany"
"14592",2023-02-02,"Strategic developments","Germany"
"14593",2023-02-02,"Protests","Germany"
"14594",2023-02-02,"Protests","Germany"
"14595",2023-02-03,"Protests","Germany"
"14596",2023-02-03,"Protests","Germany"
"14597",2023-02-03,"Protests","Germany"
"14598",2023-02-03,"Protests","Germany"
"14599",2023-02-03,"Protests","Germany"
"14600",2023-02-03,"Protests","Germany"
"14601",2023-02-03,"Protests","Germany"
"14602",2023-02-03,"Protests","Germany"
"14603",2023-02-03,"Protests","Germany"
"14604",2023-02-03,"Protests","Germany"
"14605",2023-02-04,"Protests","Germany"
"14606",2023-02-04,"Protests","Germany"
"14607",2023-02-04,"Protests","Germany"
"14608",2023-02-04,"Protests","Germany"
"14609",2023-02-04,"Protests","Germany"
"14610",2023-02-04,"Protests","Germany"
"14611",2023-02-04,"Protests","Germany"
"14612",2023-02-04,"Protests","Germany"
"14613",2023-02-05,"Protests","Germany"
"14614",2023-02-05,"Protests","Germany"
"14615",2023-02-05,"Protests","Germany"
"14616",2023-02-05,"Protests","Germany"
"14617",2023-02-05,"Protests","Germany"
"14618",2023-02-05,"Protests","Germany"
"14619",2023-02-05,"Protests","Germany"
"14620",2023-02-06,"Protests","Germany"
"14621",2023-02-06,"Protests","Germany"
"14622",2023-02-06,"Protests","Germany"
"14623",2023-02-06,"Protests","Germany"
"14624",2023-02-06,"Protests","Germany"
"14625",2023-02-06,"Protests","Germany"
"14626",2023-02-06,"Protests","Germany"
"14627",2023-02-06,"Protests","Germany"
"14628",2023-02-06,"Protests","Germany"
"14629",2023-02-06,"Protests","Germany"
"14630",2023-02-06,"Protests","Germany"
"14631",2023-02-06,"Protests","Germany"
"14632",2023-02-06,"Protests","Germany"
"14633",2023-02-06,"Protests","Germany"
"14634",2023-02-06,"Protests","Germany"
"14635",2023-02-06,"Protests","Germany"
"14636",2023-02-06,"Protests","Germany"
"14637",2023-02-06,"Protests","Germany"
"14638",2023-02-06,"Protests","Germany"
"14639",2023-02-06,"Protests","Germany"
"14640",2023-02-06,"Protests","Germany"
"14641",2023-02-06,"Protests","Germany"
"14642",2023-02-06,"Protests","Germany"
"14643",2023-02-06,"Protests","Germany"
"14644",2023-02-06,"Protests","Germany"
"14645",2023-02-06,"Protests","Germany"
"14646",2023-02-06,"Protests","Germany"
"14647",2023-02-06,"Protests","Germany"
"14648",2023-02-06,"Protests","Germany"
"14649",2023-02-06,"Protests","Germany"
"14650",2023-02-06,"Protests","Germany"
"14651",2023-02-07,"Protests","Germany"
"14652",2023-02-07,"Protests","Germany"
"14653",2023-02-07,"Protests","Germany"
"14654",2023-02-07,"Protests","Germany"
"14655",2023-02-07,"Protests","Germany"
"14656",2023-02-07,"Protests","Germany"
"14657",2023-02-07,"Protests","Germany"
"14658",2023-02-07,"Protests","Germany"
"14659",2023-02-07,"Protests","Germany"
"14660",2023-02-07,"Protests","Germany"
"14661",2023-02-07,"Protests","Germany"
"14662",2023-02-07,"Protests","Germany"
"14663",2023-02-07,"Protests","Germany"
"14664",2023-02-07,"Protests","Germany"
"14665",2023-02-07,"Protests","Germany"
"14666",2023-02-07,"Protests","Germany"
"14667",2023-02-07,"Protests","Germany"
"14668",2023-02-07,"Strategic developments","Germany"
"14669",2023-02-07,"Protests","Germany"
"14670",2023-02-07,"Protests","Germany"
"14671",2023-02-08,"Protests","Germany"
"14672",2023-02-08,"Protests","Germany"
"14673",2023-02-08,"Protests","Germany"
"14674",2023-02-08,"Protests","Germany"
"14675",2023-02-08,"Protests","Germany"
"14676",2023-02-08,"Protests","Germany"
"14677",2023-02-08,"Protests","Germany"
"14678",2023-02-08,"Protests","Germany"
"14679",2023-02-08,"Protests","Germany"
"14680",2023-02-09,"Protests","Germany"
"14681",2023-02-09,"Protests","Germany"
"14682",2023-02-09,"Protests","Germany"
"14683",2023-02-09,"Protests","Germany"
"14684",2023-02-09,"Protests","Germany"
"14685",2023-02-09,"Protests","Germany"
"14686",2023-02-09,"Protests","Germany"
"14687",2023-02-09,"Protests","Germany"
"14688",2023-02-09,"Protests","Germany"
"14689",2023-02-09,"Protests","Germany"
"14690",2023-02-09,"Protests","Germany"
"14691",2023-02-09,"Protests","Germany"
"14692",2023-02-09,"Strategic developments","Germany"
"14693",2023-02-09,"Protests","Germany"
"14694",2023-02-09,"Protests","Germany"
"14695",2023-02-09,"Protests","Germany"
"14696",2023-02-09,"Protests","Germany"
"14697",2023-02-09,"Protests","Germany"
"14698",2023-02-10,"Strategic developments","Germany"
"14699",2023-02-10,"Protests","Germany"
"14700",2023-02-10,"Protests","Germany"
"14701",2023-02-10,"Protests","Germany"
"14702",2023-02-10,"Riots","Germany"
"14703",2023-02-10,"Protests","Germany"
"14704",2023-02-10,"Protests","Germany"
"14705",2023-02-10,"Protests","Germany"
"14706",2023-02-10,"Protests","Germany"
"14707",2023-02-10,"Protests","Germany"
"14708",2023-02-10,"Protests","Germany"
"14709",2023-02-11,"Protests","Germany"
"14710",2023-02-11,"Protests","Germany"
"14711",2023-02-11,"Protests","Germany"
"14712",2023-02-11,"Protests","Germany"
"14713",2023-02-11,"Protests","Germany"
"14714",2023-02-11,"Protests","Germany"
"14715",2023-02-11,"Protests","Germany"
"14716",2023-02-11,"Strategic developments","Germany"
"14717",2023-02-11,"Protests","Germany"
"14718",2023-02-11,"Protests","Germany"
"14719",2023-02-11,"Protests","Germany"
"14720",2023-02-11,"Protests","Germany"
"14721",2023-02-12,"Protests","Germany"
"14722",2023-02-13,"Protests","Germany"
"14723",2023-02-13,"Protests","Germany"
"14724",2023-02-13,"Protests","Germany"
"14725",2023-02-13,"Protests","Germany"
"14726",2023-02-13,"Protests","Germany"
"14727",2023-02-13,"Protests","Germany"
"14728",2023-02-13,"Protests","Germany"
"14729",2023-02-13,"Protests","Germany"
"14730",2023-02-13,"Protests","Germany"
"14731",2023-02-13,"Protests","Germany"
"14732",2023-02-13,"Protests","Germany"
"14733",2023-02-13,"Protests","Germany"
"14734",2023-02-13,"Protests","Germany"
"14735",2023-02-13,"Protests","Germany"
"14736",2023-02-13,"Protests","Germany"
"14737",2023-02-13,"Protests","Germany"
"14738",2023-02-13,"Protests","Germany"
"14739",2023-02-13,"Protests","Germany"
"14740",2023-02-14,"Protests","Germany"
"14741",2023-02-14,"Protests","Germany"
"14742",2023-02-14,"Protests","Germany"
"14743",2023-02-14,"Protests","Germany"
"14744",2023-02-14,"Protests","Germany"
"14745",2023-02-14,"Protests","Germany"
"14746",2023-02-14,"Protests","Germany"
"14747",2023-02-14,"Protests","Germany"
"14748",2023-02-14,"Protests","Germany"
"14749",2023-02-14,"Protests","Germany"
"14750",2023-02-14,"Protests","Germany"
"14751",2023-02-14,"Protests","Germany"
"14752",2023-02-14,"Protests","Germany"
"14753",2023-02-14,"Protests","Germany"
"14754",2023-02-14,"Protests","Germany"
"14755",2023-02-14,"Protests","Germany"
"14756",2023-02-14,"Protests","Germany"
"14757",2023-02-14,"Protests","Germany"
"14758",2023-02-14,"Protests","Germany"
"14759",2023-02-14,"Protests","Germany"
"14760",2023-02-14,"Protests","Germany"
"14761",2023-02-15,"Strategic developments","Germany"
"14762",2023-02-15,"Protests","Germany"
"14763",2023-02-15,"Protests","Germany"
"14764",2023-02-15,"Protests","Germany"
"14765",2023-02-15,"Protests","Germany"
"14766",2023-02-15,"Protests","Germany"
"14767",2023-02-15,"Protests","Germany"
"14768",2023-02-15,"Protests","Germany"
"14769",2023-02-15,"Protests","Germany"
"14770",2023-02-15,"Protests","Germany"
"14771",2023-02-15,"Protests","Germany"
"14772",2023-02-15,"Protests","Germany"
"14773",2023-02-15,"Protests","Germany"
"14774",2023-02-15,"Protests","Germany"
"14775",2023-02-15,"Protests","Germany"
"14776",2023-02-15,"Protests","Germany"
"14777",2023-02-15,"Protests","Germany"
"14778",2023-02-15,"Protests","Germany"
"14779",2023-02-15,"Protests","Germany"
"14780",2023-02-15,"Protests","Germany"
"14781",2023-02-15,"Protests","Germany"
"14782",2023-02-15,"Protests","Germany"
"14783",2023-02-15,"Protests","Germany"
"14784",2023-02-15,"Protests","Germany"
"14785",2023-02-16,"Protests","Germany"
"14786",2023-02-16,"Protests","Germany"
"14787",2023-02-16,"Protests","Germany"
"14788",2023-02-16,"Protests","Germany"
"14789",2023-02-16,"Protests","Germany"
"14790",2023-02-16,"Protests","Germany"
"14791",2023-02-16,"Protests","Germany"
"14792",2023-02-16,"Protests","Germany"
"14793",2023-02-16,"Protests","Germany"
"14794",2023-02-16,"Protests","Germany"
"14795",2023-02-16,"Protests","Germany"
"14796",2023-02-16,"Protests","Germany"
"14797",2023-02-16,"Protests","Germany"
"14798",2023-02-16,"Protests","Germany"
"14799",2023-02-16,"Protests","Germany"
"14800",2023-02-17,"Protests","Germany"
"14801",2023-02-17,"Protests","Germany"
"14802",2023-02-17,"Protests","Germany"
"14803",2023-02-17,"Protests","Germany"
"14804",2023-02-17,"Protests","Germany"
"14805",2023-02-17,"Protests","Germany"
"14806",2023-02-17,"Protests","Germany"
"14807",2023-02-17,"Protests","Germany"
"14808",2023-02-17,"Protests","Germany"
"14809",2023-02-17,"Protests","Germany"
"14810",2023-02-18,"Protests","Germany"
"14811",2023-02-18,"Protests","Germany"
"14812",2023-02-18,"Protests","Germany"
"14813",2023-02-18,"Protests","Germany"
"14814",2023-02-18,"Protests","Germany"
"14815",2023-02-18,"Protests","Germany"
"14816",2023-02-18,"Protests","Germany"
"14817",2023-02-18,"Protests","Germany"
"14818",2023-02-18,"Protests","Germany"
"14819",2023-02-18,"Protests","Germany"
"14820",2023-02-18,"Protests","Germany"
"14821",2023-02-18,"Protests","Germany"
"14822",2023-02-18,"Protests","Germany"
"14823",2023-02-18,"Protests","Germany"
"14824",2023-02-18,"Protests","Germany"
"14825",2023-02-19,"Protests","Germany"
"14826",2023-02-19,"Riots","Germany"
"14827",2023-02-19,"Protests","Germany"
"14828",2023-02-19,"Protests","Germany"
"14829",2023-02-19,"Protests","Germany"
"14830",2023-02-19,"Protests","Germany"
"14831",2023-02-19,"Protests","Germany"
"14832",2023-02-19,"Protests","Germany"
"14833",2023-02-19,"Protests","Germany"
"14834",2023-02-19,"Protests","Germany"
"14835",2023-02-20,"Protests","Germany"
"14836",2023-02-20,"Protests","Germany"
"14837",2023-02-20,"Protests","Germany"
"14838",2023-02-20,"Protests","Germany"
"14839",2023-02-20,"Protests","Germany"
"14840",2023-02-20,"Protests","Germany"
"14841",2023-02-20,"Protests","Germany"
"14842",2023-02-20,"Protests","Germany"
"14843",2023-02-20,"Protests","Germany"
"14844",2023-02-20,"Protests","Germany"
"14845",2023-02-20,"Protests","Germany"
"14846",2023-02-20,"Protests","Germany"
"14847",2023-02-20,"Protests","Germany"
"14848",2023-02-20,"Protests","Germany"
"14849",2023-02-20,"Protests","Germany"
"14850",2023-02-20,"Protests","Germany"
"14851",2023-02-21,"Protests","Germany"
"14852",2023-02-21,"Protests","Germany"
"14853",2023-02-21,"Protests","Germany"
"14854",2023-02-21,"Protests","Germany"
"14855",2023-02-21,"Protests","Germany"
"14856",2023-02-21,"Protests","Germany"
"14857",2023-02-21,"Protests","Germany"
"14858",2023-02-21,"Protests","Germany"
"14859",2023-02-21,"Protests","Germany"
"14860",2023-02-21,"Protests","Germany"
"14861",2023-02-21,"Protests","Germany"
"14862",2023-02-21,"Protests","Germany"
"14863",2023-02-21,"Protests","Germany"
"14864",2023-02-21,"Protests","Germany"
"14865",2023-02-21,"Protests","Germany"
"14866",2023-02-21,"Protests","Germany"
"14867",2023-02-21,"Protests","Germany"
"14868",2023-02-21,"Protests","Germany"
"14869",2023-02-21,"Protests","Germany"
"14870",2023-02-22,"Protests","Germany"
"14871",2023-02-22,"Strategic developments","Germany"
"14872",2023-02-22,"Protests","Germany"
"14873",2023-02-22,"Protests","Germany"
"14874",2023-02-22,"Protests","Germany"
"14875",2023-02-22,"Protests","Germany"
"14876",2023-02-22,"Protests","Germany"
"14877",2023-02-22,"Protests","Germany"
"14878",2023-02-22,"Protests","Germany"
"14879",2023-02-22,"Protests","Germany"
"14880",2023-02-22,"Protests","Germany"
"14881",2023-02-22,"Protests","Germany"
"14882",2023-02-23,"Protests","Germany"
"14883",2023-02-23,"Protests","Germany"
"14884",2023-02-23,"Protests","Germany"
"14885",2023-02-23,"Protests","Germany"
"14886",2023-02-23,"Protests","Germany"
"14887",2023-02-23,"Protests","Germany"
"14888",2023-02-23,"Protests","Germany"
"14889",2023-02-24,"Protests","Germany"
"14890",2023-02-24,"Protests","Germany"
"14891",2023-02-24,"Protests","Germany"
"14892",2023-02-24,"Protests","Germany"
"14893",2023-02-24,"Protests","Germany"
"14894",2023-02-24,"Protests","Germany"
"14895",2023-02-24,"Protests","Germany"
"14896",2023-02-24,"Protests","Germany"
"14897",2023-02-24,"Protests","Germany"
"14898",2023-02-24,"Protests","Germany"
"14899",2023-02-24,"Protests","Germany"
"14900",2023-02-24,"Protests","Germany"
"14901",2023-02-24,"Protests","Germany"
"14902",2023-02-24,"Protests","Germany"
"14903",2023-02-24,"Protests","Germany"
"14904",2023-02-24,"Protests","Germany"
"14905",2023-02-24,"Protests","Germany"
"14906",2023-02-24,"Protests","Germany"
"14907",2023-02-24,"Protests","Germany"
"14908",2023-02-24,"Protests","Germany"
"14909",2023-02-24,"Protests","Germany"
"14910",2023-02-24,"Protests","Germany"
"14911",2023-02-24,"Protests","Germany"
"14912",2023-02-24,"Protests","Germany"
"14913",2023-02-24,"Protests","Germany"
"14914",2023-02-24,"Protests","Germany"
"14915",2023-02-24,"Protests","Germany"
"14916",2023-02-24,"Protests","Germany"
"14917",2023-02-24,"Protests","Germany"
"14918",2023-02-24,"Protests","Germany"
"14919",2023-02-24,"Protests","Germany"
"14920",2023-02-24,"Protests","Germany"
"14921",2023-02-24,"Protests","Germany"
"14922",2023-02-24,"Protests","Germany"
"14923",2023-02-24,"Protests","Germany"
"14924",2023-02-24,"Protests","Germany"
"14925",2023-02-24,"Protests","Germany"
"14926",2023-02-24,"Protests","Germany"
"14927",2023-02-24,"Protests","Germany"
"14928",2023-02-24,"Protests","Germany"
"14929",2023-02-24,"Protests","Germany"
"14930",2023-02-24,"Protests","Germany"
"14931",2023-02-24,"Protests","Germany"
"14932",2023-02-24,"Protests","Germany"
"14933",2023-02-24,"Protests","Germany"
"14934",2023-02-24,"Protests","Germany"
"14935",2023-02-24,"Protests","Germany"
"14936",2023-02-24,"Protests","Germany"
"14937",2023-02-24,"Protests","Germany"
"14938",2023-02-24,"Protests","Germany"
"14939",2023-02-24,"Protests","Germany"
"14940",2023-02-24,"Protests","Germany"
"14941",2023-02-24,"Protests","Germany"
"14942",2023-02-24,"Protests","Germany"
"14943",2023-02-24,"Protests","Germany"
"14944",2023-02-24,"Protests","Germany"
"14945",2023-02-24,"Protests","Germany"
"14946",2023-02-24,"Protests","Germany"
"14947",2023-02-24,"Protests","Germany"
"14948",2023-02-24,"Protests","Germany"
"14949",2023-02-24,"Protests","Germany"
"14950",2023-02-24,"Protests","Germany"
"14951",2023-02-24,"Protests","Germany"
"14952",2023-02-24,"Protests","Germany"
"14953",2023-02-24,"Protests","Germany"
"14954",2023-02-24,"Protests","Germany"
"14955",2023-02-24,"Protests","Germany"
"14956",2023-02-24,"Protests","Germany"
"14957",2023-02-24,"Protests","Germany"
"14958",2023-02-24,"Protests","Germany"
"14959",2023-02-24,"Protests","Germany"
"14960",2023-02-24,"Protests","Germany"
"14961",2023-02-24,"Protests","Germany"
"14962",2023-02-24,"Protests","Germany"
"14963",2023-02-24,"Protests","Germany"
"14964",2023-02-24,"Protests","Germany"
"14965",2023-02-24,"Protests","Germany"
"14966",2023-02-24,"Protests","Germany"
"14967",2023-02-24,"Protests","Germany"
"14968",2023-02-24,"Protests","Germany"
"14969",2023-02-24,"Protests","Germany"
"14970",2023-02-25,"Protests","Germany"
"14971",2023-02-25,"Protests","Germany"
"14972",2023-02-25,"Protests","Germany"
"14973",2023-02-25,"Protests","Germany"
"14974",2023-02-25,"Protests","Germany"
"14975",2023-02-25,"Protests","Germany"
"14976",2023-02-25,"Protests","Germany"
"14977",2023-02-25,"Protests","Germany"
"14978",2023-02-25,"Protests","Germany"
"14979",2023-02-25,"Protests","Germany"
"14980",2023-02-25,"Protests","Germany"
"14981",2023-02-25,"Protests","Germany"
"14982",2023-02-25,"Protests","Germany"
"14983",2023-02-25,"Riots","Germany"
"14984",2023-02-26,"Protests","Germany"
"14985",2023-02-26,"Protests","Germany"
"14986",2023-02-26,"Protests","Germany"
"14987",2023-02-26,"Protests","Germany"
"14988",2023-02-26,"Protests","Germany"
"14989",2023-02-26,"Protests","Germany"
"14990",2023-02-26,"Protests","Germany"
"14991",2023-02-27,"Protests","Germany"
"14992",2023-02-27,"Protests","Germany"
"14993",2023-02-27,"Protests","Germany"
"14994",2023-02-27,"Protests","Germany"
"14995",2023-02-27,"Protests","Germany"
"14996",2023-02-27,"Protests","Germany"
"14997",2023-02-27,"Protests","Germany"
"14998",2023-02-27,"Protests","Germany"
"14999",2023-02-27,"Protests","Germany"
"15000",2023-02-27,"Protests","Germany"
"15001",2023-02-27,"Protests","Germany"
"15002",2023-02-27,"Protests","Germany"
"15003",2023-02-27,"Protests","Germany"
"15004",2023-02-27,"Protests","Germany"
"15005",2023-02-27,"Protests","Germany"
"15006",2023-02-27,"Protests","Germany"
"15007",2023-02-27,"Protests","Germany"
"15008",2023-02-27,"Protests","Germany"
"15009",2023-02-27,"Protests","Germany"
"15010",2023-02-27,"Protests","Germany"
"15011",2023-02-27,"Protests","Germany"
"15012",2023-02-27,"Protests","Germany"
"15013",2023-02-27,"Protests","Germany"
"15014",2023-02-27,"Riots","Germany"
"15015",2023-02-27,"Protests","Germany"
"15016",2023-02-28,"Protests","Germany"
"15017",2023-02-28,"Protests","Germany"
"15018",2023-02-28,"Protests","Germany"
"15019",2023-02-28,"Protests","Germany"
"15020",2023-02-28,"Protests","Germany"
"15021",2023-02-28,"Protests","Germany"
"15022",2023-02-28,"Protests","Germany"
"15023",2023-02-28,"Protests","Germany"
"15024",2023-02-28,"Protests","Germany"
"15025",2023-02-28,"Protests","Germany"
"15026",2023-03-01,"Strategic developments","Germany"
"15027",2023-03-01,"Protests","Germany"
"15028",2023-03-01,"Protests","Germany"
"15029",2023-03-01,"Protests","Germany"
"15030",2023-03-01,"Protests","Germany"
"15031",2023-03-01,"Protests","Germany"
"15032",2023-03-01,"Protests","Germany"
"15033",2023-03-01,"Protests","Germany"
"15034",2023-03-01,"Protests","Germany"
"15035",2023-03-01,"Protests","Germany"
"15036",2023-03-02,"Protests","Germany"
"15037",2023-03-02,"Protests","Germany"
"15038",2023-03-02,"Protests","Germany"
"15039",2023-03-02,"Protests","Germany"
"15040",2023-03-02,"Protests","Germany"
"15041",2023-03-02,"Protests","Germany"
"15042",2023-03-02,"Protests","Germany"
"15043",2023-03-02,"Protests","Germany"
"15044",2023-03-03,"Protests","Germany"
"15045",2023-03-03,"Protests","Germany"
"15046",2023-03-03,"Riots","Germany"
"15047",2023-03-03,"Protests","Germany"
"15048",2023-03-03,"Protests","Germany"
"15049",2023-03-03,"Protests","Germany"
"15050",2023-03-03,"Protests","Germany"
"15051",2023-03-03,"Protests","Germany"
"15052",2023-03-03,"Protests","Germany"
"15053",2023-03-03,"Protests","Germany"
"15054",2023-03-03,"Protests","Germany"
"15055",2023-03-03,"Protests","Germany"
"15056",2023-03-03,"Protests","Germany"
"15057",2023-03-03,"Protests","Germany"
"15058",2023-03-03,"Protests","Germany"
"15059",2023-03-03,"Protests","Germany"
"15060",2023-03-03,"Protests","Germany"
"15061",2023-03-03,"Protests","Germany"
"15062",2023-03-03,"Protests","Germany"
"15063",2023-03-03,"Protests","Germany"
"15064",2023-03-03,"Protests","Germany"
"15065",2023-03-03,"Protests","Germany"
"15066",2023-03-03,"Protests","Germany"
"15067",2023-03-03,"Protests","Germany"
"15068",2023-03-03,"Protests","Germany"
"15069",2023-03-03,"Protests","Germany"
"15070",2023-03-03,"Protests","Germany"
"15071",2023-03-03,"Protests","Germany"
"15072",2023-03-03,"Protests","Germany"
"15073",2023-03-03,"Protests","Germany"
"15074",2023-03-03,"Protests","Germany"
"15075",2023-03-03,"Protests","Germany"
"15076",2023-03-03,"Protests","Germany"
"15077",2023-03-03,"Protests","Germany"
"15078",2023-03-03,"Protests","Germany"
"15079",2023-03-03,"Protests","Germany"
"15080",2023-03-03,"Protests","Germany"
"15081",2023-03-03,"Protests","Germany"
"15082",2023-03-03,"Protests","Germany"
"15083",2023-03-03,"Protests","Germany"
"15084",2023-03-03,"Protests","Germany"
"15085",2023-03-03,"Protests","Germany"
"15086",2023-03-03,"Protests","Germany"
"15087",2023-03-03,"Protests","Germany"
"15088",2023-03-03,"Protests","Germany"
"15089",2023-03-03,"Protests","Germany"
"15090",2023-03-03,"Protests","Germany"
"15091",2023-03-03,"Protests","Germany"
"15092",2023-03-03,"Protests","Germany"
"15093",2023-03-03,"Protests","Germany"
"15094",2023-03-03,"Protests","Germany"
"15095",2023-03-03,"Protests","Germany"
"15096",2023-03-03,"Protests","Germany"
"15097",2023-03-03,"Protests","Germany"
"15098",2023-03-03,"Protests","Germany"
"15099",2023-03-03,"Protests","Germany"
"15100",2023-03-03,"Protests","Germany"
"15101",2023-03-03,"Protests","Germany"
"15102",2023-03-03,"Protests","Germany"
"15103",2023-03-03,"Protests","Germany"
"15104",2023-03-03,"Protests","Germany"
"15105",2023-03-03,"Protests","Germany"
"15106",2023-03-03,"Protests","Germany"
"15107",2023-03-03,"Protests","Germany"
"15108",2023-03-03,"Protests","Germany"
"15109",2023-03-03,"Protests","Germany"
"15110",2023-03-03,"Protests","Germany"
"15111",2023-03-03,"Protests","Germany"
"15112",2023-03-03,"Protests","Germany"
"15113",2023-03-03,"Protests","Germany"
"15114",2023-03-03,"Protests","Germany"
"15115",2023-03-03,"Protests","Germany"
"15116",2023-03-03,"Protests","Germany"
"15117",2023-03-03,"Protests","Germany"
"15118",2023-03-03,"Protests","Germany"
"15119",2023-03-03,"Protests","Germany"
"15120",2023-03-03,"Protests","Germany"
"15121",2023-03-03,"Protests","Germany"
"15122",2023-03-03,"Protests","Germany"
"15123",2023-03-03,"Protests","Germany"
"15124",2023-03-03,"Protests","Germany"
"15125",2023-03-03,"Protests","Germany"
"15126",2023-03-03,"Protests","Germany"
"15127",2023-03-03,"Protests","Germany"
"15128",2023-03-03,"Protests","Germany"
"15129",2023-03-03,"Protests","Germany"
"15130",2023-03-03,"Protests","Germany"
"15131",2023-03-03,"Protests","Germany"
"15132",2023-03-03,"Protests","Germany"
"15133",2023-03-03,"Protests","Germany"
"15134",2023-03-03,"Protests","Germany"
"15135",2023-03-03,"Protests","Germany"
"15136",2023-03-03,"Protests","Germany"
"15137",2023-03-03,"Protests","Germany"
"15138",2023-03-03,"Protests","Germany"
"15139",2023-03-03,"Protests","Germany"
"15140",2023-03-03,"Protests","Germany"
"15141",2023-03-03,"Protests","Germany"
"15142",2023-03-03,"Protests","Germany"
"15143",2023-03-03,"Protests","Germany"
"15144",2023-03-03,"Protests","Germany"
"15145",2023-03-03,"Protests","Germany"
"15146",2023-03-03,"Protests","Germany"
"15147",2023-03-03,"Protests","Germany"
"15148",2023-03-03,"Protests","Germany"
"15149",2023-03-03,"Protests","Germany"
"15150",2023-03-03,"Protests","Germany"
"15151",2023-03-03,"Protests","Germany"
"15152",2023-03-03,"Protests","Germany"
"15153",2023-03-03,"Protests","Germany"
"15154",2023-03-03,"Protests","Germany"
"15155",2023-03-03,"Protests","Germany"
"15156",2023-03-03,"Protests","Germany"
"15157",2023-03-03,"Protests","Germany"
"15158",2023-03-03,"Protests","Germany"
"15159",2023-03-03,"Protests","Germany"
"15160",2023-03-03,"Protests","Germany"
"15161",2023-03-03,"Protests","Germany"
"15162",2023-03-03,"Protests","Germany"
"15163",2023-03-03,"Protests","Germany"
"15164",2023-03-03,"Strategic developments","Germany"
"15165",2023-03-03,"Protests","Germany"
"15166",2023-03-04,"Protests","Germany"
"15167",2023-03-04,"Protests","Germany"
"15168",2023-03-04,"Protests","Germany"
"15169",2023-03-04,"Protests","Germany"
"15170",2023-03-04,"Protests","Germany"
"15171",2023-03-04,"Protests","Germany"
"15172",2023-03-04,"Protests","Germany"
"15173",2023-03-04,"Protests","Germany"
"15174",2023-03-04,"Protests","Germany"
"15175",2023-03-04,"Protests","Germany"
"15176",2023-03-04,"Protests","Germany"
"15177",2023-03-04,"Protests","Germany"
"15178",2023-03-04,"Protests","Germany"
"15179",2023-03-04,"Protests","Germany"
"15180",2023-03-04,"Protests","Germany"
"15181",2023-03-04,"Protests","Germany"
"15182",2023-03-04,"Riots","Germany"
"15183",2023-03-04,"Riots","Germany"
"15184",2023-03-05,"Protests","Germany"
"15185",2023-03-05,"Protests","Germany"
"15186",2023-03-05,"Protests","Germany"
"15187",2023-03-05,"Protests","Germany"
"15188",2023-03-05,"Protests","Germany"
"15189",2023-03-05,"Protests","Germany"
"15190",2023-03-06,"Protests","Germany"
"15191",2023-03-06,"Protests","Germany"
"15192",2023-03-06,"Protests","Germany"
"15193",2023-03-06,"Protests","Germany"
"15194",2023-03-06,"Protests","Germany"
"15195",2023-03-06,"Protests","Germany"
"15196",2023-03-06,"Protests","Germany"
"15197",2023-03-06,"Protests","Germany"
"15198",2023-03-06,"Protests","Germany"
"15199",2023-03-06,"Protests","Germany"
"15200",2023-03-06,"Protests","Germany"
"15201",2023-03-07,"Protests","Germany"
"15202",2023-03-07,"Protests","Germany"
"15203",2023-03-07,"Protests","Germany"
"15204",2023-03-07,"Protests","Germany"
"15205",2023-03-07,"Protests","Germany"
"15206",2023-03-07,"Protests","Germany"
"15207",2023-03-07,"Protests","Germany"
"15208",2023-03-07,"Protests","Germany"
"15209",2023-03-07,"Protests","Germany"
"15210",2023-03-07,"Protests","Germany"
"15211",2023-03-07,"Protests","Germany"
"15212",2023-03-07,"Protests","Germany"
"15213",2023-03-07,"Protests","Germany"
"15214",2023-03-08,"Protests","Germany"
"15215",2023-03-08,"Protests","Germany"
"15216",2023-03-08,"Protests","Germany"
"15217",2023-03-08,"Protests","Germany"
"15218",2023-03-08,"Protests","Germany"
"15219",2023-03-08,"Protests","Germany"
"15220",2023-03-08,"Protests","Germany"
"15221",2023-03-08,"Protests","Germany"
"15222",2023-03-08,"Protests","Germany"
"15223",2023-03-08,"Protests","Germany"
"15224",2023-03-08,"Protests","Germany"
"15225",2023-03-08,"Protests","Germany"
"15226",2023-03-08,"Protests","Germany"
"15227",2023-03-08,"Protests","Germany"
"15228",2023-03-08,"Protests","Germany"
"15229",2023-03-08,"Protests","Germany"
"15230",2023-03-08,"Protests","Germany"
"15231",2023-03-08,"Protests","Germany"
"15232",2023-03-08,"Protests","Germany"
"15233",2023-03-08,"Protests","Germany"
"15234",2023-03-08,"Protests","Germany"
"15235",2023-03-08,"Protests","Germany"
"15236",2023-03-08,"Protests","Germany"
"15237",2023-03-08,"Protests","Germany"
"15238",2023-03-08,"Protests","Germany"
"15239",2023-03-08,"Protests","Germany"
"15240",2023-03-08,"Protests","Germany"
"15241",2023-03-08,"Protests","Germany"
"15242",2023-03-08,"Protests","Germany"
"15243",2023-03-08,"Protests","Germany"
"15244",2023-03-08,"Protests","Germany"
"15245",2023-03-08,"Protests","Germany"
"15246",2023-03-08,"Protests","Germany"
"15247",2023-03-08,"Protests","Germany"
"15248",2023-03-08,"Protests","Germany"
"15249",2023-03-08,"Protests","Germany"
"15250",2023-03-08,"Protests","Germany"
"15251",2023-03-08,"Protests","Germany"
"15252",2023-03-08,"Protests","Germany"
"15253",2023-03-08,"Protests","Germany"
"15254",2023-03-08,"Protests","Germany"
"15255",2023-03-08,"Protests","Germany"
"15256",2023-03-08,"Protests","Germany"
"15257",2023-03-08,"Protests","Germany"
"15258",2023-03-08,"Protests","Germany"
"15259",2023-03-08,"Protests","Germany"
"15260",2023-03-08,"Protests","Germany"
"15261",2023-03-08,"Protests","Germany"
"15262",2023-03-08,"Protests","Germany"
"15263",2023-03-08,"Protests","Germany"
"15264",2023-03-08,"Protests","Germany"
"15265",2023-03-08,"Protests","Germany"
"15266",2023-03-08,"Protests","Germany"
"15267",2023-03-08,"Protests","Germany"
"15268",2023-03-08,"Protests","Germany"
"15269",2023-03-09,"Protests","Germany"
"15270",2023-03-09,"Protests","Germany"
"15271",2023-03-09,"Protests","Germany"
"15272",2023-03-09,"Protests","Germany"
"15273",2023-03-09,"Protests","Germany"
"15274",2023-03-09,"Protests","Germany"
"15275",2023-03-09,"Protests","Germany"
"15276",2023-03-09,"Violence against civilians","Germany"
"15277",2023-03-09,"Protests","Germany"
"15278",2023-03-09,"Protests","Germany"
"15279",2023-03-09,"Protests","Germany"
"15280",2023-03-09,"Protests","Germany"
"15281",2023-03-09,"Protests","Germany"
"15282",2023-03-09,"Protests","Germany"
"15283",2023-03-09,"Protests","Germany"
"15284",2023-03-10,"Protests","Germany"
"15285",2023-03-10,"Protests","Germany"
"15286",2023-03-10,"Protests","Germany"
"15287",2023-03-10,"Protests","Germany"
"15288",2023-03-10,"Protests","Germany"
"15289",2023-03-10,"Protests","Germany"
"15290",2023-03-10,"Protests","Germany"
"15291",2023-03-10,"Protests","Germany"
"15292",2023-03-10,"Protests","Germany"
"15293",2023-03-10,"Protests","Germany"
"15294",2023-03-11,"Protests","Germany"
"15295",2023-03-11,"Protests","Germany"
"15296",2023-03-11,"Protests","Germany"
"15297",2023-03-11,"Protests","Germany"
"15298",2023-03-11,"Protests","Germany"
"15299",2023-03-11,"Protests","Germany"
"15300",2023-03-11,"Protests","Germany"
"15301",2023-03-11,"Protests","Germany"
"15302",2023-03-11,"Protests","Germany"
"15303",2023-03-11,"Protests","Germany"
"15304",2023-03-11,"Protests","Germany"
"15305",2023-03-11,"Protests","Germany"
"15306",2023-03-11,"Protests","Germany"
"15307",2023-03-11,"Protests","Germany"
"15308",2023-03-12,"Protests","Germany"
"15309",2023-03-12,"Protests","Germany"
"15310",2023-03-12,"Protests","Germany"
"15311",2023-03-12,"Protests","Germany"
"15312",2023-03-12,"Protests","Germany"
"15313",2023-03-13,"Protests","Germany"
"15314",2023-03-13,"Protests","Germany"
"15315",2023-03-13,"Protests","Germany"
"15316",2023-03-13,"Protests","Germany"
"15317",2023-03-13,"Protests","Germany"
"15318",2023-03-13,"Protests","Germany"
"15319",2023-03-13,"Protests","Germany"
"15320",2023-03-13,"Protests","Germany"
"15321",2023-03-13,"Protests","Germany"
"15322",2023-03-13,"Protests","Germany"
"15323",2023-03-13,"Protests","Germany"
"15324",2023-03-13,"Protests","Germany"
"15325",2023-03-13,"Protests","Germany"
"15326",2023-03-13,"Protests","Germany"
"15327",2023-03-13,"Protests","Germany"
"15328",2023-03-13,"Protests","Germany"
"15329",2023-03-13,"Protests","Germany"
"15330",2023-03-13,"Protests","Germany"
"15331",2023-03-13,"Protests","Germany"
"15332",2023-03-14,"Protests","Germany"
"15333",2023-03-14,"Protests","Germany"
"15334",2023-03-14,"Protests","Germany"
"15335",2023-03-14,"Protests","Germany"
"15336",2023-03-14,"Protests","Germany"
"15337",2023-03-14,"Protests","Germany"
"15338",2023-03-14,"Protests","Germany"
"15339",2023-03-14,"Protests","Germany"
"15340",2023-03-14,"Protests","Germany"
"15341",2023-03-14,"Protests","Germany"
"15342",2023-03-14,"Protests","Germany"
"15343",2023-03-14,"Protests","Germany"
"15344",2023-03-14,"Protests","Germany"
"15345",2023-03-14,"Protests","Germany"
"15346",2023-03-14,"Protests","Germany"
"15347",2023-03-14,"Protests","Germany"
"15348",2023-03-15,"Protests","Germany"
"15349",2023-03-15,"Protests","Germany"
"15350",2023-03-15,"Protests","Germany"
"15351",2023-03-15,"Protests","Germany"
"15352",2023-03-15,"Protests","Germany"
"15353",2023-03-15,"Protests","Germany"
"15354",2023-03-15,"Protests","Germany"
"15355",2023-03-15,"Protests","Germany"
"15356",2023-03-15,"Protests","Germany"
"15357",2023-03-15,"Protests","Germany"
"15358",2023-03-15,"Protests","Germany"
"15359",2023-03-15,"Protests","Germany"
"15360",2023-03-15,"Protests","Germany"
"15361",2023-03-15,"Protests","Germany"
"15362",2023-03-15,"Protests","Germany"
"15363",2023-03-15,"Protests","Germany"
"15364",2023-03-15,"Protests","Germany"
"15365",2023-03-15,"Protests","Germany"
"15366",2023-03-15,"Protests","Germany"
"15367",2023-03-15,"Protests","Germany"
"15368",2023-03-15,"Protests","Germany"
"15369",2023-03-15,"Protests","Germany"
"15370",2023-03-15,"Protests","Germany"
"15371",2023-03-16,"Protests","Germany"
"15372",2023-03-16,"Protests","Germany"
"15373",2023-03-16,"Protests","Germany"
"15374",2023-03-16,"Protests","Germany"
"15375",2023-03-16,"Protests","Germany"
"15376",2023-03-16,"Protests","Germany"
"15377",2023-03-16,"Protests","Germany"
"15378",2023-03-16,"Protests","Germany"
"15379",2023-03-16,"Protests","Germany"
"15380",2023-03-16,"Protests","Germany"
"15381",2023-03-16,"Protests","Germany"
"15382",2023-03-16,"Protests","Germany"
"15383",2023-03-16,"Protests","Germany"
"15384",2023-03-16,"Protests","Germany"
"15385",2023-03-16,"Protests","Germany"
"15386",2023-03-17,"Protests","Germany"
"15387",2023-03-17,"Protests","Germany"
"15388",2023-03-17,"Protests","Germany"
"15389",2023-03-17,"Protests","Germany"
"15390",2023-03-17,"Protests","Germany"
"15391",2023-03-17,"Protests","Germany"
"15392",2023-03-17,"Protests","Germany"
"15393",2023-03-17,"Protests","Germany"
"15394",2023-03-17,"Protests","Germany"
"15395",2023-03-17,"Protests","Germany"
"15396",2023-03-18,"Protests","Germany"
"15397",2023-03-18,"Protests","Germany"
"15398",2023-03-18,"Protests","Germany"
"15399",2023-03-18,"Protests","Germany"
"15400",2023-03-18,"Protests","Germany"
"15401",2023-03-18,"Protests","Germany"
"15402",2023-03-18,"Protests","Germany"
"15403",2023-03-18,"Protests","Germany"
"15404",2023-03-18,"Protests","Germany"
"15405",2023-03-19,"Protests","Germany"
"15406",2023-03-19,"Protests","Germany"
"15407",2023-03-19,"Protests","Germany"
"15408",2023-03-20,"Protests","Germany"
"15409",2023-03-20,"Protests","Germany"
"15410",2023-03-20,"Protests","Germany"
"15411",2023-03-20,"Protests","Germany"
"15412",2023-03-20,"Protests","Germany"
"15413",2023-03-20,"Protests","Germany"
"15414",2023-03-20,"Protests","Germany"
"15415",2023-03-20,"Protests","Germany"
"15416",2023-03-20,"Protests","Germany"
"15417",2023-03-20,"Protests","Germany"
"15418",2023-03-20,"Protests","Germany"
"15419",2023-03-20,"Protests","Germany"
"15420",2023-03-20,"Protests","Germany"
"15421",2023-03-20,"Protests","Germany"
"15422",2023-03-20,"Protests","Germany"
"15423",2023-03-20,"Protests","Germany"
"15424",2023-03-20,"Protests","Germany"
"15425",2023-03-20,"Protests","Germany"
"15426",2023-03-20,"Protests","Germany"
"15427",2023-03-20,"Protests","Germany"
"15428",2023-03-20,"Protests","Germany"
"15429",2023-03-20,"Protests","Germany"
"15430",2023-03-20,"Protests","Germany"
"15431",2023-03-20,"Protests","Germany"
"15432",2023-03-20,"Protests","Germany"
"15433",2023-03-20,"Protests","Germany"
"15434",2023-03-20,"Protests","Germany"
"15435",2023-03-20,"Protests","Germany"
"15436",2023-03-21,"Protests","Germany"
"15437",2023-03-21,"Riots","Germany"
"15438",2023-03-21,"Protests","Germany"
"15439",2023-03-21,"Protests","Germany"
"15440",2023-03-21,"Protests","Germany"
"15441",2023-03-21,"Protests","Germany"
"15442",2023-03-21,"Protests","Germany"
"15443",2023-03-21,"Protests","Germany"
"15444",2023-03-21,"Protests","Germany"
"15445",2023-03-21,"Protests","Germany"
"15446",2023-03-21,"Protests","Germany"
"15447",2023-03-21,"Protests","Germany"
"15448",2023-03-21,"Protests","Germany"
"15449",2023-03-21,"Protests","Germany"
"15450",2023-03-21,"Protests","Germany"
"15451",2023-03-21,"Protests","Germany"
"15452",2023-03-21,"Protests","Germany"
"15453",2023-03-21,"Protests","Germany"
"15454",2023-03-21,"Protests","Germany"
"15455",2023-03-21,"Protests","Germany"
"15456",2023-03-21,"Protests","Germany"
"15457",2023-03-21,"Protests","Germany"
"15458",2023-03-21,"Protests","Germany"
"15459",2023-03-21,"Protests","Germany"
"15460",2023-03-21,"Protests","Germany"
"15461",2023-03-21,"Protests","Germany"
"15462",2023-03-22,"Protests","Germany"
"15463",2023-03-22,"Protests","Germany"
"15464",2023-03-22,"Protests","Germany"
"15465",2023-03-22,"Protests","Germany"
"15466",2023-03-22,"Protests","Germany"
"15467",2023-03-22,"Protests","Germany"
"15468",2023-03-22,"Protests","Germany"
"15469",2023-03-22,"Protests","Germany"
"15470",2023-03-22,"Protests","Germany"
"15471",2023-03-22,"Protests","Germany"
"15472",2023-03-22,"Protests","Germany"
"15473",2023-03-22,"Protests","Germany"
"15474",2023-03-22,"Protests","Germany"
"15475",2023-03-22,"Protests","Germany"
"15476",2023-03-22,"Protests","Germany"
"15477",2023-03-22,"Protests","Germany"
"15478",2023-03-23,"Protests","Germany"
"15479",2023-03-23,"Protests","Germany"
"15480",2023-03-23,"Protests","Germany"
"15481",2023-03-23,"Protests","Germany"
"15482",2023-03-23,"Protests","Germany"
"15483",2023-03-23,"Protests","Germany"
"15484",2023-03-23,"Strategic developments","Germany"
"15485",2023-03-23,"Protests","Germany"
"15486",2023-03-23,"Protests","Germany"
"15487",2023-03-23,"Protests","Germany"
"15488",2023-03-23,"Protests","Germany"
"15489",2023-03-23,"Protests","Germany"
"15490",2023-03-23,"Protests","Germany"
"15491",2023-03-23,"Protests","Germany"
"15492",2023-03-23,"Protests","Germany"
"15493",2023-03-23,"Protests","Germany"
"15494",2023-03-23,"Protests","Germany"
"15495",2023-03-23,"Protests","Germany"
"15496",2023-03-23,"Protests","Germany"
"15497",2023-03-23,"Protests","Germany"
"15498",2023-03-23,"Protests","Germany"
"15499",2023-03-23,"Protests","Germany"
"15500",2023-03-23,"Protests","Germany"
"15501",2023-03-23,"Protests","Germany"
"15502",2023-03-23,"Protests","Germany"
"15503",2023-03-23,"Protests","Germany"
"15504",2023-03-23,"Protests","Germany"
"15505",2023-03-24,"Protests","Germany"
"15506",2023-03-24,"Protests","Germany"
"15507",2023-03-24,"Protests","Germany"
"15508",2023-03-24,"Protests","Germany"
"15509",2023-03-24,"Protests","Germany"
"15510",2023-03-24,"Protests","Germany"
"15511",2023-03-24,"Protests","Germany"
"15512",2023-03-24,"Protests","Germany"
"15513",2023-03-24,"Protests","Germany"
"15514",2023-03-24,"Protests","Germany"
"15515",2023-03-24,"Protests","Germany"
"15516",2023-03-25,"Protests","Germany"
"15517",2023-03-25,"Protests","Germany"
"15518",2023-03-25,"Protests","Germany"
"15519",2023-03-25,"Protests","Germany"
"15520",2023-03-25,"Protests","Germany"
"15521",2023-03-25,"Protests","Germany"
"15522",2023-03-25,"Protests","Germany"
"15523",2023-03-25,"Protests","Germany"
"15524",2023-03-25,"Protests","Germany"
"15525",2023-03-25,"Protests","Germany"
"15526",2023-03-25,"Protests","Germany"
"15527",2023-03-25,"Protests","Germany"
"15528",2023-03-26,"Protests","Germany"
"15529",2023-03-26,"Protests","Germany"
"15530",2023-03-26,"Protests","Germany"
"15531",2023-03-26,"Protests","Germany"
"15532",2023-03-26,"Protests","Germany"
"15533",2023-03-26,"Protests","Germany"
"15534",2023-03-26,"Protests","Germany"
"15535",2023-03-26,"Protests","Germany"
"15536",2023-03-26,"Strategic developments","Germany"
"15537",2023-03-27,"Protests","Germany"
"15538",2023-03-27,"Protests","Germany"
"15539",2023-03-27,"Protests","Germany"
"15540",2023-03-27,"Protests","Germany"
"15541",2023-03-27,"Protests","Germany"
"15542",2023-03-27,"Protests","Germany"
"15543",2023-03-27,"Protests","Germany"
"15544",2023-03-27,"Protests","Germany"
"15545",2023-03-27,"Protests","Germany"
"15546",2023-03-27,"Protests","Germany"
"15547",2023-03-27,"Protests","Germany"
"15548",2023-03-27,"Protests","Germany"
"15549",2023-03-27,"Protests","Germany"
"15550",2023-03-27,"Protests","Germany"
"15551",2023-03-27,"Protests","Germany"
"15552",2023-03-27,"Protests","Germany"
"15553",2023-03-27,"Protests","Germany"
"15554",2023-03-27,"Protests","Germany"
"15555",2023-03-28,"Protests","Germany"
"15556",2023-03-28,"Protests","Germany"
"15557",2023-03-29,"Protests","Germany"
"15558",2023-03-29,"Protests","Germany"
"15559",2023-03-29,"Protests","Germany"
"15560",2023-03-29,"Protests","Germany"
"15561",2023-03-29,"Protests","Germany"
"15562",2023-03-29,"Protests","Germany"
"15563",2023-03-29,"Protests","Germany"
"15564",2023-03-29,"Protests","Germany"
"15565",2023-03-29,"Protests","Germany"
"15566",2023-03-29,"Protests","Germany"
"15567",2023-03-30,"Protests","Germany"
"15568",2023-03-30,"Protests","Germany"
"15569",2023-03-30,"Protests","Germany"
"15570",2023-03-30,"Protests","Germany"
"15571",2023-03-30,"Protests","Germany"
"15572",2023-03-30,"Protests","Germany"
"15573",2023-03-30,"Protests","Germany"
"15574",2023-03-30,"Protests","Germany"
"15575",2023-03-30,"Protests","Germany"
"15576",2023-03-30,"Protests","Germany"
"15577",2023-03-30,"Protests","Germany"
"15578",2023-03-30,"Protests","Germany"
"15579",2023-03-30,"Protests","Germany"
"15580",2023-03-31,"Protests","Germany"
"15581",2023-03-31,"Protests","Germany"
"15582",2023-03-31,"Protests","Germany"
"15583",2023-03-31,"Protests","Germany"
"15584",2023-03-31,"Protests","Germany"
"15585",2023-03-31,"Protests","Germany"
"15586",2023-03-31,"Protests","Germany"
"15587",2023-03-31,"Protests","Germany"
"15588",2023-03-31,"Protests","Germany"
"15589",2023-03-31,"Protests","Germany"
"15590",2023-04-01,"Protests","Germany"
"15591",2023-04-01,"Protests","Germany"
"15592",2023-04-01,"Protests","Germany"
"15593",2023-04-01,"Protests","Germany"
"15594",2023-04-01,"Protests","Germany"
"15595",2023-04-01,"Protests","Germany"
"15596",2023-04-01,"Protests","Germany"
"15597",2023-04-01,"Protests","Germany"
"15598",2023-04-01,"Protests","Germany"
"15599",2023-04-02,"Protests","Germany"
"15600",2023-04-03,"Protests","Germany"
"15601",2023-04-03,"Protests","Germany"
"15602",2023-04-03,"Protests","Germany"
"15603",2023-04-03,"Protests","Germany"
"15604",2023-04-03,"Protests","Germany"
"15605",2023-04-03,"Protests","Germany"
"15606",2023-04-03,"Protests","Germany"
"15607",2023-04-03,"Protests","Germany"
"15608",2023-04-03,"Protests","Germany"
"15609",2023-04-03,"Protests","Germany"
"15610",2023-04-03,"Protests","Germany"
"15611",2023-04-03,"Protests","Germany"
"15612",2023-04-03,"Protests","Germany"
"15613",2023-04-03,"Protests","Germany"
"15614",2023-04-03,"Protests","Germany"
"15615",2023-04-03,"Protests","Germany"
"15616",2023-04-03,"Protests","Germany"
"15617",2023-04-03,"Protests","Germany"
"15618",2023-04-03,"Protests","Germany"
"15619",2023-04-04,"Protests","Germany"
"15620",2023-04-04,"Protests","Germany"
"15621",2023-04-04,"Protests","Germany"
"15622",2023-04-04,"Protests","Germany"
"15623",2023-04-05,"Protests","Germany"
"15624",2023-04-05,"Protests","Germany"
"15625",2023-04-05,"Protests","Germany"
"15626",2023-04-06,"Protests","Germany"
"15627",2023-04-06,"Protests","Germany"
"15628",2023-04-06,"Protests","Germany"
"15629",2023-04-06,"Protests","Germany"
"15630",2023-04-06,"Protests","Germany"
"15631",2023-04-06,"Protests","Germany"
"15632",2023-04-06,"Protests","Germany"
"15633",2023-04-06,"Protests","Germany"
"15634",2023-04-06,"Protests","Germany"
"15635",2023-04-07,"Protests","Germany"
"15636",2023-04-07,"Protests","Germany"
"15637",2023-04-07,"Protests","Germany"
"15638",2023-04-07,"Protests","Germany"
"15639",2023-04-07,"Protests","Germany"
"15640",2023-04-07,"Protests","Germany"
"15641",2023-04-08,"Protests","Germany"
"15642",2023-04-08,"Protests","Germany"
"15643",2023-04-08,"Protests","Germany"
"15644",2023-04-08,"Protests","Germany"
"15645",2023-04-08,"Protests","Germany"
"15646",2023-04-08,"Protests","Germany"
"15647",2023-04-08,"Protests","Germany"
"15648",2023-04-08,"Protests","Germany"
"15649",2023-04-08,"Protests","Germany"
"15650",2023-04-08,"Protests","Germany"
"15651",2023-04-08,"Protests","Germany"
"15652",2023-04-08,"Protests","Germany"
"15653",2023-04-08,"Protests","Germany"
"15654",2023-04-08,"Protests","Germany"
"15655",2023-04-08,"Protests","Germany"
"15656",2023-04-08,"Protests","Germany"
"15657",2023-04-08,"Protests","Germany"
"15658",2023-04-08,"Protests","Germany"
"15659",2023-04-08,"Protests","Germany"
"15660",2023-04-08,"Protests","Germany"
"15661",2023-04-08,"Protests","Germany"
"15662",2023-04-08,"Protests","Germany"
"15663",2023-04-08,"Protests","Germany"
"15664",2023-04-08,"Protests","Germany"
"15665",2023-04-08,"Protests","Germany"
"15666",2023-04-08,"Protests","Germany"
"15667",2023-04-08,"Protests","Germany"
"15668",2023-04-08,"Protests","Germany"
"15669",2023-04-08,"Protests","Germany"
"15670",2023-04-08,"Protests","Germany"
"15671",2023-04-08,"Protests","Germany"
"15672",2023-04-08,"Protests","Germany"
"15673",2023-04-08,"Protests","Germany"
"15674",2023-04-08,"Protests","Germany"
"15675",2023-04-08,"Protests","Germany"
"15676",2023-04-08,"Protests","Germany"
"15677",2023-04-08,"Protests","Germany"
"15678",2023-04-08,"Protests","Germany"
"15679",2023-04-08,"Protests","Germany"
"15680",2023-04-08,"Protests","Germany"
"15681",2023-04-08,"Protests","Germany"
"15682",2023-04-08,"Protests","Germany"
"15683",2023-04-08,"Protests","Germany"
"15684",2023-04-08,"Protests","Germany"
"15685",2023-04-08,"Protests","Germany"
"15686",2023-04-08,"Protests","Germany"
"15687",2023-04-08,"Protests","Germany"
"15688",2023-04-08,"Protests","Germany"
"15689",2023-04-08,"Protests","Germany"
"15690",2023-04-08,"Protests","Germany"
"15691",2023-04-08,"Protests","Germany"
"15692",2023-04-08,"Protests","Germany"
"15693",2023-04-08,"Protests","Germany"
"15694",2023-04-08,"Protests","Germany"
"15695",2023-04-08,"Protests","Germany"
"15696",2023-04-08,"Protests","Germany"
"15697",2023-04-08,"Protests","Germany"
"15698",2023-04-08,"Protests","Germany"
"15699",2023-04-08,"Protests","Germany"
"15700",2023-04-08,"Protests","Germany"
"15701",2023-04-08,"Protests","Germany"
"15702",2023-04-08,"Protests","Germany"
"15703",2023-04-08,"Protests","Germany"
"15704",2023-04-08,"Protests","Germany"
"15705",2023-04-08,"Protests","Germany"
"15706",2023-04-08,"Protests","Germany"
"15707",2023-04-09,"Protests","Germany"
"15708",2023-04-09,"Protests","Germany"
"15709",2023-04-09,"Protests","Germany"
"15710",2023-04-09,"Protests","Germany"
"15711",2023-04-10,"Protests","Germany"
"15712",2023-04-10,"Riots","Germany"
"15713",2023-04-10,"Protests","Germany"
"15714",2023-04-10,"Protests","Germany"
"15715",2023-04-10,"Protests","Germany"
"15716",2023-04-10,"Protests","Germany"
"15717",2023-04-10,"Protests","Germany"
"15718",2023-04-10,"Protests","Germany"
"15719",2023-04-10,"Protests","Germany"
"15720",2023-04-10,"Protests","Germany"
"15721",2023-04-10,"Protests","Germany"
"15722",2023-04-10,"Protests","Germany"
"15723",2023-04-10,"Protests","Germany"
"15724",2023-04-11,"Protests","Germany"
"15725",2023-04-11,"Protests","Germany"
"15726",2023-04-11,"Protests","Germany"
"15727",2023-04-12,"Protests","Germany"
"15728",2023-04-12,"Protests","Germany"
"15729",2023-04-12,"Protests","Germany"
"15730",2023-04-12,"Protests","Germany"
"15731",2023-04-12,"Protests","Germany"
"15732",2023-04-12,"Protests","Germany"
"15733",2023-04-12,"Protests","Germany"
"15734",2023-04-12,"Protests","Germany"
"15735",2023-04-12,"Protests","Germany"
"15736",2023-04-12,"Protests","Germany"
"15737",2023-04-12,"Protests","Germany"
"15738",2023-04-12,"Protests","Germany"
"15739",2023-04-13,"Protests","Germany"
"15740",2023-04-13,"Protests","Germany"
"15741",2023-04-13,"Protests","Germany"
"15742",2023-04-13,"Protests","Germany"
"15743",2023-04-13,"Protests","Germany"
"15744",2023-04-13,"Protests","Germany"
"15745",2023-04-14,"Protests","Germany"
"15746",2023-04-14,"Protests","Germany"
"15747",2023-04-14,"Protests","Germany"
"15748",2023-04-14,"Protests","Germany"
"15749",2023-04-14,"Protests","Germany"
"15750",2023-04-14,"Protests","Germany"
"15751",2023-04-14,"Protests","Germany"
"15752",2023-04-14,"Strategic developments","Germany"
"15753",2023-04-14,"Protests","Germany"
"15754",2023-04-14,"Protests","Germany"
"15755",2023-04-15,"Protests","Germany"
"15756",2023-04-15,"Protests","Germany"
"15757",2023-04-15,"Protests","Germany"
"15758",2023-04-15,"Protests","Germany"
"15759",2023-04-15,"Protests","Germany"
"15760",2023-04-15,"Protests","Germany"
"15761",2023-04-15,"Protests","Germany"
"15762",2023-04-15,"Protests","Germany"
"15763",2023-04-15,"Protests","Germany"
"15764",2023-04-15,"Protests","Germany"
"15765",2023-04-15,"Protests","Germany"
"15766",2023-04-15,"Protests","Germany"
"15767",2023-04-15,"Protests","Germany"
"15768",2023-04-15,"Protests","Germany"
"15769",2023-04-15,"Protests","Germany"
"15770",2023-04-15,"Protests","Germany"
"15771",2023-04-15,"Protests","Germany"
"15772",2023-04-15,"Protests","Germany"
"15773",2023-04-15,"Protests","Germany"
"15774",2023-04-15,"Protests","Germany"
"15775",2023-04-16,"Protests","Germany"
"15776",2023-04-16,"Protests","Germany"
"15777",2023-04-16,"Protests","Germany"
"15778",2023-04-16,"Protests","Germany"
"15779",2023-04-16,"Strategic developments","Germany"
"15780",2023-04-17,"Protests","Germany"
"15781",2023-04-17,"Protests","Germany"
"15782",2023-04-17,"Protests","Germany"
"15783",2023-04-18,"Protests","Germany"
"15784",2023-04-18,"Protests","Germany"
"15785",2023-04-18,"Protests","Germany"
"15786",2023-04-18,"Protests","Germany"
"15787",2023-04-19,"Protests","Germany"
"15788",2023-04-19,"Protests","Germany"
"15789",2023-04-19,"Protests","Germany"
"15790",2023-04-19,"Protests","Germany"
"15791",2023-04-20,"Protests","Germany"
"15792",2023-04-20,"Protests","Germany"
"15793",2023-04-20,"Protests","Germany"
"15794",2023-04-20,"Protests","Germany"
"15795",2023-04-20,"Protests","Germany"
"15796",2023-04-20,"Protests","Germany"
"15797",2023-04-20,"Protests","Germany"
"15798",2023-04-20,"Protests","Germany"
"15799",2023-04-20,"Protests","Germany"
"15800",2023-04-20,"Protests","Germany"
"15801",2023-04-20,"Strategic developments","Germany"
"15802",2023-04-20,"Protests","Germany"
"15803",2023-04-21,"Protests","Germany"
"15804",2023-04-21,"Protests","Germany"
"15805",2023-04-21,"Protests","Germany"
"15806",2023-04-21,"Protests","Germany"
"15807",2023-04-21,"Protests","Germany"
"15808",2023-04-21,"Strategic developments","Germany"
"15809",2023-04-21,"Protests","Germany"
"15810",2023-04-21,"Protests","Germany"
"15811",2023-04-21,"Protests","Germany"
"15812",2023-04-22,"Protests","Germany"
"15813",2023-04-22,"Protests","Germany"
"15814",2023-04-22,"Protests","Germany"
"15815",2023-04-22,"Protests","Germany"
"15816",2023-04-22,"Protests","Germany"
"15817",2023-04-22,"Protests","Germany"
"15818",2023-04-22,"Protests","Germany"
"15819",2023-04-22,"Protests","Germany"
"15820",2023-04-22,"Protests","Germany"
"15821",2023-04-22,"Protests","Germany"
"15822",2023-04-22,"Protests","Germany"
"15823",2023-04-22,"Protests","Germany"
"15824",2023-04-22,"Protests","Germany"
"15825",2023-04-22,"Protests","Germany"
"15826",2023-04-22,"Protests","Germany"
"15827",2023-04-22,"Protests","Germany"
"15828",2023-04-22,"Protests","Germany"
"15829",2023-04-22,"Protests","Germany"
"15830",2023-04-22,"Protests","Germany"
"15831",2023-04-22,"Riots","Germany"
"15832",2023-04-22,"Protests","Germany"
"15833",2023-04-22,"Protests","Germany"
"15834",2023-04-23,"Protests","Germany"
"15835",2023-04-23,"Protests","Germany"
"15836",2023-04-23,"Protests","Germany"
"15837",2023-04-23,"Protests","Germany"
"15838",2023-04-23,"Protests","Germany"
"15839",2023-04-23,"Protests","Germany"
"15840",2023-04-23,"Protests","Germany"
"15841",2023-04-23,"Protests","Germany"
"15842",2023-04-23,"Protests","Germany"
"15843",2023-04-23,"Protests","Germany"
"15844",2023-04-24,"Protests","Germany"
"15845",2023-04-24,"Protests","Germany"
"15846",2023-04-24,"Protests","Germany"
"15847",2023-04-24,"Protests","Germany"
"15848",2023-04-24,"Protests","Germany"
"15849",2023-04-24,"Protests","Germany"
"15850",2023-04-24,"Protests","Germany"
"15851",2023-04-24,"Protests","Germany"
"15852",2023-04-24,"Protests","Germany"
"15853",2023-04-24,"Protests","Germany"
"15854",2023-04-24,"Protests","Germany"
"15855",2023-04-24,"Protests","Germany"
"15856",2023-04-24,"Protests","Germany"
"15857",2023-04-24,"Protests","Germany"
"15858",2023-04-24,"Protests","Germany"
"15859",2023-04-25,"Protests","Germany"
"15860",2023-04-25,"Protests","Germany"
"15861",2023-04-25,"Protests","Germany"
"15862",2023-04-25,"Protests","Germany"
"15863",2023-04-25,"Protests","Germany"
"15864",2023-04-25,"Protests","Germany"
"15865",2023-04-26,"Strategic developments","Germany"
"15866",2023-04-26,"Protests","Germany"
"15867",2023-04-26,"Protests","Germany"
"15868",2023-04-26,"Protests","Germany"
"15869",2023-04-26,"Protests","Germany"
"15870",2023-04-26,"Protests","Germany"
"15871",2023-04-26,"Protests","Germany"
"15872",2023-04-26,"Protests","Germany"
"15873",2023-04-26,"Protests","Germany"
"15874",2023-04-27,"Protests","Germany"
"15875",2023-04-27,"Protests","Germany"
"15876",2023-04-27,"Protests","Germany"
"15877",2023-04-27,"Protests","Germany"
"15878",2023-04-27,"Protests","Germany"
"15879",2023-04-27,"Protests","Germany"
"15880",2023-04-27,"Protests","Germany"
"15881",2023-04-27,"Protests","Germany"
"15882",2023-04-28,"Protests","Germany"
"15883",2023-04-28,"Strategic developments","Germany"
"15884",2023-04-28,"Protests","Germany"
"15885",2023-04-28,"Protests","Germany"
"15886",2023-04-28,"Protests","Germany"
"15887",2023-04-28,"Protests","Germany"
"15888",2023-04-28,"Protests","Germany"
"15889",2023-04-28,"Protests","Germany"
"15890",2023-04-28,"Protests","Germany"
"15891",2023-04-28,"Protests","Germany"
"15892",2023-04-29,"Protests","Germany"
"15893",2023-04-29,"Strategic developments","Germany"
"15894",2023-04-29,"Protests","Germany"
"15895",2023-04-29,"Protests","Germany"
"15896",2023-04-29,"Protests","Germany"
"15897",2023-04-29,"Protests","Germany"
"15898",2023-04-29,"Protests","Germany"
"15899",2023-04-29,"Protests","Germany"
"15900",2023-04-29,"Protests","Germany"
"15901",2023-04-29,"Protests","Germany"
"15902",2023-04-29,"Protests","Germany"
"15903",2023-04-30,"Protests","Germany"
"15904",2023-04-30,"Protests","Germany"
"15905",2023-04-30,"Protests","Germany"
"15906",2023-04-30,"Protests","Germany"
"15907",2023-04-30,"Protests","Germany"
"15908",2023-04-30,"Protests","Germany"
"15909",2023-04-30,"Protests","Germany"
"15910",2023-04-30,"Riots","Germany"
"15911",2023-04-30,"Protests","Germany"
"15912",2023-05-01,"Protests","Germany"
"15913",2023-05-01,"Protests","Germany"
"15914",2023-05-01,"Protests","Germany"
"15915",2023-05-01,"Protests","Germany"
"15916",2023-05-01,"Protests","Germany"
"15917",2023-05-01,"Protests","Germany"
"15918",2023-05-01,"Protests","Germany"
"15919",2023-05-01,"Protests","Germany"
"15920",2023-05-01,"Protests","Germany"
"15921",2023-05-01,"Protests","Germany"
"15922",2023-05-01,"Protests","Germany"
"15923",2023-05-01,"Protests","Germany"
"15924",2023-05-01,"Protests","Germany"
"15925",2023-05-01,"Protests","Germany"
"15926",2023-05-01,"Protests","Germany"
"15927",2023-05-01,"Protests","Germany"
"15928",2023-05-01,"Protests","Germany"
"15929",2023-05-01,"Protests","Germany"
"15930",2023-05-01,"Protests","Germany"
"15931",2023-05-01,"Protests","Germany"
"15932",2023-05-01,"Protests","Germany"
"15933",2023-05-01,"Protests","Germany"
"15934",2023-05-01,"Protests","Germany"
"15935",2023-05-01,"Protests","Germany"
"15936",2023-05-01,"Riots","Germany"
"15937",2023-05-01,"Protests","Germany"
"15938",2023-05-01,"Protests","Germany"
"15939",2023-05-01,"Protests","Germany"
"15940",2023-05-01,"Protests","Germany"
"15941",2023-05-01,"Protests","Germany"
"15942",2023-05-01,"Protests","Germany"
"15943",2023-05-01,"Protests","Germany"
"15944",2023-05-01,"Protests","Germany"
"15945",2023-05-01,"Protests","Germany"
"15946",2023-05-01,"Protests","Germany"
"15947",2023-05-01,"Protests","Germany"
"15948",2023-05-01,"Protests","Germany"
"15949",2023-05-01,"Protests","Germany"
"15950",2023-05-01,"Protests","Germany"
"15951",2023-05-01,"Protests","Germany"
"15952",2023-05-01,"Protests","Germany"
"15953",2023-05-01,"Protests","Germany"
"15954",2023-05-01,"Protests","Germany"
"15955",2023-05-01,"Protests","Germany"
"15956",2023-05-01,"Protests","Germany"
"15957",2023-05-01,"Protests","Germany"
"15958",2023-05-01,"Protests","Germany"
"15959",2023-05-01,"Protests","Germany"
"15960",2023-05-01,"Protests","Germany"
"15961",2023-05-01,"Protests","Germany"
"15962",2023-05-01,"Protests","Germany"
"15963",2023-05-01,"Protests","Germany"
"15964",2023-05-01,"Protests","Germany"
"15965",2023-05-01,"Protests","Germany"
"15966",2023-05-01,"Protests","Germany"
"15967",2023-05-01,"Protests","Germany"
"15968",2023-05-01,"Protests","Germany"
"15969",2023-05-01,"Protests","Germany"
"15970",2023-05-01,"Protests","Germany"
"15971",2023-05-01,"Protests","Germany"
"15972",2023-05-01,"Protests","Germany"
"15973",2023-05-01,"Protests","Germany"
"15974",2023-05-01,"Protests","Germany"
"15975",2023-05-01,"Protests","Germany"
"15976",2023-05-01,"Protests","Germany"
"15977",2023-05-01,"Protests","Germany"
"15978",2023-05-01,"Protests","Germany"
"15979",2023-05-01,"Protests","Germany"
"15980",2023-05-01,"Protests","Germany"
"15981",2023-05-01,"Protests","Germany"
"15982",2023-05-01,"Protests","Germany"
"15983",2023-05-01,"Protests","Germany"
"15984",2023-05-01,"Protests","Germany"
"15985",2023-05-01,"Protests","Germany"
"15986",2023-05-01,"Protests","Germany"
"15987",2023-05-01,"Protests","Germany"
"15988",2023-05-01,"Protests","Germany"
"15989",2023-05-01,"Protests","Germany"
"15990",2023-05-01,"Protests","Germany"
"15991",2023-05-01,"Protests","Germany"
"15992",2023-05-01,"Protests","Germany"
"15993",2023-05-01,"Protests","Germany"
"15994",2023-05-01,"Protests","Germany"
"15995",2023-05-01,"Protests","Germany"
"15996",2023-05-01,"Riots","Germany"
"15997",2023-05-01,"Protests","Germany"
"15998",2023-05-01,"Protests","Germany"
"15999",2023-05-02,"Protests","Germany"
"16000",2023-05-02,"Protests","Germany"
"16001",2023-05-02,"Protests","Germany"
"16002",2023-05-02,"Protests","Germany"
"16003",2023-05-02,"Protests","Germany"
"16004",2023-05-02,"Protests","Germany"
"16005",2023-05-02,"Protests","Germany"
"16006",2023-05-02,"Protests","Germany"
"16007",2023-05-02,"Protests","Germany"
"16008",2023-05-02,"Protests","Germany"
"16009",2023-05-02,"Protests","Germany"
"16010",2023-05-02,"Protests","Germany"
"16011",2023-05-02,"Protests","Germany"
"16012",2023-05-02,"Protests","Germany"
"16013",2023-05-02,"Strategic developments","Germany"
"16014",2023-05-03,"Protests","Germany"
"16015",2023-05-03,"Protests","Germany"
"16016",2023-05-03,"Protests","Germany"
"16017",2023-05-03,"Protests","Germany"
"16018",2023-05-04,"Protests","Germany"
"16019",2023-05-04,"Protests","Germany"
"16020",2023-05-04,"Protests","Germany"
"16021",2023-05-04,"Protests","Germany"
"16022",2023-05-04,"Protests","Germany"
"16023",2023-05-05,"Protests","Germany"
"16024",2023-05-05,"Protests","Germany"
"16025",2023-05-05,"Protests","Germany"
"16026",2023-05-05,"Protests","Germany"
"16027",2023-05-05,"Protests","Germany"
"16028",2023-05-05,"Protests","Germany"
"16029",2023-05-05,"Protests","Germany"
"16030",2023-05-05,"Protests","Germany"
"16031",2023-05-05,"Protests","Germany"
"16032",2023-05-05,"Protests","Germany"
"16033",2023-05-05,"Protests","Germany"
"16034",2023-05-05,"Protests","Germany"
"16035",2023-05-05,"Protests","Germany"
"16036",2023-05-05,"Protests","Germany"
"16037",2023-05-06,"Protests","Germany"
"16038",2023-05-06,"Protests","Germany"
"16039",2023-05-06,"Protests","Germany"
"16040",2023-05-06,"Protests","Germany"
"16041",2023-05-06,"Protests","Germany"
"16042",2023-05-06,"Protests","Germany"
"16043",2023-05-06,"Protests","Germany"
"16044",2023-05-06,"Protests","Germany"
"16045",2023-05-06,"Riots","Germany"
"16046",2023-05-06,"Protests","Germany"
"16047",2023-05-06,"Protests","Germany"
"16048",2023-05-06,"Protests","Germany"
"16049",2023-05-06,"Protests","Germany"
"16050",2023-05-06,"Protests","Germany"
"16051",2023-05-06,"Protests","Germany"
"16052",2023-05-06,"Protests","Germany"
"16053",2023-05-07,"Protests","Germany"
"16054",2023-05-07,"Protests","Germany"
"16055",2023-05-07,"Protests","Germany"
"16056",2023-05-07,"Protests","Germany"
"16057",2023-05-07,"Protests","Germany"
"16058",2023-05-07,"Protests","Germany"
"16059",2023-05-07,"Protests","Germany"
"16060",2023-05-07,"Protests","Germany"
"16061",2023-05-07,"Protests","Germany"
"16062",2023-05-08,"Riots","Germany"
"16063",2023-05-08,"Protests","Germany"
"16064",2023-05-08,"Protests","Germany"
"16065",2023-05-08,"Protests","Germany"
"16066",2023-05-08,"Protests","Germany"
"16067",2023-05-08,"Protests","Germany"
"16068",2023-05-08,"Protests","Germany"
"16069",2023-05-09,"Protests","Germany"
"16070",2023-05-09,"Protests","Germany"
"16071",2023-05-09,"Protests","Germany"
"16072",2023-05-09,"Protests","Germany"
"16073",2023-05-09,"Strategic developments","Germany"
"16074",2023-05-09,"Protests","Germany"
"16075",2023-05-09,"Protests","Germany"
"16076",2023-05-09,"Protests","Germany"
"16077",2023-05-09,"Protests","Germany"
"16078",2023-05-10,"Protests","Germany"
"16079",2023-05-10,"Protests","Germany"
"16080",2023-05-10,"Protests","Germany"
"16081",2023-05-10,"Protests","Germany"
"16082",2023-05-10,"Protests","Germany"
"16083",2023-05-10,"Protests","Germany"
"16084",2023-05-10,"Protests","Germany"
"16085",2023-05-10,"Protests","Germany"
"16086",2023-05-10,"Protests","Germany"
"16087",2023-05-11,"Protests","Germany"
"16088",2023-05-11,"Riots","Germany"
"16089",2023-05-11,"Riots","Germany"
"16090",2023-05-11,"Protests","Germany"
"16091",2023-05-11,"Protests","Germany"
"16092",2023-05-11,"Protests","Germany"
"16093",2023-05-11,"Protests","Germany"
"16094",2023-05-11,"Strategic developments","Germany"
"16095",2023-05-11,"Protests","Germany"
"16096",2023-05-12,"Protests","Germany"
"16097",2023-05-12,"Protests","Germany"
"16098",2023-05-12,"Protests","Germany"
"16099",2023-05-12,"Protests","Germany"
"16100",2023-05-12,"Protests","Germany"
"16101",2023-05-12,"Protests","Germany"
"16102",2023-05-12,"Protests","Germany"
"16103",2023-05-12,"Protests","Germany"
"16104",2023-05-12,"Protests","Germany"
"16105",2023-05-12,"Protests","Germany"
"16106",2023-05-12,"Protests","Germany"
"16107",2023-05-12,"Protests","Germany"
"16108",2023-05-12,"Protests","Germany"
"16109",2023-05-13,"Protests","Germany"
"16110",2023-05-13,"Protests","Germany"
"16111",2023-05-13,"Protests","Germany"
"16112",2023-05-13,"Protests","Germany"
"16113",2023-05-13,"Protests","Germany"
"16114",2023-05-13,"Protests","Germany"
"16115",2023-05-13,"Protests","Germany"
"16116",2023-05-13,"Protests","Germany"
"16117",2023-05-13,"Protests","Germany"
"16118",2023-05-13,"Protests","Germany"
"16119",2023-05-13,"Protests","Germany"
"16120",2023-05-13,"Protests","Germany"
"16121",2023-05-13,"Protests","Germany"
"16122",2023-05-14,"Protests","Germany"
"16123",2023-05-14,"Protests","Germany"
"16124",2023-05-14,"Protests","Germany"
"16125",2023-05-14,"Protests","Germany"
"16126",2023-05-14,"Protests","Germany"
"16127",2023-05-14,"Protests","Germany"
"16128",2023-05-14,"Protests","Germany"
"16129",2023-05-14,"Protests","Germany"
"16130",2023-05-14,"Protests","Germany"
"16131",2023-05-15,"Protests","Germany"
"16132",2023-05-15,"Protests","Germany"
"16133",2023-05-15,"Protests","Germany"
"16134",2023-05-15,"Protests","Germany"
"16135",2023-05-15,"Protests","Germany"
"16136",2023-05-15,"Protests","Germany"
"16137",2023-05-15,"Protests","Germany"
"16138",2023-05-15,"Protests","Germany"
"16139",2023-05-15,"Protests","Germany"
"16140",2023-05-15,"Protests","Germany"
"16141",2023-05-15,"Protests","Germany"
"16142",2023-05-15,"Protests","Germany"
"16143",2023-05-15,"Protests","Germany"
"16144",2023-05-15,"Protests","Germany"
"16145",2023-05-15,"Protests","Germany"
"16146",2023-05-15,"Protests","Germany"
"16147",2023-05-15,"Protests","Germany"
"16148",2023-05-15,"Protests","Germany"
"16149",2023-05-15,"Protests","Germany"
"16150",2023-05-15,"Protests","Germany"
"16151",2023-05-15,"Protests","Germany"
"16152",2023-05-15,"Protests","Germany"
"16153",2023-05-15,"Protests","Germany"
"16154",2023-05-15,"Protests","Germany"
"16155",2023-05-16,"Protests","Germany"
"16156",2023-05-16,"Protests","Germany"
"16157",2023-05-16,"Protests","Germany"
"16158",2023-05-16,"Protests","Germany"
"16159",2023-05-16,"Protests","Germany"
"16160",2023-05-16,"Protests","Germany"
"16161",2023-05-16,"Protests","Germany"
"16162",2023-05-16,"Protests","Germany"
"16163",2023-05-16,"Protests","Germany"
"16164",2023-05-16,"Protests","Germany"
"16165",2023-05-16,"Protests","Germany"
"16166",2023-05-16,"Protests","Germany"
"16167",2023-05-16,"Protests","Germany"
"16168",2023-05-16,"Protests","Germany"
"16169",2023-05-17,"Protests","Germany"
"16170",2023-05-17,"Protests","Germany"
"16171",2023-05-17,"Protests","Germany"
"16172",2023-05-17,"Protests","Germany"
"16173",2023-05-17,"Protests","Germany"
"16174",2023-05-17,"Protests","Germany"
"16175",2023-05-17,"Protests","Germany"
"16176",2023-05-17,"Protests","Germany"
"16177",2023-05-17,"Protests","Germany"
"16178",2023-05-17,"Protests","Germany"
"16179",2023-05-17,"Protests","Germany"
"16180",2023-05-17,"Protests","Germany"
"16181",2023-05-18,"Protests","Germany"
"16182",2023-05-18,"Protests","Germany"
"16183",2023-05-18,"Protests","Germany"
"16184",2023-05-18,"Protests","Germany"
"16185",2023-05-18,"Protests","Germany"
"16186",2023-05-19,"Protests","Germany"
"16187",2023-05-19,"Protests","Germany"
"16188",2023-05-19,"Protests","Germany"
"16189",2023-05-19,"Protests","Germany"
"16190",2023-05-19,"Protests","Germany"
"16191",2023-05-19,"Protests","Germany"
"16192",2023-05-19,"Protests","Germany"
"16193",2023-05-19,"Protests","Germany"
"16194",2023-05-19,"Protests","Germany"
"16195",2023-05-19,"Protests","Germany"
"16196",2023-05-19,"Protests","Germany"
"16197",2023-05-19,"Protests","Germany"
"16198",2023-05-19,"Protests","Germany"
"16199",2023-05-19,"Protests","Germany"
"16200",2023-05-19,"Protests","Germany"
"16201",2023-05-20,"Riots","Germany"
"16202",2023-05-20,"Protests","Germany"
"16203",2023-05-20,"Protests","Germany"
"16204",2023-05-20,"Protests","Germany"
"16205",2023-05-21,"Protests","Germany"
"16206",2023-05-21,"Protests","Germany"
"16207",2023-05-21,"Protests","Germany"
"16208",2023-05-21,"Protests","Germany"
"16209",2023-05-22,"Protests","Germany"
"16210",2023-05-22,"Protests","Germany"
"16211",2023-05-22,"Protests","Germany"
"16212",2023-05-22,"Protests","Germany"
"16213",2023-05-22,"Protests","Germany"
"16214",2023-05-22,"Protests","Germany"
"16215",2023-05-22,"Protests","Germany"
"16216",2023-05-22,"Protests","Germany"
"16217",2023-05-23,"Protests","Germany"
"16218",2023-05-23,"Protests","Germany"
"16219",2023-05-23,"Protests","Germany"
"16220",2023-05-23,"Protests","Germany"
"16221",2023-05-23,"Protests","Germany"
"16222",2023-05-23,"Protests","Germany"
"16223",2023-05-23,"Protests","Germany"
"16224",2023-05-23,"Protests","Germany"
"16225",2023-05-23,"Protests","Germany"
"16226",2023-05-23,"Protests","Germany"
"16227",2023-05-23,"Protests","Germany"
"16228",2023-05-23,"Protests","Germany"
"16229",2023-05-24,"Protests","Germany"
"16230",2023-05-24,"Protests","Germany"
"16231",2023-05-24,"Protests","Germany"
"16232",2023-05-24,"Protests","Germany"
"16233",2023-05-24,"Protests","Germany"
"16234",2023-05-24,"Protests","Germany"
"16235",2023-05-24,"Protests","Germany"
"16236",2023-05-24,"Protests","Germany"
"16237",2023-05-24,"Protests","Germany"
"16238",2023-05-24,"Strategic developments","Germany"
"16239",2023-05-24,"Protests","Germany"
"16240",2023-05-24,"Protests","Germany"
"16241",2023-05-24,"Protests","Germany"
"16242",2023-05-25,"Protests","Germany"
"16243",2023-05-25,"Protests","Germany"
"16244",2023-05-25,"Protests","Germany"
"16245",2023-05-25,"Protests","Germany"
"16246",2023-05-25,"Protests","Germany"
"16247",2023-05-26,"Protests","Germany"
"16248",2023-05-26,"Protests","Germany"
"16249",2023-05-26,"Protests","Germany"
"16250",2023-05-26,"Protests","Germany"
"16251",2023-05-26,"Protests","Germany"
"16252",2023-05-26,"Protests","Germany"
"16253",2023-05-27,"Protests","Germany"
"16254",2023-05-27,"Protests","Germany"
"16255",2023-05-27,"Protests","Germany"
"16256",2023-05-27,"Protests","Germany"
"16257",2023-05-27,"Protests","Germany"
"16258",2023-05-27,"Protests","Germany"
"16259",2023-05-28,"Protests","Germany"
"16260",2023-05-28,"Protests","Germany"
"16261",2023-05-28,"Protests","Germany"
"16262",2023-05-28,"Protests","Germany"
"16263",2023-05-28,"Riots","Germany"
"16264",2023-05-28,"Protests","Germany"
"16265",2023-05-29,"Protests","Germany"
"16266",2023-05-29,"Protests","Germany"
"16267",2023-05-29,"Protests","Germany"
"16268",2023-05-29,"Protests","Germany"
"16269",2023-05-30,"Protests","Germany"
"16270",2023-05-31,"Protests","Germany"
"16271",2023-05-31,"Protests","Germany"
"16272",2023-05-31,"Protests","Germany"
"16273",2023-05-31,"Protests","Germany"
"16274",2023-05-31,"Protests","Germany"
"16275",2023-05-31,"Strategic developments","Germany"
"16276",2023-05-31,"Protests","Germany"
"16277",2023-05-31,"Protests","Germany"
"16278",2023-05-31,"Protests","Germany"
"16279",2023-05-31,"Protests","Germany"
"16280",2023-05-31,"Protests","Germany"
"16281",2023-05-31,"Protests","Germany"
"16282",2023-05-31,"Protests","Germany"
"16283",2023-05-31,"Protests","Germany"
"16284",2023-05-31,"Protests","Germany"
"16285",2023-05-31,"Protests","Germany"
"16286",2023-05-31,"Protests","Germany"
"16287",2023-05-31,"Protests","Germany"
"16288",2023-05-31,"Protests","Germany"
"16289",2023-05-31,"Riots","Germany"
"16290",2023-05-31,"Riots","Germany"
"16291",2023-05-31,"Riots","Germany"
"16292",2023-05-31,"Riots","Germany"
"16293",2023-06-01,"Protests","Germany"
"16294",2023-06-01,"Protests","Germany"
"16295",2023-06-01,"Protests","Germany"
"16296",2023-06-01,"Protests","Germany"
"16297",2023-06-01,"Strategic developments","Germany"
"16298",2023-06-01,"Protests","Germany"
"16299",2023-06-01,"Protests","Germany"
"16300",2023-06-01,"Protests","Germany"
"16301",2023-06-01,"Protests","Germany"
"16302",2023-06-02,"Protests","Germany"
"16303",2023-06-02,"Protests","Germany"
"16304",2023-06-02,"Protests","Germany"
"16305",2023-06-02,"Protests","Germany"
"16306",2023-06-02,"Protests","Germany"
"16307",2023-06-02,"Riots","Germany"
"16308",2023-06-03,"Protests","Germany"
"16309",2023-06-03,"Protests","Germany"
"16310",2023-06-03,"Protests","Germany"
"16311",2023-06-03,"Protests","Germany"
"16312",2023-06-03,"Protests","Germany"
"16313",2023-06-03,"Protests","Germany"
"16314",2023-06-03,"Riots","Germany"
"16315",2023-06-04,"Protests","Germany"
"16316",2023-06-04,"Protests","Germany"
"16317",2023-06-04,"Protests","Germany"
"16318",2023-06-04,"Protests","Germany"
"16319",2023-06-04,"Protests","Germany"
"16320",2023-06-05,"Protests","Germany"
"16321",2023-06-05,"Protests","Germany"
"16322",2023-06-05,"Protests","Germany"
"16323",2023-06-05,"Protests","Germany"
"16324",2023-06-05,"Protests","Germany"
"16325",2023-06-06,"Protests","Germany"
"16326",2023-06-06,"Protests","Germany"
"16327",2023-06-07,"Protests","Germany"
"16328",2023-06-07,"Protests","Germany"
"16329",2023-06-07,"Protests","Germany"
"16330",2023-06-07,"Protests","Germany"
"16331",2023-06-07,"Protests","Germany"
"16332",2023-06-07,"Protests","Germany"
"16333",2023-06-07,"Protests","Germany"
"16334",2023-06-07,"Protests","Germany"
"16335",2023-06-07,"Protests","Germany"
"16336",2023-06-07,"Protests","Germany"
"16337",2023-06-07,"Protests","Germany"
"16338",2023-06-07,"Protests","Germany"
"16339",2023-06-07,"Protests","Germany"
"16340",2023-06-07,"Protests","Germany"
"16341",2023-06-08,"Protests","Germany"
"16342",2023-06-08,"Protests","Germany"
"16343",2023-06-08,"Protests","Germany"
"16344",2023-06-08,"Protests","Germany"
"16345",2023-06-08,"Protests","Germany"
"16346",2023-06-09,"Protests","Germany"
"16347",2023-06-09,"Protests","Germany"
"16348",2023-06-09,"Protests","Germany"
"16349",2023-06-09,"Protests","Germany"
"16350",2023-06-09,"Protests","Germany"
"16351",2023-06-09,"Protests","Germany"
"16352",2023-06-09,"Protests","Germany"
"16353",2023-06-09,"Protests","Germany"
"16354",2023-06-09,"Protests","Germany"
"16355",2023-06-10,"Riots","Germany"
"16356",2023-06-10,"Protests","Germany"
"16357",2023-06-10,"Protests","Germany"
"16358",2023-06-10,"Protests","Germany"
"16359",2023-06-10,"Protests","Germany"
"16360",2023-06-10,"Protests","Germany"
"16361",2023-06-11,"Protests","Germany"
"16362",2023-06-12,"Strategic developments","Germany"
"16363",2023-06-12,"Protests","Germany"
"16364",2023-06-12,"Protests","Germany"
"16365",2023-06-12,"Protests","Germany"
"16366",2023-06-12,"Protests","Germany"
"16367",2023-06-12,"Protests","Germany"
"16368",2023-06-12,"Protests","Germany"
"16369",2023-06-12,"Protests","Germany"
"16370",2023-06-12,"Protests","Germany"
"16371",2023-06-12,"Protests","Germany"
"16372",2023-06-12,"Protests","Germany"
"16373",2023-06-13,"Protests","Germany"
"16374",2023-06-13,"Protests","Germany"
"16375",2023-06-13,"Protests","Germany"
"16376",2023-06-14,"Protests","Germany"
"16377",2023-06-14,"Protests","Germany"
"16378",2023-06-14,"Protests","Germany"
"16379",2023-06-14,"Protests","Germany"
"16380",2023-06-14,"Protests","Germany"
"16381",2023-06-14,"Protests","Germany"
"16382",2023-06-14,"Protests","Germany"
"16383",2023-06-14,"Protests","Germany"
"16384",2023-06-14,"Protests","Germany"
"16385",2023-06-14,"Protests","Germany"
"16386",2023-06-14,"Protests","Germany"
"16387",2023-06-14,"Protests","Germany"
"16388",2023-06-14,"Protests","Germany"
"16389",2023-06-14,"Protests","Germany"
"16390",2023-06-14,"Protests","Germany"
"16391",2023-06-14,"Protests","Germany"
"16392",2023-06-14,"Protests","Germany"
"16393",2023-06-15,"Protests","Germany"
"16394",2023-06-15,"Protests","Germany"
"16395",2023-06-15,"Protests","Germany"
"16396",2023-06-15,"Protests","Germany"
"16397",2023-06-15,"Protests","Germany"
"16398",2023-06-16,"Protests","Germany"
"16399",2023-06-16,"Protests","Germany"
"16400",2023-06-16,"Protests","Germany"
"16401",2023-06-16,"Protests","Germany"
"16402",2023-06-16,"Protests","Germany"
"16403",2023-06-16,"Protests","Germany"
"16404",2023-06-16,"Protests","Germany"
"16405",2023-06-16,"Protests","Germany"
"16406",2023-06-17,"Protests","Germany"
"16407",2023-06-17,"Protests","Germany"
"16408",2023-06-17,"Protests","Germany"
"16409",2023-06-17,"Protests","Germany"
"16410",2023-06-17,"Protests","Germany"
"16411",2023-06-17,"Protests","Germany"
"16412",2023-06-17,"Protests","Germany"
"16413",2023-06-17,"Protests","Germany"
"16414",2023-06-17,"Protests","Germany"
"16415",2023-06-17,"Protests","Germany"
"16416",2023-06-17,"Protests","Germany"
"16417",2023-06-17,"Protests","Germany"
"16418",2023-06-17,"Protests","Germany"
"16419",2023-06-18,"Protests","Germany"
"16420",2023-06-18,"Protests","Germany"
"16421",2023-06-18,"Protests","Germany"
"16422",2023-06-18,"Protests","Germany"
"16423",2023-06-18,"Protests","Germany"
"16424",2023-06-19,"Protests","Germany"
"16425",2023-06-19,"Protests","Germany"
"16426",2023-06-19,"Protests","Germany"
"16427",2023-06-19,"Protests","Germany"
"16428",2023-06-19,"Protests","Germany"
"16429",2023-06-19,"Protests","Germany"
"16430",2023-06-20,"Protests","Germany"
"16431",2023-06-20,"Protests","Germany"
"16432",2023-06-20,"Protests","Germany"
"16433",2023-06-20,"Protests","Germany"
"16434",2023-06-20,"Protests","Germany"
"16435",2023-06-20,"Protests","Germany"
"16436",2023-06-20,"Protests","Germany"
"16437",2023-06-20,"Protests","Germany"
"16438",2023-06-20,"Protests","Germany"
"16439",2023-06-20,"Protests","Germany"
"16440",2023-06-20,"Protests","Germany"
"16441",2023-06-21,"Protests","Germany"
"16442",2023-06-21,"Protests","Germany"
"16443",2023-06-21,"Protests","Germany"
"16444",2023-06-21,"Protests","Germany"
"16445",2023-06-21,"Protests","Germany"
"16446",2023-06-21,"Protests","Germany"
"16447",2023-06-21,"Protests","Germany"
"16448",2023-06-22,"Protests","Germany"
"16449",2023-06-23,"Protests","Germany"
"16450",2023-06-23,"Protests","Germany"
"16451",2023-06-23,"Protests","Germany"
"16452",2023-06-23,"Protests","Germany"
"16453",2023-06-23,"Protests","Germany"
"16454",2023-06-23,"Protests","Germany"
"16455",2023-06-23,"Protests","Germany"
"16456",2023-06-23,"Protests","Germany"
"16457",2023-06-24,"Protests","Germany"
"16458",2023-06-24,"Protests","Germany"
"16459",2023-06-24,"Protests","Germany"
"16460",2023-06-24,"Protests","Germany"
"16461",2023-06-24,"Protests","Germany"
"16462",2023-06-24,"Protests","Germany"
"16463",2023-06-24,"Protests","Germany"
"16464",2023-06-24,"Riots","Germany"
"16465",2023-06-24,"Protests","Germany"
"16466",2023-06-24,"Protests","Germany"
"16467",2023-06-24,"Protests","Germany"
"16468",2023-06-24,"Protests","Germany"
"16469",2023-06-24,"Protests","Germany"
"16470",2023-06-25,"Protests","Germany"
"16471",2023-06-25,"Protests","Germany"
"16472",2023-06-25,"Protests","Germany"
"16473",2023-06-25,"Protests","Germany"
"16474",2023-06-26,"Protests","Germany"
"16475",2023-06-26,"Protests","Germany"
"16476",2023-06-26,"Protests","Germany"
"16477",2023-06-26,"Protests","Germany"
"16478",2023-06-26,"Protests","Germany"
"16479",2023-06-26,"Protests","Germany"
"16480",2023-06-26,"Protests","Germany"
"16481",2023-06-26,"Protests","Germany"
"16482",2023-06-26,"Protests","Germany"
"16483",2023-06-27,"Protests","Germany"
"16484",2023-06-27,"Protests","Germany"
"16485",2023-06-27,"Protests","Germany"
"16486",2023-06-27,"Protests","Germany"
"16487",2023-06-28,"Protests","Germany"
"16488",2023-06-28,"Protests","Germany"
"16489",2023-06-28,"Protests","Germany"
"16490",2023-06-28,"Protests","Germany"
"16491",2023-06-28,"Protests","Germany"
"16492",2023-06-28,"Protests","Germany"
"16493",2023-06-28,"Protests","Germany"
"16494",2023-06-28,"Protests","Germany"
"16495",2023-06-29,"Protests","Germany"
"16496",2023-06-29,"Protests","Germany"
"16497",2023-06-29,"Protests","Germany"
"16498",2023-06-29,"Protests","Germany"
"16499",2023-06-29,"Protests","Germany"
"16500",2023-06-29,"Protests","Germany"
"16501",2023-06-30,"Protests","Germany"
"16502",2023-06-30,"Protests","Germany"
"16503",2023-06-30,"Protests","Germany"
"16504",2023-07-01,"Protests","Germany"
"16505",2023-07-01,"Protests","Germany"
"16506",2023-07-01,"Protests","Germany"
"16507",2023-07-01,"Protests","Germany"
"16508",2023-07-01,"Protests","Germany"
"16509",2023-07-01,"Protests","Germany"
"16510",2023-07-01,"Protests","Germany"
"16511",2023-07-01,"Protests","Germany"
"16512",2023-07-01,"Protests","Germany"
"16513",2023-07-01,"Protests","Germany"
"16514",2023-07-01,"Protests","Germany"
"16515",2023-07-02,"Protests","Germany"
"16516",2023-07-02,"Protests","Germany"
"16517",2023-07-02,"Protests","Germany"
"16518",2023-07-03,"Protests","Germany"
"16519",2023-07-03,"Protests","Germany"
"16520",2023-07-03,"Protests","Germany"
"16521",2023-07-03,"Protests","Germany"
"16522",2023-07-03,"Protests","Germany"
"16523",2023-07-03,"Protests","Germany"
"16524",2023-07-03,"Protests","Germany"
"16525",2023-07-05,"Strategic developments","Germany"
"16526",2023-07-05,"Protests","Germany"
"16527",2023-07-05,"Protests","Germany"
"16528",2023-07-05,"Protests","Germany"
"16529",2023-07-05,"Protests","Germany"
"16530",2023-07-05,"Protests","Germany"
"16531",2023-07-05,"Protests","Germany"
"16532",2023-07-05,"Protests","Germany"
"16533",2023-07-05,"Protests","Germany"
"16534",2023-07-05,"Protests","Germany"
"16535",2023-07-06,"Protests","Germany"
"16536",2023-07-06,"Protests","Germany"
"16537",2023-07-06,"Protests","Germany"
"16538",2023-07-06,"Riots","Germany"
"16539",2023-07-06,"Protests","Germany"
"16540",2023-07-06,"Protests","Germany"
"16541",2023-07-06,"Strategic developments","Germany"
"16542",2023-07-06,"Protests","Germany"
"16543",2023-07-06,"Protests","Germany"
"16544",2023-07-06,"Protests","Germany"
"16545",2023-07-07,"Protests","Germany"
"16546",2023-07-07,"Protests","Germany"
"16547",2023-07-07,"Protests","Germany"
"16548",2023-07-07,"Protests","Germany"
"16549",2023-07-07,"Protests","Germany"
"16550",2023-07-07,"Protests","Germany"
"16551",2023-07-07,"Protests","Germany"
"16552",2023-07-07,"Protests","Germany"
"16553",2023-07-07,"Protests","Germany"
"16554",2023-07-07,"Protests","Germany"
"16555",2023-07-07,"Protests","Germany"
"16556",2023-07-07,"Protests","Germany"
"16557",2023-07-07,"Protests","Germany"
"16558",2023-07-08,"Protests","Germany"
"16559",2023-07-08,"Protests","Germany"
"16560",2023-07-08,"Protests","Germany"
"16561",2023-07-08,"Protests","Germany"
"16562",2023-07-08,"Protests","Germany"
"16563",2023-07-08,"Protests","Germany"
"16564",2023-07-08,"Riots","Germany"
"16565",2023-07-09,"Protests","Germany"
"16566",2023-07-09,"Protests","Germany"
"16567",2023-07-09,"Protests","Germany"
"16568",2023-07-09,"Riots","Germany"
"16569",2023-07-09,"Protests","Germany"
"16570",2023-07-10,"Protests","Germany"
"16571",2023-07-10,"Protests","Germany"
"16572",2023-07-10,"Protests","Germany"
"16573",2023-07-10,"Protests","Germany"
"16574",2023-07-10,"Protests","Germany"
"16575",2023-07-10,"Protests","Germany"
"16576",2023-07-10,"Protests","Germany"
"16577",2023-07-10,"Protests","Germany"
"16578",2023-07-10,"Protests","Germany"
"16579",2023-07-11,"Protests","Germany"
"16580",2023-07-11,"Protests","Germany"
"16581",2023-07-12,"Protests","Germany"
"16582",2023-07-13,"Protests","Germany"
"16583",2023-07-13,"Protests","Germany"
"16584",2023-07-13,"Protests","Germany"
"16585",2023-07-14,"Protests","Germany"
"16586",2023-07-14,"Protests","Germany"
"16587",2023-07-14,"Protests","Germany"
"16588",2023-07-14,"Protests","Germany"
"16589",2023-07-14,"Protests","Germany"
"16590",2023-07-14,"Protests","Germany"
"16591",2023-07-14,"Protests","Germany"
"16592",2023-07-14,"Protests","Germany"
"16593",2023-07-14,"Protests","Germany"
"16594",2023-07-14,"Protests","Germany"
"16595",2023-07-14,"Protests","Germany"
"16596",2023-07-14,"Protests","Germany"
"16597",2023-07-14,"Protests","Germany"
"16598",2023-07-14,"Protests","Germany"
"16599",2023-07-14,"Protests","Germany"
"16600",2023-07-14,"Protests","Germany"
"16601",2023-07-14,"Protests","Germany"
"16602",2023-07-14,"Protests","Germany"
"16603",2023-07-14,"Protests","Germany"
"16604",2023-07-14,"Protests","Germany"
"16605",2023-07-14,"Protests","Germany"
"16606",2023-07-14,"Protests","Germany"
"16607",2023-07-14,"Protests","Germany"
"16608",2023-07-14,"Protests","Germany"
"16609",2023-07-15,"Protests","Germany"
"16610",2023-07-15,"Protests","Germany"
"16611",2023-07-15,"Protests","Germany"
"16612",2023-07-15,"Protests","Germany"
"16613",2023-07-15,"Protests","Germany"
"16614",2023-07-15,"Protests","Germany"
"16615",2023-07-16,"Protests","Germany"
"16616",2023-07-16,"Protests","Germany"
"16617",2023-07-16,"Protests","Germany"
"16618",2023-07-16,"Protests","Germany"
"16619",2023-07-16,"Riots","Germany"
"16620",2023-07-17,"Protests","Germany"
"16621",2023-07-17,"Protests","Germany"
"16622",2023-07-17,"Protests","Germany"
"16623",2023-07-17,"Protests","Germany"
"16624",2023-07-17,"Protests","Germany"
"16625",2023-07-18,"Protests","Germany"
"16626",2023-07-18,"Protests","Germany"
"16627",2023-07-18,"Protests","Germany"
"16628",2023-07-18,"Protests","Germany"
"16629",2023-07-18,"Protests","Germany"
"16630",2023-07-18,"Protests","Germany"
"16631",2023-07-19,"Protests","Germany"
"16632",2023-07-19,"Protests","Germany"
"16633",2023-07-19,"Protests","Germany"
"16634",2023-07-19,"Protests","Germany"
"16635",2023-07-19,"Protests","Germany"
"16636",2023-07-19,"Protests","Germany"
"16637",2023-07-20,"Protests","Germany"
"16638",2023-07-20,"Protests","Germany"
"16639",2023-07-20,"Protests","Germany"
"16640",2023-07-20,"Protests","Germany"
"16641",2023-07-21,"Protests","Germany"
"16642",2023-07-21,"Protests","Germany"
"16643",2023-07-21,"Protests","Germany"
"16644",2023-07-21,"Protests","Germany"
"16645",2023-07-21,"Protests","Germany"
"16646",2023-07-21,"Protests","Germany"
"16647",2023-07-21,"Protests","Germany"
"16648",2023-07-21,"Protests","Germany"
"16649",2023-07-21,"Protests","Germany"
"16650",2023-07-21,"Protests","Germany"
"16651",2023-07-21,"Protests","Germany"
"16652",2023-07-21,"Protests","Germany"
"16653",2023-07-21,"Riots","Germany"
"16654",2023-07-21,"Protests","Germany"
"16655",2023-07-21,"Protests","Germany"
"16656",2023-07-21,"Protests","Germany"
"16657",2023-07-21,"Protests","Germany"
"16658",2023-07-22,"Riots","Germany"
"16659",2023-07-22,"Protests","Germany"
"16660",2023-07-22,"Protests","Germany"
"16661",2023-07-22,"Protests","Germany"
"16662",2023-07-22,"Protests","Germany"
"16663",2023-07-22,"Protests","Germany"
"16664",2023-07-22,"Protests","Germany"
"16665",2023-07-22,"Protests","Germany"
"16666",2023-07-22,"Protests","Germany"
"16667",2023-07-22,"Protests","Germany"
"16668",2023-07-22,"Protests","Germany"
"16669",2023-07-23,"Protests","Germany"
"16670",2023-07-23,"Protests","Germany"
"16671",2023-07-23,"Protests","Germany"
"16672",2023-07-24,"Protests","Germany"
"16673",2023-07-24,"Riots","Germany"
"16674",2023-07-24,"Riots","Germany"
"16675",2023-07-25,"Protests","Germany"
"16676",2023-07-26,"Protests","Germany"
"16677",2023-07-26,"Protests","Germany"
"16678",2023-07-27,"Protests","Germany"
"16679",2023-07-27,"Protests","Germany"
"16680",2023-07-28,"Protests","Germany"
"16681",2023-07-28,"Protests","Germany"
"16682",2023-07-29,"Protests","Germany"
"16683",2023-07-29,"Protests","Germany"
"16684",2023-07-29,"Protests","Germany"
"16685",2023-07-29,"Protests","Germany"
"16686",2023-07-29,"Protests","Germany"
"16687",2023-07-29,"Protests","Germany"
"16688",2023-07-29,"Protests","Germany"
"16689",2023-07-29,"Protests","Germany"
"16690",2023-07-29,"Protests","Germany"
"16691",2023-07-29,"Protests","Germany"
"16692",2023-07-29,"Protests","Germany"
"16693",2023-07-29,"Riots","Germany"
"16694",2023-07-29,"Protests","Germany"
"16695",2023-07-30,"Riots","Germany"
"16696",2023-07-30,"Protests","Germany"
"16697",2023-07-30,"Protests","Germany"
"16698",2023-07-30,"Strategic developments","Germany"
"16699",2023-07-30,"Protests","Germany"
"16700",2023-07-30,"Protests","Germany"
"16701",2023-07-31,"Protests","Germany"
"16702",2023-07-31,"Protests","Germany"
"16703",2023-07-31,"Protests","Germany"
"16704",2023-07-31,"Protests","Germany"
"16705",2023-07-31,"Protests","Germany"
"16706",2023-07-31,"Protests","Germany"
"16707",2023-08-01,"Protests","Germany"
"16708",2023-08-01,"Protests","Germany"
"16709",2023-08-02,"Protests","Germany"
"16710",2023-08-02,"Protests","Germany"
"16711",2023-08-02,"Protests","Germany"
"16712",2023-08-02,"Protests","Germany"
"16713",2023-08-02,"Protests","Germany"
"16714",2023-08-02,"Protests","Germany"
"16715",2023-08-03,"Riots","Germany"
"16716",2023-08-03,"Strategic developments","Germany"
"16717",2023-08-04,"Riots","Germany"
"16718",2023-08-04,"Protests","Germany"
"16719",2023-08-04,"Protests","Germany"
"16720",2023-08-04,"Protests","Germany"
"16721",2023-08-04,"Protests","Germany"
"16722",2023-08-04,"Protests","Germany"
"16723",2023-08-04,"Protests","Germany"
"16724",2023-08-04,"Protests","Germany"
"16725",2023-08-04,"Protests","Germany"
"16726",2023-08-04,"Protests","Germany"
"16727",2023-08-04,"Protests","Germany"
"16728",2023-08-04,"Protests","Germany"
"16729",2023-08-04,"Protests","Germany"
"16730",2023-08-04,"Protests","Germany"
"16731",2023-08-04,"Protests","Germany"
"16732",2023-08-04,"Riots","Germany"
"16733",2023-08-05,"Riots","Germany"
"16734",2023-08-05,"Protests","Germany"
"16735",2023-08-05,"Protests","Germany"
"16736",2023-08-05,"Protests","Germany"
"16737",2023-08-05,"Protests","Germany"
"16738",2023-08-05,"Protests","Germany"
"16739",2023-08-05,"Protests","Germany"
"16740",2023-08-05,"Protests","Germany"
"16741",2023-08-05,"Protests","Germany"
"16742",2023-08-05,"Protests","Germany"
"16743",2023-08-05,"Protests","Germany"
"16744",2023-08-05,"Protests","Germany"
"16745",2023-08-06,"Protests","Germany"
"16746",2023-08-07,"Protests","Germany"
"16747",2023-08-07,"Protests","Germany"
"16748",2023-08-08,"Protests","Germany"
"16749",2023-08-08,"Riots","Germany"
"16750",2023-08-08,"Protests","Germany"
"16751",2023-08-09,"Riots","Germany"
"16752",2023-08-09,"Protests","Germany"
"16753",2023-08-09,"Protests","Germany"
"16754",2023-08-09,"Protests","Germany"
"16755",2023-08-09,"Protests","Germany"
"16756",2023-08-09,"Protests","Germany"
"16757",2023-08-09,"Strategic developments","Germany"
"16758",2023-08-10,"Riots","Germany"
"16759",2023-08-10,"Protests","Germany"
"16760",2023-08-10,"Protests","Germany"
"16761",2023-08-10,"Protests","Germany"
"16762",2023-08-10,"Protests","Germany"
"16763",2023-08-11,"Riots","Germany"
"16764",2023-08-11,"Protests","Germany"
"16765",2023-08-11,"Protests","Germany"
"16766",2023-08-11,"Protests","Germany"
"16767",2023-08-11,"Protests","Germany"
"16768",2023-08-12,"Protests","Germany"
"16769",2023-08-12,"Strategic developments","Germany"
"16770",2023-08-12,"Protests","Germany"
"16771",2023-08-12,"Protests","Germany"
"16772",2023-08-12,"Protests","Germany"
"16773",2023-08-12,"Protests","Germany"
"16774",2023-08-12,"Protests","Germany"
"16775",2023-08-12,"Protests","Germany"
"16776",2023-08-12,"Protests","Germany"
"16777",2023-08-12,"Protests","Germany"
"16778",2023-08-12,"Protests","Germany"
"16779",2023-08-12,"Protests","Germany"
"16780",2023-08-12,"Strategic developments","Germany"
"16781",2023-08-12,"Protests","Germany"
"16782",2023-08-12,"Riots","Germany"
"16783",2023-08-12,"Protests","Germany"
"16784",2023-08-12,"Protests","Germany"
"16785",2023-08-12,"Protests","Germany"
"16786",2023-08-13,"Protests","Germany"
"16787",2023-08-13,"Protests","Germany"
"16788",2023-08-13,"Protests","Germany"
"16789",2023-08-13,"Protests","Germany"
"16790",2023-08-13,"Protests","Germany"
"16791",2023-08-14,"Protests","Germany"
"16792",2023-08-14,"Strategic developments","Germany"
"16793",2023-08-14,"Protests","Germany"
"16794",2023-08-14,"Protests","Germany"
"16795",2023-08-14,"Protests","Germany"
"16796",2023-08-14,"Protests","Germany"
"16797",2023-08-14,"Protests","Germany"
"16798",2023-08-14,"Protests","Germany"
"16799",2023-08-14,"Protests","Germany"
"16800",2023-08-15,"Strategic developments","Germany"
"16801",2023-08-15,"Protests","Germany"
"16802",2023-08-15,"Protests","Germany"
"16803",2023-08-15,"Protests","Germany"
"16804",2023-08-15,"Protests","Germany"
"16805",2023-08-15,"Protests","Germany"
"16806",2023-08-16,"Protests","Germany"
"16807",2023-08-16,"Riots","Germany"
"16808",2023-08-16,"Protests","Germany"
"16809",2023-08-16,"Protests","Germany"
"16810",2023-08-16,"Protests","Germany"
"16811",2023-08-16,"Protests","Germany"
"16812",2023-08-16,"Protests","Germany"
"16813",2023-08-17,"Protests","Germany"
"16814",2023-08-17,"Protests","Germany"
"16815",2023-08-17,"Protests","Germany"
"16816",2023-08-17,"Protests","Germany"
"16817",2023-08-17,"Protests","Germany"
"16818",2023-08-17,"Protests","Germany"
"16819",2023-08-18,"Protests","Germany"
"16820",2023-08-18,"Protests","Germany"
"16821",2023-08-18,"Protests","Germany"
"16822",2023-08-18,"Protests","Germany"
"16823",2023-08-18,"Protests","Germany"
"16824",2023-08-18,"Protests","Germany"
"16825",2023-08-18,"Protests","Germany"
"16826",2023-08-18,"Protests","Germany"
"16827",2023-08-18,"Protests","Germany"
"16828",2023-08-18,"Protests","Germany"
"16829",2023-08-18,"Protests","Germany"
"16830",2023-08-18,"Protests","Germany"
"16831",2023-08-18,"Protests","Germany"
"16832",2023-08-18,"Protests","Germany"
"16833",2023-08-19,"Protests","Germany"
"16834",2023-08-19,"Protests","Germany"
"16835",2023-08-19,"Protests","Germany"
"16836",2023-08-19,"Protests","Germany"
"16837",2023-08-19,"Protests","Germany"
"16838",2023-08-19,"Protests","Germany"
"16839",2023-08-19,"Protests","Germany"
"16840",2023-08-19,"Protests","Germany"
"16841",2023-08-19,"Protests","Germany"
"16842",2023-08-19,"Protests","Germany"
"16843",2023-08-19,"Protests","Germany"
"16844",2023-08-19,"Protests","Germany"
"16845",2023-08-19,"Protests","Germany"
"16846",2023-08-19,"Protests","Germany"
"16847",2023-08-20,"Protests","Germany"
"16848",2023-08-20,"Protests","Germany"
"16849",2023-08-20,"Protests","Germany"
"16850",2023-08-20,"Protests","Germany"
"16851",2023-08-20,"Protests","Germany"
"16852",2023-08-20,"Protests","Germany"
"16853",2023-08-21,"Protests","Germany"
"16854",2023-08-21,"Protests","Germany"
"16855",2023-08-21,"Protests","Germany"
"16856",2023-08-21,"Protests","Germany"
"16857",2023-08-21,"Protests","Germany"
"16858",2023-08-21,"Protests","Germany"
"16859",2023-08-21,"Protests","Germany"
"16860",2023-08-21,"Riots","Germany"
"16861",2023-08-22,"Protests","Germany"
"16862",2023-08-22,"Protests","Germany"
"16863",2023-08-22,"Protests","Germany"
"16864",2023-08-22,"Protests","Germany"
"16865",2023-08-22,"Protests","Germany"
"16866",2023-08-22,"Protests","Germany"
"16867",2023-08-22,"Protests","Germany"
"16868",2023-08-23,"Protests","Germany"
"16869",2023-08-23,"Protests","Germany"
"16870",2023-08-23,"Protests","Germany"
"16871",2023-08-23,"Protests","Germany"
"16872",2023-08-23,"Protests","Germany"
"16873",2023-08-24,"Protests","Germany"
"16874",2023-08-24,"Protests","Germany"
"16875",2023-08-24,"Protests","Germany"
"16876",2023-08-24,"Protests","Germany"
"16877",2023-08-24,"Protests","Germany"
"16878",2023-08-24,"Protests","Germany"
"16879",2023-08-24,"Protests","Germany"
"16880",2023-08-24,"Protests","Germany"
"16881",2023-08-24,"Protests","Germany"
"16882",2023-08-24,"Protests","Germany"
"16883",2023-08-24,"Protests","Germany"
"16884",2023-08-24,"Protests","Germany"
"16885",2023-08-24,"Protests","Germany"
"16886",2023-08-24,"Protests","Germany"
"16887",2023-08-24,"Protests","Germany"
"16888",2023-08-24,"Protests","Germany"
"16889",2023-08-24,"Protests","Germany"
"16890",2023-08-25,"Protests","Germany"
"16891",2023-08-25,"Protests","Germany"
"16892",2023-08-25,"Protests","Germany"
"16893",2023-08-25,"Protests","Germany"
"16894",2023-08-25,"Protests","Germany"
"16895",2023-08-25,"Protests","Germany"
"16896",2023-08-25,"Protests","Germany"
"16897",2023-08-25,"Protests","Germany"
"16898",2023-08-25,"Protests","Germany"
"16899",2023-08-25,"Protests","Germany"
"16900",2023-08-25,"Protests","Germany"
"16901",2023-08-26,"Protests","Germany"
"16902",2023-08-26,"Protests","Germany"
"16903",2023-08-26,"Strategic developments","Germany"
"16904",2023-08-26,"Strategic developments","Germany"
"16905",2023-08-26,"Protests","Germany"
"16906",2023-08-26,"Protests","Germany"
"16907",2023-08-26,"Protests","Germany"
"16908",2023-08-26,"Protests","Germany"
"16909",2023-08-26,"Protests","Germany"
"16910",2023-08-26,"Protests","Germany"
"16911",2023-08-26,"Protests","Germany"
"16912",2023-08-26,"Protests","Germany"
"16913",2023-08-26,"Protests","Germany"
"16914",2023-08-26,"Protests","Germany"
"16915",2023-08-27,"Protests","Germany"
"16916",2023-08-27,"Protests","Germany"
"16917",2023-08-27,"Protests","Germany"
"16918",2023-08-27,"Protests","Germany"
"16919",2023-08-27,"Protests","Germany"
"16920",2023-08-27,"Protests","Germany"
"16921",2023-08-28,"Protests","Germany"
"16922",2023-08-28,"Protests","Germany"
"16923",2023-08-28,"Protests","Germany"
"16924",2023-08-28,"Protests","Germany"
"16925",2023-08-28,"Protests","Germany"
"16926",2023-08-28,"Protests","Germany"
"16927",2023-08-28,"Protests","Germany"
"16928",2023-08-28,"Protests","Germany"
"16929",2023-08-29,"Protests","Germany"
"16930",2023-08-29,"Protests","Germany"
"16931",2023-08-29,"Protests","Germany"
"16932",2023-08-29,"Protests","Germany"
"16933",2023-08-29,"Protests","Germany"
"16934",2023-08-29,"Strategic developments","Germany"
"16935",2023-08-29,"Protests","Germany"
"16936",2023-08-29,"Protests","Germany"
"16937",2023-08-30,"Riots","Germany"
"16938",2023-08-30,"Protests","Germany"
"16939",2023-08-30,"Protests","Germany"
"16940",2023-08-30,"Protests","Germany"
"16941",2023-08-30,"Protests","Germany"
"16942",2023-08-30,"Protests","Germany"
"16943",2023-08-30,"Protests","Germany"
"16944",2023-08-30,"Protests","Germany"
"16945",2023-08-30,"Protests","Germany"
"16946",2023-08-31,"Riots","Germany"
"16947",2023-08-31,"Protests","Germany"
"16948",2023-08-31,"Protests","Germany"
"16949",2023-08-31,"Protests","Germany"
"16950",2023-08-31,"Protests","Germany"
"16951",2023-08-31,"Protests","Germany"
"16952",2023-09-01,"Protests","Germany"
"16953",2023-09-01,"Protests","Germany"
"16954",2023-09-01,"Protests","Germany"
"16955",2023-09-01,"Protests","Germany"
"16956",2023-09-01,"Protests","Germany"
"16957",2023-09-01,"Protests","Germany"
"16958",2023-09-01,"Protests","Germany"
"16959",2023-09-01,"Protests","Germany"
"16960",2023-09-01,"Protests","Germany"
"16961",2023-09-01,"Protests","Germany"
"16962",2023-09-01,"Protests","Germany"
"16963",2023-09-01,"Protests","Germany"
"16964",2023-09-02,"Protests","Germany"
"16965",2023-09-02,"Protests","Germany"
"16966",2023-09-02,"Protests","Germany"
"16967",2023-09-02,"Protests","Germany"
"16968",2023-09-02,"Protests","Germany"
"16969",2023-09-02,"Protests","Germany"
"16970",2023-09-02,"Protests","Germany"
"16971",2023-09-02,"Protests","Germany"
"16972",2023-09-02,"Protests","Germany"
"16973",2023-09-02,"Protests","Germany"
"16974",2023-09-02,"Protests","Germany"
"16975",2023-09-02,"Protests","Germany"
"16976",2023-09-02,"Protests","Germany"
"16977",2023-09-02,"Protests","Germany"
"16978",2023-09-02,"Protests","Germany"
"16979",2023-09-03,"Protests","Germany"
"16980",2023-09-03,"Protests","Germany"
"16981",2023-09-03,"Protests","Germany"
"16982",2023-09-03,"Protests","Germany"
"16983",2023-09-03,"Protests","Germany"
"16984",2023-09-03,"Protests","Germany"
"16985",2023-09-03,"Protests","Germany"
"16986",2023-09-04,"Strategic developments","Germany"
"16987",2023-09-04,"Protests","Germany"
"16988",2023-09-04,"Protests","Germany"
"16989",2023-09-04,"Protests","Germany"
"16990",2023-09-04,"Protests","Germany"
"16991",2023-09-04,"Protests","Germany"
"16992",2023-09-04,"Protests","Germany"
"16993",2023-09-04,"Protests","Germany"
"16994",2023-09-05,"Protests","Germany"
"16995",2023-09-05,"Protests","Germany"
"16996",2023-09-05,"Protests","Germany"
"16997",2023-09-05,"Protests","Germany"
"16998",2023-09-05,"Protests","Germany"
"16999",2023-09-05,"Protests","Germany"
"17000",2023-09-05,"Protests","Germany"
"17001",2023-09-05,"Protests","Germany"
"17002",2023-09-05,"Protests","Germany"
"17003",2023-09-05,"Protests","Germany"
"17004",2023-09-05,"Protests","Germany"
"17005",2023-09-06,"Protests","Germany"
"17006",2023-09-06,"Protests","Germany"
"17007",2023-09-06,"Protests","Germany"
"17008",2023-09-06,"Protests","Germany"
"17009",2023-09-06,"Protests","Germany"
"17010",2023-09-06,"Protests","Germany"
"17011",2023-09-06,"Protests","Germany"
"17012",2023-09-06,"Protests","Germany"
"17013",2023-09-06,"Protests","Germany"
"17014",2023-09-06,"Protests","Germany"
"17015",2023-09-06,"Protests","Germany"
"17016",2023-09-06,"Protests","Germany"
"17017",2023-09-07,"Protests","Germany"
"17018",2023-09-07,"Protests","Germany"
"17019",2023-09-07,"Protests","Germany"
"17020",2023-09-07,"Protests","Germany"
"17021",2023-09-07,"Protests","Germany"
"17022",2023-09-07,"Protests","Germany"
"17023",2023-09-07,"Protests","Germany"
"17024",2023-09-07,"Protests","Germany"
"17025",2023-09-07,"Protests","Germany"
"17026",2023-09-07,"Protests","Germany"
"17027",2023-09-08,"Strategic developments","Germany"
"17028",2023-09-08,"Protests","Germany"
"17029",2023-09-08,"Protests","Germany"
"17030",2023-09-08,"Protests","Germany"
"17031",2023-09-08,"Riots","Germany"
"17032",2023-09-08,"Protests","Germany"
"17033",2023-09-08,"Protests","Germany"
"17034",2023-09-09,"Protests","Germany"
"17035",2023-09-09,"Protests","Germany"
"17036",2023-09-09,"Protests","Germany"
"17037",2023-09-09,"Protests","Germany"
"17038",2023-09-09,"Protests","Germany"
"17039",2023-09-09,"Protests","Germany"
"17040",2023-09-09,"Protests","Germany"
"17041",2023-09-09,"Protests","Germany"
"17042",2023-09-09,"Riots","Germany"
"17043",2023-09-09,"Protests","Germany"
"17044",2023-09-09,"Protests","Germany"
"17045",2023-09-10,"Protests","Germany"
"17046",2023-09-10,"Protests","Germany"
"17047",2023-09-10,"Protests","Germany"
"17048",2023-09-10,"Protests","Germany"
"17049",2023-09-10,"Protests","Germany"
"17050",2023-09-10,"Protests","Germany"
"17051",2023-09-10,"Protests","Germany"
"17052",2023-09-10,"Protests","Germany"
"17053",2023-09-10,"Protests","Germany"
"17054",2023-09-10,"Protests","Germany"
"17055",2023-09-11,"Protests","Germany"
"17056",2023-09-11,"Protests","Germany"
"17057",2023-09-11,"Protests","Germany"
"17058",2023-09-11,"Protests","Germany"
"17059",2023-09-11,"Protests","Germany"
"17060",2023-09-11,"Protests","Germany"
"17061",2023-09-11,"Protests","Germany"
"17062",2023-09-11,"Strategic developments","Germany"
"17063",2023-09-12,"Protests","Germany"
"17064",2023-09-12,"Protests","Germany"
"17065",2023-09-12,"Protests","Germany"
"17066",2023-09-12,"Protests","Germany"
"17067",2023-09-12,"Protests","Germany"
"17068",2023-09-12,"Protests","Germany"
"17069",2023-09-12,"Protests","Germany"
"17070",2023-09-12,"Protests","Germany"
"17071",2023-09-12,"Protests","Germany"
"17072",2023-09-12,"Protests","Germany"
"17073",2023-09-12,"Protests","Germany"
"17074",2023-09-12,"Protests","Germany"
"17075",2023-09-13,"Protests","Germany"
"17076",2023-09-13,"Protests","Germany"
"17077",2023-09-13,"Protests","Germany"
"17078",2023-09-13,"Protests","Germany"
"17079",2023-09-13,"Strategic developments","Germany"
"17080",2023-09-13,"Protests","Germany"
"17081",2023-09-13,"Protests","Germany"
"17082",2023-09-13,"Protests","Germany"
"17083",2023-09-13,"Protests","Germany"
"17084",2023-09-14,"Protests","Germany"
"17085",2023-09-14,"Protests","Germany"
"17086",2023-09-14,"Protests","Germany"
"17087",2023-09-14,"Protests","Germany"
"17088",2023-09-14,"Protests","Germany"
"17089",2023-09-14,"Protests","Germany"
"17090",2023-09-14,"Protests","Germany"
"17091",2023-09-15,"Protests","Germany"
"17092",2023-09-15,"Protests","Germany"
"17093",2023-09-15,"Protests","Germany"
"17094",2023-09-15,"Protests","Germany"
"17095",2023-09-15,"Protests","Germany"
"17096",2023-09-15,"Protests","Germany"
"17097",2023-09-15,"Protests","Germany"
"17098",2023-09-15,"Protests","Germany"
"17099",2023-09-15,"Protests","Germany"
"17100",2023-09-15,"Protests","Germany"
"17101",2023-09-15,"Protests","Germany"
"17102",2023-09-15,"Protests","Germany"
"17103",2023-09-15,"Protests","Germany"
"17104",2023-09-15,"Protests","Germany"
"17105",2023-09-15,"Protests","Germany"
"17106",2023-09-15,"Protests","Germany"
"17107",2023-09-15,"Protests","Germany"
"17108",2023-09-15,"Protests","Germany"
"17109",2023-09-15,"Protests","Germany"
"17110",2023-09-15,"Protests","Germany"
"17111",2023-09-15,"Protests","Germany"
"17112",2023-09-15,"Protests","Germany"
"17113",2023-09-15,"Protests","Germany"
"17114",2023-09-15,"Protests","Germany"
"17115",2023-09-15,"Protests","Germany"
"17116",2023-09-15,"Protests","Germany"
"17117",2023-09-15,"Protests","Germany"
"17118",2023-09-15,"Protests","Germany"
"17119",2023-09-15,"Protests","Germany"
"17120",2023-09-15,"Protests","Germany"
"17121",2023-09-15,"Protests","Germany"
"17122",2023-09-15,"Protests","Germany"
"17123",2023-09-15,"Protests","Germany"
"17124",2023-09-15,"Protests","Germany"
"17125",2023-09-15,"Protests","Germany"
"17126",2023-09-15,"Protests","Germany"
"17127",2023-09-15,"Protests","Germany"
"17128",2023-09-15,"Protests","Germany"
"17129",2023-09-15,"Protests","Germany"
"17130",2023-09-15,"Protests","Germany"
"17131",2023-09-15,"Protests","Germany"
"17132",2023-09-15,"Protests","Germany"
"17133",2023-09-15,"Protests","Germany"
"17134",2023-09-15,"Protests","Germany"
"17135",2023-09-15,"Protests","Germany"
"17136",2023-09-15,"Protests","Germany"
"17137",2023-09-15,"Protests","Germany"
"17138",2023-09-15,"Protests","Germany"
"17139",2023-09-15,"Protests","Germany"
"17140",2023-09-15,"Protests","Germany"
"17141",2023-09-15,"Protests","Germany"
"17142",2023-09-15,"Protests","Germany"
"17143",2023-09-15,"Protests","Germany"
"17144",2023-09-15,"Protests","Germany"
"17145",2023-09-15,"Protests","Germany"
"17146",2023-09-15,"Protests","Germany"
"17147",2023-09-15,"Protests","Germany"
"17148",2023-09-15,"Protests","Germany"
"17149",2023-09-15,"Protests","Germany"
"17150",2023-09-15,"Protests","Germany"
"17151",2023-09-15,"Protests","Germany"
"17152",2023-09-15,"Protests","Germany"
"17153",2023-09-15,"Protests","Germany"
"17154",2023-09-15,"Protests","Germany"
"17155",2023-09-15,"Protests","Germany"
"17156",2023-09-15,"Protests","Germany"
"17157",2023-09-15,"Protests","Germany"
"17158",2023-09-15,"Protests","Germany"
"17159",2023-09-15,"Protests","Germany"
"17160",2023-09-15,"Protests","Germany"
"17161",2023-09-15,"Protests","Germany"
"17162",2023-09-15,"Protests","Germany"
"17163",2023-09-15,"Protests","Germany"
"17164",2023-09-15,"Protests","Germany"
"17165",2023-09-15,"Protests","Germany"
"17166",2023-09-15,"Protests","Germany"
"17167",2023-09-15,"Protests","Germany"
"17168",2023-09-15,"Protests","Germany"
"17169",2023-09-15,"Protests","Germany"
"17170",2023-09-16,"Protests","Germany"
"17171",2023-09-16,"Protests","Germany"
"17172",2023-09-16,"Protests","Germany"
"17173",2023-09-16,"Protests","Germany"
"17174",2023-09-16,"Protests","Germany"
"17175",2023-09-16,"Protests","Germany"
"17176",2023-09-16,"Protests","Germany"
"17177",2023-09-16,"Protests","Germany"
"17178",2023-09-16,"Protests","Germany"
"17179",2023-09-16,"Protests","Germany"
"17180",2023-09-16,"Protests","Germany"
"17181",2023-09-16,"Protests","Germany"
"17182",2023-09-16,"Protests","Germany"
"17183",2023-09-16,"Protests","Germany"
"17184",2023-09-16,"Protests","Germany"
"17185",2023-09-16,"Protests","Germany"
"17186",2023-09-16,"Protests","Germany"
"17187",2023-09-16,"Protests","Germany"
"17188",2023-09-16,"Riots","Germany"
"17189",2023-09-16,"Riots","Germany"
"17190",2023-09-16,"Riots","Germany"
"17191",2023-09-16,"Riots","Germany"
"17192",2023-09-17,"Protests","Germany"
"17193",2023-09-17,"Protests","Germany"
"17194",2023-09-17,"Riots","Germany"
"17195",2023-09-18,"Protests","Germany"
"17196",2023-09-18,"Protests","Germany"
"17197",2023-09-18,"Protests","Germany"
"17198",2023-09-18,"Protests","Germany"
"17199",2023-09-18,"Protests","Germany"
"17200",2023-09-18,"Protests","Germany"
"17201",2023-09-18,"Protests","Germany"
"17202",2023-09-18,"Protests","Germany"
"17203",2023-09-18,"Protests","Germany"
"17204",2023-09-18,"Protests","Germany"
"17205",2023-09-18,"Protests","Germany"
"17206",2023-09-18,"Protests","Germany"
"17207",2023-09-18,"Protests","Germany"
"17208",2023-09-19,"Protests","Germany"
"17209",2023-09-19,"Riots","Germany"
"17210",2023-09-19,"Protests","Germany"
"17211",2023-09-20,"Protests","Germany"
"17212",2023-09-20,"Protests","Germany"
"17213",2023-09-20,"Protests","Germany"
"17214",2023-09-20,"Protests","Germany"
"17215",2023-09-20,"Protests","Germany"
"17216",2023-09-20,"Protests","Germany"
"17217",2023-09-20,"Protests","Germany"
"17218",2023-09-20,"Protests","Germany"
"17219",2023-09-20,"Protests","Germany"
"17220",2023-09-20,"Protests","Germany"
"17221",2023-09-20,"Protests","Germany"
"17222",2023-09-20,"Protests","Germany"
"17223",2023-09-20,"Protests","Germany"
"17224",2023-09-20,"Protests","Germany"
"17225",2023-09-20,"Protests","Germany"
"17226",2023-09-20,"Protests","Germany"
"17227",2023-09-20,"Protests","Germany"
"17228",2023-09-20,"Protests","Germany"
"17229",2023-09-20,"Protests","Germany"
"17230",2023-09-20,"Protests","Germany"
"17231",2023-09-20,"Protests","Germany"
"17232",2023-09-20,"Protests","Germany"
"17233",2023-09-20,"Protests","Germany"
"17234",2023-09-20,"Protests","Germany"
"17235",2023-09-21,"Protests","Germany"
"17236",2023-09-21,"Protests","Germany"
"17237",2023-09-21,"Protests","Germany"
"17238",2023-09-21,"Protests","Germany"
"17239",2023-09-21,"Protests","Germany"
"17240",2023-09-21,"Protests","Germany"
"17241",2023-09-21,"Strategic developments","Germany"
"17242",2023-09-21,"Protests","Germany"
"17243",2023-09-21,"Protests","Germany"
"17244",2023-09-21,"Protests","Germany"
"17245",2023-09-21,"Protests","Germany"
"17246",2023-09-21,"Protests","Germany"
"17247",2023-09-21,"Protests","Germany"
"17248",2023-09-21,"Protests","Germany"
"17249",2023-09-22,"Protests","Germany"
"17250",2023-09-22,"Protests","Germany"
"17251",2023-09-22,"Protests","Germany"
"17252",2023-09-22,"Riots","Germany"
"17253",2023-09-22,"Protests","Germany"
"17254",2023-09-22,"Protests","Germany"
"17255",2023-09-23,"Protests","Germany"
"17256",2023-09-23,"Protests","Germany"
"17257",2023-09-23,"Protests","Germany"
"17258",2023-09-23,"Protests","Germany"
"17259",2023-09-23,"Protests","Germany"
"17260",2023-09-23,"Protests","Germany"
"17261",2023-09-23,"Protests","Germany"
"17262",2023-09-23,"Protests","Germany"
"17263",2023-09-23,"Protests","Germany"
"17264",2023-09-23,"Protests","Germany"
"17265",2023-09-23,"Protests","Germany"
"17266",2023-09-23,"Protests","Germany"
"17267",2023-09-23,"Protests","Germany"
"17268",2023-09-23,"Protests","Germany"
"17269",2023-09-23,"Protests","Germany"
"17270",2023-09-23,"Protests","Germany"
"17271",2023-09-23,"Protests","Germany"
"17272",2023-09-23,"Protests","Germany"
"17273",2023-09-23,"Protests","Germany"
"17274",2023-09-23,"Protests","Germany"
"17275",2023-09-23,"Protests","Germany"
"17276",2023-09-23,"Protests","Germany"
"17277",2023-09-23,"Protests","Germany"
"17278",2023-09-23,"Protests","Germany"
"17279",2023-09-23,"Protests","Germany"
"17280",2023-09-23,"Protests","Germany"
"17281",2023-09-23,"Protests","Germany"
"17282",2023-09-23,"Protests","Germany"
"17283",2023-09-23,"Protests","Germany"
"17284",2023-09-23,"Protests","Germany"
"17285",2023-09-23,"Protests","Germany"
"17286",2023-09-23,"Protests","Germany"
"17287",2023-09-23,"Protests","Germany"
"17288",2023-09-23,"Protests","Germany"
"17289",2023-09-23,"Protests","Germany"
"17290",2023-09-23,"Protests","Germany"
"17291",2023-09-23,"Protests","Germany"
"17292",2023-09-24,"Protests","Germany"
"17293",2023-09-24,"Protests","Germany"
"17294",2023-09-24,"Protests","Germany"
"17295",2023-09-24,"Protests","Germany"
"17296",2023-09-24,"Protests","Germany"
"17297",2023-09-24,"Protests","Germany"
"17298",2023-09-24,"Protests","Germany"
"17299",2023-09-24,"Protests","Germany"
"17300",2023-09-24,"Protests","Germany"
"17301",2023-09-24,"Protests","Germany"
"17302",2023-09-24,"Protests","Germany"
"17303",2023-09-24,"Protests","Germany"
"17304",2023-09-25,"Protests","Germany"
"17305",2023-09-25,"Protests","Germany"
"17306",2023-09-25,"Protests","Germany"
"17307",2023-09-25,"Protests","Germany"
"17308",2023-09-25,"Protests","Germany"
"17309",2023-09-25,"Protests","Germany"
"17310",2023-09-25,"Protests","Germany"
"17311",2023-09-25,"Protests","Germany"
"17312",2023-09-25,"Protests","Germany"
"17313",2023-09-25,"Protests","Germany"
"17314",2023-09-25,"Protests","Germany"
"17315",2023-09-25,"Protests","Germany"
"17316",2023-09-25,"Protests","Germany"
"17317",2023-09-25,"Protests","Germany"
"17318",2023-09-25,"Protests","Germany"
"17319",2023-09-25,"Protests","Germany"
"17320",2023-09-26,"Protests","Germany"
"17321",2023-09-26,"Protests","Germany"
"17322",2023-09-26,"Protests","Germany"
"17323",2023-09-26,"Protests","Germany"
"17324",2023-09-26,"Protests","Germany"
"17325",2023-09-26,"Protests","Germany"
"17326",2023-09-26,"Riots","Germany"
"17327",2023-09-26,"Protests","Germany"
"17328",2023-09-26,"Protests","Germany"
"17329",2023-09-27,"Protests","Germany"
"17330",2023-09-27,"Protests","Germany"
"17331",2023-09-27,"Protests","Germany"
"17332",2023-09-27,"Protests","Germany"
"17333",2023-09-27,"Protests","Germany"
"17334",2023-09-27,"Protests","Germany"
"17335",2023-09-27,"Protests","Germany"
"17336",2023-09-28,"Protests","Germany"
"17337",2023-09-28,"Protests","Germany"
"17338",2023-09-28,"Protests","Germany"
"17339",2023-09-28,"Protests","Germany"
"17340",2023-09-28,"Protests","Germany"
"17341",2023-09-29,"Protests","Germany"
"17342",2023-09-29,"Strategic developments","Germany"
"17343",2023-09-29,"Protests","Germany"
"17344",2023-09-29,"Protests","Germany"
"17345",2023-09-29,"Protests","Germany"
"17346",2023-09-29,"Riots","Germany"
"17347",2023-09-30,"Protests","Germany"
"17348",2023-09-30,"Protests","Germany"
"17349",2023-09-30,"Protests","Germany"
"17350",2023-09-30,"Protests","Germany"
"17351",2023-09-30,"Protests","Germany"
"17352",2023-09-30,"Protests","Germany"
"17353",2023-09-30,"Protests","Germany"
"17354",2023-09-30,"Protests","Germany"
"17355",2023-09-30,"Protests","Germany"
"17356",2023-09-30,"Protests","Germany"
"17357",2023-10-01,"Protests","Germany"
"17358",2023-10-01,"Protests","Germany"
"17359",2023-10-01,"Protests","Germany"
"17360",2023-10-02,"Protests","Germany"
"17361",2023-10-02,"Protests","Germany"
"17362",2023-10-02,"Protests","Germany"
"17363",2023-10-02,"Protests","Germany"
"17364",2023-10-02,"Protests","Germany"
"17365",2023-10-02,"Protests","Germany"
"17366",2023-10-02,"Protests","Germany"
"17367",2023-10-02,"Strategic developments","Germany"
"17368",2023-10-02,"Protests","Germany"
"17369",2023-10-02,"Protests","Germany"
"17370",2023-10-03,"Protests","Germany"
"17371",2023-10-03,"Protests","Germany"
"17372",2023-10-03,"Protests","Germany"
"17373",2023-10-03,"Protests","Germany"
"17374",2023-10-03,"Protests","Germany"
"17375",2023-10-03,"Protests","Germany"
"17376",2023-10-03,"Protests","Germany"
"17377",2023-10-03,"Protests","Germany"
"17378",2023-10-04,"Strategic developments","Germany"
"17379",2023-10-04,"Protests","Germany"
"17380",2023-10-04,"Protests","Germany"
"17381",2023-10-04,"Protests","Germany"
"17382",2023-10-04,"Protests","Germany"
"17383",2023-10-05,"Protests","Germany"
"17384",2023-10-05,"Protests","Germany"
"17385",2023-10-05,"Protests","Germany"
"17386",2023-10-05,"Protests","Germany"
"17387",2023-10-05,"Protests","Germany"
"17388",2023-10-05,"Protests","Germany"
"17389",2023-10-05,"Protests","Germany"
"17390",2023-10-05,"Protests","Germany"
"17391",2023-10-05,"Protests","Germany"
"17392",2023-10-06,"Protests","Germany"
"17393",2023-10-06,"Protests","Germany"
"17394",2023-10-06,"Strategic developments","Germany"
"17395",2023-10-06,"Protests","Germany"
"17396",2023-10-06,"Protests","Germany"
"17397",2023-10-06,"Protests","Germany"
"17398",2023-10-06,"Protests","Germany"
"17399",2023-10-06,"Strategic developments","Germany"
"17400",2023-10-06,"Strategic developments","Germany"
"17401",2023-10-07,"Protests","Germany"
"17402",2023-10-07,"Protests","Germany"
"17403",2023-10-07,"Strategic developments","Germany"
"17404",2023-10-07,"Protests","Germany"
"17405",2023-10-07,"Protests","Germany"
"17406",2023-10-07,"Protests","Germany"
"17407",2023-10-07,"Protests","Germany"
"17408",2023-10-07,"Protests","Germany"
"17409",2023-10-07,"Protests","Germany"
"17410",2023-10-07,"Protests","Germany"
"17411",2023-10-07,"Protests","Germany"
"17412",2023-10-07,"Protests","Germany"
"17413",2023-10-07,"Riots","Germany"
"17414",2023-10-07,"Riots","Germany"
"17415",2023-10-08,"Protests","Germany"
"17416",2023-10-08,"Protests","Germany"
"17417",2023-10-08,"Protests","Germany"
"17418",2023-10-08,"Protests","Germany"
"17419",2023-10-08,"Protests","Germany"
"17420",2023-10-08,"Protests","Germany"
"17421",2023-10-08,"Protests","Germany"
"17422",2023-10-08,"Protests","Germany"
"17423",2023-10-08,"Protests","Germany"
"17424",2023-10-08,"Protests","Germany"
"17425",2023-10-08,"Protests","Germany"
"17426",2023-10-09,"Protests","Germany"
"17427",2023-10-09,"Protests","Germany"
"17428",2023-10-09,"Protests","Germany"
"17429",2023-10-09,"Protests","Germany"
"17430",2023-10-09,"Protests","Germany"
"17431",2023-10-09,"Protests","Germany"
"17432",2023-10-09,"Protests","Germany"
"17433",2023-10-09,"Protests","Germany"
"17434",2023-10-09,"Protests","Germany"
"17435",2023-10-09,"Protests","Germany"
"17436",2023-10-09,"Protests","Germany"
"17437",2023-10-09,"Protests","Germany"
"17438",2023-10-09,"Protests","Germany"
"17439",2023-10-09,"Strategic developments","Germany"
"17440",2023-10-09,"Protests","Germany"
"17441",2023-10-09,"Protests","Germany"
"17442",2023-10-09,"Protests","Germany"
"17443",2023-10-09,"Protests","Germany"
"17444",2023-10-09,"Protests","Germany"
"17445",2023-10-09,"Protests","Germany"
"17446",2023-10-09,"Protests","Germany"
"17447",2023-10-09,"Riots","Germany"
"17448",2023-10-10,"Protests","Germany"
"17449",2023-10-10,"Protests","Germany"
"17450",2023-10-10,"Protests","Germany"
"17451",2023-10-10,"Protests","Germany"
"17452",2023-10-10,"Protests","Germany"
"17453",2023-10-10,"Protests","Germany"
"17454",2023-10-10,"Protests","Germany"
"17455",2023-10-10,"Protests","Germany"
"17456",2023-10-10,"Protests","Germany"
"17457",2023-10-10,"Protests","Germany"
"17458",2023-10-10,"Riots","Germany"
"17459",2023-10-10,"Protests","Germany"
"17460",2023-10-11,"Protests","Germany"
"17461",2023-10-11,"Protests","Germany"
"17462",2023-10-11,"Protests","Germany"
"17463",2023-10-11,"Riots","Germany"
"17464",2023-10-11,"Protests","Germany"
"17465",2023-10-11,"Protests","Germany"
"17466",2023-10-11,"Protests","Germany"
"17467",2023-10-11,"Protests","Germany"
"17468",2023-10-11,"Protests","Germany"
"17469",2023-10-12,"Protests","Germany"
"17470",2023-10-12,"Protests","Germany"
"17471",2023-10-12,"Strategic developments","Germany"
"17472",2023-10-12,"Protests","Germany"
"17473",2023-10-12,"Protests","Germany"
"17474",2023-10-12,"Protests","Germany"
"17475",2023-10-12,"Protests","Germany"
"17476",2023-10-12,"Protests","Germany"
"17477",2023-10-12,"Protests","Germany"
"17478",2023-10-12,"Protests","Germany"
"17479",2023-10-12,"Protests","Germany"
"17480",2023-10-12,"Protests","Germany"
"17481",2023-10-12,"Protests","Germany"
"17482",2023-10-13,"Protests","Germany"
"17483",2023-10-13,"Protests","Germany"
"17484",2023-10-13,"Protests","Germany"
"17485",2023-10-13,"Protests","Germany"
"17486",2023-10-13,"Protests","Germany"
"17487",2023-10-13,"Protests","Germany"
"17488",2023-10-13,"Riots","Germany"
"17489",2023-10-13,"Protests","Germany"
"17490",2023-10-14,"Protests","Germany"
"17491",2023-10-14,"Protests","Germany"
"17492",2023-10-14,"Protests","Germany"
"17493",2023-10-14,"Strategic developments","Germany"
"17494",2023-10-14,"Protests","Germany"
"17495",2023-10-14,"Protests","Germany"
"17496",2023-10-14,"Protests","Germany"
"17497",2023-10-14,"Protests","Germany"
"17498",2023-10-14,"Protests","Germany"
"17499",2023-10-14,"Protests","Germany"
"17500",2023-10-14,"Protests","Germany"
"17501",2023-10-14,"Protests","Germany"
"17502",2023-10-14,"Protests","Germany"
"17503",2023-10-14,"Protests","Germany"
"17504",2023-10-14,"Protests","Germany"
"17505",2023-10-14,"Protests","Germany"
"17506",2023-10-14,"Protests","Germany"
"17507",2023-10-14,"Protests","Germany"
"17508",2023-10-14,"Protests","Germany"
"17509",2023-10-14,"Protests","Germany"
"17510",2023-10-14,"Protests","Germany"
"17511",2023-10-14,"Protests","Germany"
"17512",2023-10-14,"Riots","Germany"
"17513",2023-10-14,"Protests","Germany"
"17514",2023-10-14,"Protests","Germany"
"17515",2023-10-14,"Riots","Germany"
"17516",2023-10-14,"Protests","Germany"
"17517",2023-10-15,"Protests","Germany"
"17518",2023-10-15,"Protests","Germany"
"17519",2023-10-15,"Protests","Germany"
"17520",2023-10-15,"Protests","Germany"
"17521",2023-10-15,"Protests","Germany"
"17522",2023-10-15,"Protests","Germany"
"17523",2023-10-15,"Protests","Germany"
"17524",2023-10-15,"Protests","Germany"
"17525",2023-10-15,"Protests","Germany"
"17526",2023-10-15,"Protests","Germany"
"17527",2023-10-15,"Protests","Germany"
"17528",2023-10-15,"Riots","Germany"
"17529",2023-10-15,"Riots","Germany"
"17530",2023-10-15,"Protests","Germany"
"17531",2023-10-16,"Protests","Germany"
"17532",2023-10-16,"Protests","Germany"
"17533",2023-10-16,"Protests","Germany"
"17534",2023-10-16,"Protests","Germany"
"17535",2023-10-16,"Protests","Germany"
"17536",2023-10-16,"Protests","Germany"
"17537",2023-10-16,"Protests","Germany"
"17538",2023-10-16,"Protests","Germany"
"17539",2023-10-17,"Protests","Germany"
"17540",2023-10-17,"Protests","Germany"
"17541",2023-10-17,"Strategic developments","Germany"
"17542",2023-10-17,"Protests","Germany"
"17543",2023-10-17,"Riots","Germany"
"17544",2023-10-17,"Riots","Germany"
"17545",2023-10-18,"Protests","Germany"
"17546",2023-10-18,"Strategic developments","Germany"
"17547",2023-10-18,"Protests","Germany"
"17548",2023-10-18,"Protests","Germany"
"17549",2023-10-18,"Protests","Germany"
"17550",2023-10-18,"Strategic developments","Germany"
"17551",2023-10-18,"Protests","Germany"
"17552",2023-10-18,"Protests","Germany"
"17553",2023-10-18,"Protests","Germany"
"17554",2023-10-18,"Protests","Germany"
"17555",2023-10-18,"Protests","Germany"
"17556",2023-10-18,"Protests","Germany"
"17557",2023-10-18,"Protests","Germany"
"17558",2023-10-18,"Protests","Germany"
"17559",2023-10-18,"Protests","Germany"
"17560",2023-10-18,"Protests","Germany"
"17561",2023-10-18,"Protests","Germany"
"17562",2023-10-18,"Protests","Germany"
"17563",2023-10-18,"Riots","Germany"
"17564",2023-10-18,"Protests","Germany"
"17565",2023-10-18,"Protests","Germany"
"17566",2023-10-18,"Protests","Germany"
"17567",2023-10-18,"Protests","Germany"
"17568",2023-10-19,"Protests","Germany"
"17569",2023-10-19,"Protests","Germany"
"17570",2023-10-19,"Protests","Germany"
"17571",2023-10-19,"Strategic developments","Germany"
"17572",2023-10-19,"Protests","Germany"
"17573",2023-10-19,"Protests","Germany"
"17574",2023-10-19,"Protests","Germany"
"17575",2023-10-19,"Protests","Germany"
"17576",2023-10-19,"Protests","Germany"
"17577",2023-10-19,"Protests","Germany"
"17578",2023-10-19,"Protests","Germany"
"17579",2023-10-19,"Protests","Germany"
"17580",2023-10-19,"Protests","Germany"
"17581",2023-10-19,"Strategic developments","Germany"
"17582",2023-10-19,"Protests","Germany"
"17583",2023-10-19,"Protests","Germany"
"17584",2023-10-19,"Protests","Germany"
"17585",2023-10-19,"Protests","Germany"
"17586",2023-10-19,"Protests","Germany"
"17587",2023-10-19,"Protests","Germany"
"17588",2023-10-20,"Protests","Germany"
"17589",2023-10-20,"Protests","Germany"
"17590",2023-10-20,"Protests","Germany"
"17591",2023-10-20,"Protests","Germany"
"17592",2023-10-20,"Protests","Germany"
"17593",2023-10-20,"Protests","Germany"
"17594",2023-10-20,"Protests","Germany"
"17595",2023-10-20,"Protests","Germany"
"17596",2023-10-20,"Protests","Germany"
"17597",2023-10-20,"Protests","Germany"
"17598",2023-10-20,"Protests","Germany"
"17599",2023-10-20,"Protests","Germany"
"17600",2023-10-20,"Protests","Germany"
"17601",2023-10-20,"Protests","Germany"
"17602",2023-10-20,"Protests","Germany"
"17603",2023-10-20,"Protests","Germany"
"17604",2023-10-20,"Protests","Germany"
"17605",2023-10-20,"Protests","Germany"
"17606",2023-10-20,"Protests","Germany"
"17607",2023-10-20,"Protests","Germany"
"17608",2023-10-20,"Protests","Germany"
"17609",2023-10-20,"Protests","Germany"
"17610",2023-10-21,"Protests","Germany"
"17611",2023-10-21,"Protests","Germany"
"17612",2023-10-21,"Protests","Germany"
"17613",2023-10-21,"Protests","Germany"
"17614",2023-10-21,"Protests","Germany"
"17615",2023-10-21,"Protests","Germany"
"17616",2023-10-21,"Protests","Germany"
"17617",2023-10-21,"Protests","Germany"
"17618",2023-10-21,"Protests","Germany"
"17619",2023-10-21,"Protests","Germany"
"17620",2023-10-21,"Protests","Germany"
"17621",2023-10-21,"Protests","Germany"
"17622",2023-10-21,"Protests","Germany"
"17623",2023-10-21,"Protests","Germany"
"17624",2023-10-21,"Protests","Germany"
"17625",2023-10-21,"Protests","Germany"
"17626",2023-10-21,"Protests","Germany"
"17627",2023-10-21,"Protests","Germany"
"17628",2023-10-21,"Strategic developments","Germany"
"17629",2023-10-21,"Protests","Germany"
"17630",2023-10-21,"Protests","Germany"
"17631",2023-10-21,"Protests","Germany"
"17632",2023-10-21,"Protests","Germany"
"17633",2023-10-21,"Protests","Germany"
"17634",2023-10-21,"Protests","Germany"
"17635",2023-10-21,"Protests","Germany"
"17636",2023-10-21,"Protests","Germany"
"17637",2023-10-21,"Protests","Germany"
"17638",2023-10-21,"Protests","Germany"
"17639",2023-10-21,"Protests","Germany"
"17640",2023-10-21,"Protests","Germany"
"17641",2023-10-21,"Strategic developments","Germany"
"17642",2023-10-21,"Riots","Germany"
"17643",2023-10-21,"Protests","Germany"
"17644",2023-10-21,"Protests","Germany"
"17645",2023-10-21,"Riots","Germany"
"17646",2023-10-22,"Protests","Germany"
"17647",2023-10-22,"Protests","Germany"
"17648",2023-10-22,"Protests","Germany"
"17649",2023-10-22,"Strategic developments","Germany"
"17650",2023-10-22,"Protests","Germany"
"17651",2023-10-22,"Protests","Germany"
"17652",2023-10-22,"Protests","Germany"
"17653",2023-10-22,"Protests","Germany"
"17654",2023-10-22,"Protests","Germany"
"17655",2023-10-22,"Protests","Germany"
"17656",2023-10-22,"Protests","Germany"
"17657",2023-10-22,"Protests","Germany"
"17658",2023-10-22,"Protests","Germany"
"17659",2023-10-22,"Protests","Germany"
"17660",2023-10-22,"Protests","Germany"
"17661",2023-10-22,"Protests","Germany"
"17662",2023-10-22,"Protests","Germany"
"17663",2023-10-22,"Protests","Germany"
"17664",2023-10-22,"Protests","Germany"
"17665",2023-10-22,"Riots","Germany"
"17666",2023-10-23,"Protests","Germany"
"17667",2023-10-23,"Strategic developments","Germany"
"17668",2023-10-23,"Protests","Germany"
"17669",2023-10-23,"Protests","Germany"
"17670",2023-10-23,"Protests","Germany"
"17671",2023-10-23,"Protests","Germany"
"17672",2023-10-23,"Riots","Germany"
"17673",2023-10-23,"Strategic developments","Germany"
"17674",2023-10-23,"Protests","Germany"
"17675",2023-10-24,"Protests","Germany"
"17676",2023-10-24,"Protests","Germany"
"17677",2023-10-24,"Strategic developments","Germany"
"17678",2023-10-24,"Protests","Germany"
"17679",2023-10-24,"Strategic developments","Germany"
"17680",2023-10-24,"Protests","Germany"
"17681",2023-10-24,"Protests","Germany"
"17682",2023-10-24,"Protests","Germany"
"17683",2023-10-25,"Protests","Germany"
"17684",2023-10-25,"Protests","Germany"
"17685",2023-10-25,"Protests","Germany"
"17686",2023-10-25,"Protests","Germany"
"17687",2023-10-25,"Protests","Germany"
"17688",2023-10-25,"Protests","Germany"
"17689",2023-10-25,"Protests","Germany"
"17690",2023-10-25,"Protests","Germany"
"17691",2023-10-25,"Protests","Germany"
"17692",2023-10-25,"Protests","Germany"
"17693",2023-10-26,"Protests","Germany"
"17694",2023-10-26,"Protests","Germany"
"17695",2023-10-26,"Protests","Germany"
"17696",2023-10-26,"Protests","Germany"
"17697",2023-10-27,"Protests","Germany"
"17698",2023-10-27,"Riots","Germany"
"17699",2023-10-27,"Protests","Germany"
"17700",2023-10-27,"Protests","Germany"
"17701",2023-10-27,"Protests","Germany"
"17702",2023-10-27,"Protests","Germany"
"17703",2023-10-27,"Protests","Germany"
"17704",2023-10-27,"Protests","Germany"
"17705",2023-10-27,"Protests","Germany"
"17706",2023-10-27,"Protests","Germany"
"17707",2023-10-27,"Protests","Germany"
"17708",2023-10-27,"Protests","Germany"
"17709",2023-10-27,"Protests","Germany"
"17710",2023-10-27,"Protests","Germany"
"17711",2023-10-27,"Protests","Germany"
"17712",2023-10-27,"Protests","Germany"
"17713",2023-10-27,"Protests","Germany"
"17714",2023-10-27,"Riots","Germany"
"17715",2023-10-28,"Protests","Germany"
"17716",2023-10-28,"Protests","Germany"
"17717",2023-10-28,"Protests","Germany"
"17718",2023-10-28,"Protests","Germany"
"17719",2023-10-28,"Protests","Germany"
"17720",2023-10-28,"Protests","Germany"
"17721",2023-10-28,"Protests","Germany"
"17722",2023-10-28,"Protests","Germany"
"17723",2023-10-28,"Protests","Germany"
"17724",2023-10-28,"Protests","Germany"
"17725",2023-10-28,"Protests","Germany"
"17726",2023-10-28,"Protests","Germany"
"17727",2023-10-28,"Protests","Germany"
"17728",2023-10-28,"Protests","Germany"
"17729",2023-10-28,"Protests","Germany"
"17730",2023-10-28,"Protests","Germany"
"17731",2023-10-28,"Protests","Germany"
"17732",2023-10-28,"Protests","Germany"
"17733",2023-10-28,"Protests","Germany"
"17734",2023-10-28,"Protests","Germany"
"17735",2023-10-28,"Protests","Germany"
"17736",2023-10-28,"Protests","Germany"
"17737",2023-10-28,"Protests","Germany"
"17738",2023-10-28,"Protests","Germany"
"17739",2023-10-28,"Protests","Germany"
"17740",2023-10-28,"Protests","Germany"
"17741",2023-10-28,"Protests","Germany"
"17742",2023-10-28,"Protests","Germany"
"17743",2023-10-28,"Protests","Germany"
"17744",2023-10-28,"Protests","Germany"
"17745",2023-10-28,"Riots","Germany"
"17746",2023-10-29,"Protests","Germany"
"17747",2023-10-29,"Protests","Germany"
"17748",2023-10-29,"Protests","Germany"
"17749",2023-10-29,"Protests","Germany"
"17750",2023-10-29,"Protests","Germany"
"17751",2023-10-29,"Protests","Germany"
"17752",2023-10-29,"Protests","Germany"
"17753",2023-10-30,"Protests","Germany"
"17754",2023-10-30,"Protests","Germany"
"17755",2023-10-30,"Protests","Germany"
"17756",2023-10-30,"Protests","Germany"
"17757",2023-10-30,"Protests","Germany"
"17758",2023-10-30,"Protests","Germany"
"17759",2023-10-30,"Protests","Germany"
"17760",2023-10-30,"Protests","Germany"
"17761",2023-10-31,"Protests","Germany"
"17762",2023-10-31,"Protests","Germany"
"17763",2023-10-31,"Protests","Germany"
"17764",2023-11-01,"Protests","Germany"
"17765",2023-11-01,"Protests","Germany"
"17766",2023-11-01,"Strategic developments","Germany"
"17767",2023-11-01,"Protests","Germany"
"17768",2023-11-01,"Strategic developments","Germany"
"17769",2023-11-01,"Protests","Germany"
"17770",2023-11-01,"Protests","Germany"
"17771",2023-11-01,"Protests","Germany"
"17772",2023-11-01,"Protests","Germany"
"17773",2023-11-01,"Protests","Germany"
"17774",2023-11-01,"Protests","Germany"
"17775",2023-11-01,"Protests","Germany"
"17776",2023-11-02,"Protests","Germany"
"17777",2023-11-02,"Protests","Germany"
"17778",2023-11-02,"Protests","Germany"
"17779",2023-11-02,"Protests","Germany"
"17780",2023-11-02,"Strategic developments","Germany"
"17781",2023-11-02,"Protests","Germany"
"17782",2023-11-02,"Protests","Germany"
"17783",2023-11-02,"Protests","Germany"
"17784",2023-11-02,"Protests","Germany"
"17785",2023-11-02,"Protests","Germany"
"17786",2023-11-02,"Protests","Germany"
"17787",2023-11-02,"Protests","Germany"
"17788",2023-11-02,"Protests","Germany"
"17789",2023-11-03,"Protests","Germany"
"17790",2023-11-03,"Protests","Germany"
"17791",2023-11-03,"Protests","Germany"
"17792",2023-11-03,"Protests","Germany"
"17793",2023-11-03,"Protests","Germany"
"17794",2023-11-03,"Protests","Germany"
"17795",2023-11-03,"Protests","Germany"
"17796",2023-11-03,"Protests","Germany"
"17797",2023-11-03,"Protests","Germany"
"17798",2023-11-03,"Protests","Germany"
"17799",2023-11-03,"Protests","Germany"
"17800",2023-11-03,"Protests","Germany"
"17801",2023-11-03,"Protests","Germany"
"17802",2023-11-03,"Protests","Germany"
"17803",2023-11-03,"Protests","Germany"
"17804",2023-11-03,"Protests","Germany"
"17805",2023-11-03,"Protests","Germany"
"17806",2023-11-03,"Protests","Germany"
"17807",2023-11-03,"Protests","Germany"
"17808",2023-11-03,"Protests","Germany"
"17809",2023-11-03,"Protests","Germany"
"17810",2023-11-04,"Protests","Germany"
"17811",2023-11-04,"Protests","Germany"
"17812",2023-11-04,"Protests","Germany"
"17813",2023-11-04,"Protests","Germany"
"17814",2023-11-04,"Protests","Germany"
"17815",2023-11-04,"Protests","Germany"
"17816",2023-11-04,"Protests","Germany"
"17817",2023-11-04,"Protests","Germany"
"17818",2023-11-04,"Protests","Germany"
"17819",2023-11-04,"Protests","Germany"
"17820",2023-11-04,"Protests","Germany"
"17821",2023-11-04,"Protests","Germany"
"17822",2023-11-04,"Protests","Germany"
"17823",2023-11-04,"Protests","Germany"
"17824",2023-11-04,"Protests","Germany"
"17825",2023-11-04,"Protests","Germany"
"17826",2023-11-04,"Protests","Germany"
"17827",2023-11-04,"Protests","Germany"
"17828",2023-11-04,"Protests","Germany"
"17829",2023-11-05,"Protests","Germany"
"17830",2023-11-05,"Protests","Germany"
"17831",2023-11-05,"Protests","Germany"
"17832",2023-11-05,"Protests","Germany"
"17833",2023-11-05,"Protests","Germany"
"17834",2023-11-06,"Protests","Germany"
"17835",2023-11-06,"Protests","Germany"
"17836",2023-11-06,"Riots","Germany"
"17837",2023-11-06,"Protests","Germany"
"17838",2023-11-06,"Protests","Germany"
"17839",2023-11-06,"Protests","Germany"
"17840",2023-11-07,"Protests","Germany"
"17841",2023-11-07,"Protests","Germany"
"17842",2023-11-07,"Protests","Germany"
"17843",2023-11-07,"Protests","Germany"
"17844",2023-11-07,"Protests","Germany"
"17845",2023-11-07,"Protests","Germany"
"17846",2023-11-08,"Protests","Germany"
"17847",2023-11-08,"Protests","Germany"
"17848",2023-11-08,"Protests","Germany"
"17849",2023-11-08,"Protests","Germany"
"17850",2023-11-08,"Protests","Germany"
"17851",2023-11-08,"Protests","Germany"
"17852",2023-11-08,"Protests","Germany"
"17853",2023-11-08,"Protests","Germany"
"17854",2023-11-08,"Protests","Germany"
"17855",2023-11-08,"Protests","Germany"
"17856",2023-11-08,"Protests","Germany"
"17857",2023-11-08,"Protests","Germany"
"17858",2023-11-08,"Riots","Germany"
"17859",2023-11-08,"Protests","Germany"
"17860",2023-11-08,"Protests","Germany"
"17861",2023-11-08,"Protests","Germany"
"17862",2023-11-09,"Protests","Germany"
"17863",2023-11-09,"Protests","Germany"
"17864",2023-11-09,"Protests","Germany"
"17865",2023-11-09,"Protests","Germany"
"17866",2023-11-09,"Protests","Germany"
"17867",2023-11-09,"Protests","Germany"
"17868",2023-11-09,"Protests","Germany"
"17869",2023-11-09,"Protests","Germany"
"17870",2023-11-09,"Protests","Germany"
"17871",2023-11-10,"Protests","Germany"
"17872",2023-11-10,"Protests","Germany"
"17873",2023-11-10,"Protests","Germany"
"17874",2023-11-10,"Protests","Germany"
"17875",2023-11-10,"Protests","Germany"
"17876",2023-11-10,"Protests","Germany"
"17877",2023-11-10,"Protests","Germany"
"17878",2023-11-10,"Protests","Germany"
"17879",2023-11-10,"Protests","Germany"
"17880",2023-11-10,"Protests","Germany"
"17881",2023-11-10,"Protests","Germany"
"17882",2023-11-10,"Protests","Germany"
"17883",2023-11-10,"Protests","Germany"
"17884",2023-11-10,"Protests","Germany"
"17885",2023-11-10,"Protests","Germany"
"17886",2023-11-11,"Protests","Germany"
"17887",2023-11-11,"Protests","Germany"
"17888",2023-11-11,"Protests","Germany"
"17889",2023-11-11,"Protests","Germany"
"17890",2023-11-11,"Protests","Germany"
"17891",2023-11-11,"Protests","Germany"
"17892",2023-11-11,"Protests","Germany"
"17893",2023-11-11,"Protests","Germany"
"17894",2023-11-11,"Protests","Germany"
"17895",2023-11-11,"Protests","Germany"
"17896",2023-11-11,"Protests","Germany"
"17897",2023-11-11,"Protests","Germany"
"17898",2023-11-11,"Protests","Germany"
"17899",2023-11-11,"Protests","Germany"
"17900",2023-11-11,"Protests","Germany"
"17901",2023-11-11,"Protests","Germany"
"17902",2023-11-11,"Protests","Germany"
"17903",2023-11-11,"Protests","Germany"
"17904",2023-11-12,"Protests","Germany"
"17905",2023-11-12,"Protests","Germany"
"17906",2023-11-12,"Protests","Germany"
"17907",2023-11-12,"Protests","Germany"
"17908",2023-11-12,"Protests","Germany"
"17909",2023-11-12,"Protests","Germany"
"17910",2023-11-12,"Protests","Germany"
"17911",2023-11-12,"Protests","Germany"
"17912",2023-11-12,"Protests","Germany"
"17913",2023-11-13,"Protests","Germany"
"17914",2023-11-13,"Protests","Germany"
"17915",2023-11-13,"Protests","Germany"
"17916",2023-11-13,"Protests","Germany"
"17917",2023-11-13,"Protests","Germany"
"17918",2023-11-13,"Protests","Germany"
"17919",2023-11-13,"Protests","Germany"
"17920",2023-11-13,"Protests","Germany"
"17921",2023-11-13,"Protests","Germany"
"17922",2023-11-13,"Protests","Germany"
"17923",2023-11-13,"Protests","Germany"
"17924",2023-11-13,"Protests","Germany"
"17925",2023-11-14,"Protests","Germany"
"17926",2023-11-14,"Protests","Germany"
"17927",2023-11-14,"Protests","Germany"
"17928",2023-11-14,"Riots","Germany"
"17929",2023-11-14,"Protests","Germany"
"17930",2023-11-14,"Protests","Germany"
"17931",2023-11-14,"Protests","Germany"
"17932",2023-11-15,"Protests","Germany"
"17933",2023-11-15,"Protests","Germany"
"17934",2023-11-15,"Protests","Germany"
"17935",2023-11-15,"Protests","Germany"
"17936",2023-11-15,"Protests","Germany"
"17937",2023-11-15,"Protests","Germany"
"17938",2023-11-15,"Protests","Germany"
"17939",2023-11-15,"Protests","Germany"
"17940",2023-11-15,"Protests","Germany"
"17941",2023-11-15,"Protests","Germany"
"17942",2023-11-16,"Protests","Germany"
"17943",2023-11-16,"Protests","Germany"
"17944",2023-11-16,"Protests","Germany"
"17945",2023-11-16,"Protests","Germany"
"17946",2023-11-16,"Protests","Germany"
"17947",2023-11-16,"Protests","Germany"
"17948",2023-11-16,"Protests","Germany"
"17949",2023-11-17,"Protests","Germany"
"17950",2023-11-17,"Protests","Germany"
"17951",2023-11-17,"Protests","Germany"
"17952",2023-11-17,"Protests","Germany"
"17953",2023-11-17,"Protests","Germany"
"17954",2023-11-17,"Protests","Germany"
"17955",2023-11-17,"Protests","Germany"
"17956",2023-11-17,"Protests","Germany"
"17957",2023-11-17,"Protests","Germany"
"17958",2023-11-17,"Protests","Germany"
"17959",2023-11-17,"Protests","Germany"
"17960",2023-11-18,"Protests","Germany"
"17961",2023-11-18,"Protests","Germany"
"17962",2023-11-18,"Protests","Germany"
"17963",2023-11-18,"Protests","Germany"
"17964",2023-11-18,"Protests","Germany"
"17965",2023-11-18,"Protests","Germany"
"17966",2023-11-18,"Protests","Germany"
"17967",2023-11-18,"Protests","Germany"
"17968",2023-11-18,"Protests","Germany"
"17969",2023-11-18,"Protests","Germany"
"17970",2023-11-18,"Protests","Germany"
"17971",2023-11-18,"Protests","Germany"
"17972",2023-11-18,"Protests","Germany"
"17973",2023-11-18,"Protests","Germany"
"17974",2023-11-18,"Protests","Germany"
"17975",2023-11-18,"Protests","Germany"
"17976",2023-11-18,"Protests","Germany"
"17977",2023-11-18,"Protests","Germany"
"17978",2023-11-18,"Protests","Germany"
"17979",2023-11-18,"Protests","Germany"
"17980",2023-11-18,"Protests","Germany"
"17981",2023-11-18,"Protests","Germany"
"17982",2023-11-18,"Protests","Germany"
"17983",2023-11-18,"Protests","Germany"
"17984",2023-11-18,"Protests","Germany"
"17985",2023-11-18,"Strategic developments","Germany"
"17986",2023-11-18,"Protests","Germany"
"17987",2023-11-18,"Protests","Germany"
"17988",2023-11-18,"Protests","Germany"
"17989",2023-11-18,"Protests","Germany"
"17990",2023-11-18,"Protests","Germany"
"17991",2023-11-18,"Protests","Germany"
"17992",2023-11-18,"Protests","Germany"
"17993",2023-11-18,"Protests","Germany"
"17994",2023-11-18,"Protests","Germany"
"17995",2023-11-18,"Protests","Germany"
"17996",2023-11-18,"Riots","Germany"
"17997",2023-11-18,"Protests","Germany"
"17998",2023-11-19,"Protests","Germany"
"17999",2023-11-19,"Strategic developments","Germany"
"18000",2023-11-19,"Protests","Germany"
"18001",2023-11-19,"Protests","Germany"
"18002",2023-11-19,"Protests","Germany"
"18003",2023-11-19,"Protests","Germany"
"18004",2023-11-19,"Protests","Germany"
"18005",2023-11-19,"Protests","Germany"
"18006",2023-11-19,"Protests","Germany"
"18007",2023-11-19,"Strategic developments","Germany"
"18008",2023-11-19,"Protests","Germany"
"18009",2023-11-20,"Protests","Germany"
"18010",2023-11-20,"Protests","Germany"
"18011",2023-11-20,"Protests","Germany"
"18012",2023-11-20,"Protests","Germany"
"18013",2023-11-20,"Protests","Germany"
"18014",2023-11-20,"Protests","Germany"
"18015",2023-11-20,"Protests","Germany"
"18016",2023-11-20,"Protests","Germany"
"18017",2023-11-20,"Protests","Germany"
"18018",2023-11-20,"Protests","Germany"
"18019",2023-11-20,"Protests","Germany"
"18020",2023-11-20,"Protests","Germany"
"18021",2023-11-20,"Protests","Germany"
"18022",2023-11-20,"Protests","Germany"
"18023",2023-11-20,"Strategic developments","Germany"
"18024",2023-11-20,"Protests","Germany"
"18025",2023-11-20,"Protests","Germany"
"18026",2023-11-20,"Protests","Germany"
"18027",2023-11-20,"Protests","Germany"
"18028",2023-11-20,"Protests","Germany"
"18029",2023-11-20,"Protests","Germany"
"18030",2023-11-20,"Strategic developments","Germany"
"18031",2023-11-20,"Protests","Germany"
"18032",2023-11-20,"Protests","Germany"
"18033",2023-11-20,"Strategic developments","Germany"
"18034",2023-11-21,"Protests","Germany"
"18035",2023-11-21,"Riots","Germany"
"18036",2023-11-21,"Protests","Germany"
"18037",2023-11-22,"Protests","Germany"
"18038",2023-11-22,"Protests","Germany"
"18039",2023-11-22,"Protests","Germany"
"18040",2023-11-22,"Protests","Germany"
"18041",2023-11-22,"Protests","Germany"
"18042",2023-11-22,"Protests","Germany"
"18043",2023-11-23,"Protests","Germany"
"18044",2023-11-23,"Protests","Germany"
"18045",2023-11-23,"Protests","Germany"
"18046",2023-11-23,"Protests","Germany"
"18047",2023-11-23,"Protests","Germany"
"18048",2023-11-23,"Protests","Germany"
"18049",2023-11-23,"Protests","Germany"
"18050",2023-11-23,"Strategic developments","Germany"
"18051",2023-11-23,"Strategic developments","Germany"
"18052",2023-11-24,"Riots","Germany"
"18053",2023-11-24,"Protests","Germany"
"18054",2023-11-24,"Protests","Germany"
"18055",2023-11-24,"Protests","Germany"
"18056",2023-11-24,"Protests","Germany"
"18057",2023-11-24,"Protests","Germany"
"18058",2023-11-24,"Protests","Germany"
"18059",2023-11-24,"Protests","Germany"
"18060",2023-11-24,"Protests","Germany"
"18061",2023-11-24,"Protests","Germany"
"18062",2023-11-24,"Protests","Germany"
"18063",2023-11-24,"Protests","Germany"
"18064",2023-11-24,"Protests","Germany"
"18065",2023-11-24,"Protests","Germany"
"18066",2023-11-24,"Protests","Germany"
"18067",2023-11-24,"Protests","Germany"
"18068",2023-11-24,"Protests","Germany"
"18069",2023-11-24,"Protests","Germany"
"18070",2023-11-24,"Protests","Germany"
"18071",2023-11-24,"Protests","Germany"
"18072",2023-11-25,"Protests","Germany"
"18073",2023-11-25,"Protests","Germany"
"18074",2023-11-25,"Protests","Germany"
"18075",2023-11-25,"Protests","Germany"
"18076",2023-11-25,"Protests","Germany"
"18077",2023-11-25,"Protests","Germany"
"18078",2023-11-25,"Protests","Germany"
"18079",2023-11-25,"Protests","Germany"
"18080",2023-11-25,"Protests","Germany"
"18081",2023-11-25,"Protests","Germany"
"18082",2023-11-25,"Protests","Germany"
"18083",2023-11-25,"Protests","Germany"
"18084",2023-11-25,"Protests","Germany"
"18085",2023-11-25,"Protests","Germany"
"18086",2023-11-25,"Protests","Germany"
"18087",2023-11-25,"Protests","Germany"
"18088",2023-11-25,"Protests","Germany"
"18089",2023-11-25,"Protests","Germany"
"18090",2023-11-25,"Protests","Germany"
"18091",2023-11-25,"Protests","Germany"
"18092",2023-11-25,"Protests","Germany"
"18093",2023-11-26,"Protests","Germany"
"18094",2023-11-26,"Protests","Germany"
"18095",2023-11-26,"Protests","Germany"
"18096",2023-11-26,"Protests","Germany"
"18097",2023-11-26,"Protests","Germany"
"18098",2023-11-26,"Protests","Germany"
"18099",2023-11-26,"Protests","Germany"
"18100",2023-11-26,"Protests","Germany"
"18101",2023-11-26,"Protests","Germany"
"18102",2023-11-26,"Protests","Germany"
"18103",2023-11-27,"Protests","Germany"
"18104",2023-11-27,"Protests","Germany"
"18105",2023-11-27,"Protests","Germany"
"18106",2023-11-27,"Protests","Germany"
"18107",2023-11-27,"Protests","Germany"
"18108",2023-11-27,"Protests","Germany"
"18109",2023-11-27,"Protests","Germany"
"18110",2023-11-27,"Protests","Germany"
"18111",2023-11-27,"Protests","Germany"
"18112",2023-11-28,"Protests","Germany"
"18113",2023-11-28,"Protests","Germany"
"18114",2023-11-28,"Protests","Germany"
"18115",2023-11-28,"Protests","Germany"
"18116",2023-11-28,"Protests","Germany"
"18117",2023-11-28,"Protests","Germany"
"18118",2023-11-28,"Protests","Germany"
"18119",2023-11-29,"Protests","Germany"
"18120",2023-11-29,"Protests","Germany"
"18121",2023-11-29,"Protests","Germany"
"18122",2023-11-29,"Protests","Germany"
"18123",2023-11-29,"Protests","Germany"
"18124",2023-11-29,"Protests","Germany"
"18125",2023-11-29,"Protests","Germany"
"18126",2023-11-29,"Protests","Germany"
"18127",2023-11-29,"Protests","Germany"
"18128",2023-11-29,"Protests","Germany"
"18129",2023-11-30,"Protests","Germany"
"18130",2023-11-30,"Protests","Germany"
"18131",2023-11-30,"Protests","Germany"
"18132",2023-11-30,"Protests","Germany"
"18133",2023-11-30,"Protests","Germany"
"18134",2023-11-30,"Protests","Germany"
"18135",2023-11-30,"Protests","Germany"
"18136",2023-11-30,"Protests","Germany"
"18137",2023-11-30,"Protests","Germany"
"18138",2023-11-30,"Protests","Germany"
"18139",2023-12-01,"Protests","Germany"
"18140",2023-12-01,"Protests","Germany"
"18141",2023-12-01,"Protests","Germany"
"18142",2023-12-01,"Protests","Germany"
"18143",2023-12-01,"Protests","Germany"
"18144",2023-12-01,"Protests","Germany"
"18145",2023-12-01,"Protests","Germany"
"18146",2023-12-01,"Protests","Germany"
"18147",2023-12-02,"Protests","Germany"
"18148",2023-12-02,"Protests","Germany"
"18149",2023-12-02,"Protests","Germany"
"18150",2023-12-02,"Protests","Germany"
"18151",2023-12-02,"Protests","Germany"
"18152",2023-12-02,"Protests","Germany"
"18153",2023-12-02,"Protests","Germany"
"18154",2023-12-02,"Protests","Germany"
"18155",2023-12-02,"Protests","Germany"
"18156",2023-12-02,"Protests","Germany"
"18157",2023-12-02,"Protests","Germany"
"18158",2023-12-02,"Protests","Germany"
"18159",2023-12-02,"Protests","Germany"
"18160",2023-12-02,"Protests","Germany"
"18161",2023-12-02,"Protests","Germany"
"18162",2023-12-02,"Protests","Germany"
"18163",2023-12-02,"Protests","Germany"
"18164",2023-12-02,"Protests","Germany"
"18165",2023-12-02,"Protests","Germany"
"18166",2023-12-02,"Protests","Germany"
"18167",2023-12-02,"Strategic developments","Germany"
"18168",2023-12-03,"Protests","Germany"
"18169",2023-12-03,"Protests","Germany"
"18170",2023-12-03,"Protests","Germany"
"18171",2023-12-03,"Protests","Germany"
"18172",2023-12-04,"Protests","Germany"
"18173",2023-12-04,"Protests","Germany"
"18174",2023-12-04,"Protests","Germany"
"18175",2023-12-04,"Protests","Germany"
"18176",2023-12-04,"Protests","Germany"
"18177",2023-12-04,"Protests","Germany"
"18178",2023-12-04,"Protests","Germany"
"18179",2023-12-04,"Protests","Germany"
"18180",2023-12-04,"Strategic developments","Germany"
"18181",2023-12-04,"Protests","Germany"
"18182",2023-12-05,"Protests","Germany"
"18183",2023-12-05,"Protests","Germany"
"18184",2023-12-05,"Protests","Germany"
"18185",2023-12-05,"Protests","Germany"
"18186",2023-12-05,"Protests","Germany"
"18187",2023-12-05,"Protests","Germany"
"18188",2023-12-05,"Protests","Germany"
"18189",2023-12-05,"Protests","Germany"
"18190",2023-12-05,"Protests","Germany"
"18191",2023-12-05,"Protests","Germany"
"18192",2023-12-06,"Protests","Germany"
"18193",2023-12-06,"Protests","Germany"
"18194",2023-12-06,"Protests","Germany"
"18195",2023-12-06,"Protests","Germany"
"18196",2023-12-06,"Protests","Germany"
"18197",2023-12-06,"Protests","Germany"
"18198",2023-12-06,"Protests","Germany"
"18199",2023-12-06,"Protests","Germany"
"18200",2023-12-06,"Protests","Germany"
"18201",2023-12-06,"Protests","Germany"
"18202",2023-12-06,"Protests","Germany"
"18203",2023-12-06,"Protests","Germany"
"18204",2023-12-06,"Protests","Germany"
"18205",2023-12-06,"Protests","Germany"
"18206",2023-12-07,"Protests","Germany"
"18207",2023-12-07,"Protests","Germany"
"18208",2023-12-07,"Protests","Germany"
"18209",2023-12-07,"Protests","Germany"
"18210",2023-12-07,"Protests","Germany"
"18211",2023-12-07,"Protests","Germany"
"18212",2023-12-07,"Protests","Germany"
"18213",2023-12-07,"Protests","Germany"
"18214",2023-12-07,"Protests","Germany"
"18215",2023-12-07,"Protests","Germany"
"18216",2023-12-07,"Protests","Germany"
"18217",2023-12-07,"Protests","Germany"
"18218",2023-12-08,"Protests","Germany"
"18219",2023-12-08,"Protests","Germany"
"18220",2023-12-08,"Protests","Germany"
"18221",2023-12-08,"Protests","Germany"
"18222",2023-12-08,"Protests","Germany"
"18223",2023-12-08,"Protests","Germany"
"18224",2023-12-08,"Protests","Germany"
"18225",2023-12-08,"Protests","Germany"
"18226",2023-12-08,"Protests","Germany"
"18227",2023-12-08,"Protests","Germany"
"18228",2023-12-08,"Protests","Germany"
"18229",2023-12-08,"Protests","Germany"
"18230",2023-12-09,"Protests","Germany"
"18231",2023-12-09,"Protests","Germany"
"18232",2023-12-09,"Protests","Germany"
"18233",2023-12-09,"Protests","Germany"
"18234",2023-12-09,"Protests","Germany"
"18235",2023-12-09,"Protests","Germany"
"18236",2023-12-09,"Protests","Germany"
"18237",2023-12-09,"Protests","Germany"
"18238",2023-12-09,"Protests","Germany"
"18239",2023-12-09,"Protests","Germany"
"18240",2023-12-09,"Protests","Germany"
"18241",2023-12-09,"Protests","Germany"
"18242",2023-12-09,"Protests","Germany"
"18243",2023-12-09,"Protests","Germany"
"18244",2023-12-09,"Protests","Germany"
"18245",2023-12-09,"Protests","Germany"
"18246",2023-12-09,"Protests","Germany"
"18247",2023-12-09,"Protests","Germany"
"18248",2023-12-10,"Protests","Germany"
"18249",2023-12-10,"Protests","Germany"
"18250",2023-12-10,"Protests","Germany"
"18251",2023-12-10,"Protests","Germany"
"18252",2023-12-10,"Protests","Germany"
"18253",2023-12-10,"Protests","Germany"
"18254",2023-12-10,"Protests","Germany"
"18255",2023-12-10,"Protests","Germany"
"18256",2023-12-11,"Protests","Germany"
"18257",2023-12-11,"Strategic developments","Germany"
"18258",2023-12-11,"Protests","Germany"
"18259",2023-12-11,"Protests","Germany"
"18260",2023-12-11,"Protests","Germany"
"18261",2023-12-11,"Protests","Germany"
"18262",2023-12-11,"Protests","Germany"
"18263",2023-12-12,"Strategic developments","Germany"
"18264",2023-12-12,"Protests","Germany"
"18265",2023-12-12,"Protests","Germany"
"18266",2023-12-12,"Protests","Germany"
"18267",2023-12-13,"Protests","Germany"
"18268",2023-12-13,"Protests","Germany"
"18269",2023-12-13,"Riots","Germany"
"18270",2023-12-13,"Protests","Germany"
"18271",2023-12-13,"Protests","Germany"
"18272",2023-12-13,"Protests","Germany"
"18273",2023-12-13,"Protests","Germany"
"18274",2023-12-13,"Protests","Germany"
"18275",2023-12-14,"Protests","Germany"
"18276",2023-12-14,"Protests","Germany"
"18277",2023-12-14,"Protests","Germany"
"18278",2023-12-14,"Protests","Germany"
"18279",2023-12-14,"Protests","Germany"
"18280",2023-12-14,"Protests","Germany"
"18281",2023-12-15,"Protests","Germany"
"18282",2023-12-15,"Protests","Germany"
"18283",2023-12-15,"Protests","Germany"
"18284",2023-12-15,"Protests","Germany"
"18285",2023-12-15,"Protests","Germany"
"18286",2023-12-15,"Protests","Germany"
"18287",2023-12-15,"Protests","Germany"
"18288",2023-12-15,"Protests","Germany"
"18289",2023-12-15,"Protests","Germany"
"18290",2023-12-15,"Protests","Germany"
"18291",2023-12-15,"Protests","Germany"
"18292",2023-12-15,"Protests","Germany"
"18293",2023-12-15,"Protests","Germany"
"18294",2023-12-15,"Protests","Germany"
"18295",2023-12-15,"Protests","Germany"
"18296",2023-12-15,"Protests","Germany"
"18297",2023-12-15,"Protests","Germany"
"18298",2023-12-15,"Protests","Germany"
"18299",2023-12-16,"Protests","Germany"
"18300",2023-12-16,"Protests","Germany"
"18301",2023-12-16,"Protests","Germany"
"18302",2023-12-16,"Protests","Germany"
"18303",2023-12-16,"Protests","Germany"
"18304",2023-12-16,"Protests","Germany"
"18305",2023-12-16,"Protests","Germany"
"18306",2023-12-16,"Protests","Germany"
"18307",2023-12-16,"Protests","Germany"
"18308",2023-12-16,"Protests","Germany"
"18309",2023-12-16,"Protests","Germany"
"18310",2023-12-16,"Protests","Germany"
"18311",2023-12-16,"Protests","Germany"
"18312",2023-12-16,"Protests","Germany"
"18313",2023-12-17,"Protests","Germany"
"18314",2023-12-17,"Protests","Germany"
"18315",2023-12-17,"Protests","Germany"
"18316",2023-12-17,"Protests","Germany"
"18317",2023-12-18,"Protests","Germany"
"18318",2023-12-18,"Protests","Germany"
"18319",2023-12-18,"Protests","Germany"
"18320",2023-12-18,"Protests","Germany"
"18321",2023-12-18,"Protests","Germany"
"18322",2023-12-18,"Protests","Germany"
"18323",2023-12-18,"Protests","Germany"
"18324",2023-12-18,"Protests","Germany"
"18325",2023-12-18,"Protests","Germany"
"18326",2023-12-18,"Protests","Germany"
"18327",2023-12-18,"Protests","Germany"
"18328",2023-12-18,"Protests","Germany"
"18329",2023-12-18,"Protests","Germany"
"18330",2023-12-18,"Protests","Germany"
"18331",2023-12-18,"Protests","Germany"
"18332",2023-12-18,"Protests","Germany"
"18333",2023-12-18,"Protests","Germany"
"18334",2023-12-18,"Protests","Germany"
"18335",2023-12-18,"Protests","Germany"
"18336",2023-12-18,"Protests","Germany"
"18337",2023-12-18,"Protests","Germany"
"18338",2023-12-18,"Protests","Germany"
"18339",2023-12-18,"Protests","Germany"
"18340",2023-12-18,"Protests","Germany"
"18341",2023-12-19,"Protests","Germany"
"18342",2023-12-19,"Protests","Germany"
"18343",2023-12-19,"Protests","Germany"
"18344",2023-12-19,"Protests","Germany"
"18345",2023-12-19,"Protests","Germany"
"18346",2023-12-19,"Protests","Germany"
"18347",2023-12-20,"Protests","Germany"
"18348",2023-12-20,"Protests","Germany"
"18349",2023-12-20,"Protests","Germany"
"18350",2023-12-20,"Protests","Germany"
"18351",2023-12-20,"Protests","Germany"
"18352",2023-12-20,"Protests","Germany"
"18353",2023-12-20,"Protests","Germany"
"18354",2023-12-20,"Protests","Germany"
"18355",2023-12-20,"Protests","Germany"
"18356",2023-12-20,"Protests","Germany"
"18357",2023-12-20,"Protests","Germany"
"18358",2023-12-20,"Protests","Germany"
"18359",2023-12-20,"Protests","Germany"
"18360",2023-12-20,"Protests","Germany"
"18361",2023-12-20,"Protests","Germany"
"18362",2023-12-20,"Protests","Germany"
"18363",2023-12-20,"Protests","Germany"
"18364",2023-12-20,"Protests","Germany"
"18365",2023-12-20,"Riots","Germany"
"18366",2023-12-21,"Protests","Germany"
"18367",2023-12-21,"Protests","Germany"
"18368",2023-12-21,"Protests","Germany"
"18369",2023-12-21,"Protests","Germany"
"18370",2023-12-21,"Protests","Germany"
"18371",2023-12-21,"Protests","Germany"
"18372",2023-12-21,"Protests","Germany"
"18373",2023-12-21,"Protests","Germany"
"18374",2023-12-21,"Protests","Germany"
"18375",2023-12-21,"Protests","Germany"
"18376",2023-12-21,"Protests","Germany"
"18377",2023-12-21,"Protests","Germany"
"18378",2023-12-21,"Protests","Germany"
"18379",2023-12-21,"Protests","Germany"
"18380",2023-12-21,"Protests","Germany"
"18381",2023-12-21,"Protests","Germany"
"18382",2023-12-21,"Protests","Germany"
"18383",2023-12-21,"Protests","Germany"
"18384",2023-12-21,"Protests","Germany"
"18385",2023-12-21,"Protests","Germany"
"18386",2023-12-21,"Protests","Germany"
"18387",2023-12-21,"Protests","Germany"
"18388",2023-12-21,"Protests","Germany"
"18389",2023-12-21,"Protests","Germany"
"18390",2023-12-21,"Protests","Germany"
"18391",2023-12-21,"Protests","Germany"
"18392",2023-12-21,"Protests","Germany"
"18393",2023-12-21,"Protests","Germany"
"18394",2023-12-21,"Protests","Germany"
"18395",2023-12-21,"Protests","Germany"
"18396",2023-12-21,"Protests","Germany"
"18397",2023-12-21,"Protests","Germany"
"18398",2023-12-21,"Protests","Germany"
"18399",2023-12-21,"Protests","Germany"
"18400",2023-12-21,"Protests","Germany"
"18401",2023-12-21,"Protests","Germany"
"18402",2023-12-21,"Protests","Germany"
"18403",2023-12-21,"Protests","Germany"
"18404",2023-12-21,"Protests","Germany"
"18405",2023-12-21,"Protests","Germany"
"18406",2023-12-21,"Protests","Germany"
"18407",2023-12-21,"Protests","Germany"
"18408",2023-12-22,"Protests","Germany"
"18409",2023-12-22,"Protests","Germany"
"18410",2023-12-22,"Protests","Germany"
"18411",2023-12-22,"Protests","Germany"
"18412",2023-12-22,"Protests","Germany"
"18413",2023-12-22,"Protests","Germany"
"18414",2023-12-22,"Protests","Germany"
"18415",2023-12-22,"Protests","Germany"
"18416",2023-12-22,"Protests","Germany"
"18417",2023-12-22,"Protests","Germany"
"18418",2023-12-22,"Protests","Germany"
"18419",2023-12-22,"Protests","Germany"
"18420",2023-12-22,"Protests","Germany"
"18421",2023-12-22,"Protests","Germany"
"18422",2023-12-22,"Protests","Germany"
"18423",2023-12-22,"Protests","Germany"
"18424",2023-12-22,"Protests","Germany"
"18425",2023-12-22,"Protests","Germany"
"18426",2023-12-22,"Protests","Germany"
"18427",2023-12-22,"Protests","Germany"
"18428",2023-12-22,"Protests","Germany"
"18429",2023-12-22,"Protests","Germany"
"18430",2023-12-22,"Protests","Germany"
"18431",2023-12-23,"Protests","Germany"
"18432",2023-12-23,"Protests","Germany"
"18433",2023-12-23,"Protests","Germany"
"18434",2023-12-23,"Protests","Germany"
"18435",2023-12-23,"Protests","Germany"
"18436",2023-12-23,"Protests","Germany"
"18437",2023-12-23,"Protests","Germany"
"18438",2023-12-23,"Protests","Germany"
"18439",2023-12-23,"Protests","Germany"
"18440",2023-12-23,"Protests","Germany"
"18441",2023-12-23,"Protests","Germany"
"18442",2023-12-23,"Protests","Germany"
"18443",2023-12-25,"Strategic developments","Germany"
"18444",2023-12-26,"Protests","Germany"
"18445",2023-12-27,"Protests","Germany"
"18446",2023-12-27,"Protests","Germany"
"18447",2023-12-27,"Protests","Germany"
"18448",2023-12-27,"Strategic developments","Germany"
"18449",2023-12-27,"Protests","Germany"
"18450",2023-12-27,"Strategic developments","Germany"
"18451",2023-12-28,"Protests","Germany"
"18452",2023-12-28,"Protests","Germany"
"18453",2023-12-28,"Protests","Germany"
"18454",2023-12-28,"Protests","Germany"
"18455",2023-12-28,"Protests","Germany"
"18456",2023-12-28,"Protests","Germany"
"18457",2023-12-28,"Protests","Germany"
"18458",2023-12-28,"Strategic developments","Germany"
"18459",2023-12-29,"Protests","Germany"
"18460",2023-12-29,"Protests","Germany"
"18461",2023-12-29,"Protests","Germany"
"18462",2023-12-29,"Protests","Germany"
"18463",2023-12-29,"Protests","Germany"
"18464",2023-12-29,"Protests","Germany"
"18465",2023-12-29,"Protests","Germany"
"18466",2023-12-29,"Protests","Germany"
"18467",2023-12-29,"Protests","Germany"
"18468",2023-12-29,"Protests","Germany"
"18469",2023-12-29,"Protests","Germany"
"18470",2023-12-29,"Protests","Germany"
"18471",2023-12-30,"Protests","Germany"
"18472",2023-12-30,"Protests","Germany"
"18473",2023-12-30,"Protests","Germany"
"18474",2023-12-30,"Protests","Germany"
"18475",2023-12-30,"Protests","Germany"
"18476",2023-12-30,"Protests","Germany"
"18477",2023-12-30,"Protests","Germany"
"18478",2023-12-30,"Protests","Germany"
"18479",2023-12-30,"Protests","Germany"
"18480",2023-12-30,"Protests","Germany"
"18481",2023-12-30,"Protests","Germany"
"18482",2023-12-30,"Strategic developments","Germany"
"18483",2023-12-31,"Protests","Germany"
"18484",2023-12-31,"Protests","Germany"
"18485",2023-12-31,"Protests","Germany"
"18486",2023-12-31,"Protests","Germany"
"18487",2023-12-31,"Protests","Germany"
"18488",2023-12-31,"Riots","Germany"
"18489",2024-01-01,"Protests","Germany"
"18490",2024-01-01,"Riots","Germany"
"18491",2024-01-02,"Protests","Germany"
"18492",2024-01-02,"Strategic developments","Germany"
"18493",2024-01-03,"Protests","Germany"
"18494",2024-01-03,"Protests","Germany"
"18495",2024-01-03,"Protests","Germany"
"18496",2024-01-03,"Protests","Germany"
"18497",2024-01-03,"Protests","Germany"
"18498",2024-01-03,"Protests","Germany"
"18499",2024-01-04,"Protests","Germany"
"18500",2024-01-04,"Protests","Germany"
"18501",2024-01-04,"Protests","Germany"
"18502",2024-01-04,"Protests","Germany"
"18503",2024-01-04,"Protests","Germany"
"18504",2024-01-04,"Protests","Germany"
"18505",2024-01-04,"Protests","Germany"
"18506",2024-01-04,"Protests","Germany"
"18507",2024-01-04,"Protests","Germany"
"18508",2024-01-04,"Protests","Germany"
"18509",2024-01-04,"Protests","Germany"
"18510",2024-01-04,"Protests","Germany"
"18511",2024-01-04,"Protests","Germany"
"18512",2024-01-04,"Protests","Germany"
"18513",2024-01-05,"Protests","Germany"
"18514",2024-01-05,"Protests","Germany"
"18515",2024-01-05,"Protests","Germany"
"18516",2024-01-05,"Protests","Germany"
"18517",2024-01-05,"Protests","Germany"
"18518",2024-01-05,"Protests","Germany"
"18519",2024-01-06,"Protests","Germany"
"18520",2024-01-06,"Protests","Germany"
"18521",2024-01-06,"Protests","Germany"
"18522",2024-01-06,"Protests","Germany"
"18523",2024-01-06,"Protests","Germany"
"18524",2024-01-07,"Protests","Germany"
"18525",2024-01-07,"Protests","Germany"
"18526",2024-01-07,"Protests","Germany"
"18527",2024-01-07,"Protests","Germany"
"18528",2024-01-07,"Protests","Germany"
"18529",2024-01-08,"Protests","Germany"
"18530",2024-01-08,"Protests","Germany"
"18531",2024-01-08,"Protests","Germany"
"18532",2024-01-08,"Protests","Germany"
"18533",2024-01-08,"Protests","Germany"
"18534",2024-01-08,"Protests","Germany"
"18535",2024-01-08,"Protests","Germany"
"18536",2024-01-08,"Protests","Germany"
"18537",2024-01-08,"Protests","Germany"
"18538",2024-01-08,"Protests","Germany"
"18539",2024-01-08,"Protests","Germany"
"18540",2024-01-08,"Protests","Germany"
"18541",2024-01-08,"Protests","Germany"
"18542",2024-01-08,"Protests","Germany"
"18543",2024-01-08,"Protests","Germany"
"18544",2024-01-08,"Protests","Germany"
"18545",2024-01-08,"Protests","Germany"
"18546",2024-01-08,"Protests","Germany"
"18547",2024-01-08,"Protests","Germany"
"18548",2024-01-08,"Protests","Germany"
"18549",2024-01-08,"Protests","Germany"
"18550",2024-01-08,"Protests","Germany"
"18551",2024-01-08,"Protests","Germany"
"18552",2024-01-08,"Protests","Germany"
"18553",2024-01-08,"Protests","Germany"
"18554",2024-01-08,"Protests","Germany"
"18555",2024-01-08,"Protests","Germany"
"18556",2024-01-08,"Protests","Germany"
"18557",2024-01-08,"Protests","Germany"
"18558",2024-01-08,"Protests","Germany"
"18559",2024-01-08,"Protests","Germany"
"18560",2024-01-08,"Protests","Germany"
"18561",2024-01-08,"Protests","Germany"
"18562",2024-01-08,"Protests","Germany"
"18563",2024-01-08,"Protests","Germany"
"18564",2024-01-08,"Protests","Germany"
"18565",2024-01-08,"Protests","Germany"
"18566",2024-01-08,"Protests","Germany"
"18567",2024-01-08,"Protests","Germany"
"18568",2024-01-08,"Protests","Germany"
"18569",2024-01-08,"Protests","Germany"
"18570",2024-01-08,"Protests","Germany"
"18571",2024-01-08,"Protests","Germany"
"18572",2024-01-08,"Protests","Germany"
"18573",2024-01-08,"Protests","Germany"
"18574",2024-01-08,"Protests","Germany"
"18575",2024-01-08,"Protests","Germany"
"18576",2024-01-08,"Protests","Germany"
"18577",2024-01-08,"Protests","Germany"
"18578",2024-01-08,"Protests","Germany"
"18579",2024-01-08,"Protests","Germany"
"18580",2024-01-08,"Protests","Germany"
"18581",2024-01-08,"Protests","Germany"
"18582",2024-01-08,"Protests","Germany"
"18583",2024-01-08,"Protests","Germany"
"18584",2024-01-08,"Protests","Germany"
"18585",2024-01-08,"Protests","Germany"
"18586",2024-01-08,"Protests","Germany"
"18587",2024-01-08,"Protests","Germany"
"18588",2024-01-08,"Protests","Germany"
"18589",2024-01-08,"Protests","Germany"
"18590",2024-01-08,"Protests","Germany"
"18591",2024-01-08,"Protests","Germany"
"18592",2024-01-08,"Protests","Germany"
"18593",2024-01-08,"Protests","Germany"
"18594",2024-01-08,"Protests","Germany"
"18595",2024-01-08,"Protests","Germany"
"18596",2024-01-08,"Protests","Germany"
"18597",2024-01-08,"Protests","Germany"
"18598",2024-01-08,"Protests","Germany"
"18599",2024-01-08,"Protests","Germany"
"18600",2024-01-08,"Protests","Germany"
"18601",2024-01-08,"Protests","Germany"
"18602",2024-01-08,"Protests","Germany"
"18603",2024-01-08,"Protests","Germany"
"18604",2024-01-08,"Protests","Germany"
"18605",2024-01-08,"Protests","Germany"
"18606",2024-01-08,"Protests","Germany"
"18607",2024-01-08,"Protests","Germany"
"18608",2024-01-08,"Protests","Germany"
"18609",2024-01-08,"Protests","Germany"
"18610",2024-01-08,"Protests","Germany"
"18611",2024-01-08,"Protests","Germany"
"18612",2024-01-08,"Protests","Germany"
"18613",2024-01-08,"Protests","Germany"
"18614",2024-01-08,"Protests","Germany"
"18615",2024-01-08,"Protests","Germany"
"18616",2024-01-08,"Protests","Germany"
"18617",2024-01-08,"Protests","Germany"
"18618",2024-01-08,"Protests","Germany"
"18619",2024-01-08,"Protests","Germany"
"18620",2024-01-08,"Protests","Germany"
"18621",2024-01-08,"Protests","Germany"
"18622",2024-01-08,"Protests","Germany"
"18623",2024-01-08,"Protests","Germany"
"18624",2024-01-08,"Protests","Germany"
"18625",2024-01-08,"Protests","Germany"
"18626",2024-01-08,"Protests","Germany"
"18627",2024-01-08,"Protests","Germany"
"18628",2024-01-08,"Protests","Germany"
"18629",2024-01-08,"Protests","Germany"
"18630",2024-01-08,"Protests","Germany"
"18631",2024-01-08,"Protests","Germany"
"18632",2024-01-08,"Protests","Germany"
"18633",2024-01-08,"Protests","Germany"
"18634",2024-01-08,"Protests","Germany"
"18635",2024-01-08,"Protests","Germany"
"18636",2024-01-08,"Protests","Germany"
"18637",2024-01-08,"Protests","Germany"
"18638",2024-01-08,"Protests","Germany"
"18639",2024-01-08,"Protests","Germany"
"18640",2024-01-08,"Protests","Germany"
"18641",2024-01-08,"Protests","Germany"
"18642",2024-01-08,"Protests","Germany"
"18643",2024-01-08,"Protests","Germany"
"18644",2024-01-08,"Protests","Germany"
"18645",2024-01-08,"Protests","Germany"
"18646",2024-01-08,"Protests","Germany"
"18647",2024-01-08,"Protests","Germany"
"18648",2024-01-08,"Protests","Germany"
"18649",2024-01-08,"Protests","Germany"
"18650",2024-01-08,"Protests","Germany"
"18651",2024-01-08,"Protests","Germany"
"18652",2024-01-08,"Protests","Germany"
"18653",2024-01-08,"Protests","Germany"
"18654",2024-01-08,"Protests","Germany"
"18655",2024-01-08,"Protests","Germany"
"18656",2024-01-08,"Protests","Germany"
"18657",2024-01-08,"Protests","Germany"
"18658",2024-01-08,"Protests","Germany"
"18659",2024-01-08,"Protests","Germany"
"18660",2024-01-08,"Protests","Germany"
"18661",2024-01-08,"Protests","Germany"
"18662",2024-01-08,"Protests","Germany"
"18663",2024-01-08,"Protests","Germany"
"18664",2024-01-08,"Protests","Germany"
"18665",2024-01-08,"Protests","Germany"
"18666",2024-01-08,"Protests","Germany"
"18667",2024-01-08,"Protests","Germany"
"18668",2024-01-08,"Protests","Germany"
"18669",2024-01-08,"Protests","Germany"
"18670",2024-01-08,"Protests","Germany"
"18671",2024-01-08,"Protests","Germany"
"18672",2024-01-08,"Protests","Germany"
"18673",2024-01-08,"Protests","Germany"
"18674",2024-01-08,"Protests","Germany"
"18675",2024-01-08,"Protests","Germany"
"18676",2024-01-08,"Protests","Germany"
"18677",2024-01-08,"Protests","Germany"
"18678",2024-01-08,"Protests","Germany"
"18679",2024-01-08,"Protests","Germany"
"18680",2024-01-08,"Protests","Germany"
"18681",2024-01-08,"Protests","Germany"
"18682",2024-01-08,"Protests","Germany"
"18683",2024-01-08,"Protests","Germany"
"18684",2024-01-08,"Protests","Germany"
"18685",2024-01-08,"Protests","Germany"
"18686",2024-01-08,"Protests","Germany"
"18687",2024-01-09,"Protests","Germany"
"18688",2024-01-09,"Protests","Germany"
"18689",2024-01-09,"Protests","Germany"
"18690",2024-01-09,"Protests","Germany"
"18691",2024-01-09,"Protests","Germany"
"18692",2024-01-09,"Protests","Germany"
"18693",2024-01-09,"Protests","Germany"
"18694",2024-01-09,"Protests","Germany"
"18695",2024-01-09,"Protests","Germany"
"18696",2024-01-09,"Protests","Germany"
"18697",2024-01-09,"Protests","Germany"
"18698",2024-01-09,"Protests","Germany"
"18699",2024-01-09,"Protests","Germany"
"18700",2024-01-09,"Protests","Germany"
"18701",2024-01-09,"Protests","Germany"
"18702",2024-01-09,"Protests","Germany"
"18703",2024-01-09,"Protests","Germany"
"18704",2024-01-09,"Protests","Germany"
"18705",2024-01-09,"Protests","Germany"
"18706",2024-01-09,"Protests","Germany"
"18707",2024-01-09,"Protests","Germany"
"18708",2024-01-09,"Protests","Germany"
"18709",2024-01-09,"Protests","Germany"
"18710",2024-01-09,"Protests","Germany"
"18711",2024-01-09,"Protests","Germany"
"18712",2024-01-09,"Protests","Germany"
"18713",2024-01-09,"Protests","Germany"
"18714",2024-01-09,"Protests","Germany"
"18715",2024-01-09,"Protests","Germany"
"18716",2024-01-09,"Protests","Germany"
"18717",2024-01-09,"Protests","Germany"
"18718",2024-01-09,"Protests","Germany"
"18719",2024-01-09,"Protests","Germany"
"18720",2024-01-09,"Protests","Germany"
"18721",2024-01-10,"Protests","Germany"
"18722",2024-01-10,"Protests","Germany"
"18723",2024-01-10,"Protests","Germany"
"18724",2024-01-10,"Protests","Germany"
"18725",2024-01-10,"Protests","Germany"
"18726",2024-01-10,"Protests","Germany"
"18727",2024-01-10,"Protests","Germany"
"18728",2024-01-10,"Protests","Germany"
"18729",2024-01-10,"Protests","Germany"
"18730",2024-01-10,"Protests","Germany"
"18731",2024-01-10,"Protests","Germany"
"18732",2024-01-10,"Protests","Germany"
"18733",2024-01-10,"Protests","Germany"
"18734",2024-01-10,"Protests","Germany"
"18735",2024-01-10,"Protests","Germany"
"18736",2024-01-10,"Protests","Germany"
"18737",2024-01-10,"Protests","Germany"
"18738",2024-01-10,"Protests","Germany"
"18739",2024-01-10,"Protests","Germany"
"18740",2024-01-10,"Protests","Germany"
"18741",2024-01-10,"Protests","Germany"
"18742",2024-01-10,"Protests","Germany"
"18743",2024-01-10,"Protests","Germany"
"18744",2024-01-10,"Protests","Germany"
"18745",2024-01-10,"Protests","Germany"
"18746",2024-01-10,"Protests","Germany"
"18747",2024-01-10,"Protests","Germany"
"18748",2024-01-10,"Protests","Germany"
"18749",2024-01-10,"Protests","Germany"
"18750",2024-01-10,"Protests","Germany"
"18751",2024-01-10,"Protests","Germany"
"18752",2024-01-10,"Protests","Germany"
"18753",2024-01-10,"Protests","Germany"
"18754",2024-01-10,"Protests","Germany"
"18755",2024-01-10,"Protests","Germany"
"18756",2024-01-10,"Protests","Germany"
"18757",2024-01-10,"Protests","Germany"
"18758",2024-01-10,"Protests","Germany"
"18759",2024-01-10,"Protests","Germany"
"18760",2024-01-10,"Protests","Germany"
"18761",2024-01-10,"Protests","Germany"
"18762",2024-01-10,"Protests","Germany"
"18763",2024-01-10,"Protests","Germany"
"18764",2024-01-10,"Protests","Germany"
"18765",2024-01-10,"Protests","Germany"
"18766",2024-01-10,"Protests","Germany"
"18767",2024-01-10,"Protests","Germany"
"18768",2024-01-10,"Protests","Germany"
"18769",2024-01-10,"Protests","Germany"
"18770",2024-01-10,"Protests","Germany"
"18771",2024-01-10,"Protests","Germany"
"18772",2024-01-10,"Protests","Germany"
"18773",2024-01-10,"Protests","Germany"
"18774",2024-01-10,"Protests","Germany"
"18775",2024-01-10,"Protests","Germany"
"18776",2024-01-10,"Protests","Germany"
"18777",2024-01-10,"Protests","Germany"
"18778",2024-01-10,"Protests","Germany"
"18779",2024-01-10,"Protests","Germany"
"18780",2024-01-10,"Protests","Germany"
"18781",2024-01-10,"Protests","Germany"
"18782",2024-01-10,"Protests","Germany"
"18783",2024-01-10,"Protests","Germany"
"18784",2024-01-10,"Protests","Germany"
"18785",2024-01-10,"Protests","Germany"
"18786",2024-01-10,"Protests","Germany"
"18787",2024-01-10,"Protests","Germany"
"18788",2024-01-10,"Protests","Germany"
"18789",2024-01-10,"Protests","Germany"
"18790",2024-01-10,"Protests","Germany"
"18791",2024-01-10,"Protests","Germany"
"18792",2024-01-10,"Protests","Germany"
"18793",2024-01-10,"Protests","Germany"
"18794",2024-01-10,"Protests","Germany"
"18795",2024-01-10,"Protests","Germany"
"18796",2024-01-10,"Protests","Germany"
"18797",2024-01-10,"Protests","Germany"
"18798",2024-01-10,"Protests","Germany"
"18799",2024-01-10,"Protests","Germany"
"18800",2024-01-10,"Protests","Germany"
"18801",2024-01-10,"Protests","Germany"
"18802",2024-01-10,"Protests","Germany"
"18803",2024-01-10,"Protests","Germany"
"18804",2024-01-10,"Protests","Germany"
"18805",2024-01-10,"Protests","Germany"
"18806",2024-01-10,"Protests","Germany"
"18807",2024-01-10,"Protests","Germany"
"18808",2024-01-10,"Protests","Germany"
"18809",2024-01-10,"Protests","Germany"
"18810",2024-01-10,"Protests","Germany"
"18811",2024-01-10,"Protests","Germany"
"18812",2024-01-10,"Protests","Germany"
"18813",2024-01-10,"Protests","Germany"
"18814",2024-01-10,"Protests","Germany"
"18815",2024-01-10,"Protests","Germany"
"18816",2024-01-10,"Protests","Germany"
"18817",2024-01-10,"Protests","Germany"
"18818",2024-01-10,"Protests","Germany"
"18819",2024-01-10,"Protests","Germany"
"18820",2024-01-10,"Protests","Germany"
"18821",2024-01-10,"Protests","Germany"
"18822",2024-01-10,"Protests","Germany"
"18823",2024-01-10,"Protests","Germany"
"18824",2024-01-10,"Protests","Germany"
"18825",2024-01-10,"Protests","Germany"
"18826",2024-01-10,"Protests","Germany"
"18827",2024-01-10,"Protests","Germany"
"18828",2024-01-10,"Protests","Germany"
"18829",2024-01-10,"Protests","Germany"
"18830",2024-01-10,"Protests","Germany"
"18831",2024-01-10,"Protests","Germany"
"18832",2024-01-10,"Protests","Germany"
"18833",2024-01-10,"Protests","Germany"
"18834",2024-01-10,"Protests","Germany"
"18835",2024-01-10,"Protests","Germany"
"18836",2024-01-10,"Protests","Germany"
"18837",2024-01-10,"Protests","Germany"
"18838",2024-01-10,"Protests","Germany"
"18839",2024-01-10,"Protests","Germany"
"18840",2024-01-10,"Protests","Germany"
"18841",2024-01-10,"Protests","Germany"
"18842",2024-01-10,"Protests","Germany"
"18843",2024-01-10,"Protests","Germany"
"18844",2024-01-10,"Protests","Germany"
"18845",2024-01-10,"Protests","Germany"
"18846",2024-01-11,"Protests","Germany"
"18847",2024-01-11,"Protests","Germany"
"18848",2024-01-11,"Protests","Germany"
"18849",2024-01-11,"Protests","Germany"
"18850",2024-01-11,"Protests","Germany"
"18851",2024-01-11,"Protests","Germany"
"18852",2024-01-11,"Protests","Germany"
"18853",2024-01-11,"Protests","Germany"
"18854",2024-01-11,"Protests","Germany"
"18855",2024-01-11,"Protests","Germany"
"18856",2024-01-11,"Protests","Germany"
"18857",2024-01-11,"Protests","Germany"
"18858",2024-01-11,"Protests","Germany"
"18859",2024-01-11,"Protests","Germany"
"18860",2024-01-11,"Protests","Germany"
"18861",2024-01-11,"Protests","Germany"
"18862",2024-01-11,"Protests","Germany"
"18863",2024-01-11,"Protests","Germany"
"18864",2024-01-11,"Protests","Germany"
"18865",2024-01-11,"Protests","Germany"
"18866",2024-01-11,"Protests","Germany"
"18867",2024-01-11,"Protests","Germany"
"18868",2024-01-11,"Protests","Germany"
"18869",2024-01-11,"Protests","Germany"
"18870",2024-01-11,"Protests","Germany"
"18871",2024-01-11,"Protests","Germany"
"18872",2024-01-11,"Protests","Germany"
"18873",2024-01-11,"Protests","Germany"
"18874",2024-01-11,"Protests","Germany"
"18875",2024-01-11,"Protests","Germany"
"18876",2024-01-11,"Protests","Germany"
"18877",2024-01-11,"Protests","Germany"
"18878",2024-01-11,"Protests","Germany"
"18879",2024-01-11,"Protests","Germany"
"18880",2024-01-11,"Protests","Germany"
"18881",2024-01-11,"Protests","Germany"
"18882",2024-01-11,"Protests","Germany"
"18883",2024-01-11,"Protests","Germany"
"18884",2024-01-11,"Protests","Germany"
"18885",2024-01-11,"Protests","Germany"
"18886",2024-01-11,"Protests","Germany"
"18887",2024-01-11,"Protests","Germany"
"18888",2024-01-11,"Protests","Germany"
"18889",2024-01-11,"Protests","Germany"
"18890",2024-01-11,"Protests","Germany"
"18891",2024-01-11,"Protests","Germany"
"18892",2024-01-11,"Protests","Germany"
"18893",2024-01-11,"Protests","Germany"
"18894",2024-01-11,"Protests","Germany"
"18895",2024-01-11,"Protests","Germany"
"18896",2024-01-11,"Protests","Germany"
"18897",2024-01-11,"Protests","Germany"
"18898",2024-01-11,"Protests","Germany"
"18899",2024-01-11,"Protests","Germany"
"18900",2024-01-11,"Protests","Germany"
"18901",2024-01-11,"Protests","Germany"
"18902",2024-01-11,"Protests","Germany"
"18903",2024-01-11,"Protests","Germany"
"18904",2024-01-11,"Protests","Germany"
"18905",2024-01-11,"Protests","Germany"
"18906",2024-01-11,"Protests","Germany"
"18907",2024-01-11,"Protests","Germany"
"18908",2024-01-11,"Protests","Germany"
"18909",2024-01-11,"Protests","Germany"
"18910",2024-01-11,"Protests","Germany"
"18911",2024-01-11,"Protests","Germany"
"18912",2024-01-11,"Protests","Germany"
"18913",2024-01-11,"Protests","Germany"
"18914",2024-01-11,"Protests","Germany"
"18915",2024-01-11,"Protests","Germany"
"18916",2024-01-11,"Protests","Germany"
"18917",2024-01-11,"Protests","Germany"
"18918",2024-01-11,"Protests","Germany"
"18919",2024-01-11,"Protests","Germany"
"18920",2024-01-11,"Protests","Germany"
"18921",2024-01-11,"Protests","Germany"
"18922",2024-01-11,"Protests","Germany"
"18923",2024-01-11,"Protests","Germany"
"18924",2024-01-11,"Protests","Germany"
"18925",2024-01-11,"Protests","Germany"
"18926",2024-01-11,"Protests","Germany"
"18927",2024-01-11,"Protests","Germany"
"18928",2024-01-11,"Protests","Germany"
"18929",2024-01-11,"Protests","Germany"
"18930",2024-01-11,"Protests","Germany"
"18931",2024-01-11,"Protests","Germany"
"18932",2024-01-11,"Protests","Germany"
"18933",2024-01-11,"Protests","Germany"
"18934",2024-01-11,"Protests","Germany"
"18935",2024-01-11,"Protests","Germany"
"18936",2024-01-11,"Protests","Germany"
"18937",2024-01-11,"Protests","Germany"
"18938",2024-01-11,"Protests","Germany"
"18939",2024-01-11,"Protests","Germany"
"18940",2024-01-11,"Protests","Germany"
"18941",2024-01-11,"Protests","Germany"
"18942",2024-01-11,"Protests","Germany"
"18943",2024-01-11,"Protests","Germany"
"18944",2024-01-11,"Strategic developments","Germany"
"18945",2024-01-11,"Protests","Germany"
"18946",2024-01-11,"Protests","Germany"
"18947",2024-01-11,"Protests","Germany"
"18948",2024-01-11,"Protests","Germany"
"18949",2024-01-12,"Protests","Germany"
"18950",2024-01-12,"Protests","Germany"
"18951",2024-01-12,"Protests","Germany"
"18952",2024-01-12,"Protests","Germany"
"18953",2024-01-12,"Protests","Germany"
"18954",2024-01-12,"Protests","Germany"
"18955",2024-01-12,"Protests","Germany"
"18956",2024-01-12,"Protests","Germany"
"18957",2024-01-12,"Protests","Germany"
"18958",2024-01-12,"Protests","Germany"
"18959",2024-01-12,"Protests","Germany"
"18960",2024-01-12,"Protests","Germany"
"18961",2024-01-12,"Protests","Germany"
"18962",2024-01-12,"Protests","Germany"
"18963",2024-01-12,"Protests","Germany"
"18964",2024-01-12,"Protests","Germany"
"18965",2024-01-12,"Protests","Germany"
"18966",2024-01-12,"Protests","Germany"
"18967",2024-01-12,"Protests","Germany"
"18968",2024-01-12,"Protests","Germany"
"18969",2024-01-12,"Protests","Germany"
"18970",2024-01-12,"Protests","Germany"
"18971",2024-01-12,"Protests","Germany"
"18972",2024-01-12,"Protests","Germany"
"18973",2024-01-12,"Protests","Germany"
"18974",2024-01-12,"Protests","Germany"
"18975",2024-01-12,"Protests","Germany"
"18976",2024-01-12,"Protests","Germany"
"18977",2024-01-12,"Protests","Germany"
"18978",2024-01-12,"Protests","Germany"
"18979",2024-01-12,"Protests","Germany"
"18980",2024-01-12,"Protests","Germany"
"18981",2024-01-12,"Protests","Germany"
"18982",2024-01-12,"Protests","Germany"
"18983",2024-01-12,"Protests","Germany"
"18984",2024-01-12,"Protests","Germany"
"18985",2024-01-12,"Protests","Germany"
"18986",2024-01-12,"Protests","Germany"
"18987",2024-01-12,"Protests","Germany"
"18988",2024-01-12,"Protests","Germany"
"18989",2024-01-12,"Protests","Germany"
"18990",2024-01-12,"Protests","Germany"
"18991",2024-01-12,"Protests","Germany"
"18992",2024-01-12,"Protests","Germany"
"18993",2024-01-12,"Protests","Germany"
"18994",2024-01-12,"Protests","Germany"
"18995",2024-01-12,"Protests","Germany"
"18996",2024-01-12,"Protests","Germany"
"18997",2024-01-12,"Protests","Germany"
"18998",2024-01-12,"Protests","Germany"
"18999",2024-01-12,"Protests","Germany"
"19000",2024-01-12,"Protests","Germany"
"19001",2024-01-12,"Protests","Germany"
"19002",2024-01-12,"Protests","Germany"
"19003",2024-01-12,"Protests","Germany"
"19004",2024-01-12,"Protests","Germany"
"19005",2024-01-12,"Protests","Germany"
"19006",2024-01-12,"Protests","Germany"
"19007",2024-01-12,"Protests","Germany"
"19008",2024-01-12,"Protests","Germany"
"19009",2024-01-12,"Protests","Germany"
"19010",2024-01-12,"Protests","Germany"
"19011",2024-01-12,"Protests","Germany"
"19012",2024-01-12,"Protests","Germany"
"19013",2024-01-12,"Protests","Germany"
"19014",2024-01-12,"Protests","Germany"
"19015",2024-01-12,"Protests","Germany"
"19016",2024-01-12,"Protests","Germany"
"19017",2024-01-12,"Protests","Germany"
"19018",2024-01-12,"Protests","Germany"
"19019",2024-01-12,"Protests","Germany"
"19020",2024-01-12,"Protests","Germany"
"19021",2024-01-12,"Protests","Germany"
"19022",2024-01-12,"Protests","Germany"
"19023",2024-01-12,"Protests","Germany"
"19024",2024-01-12,"Protests","Germany"
"19025",2024-01-12,"Protests","Germany"
"19026",2024-01-12,"Riots","Germany"
"19027",2024-01-13,"Protests","Germany"
"19028",2024-01-13,"Protests","Germany"
"19029",2024-01-13,"Protests","Germany"
"19030",2024-01-13,"Protests","Germany"
"19031",2024-01-13,"Protests","Germany"
"19032",2024-01-13,"Protests","Germany"
"19033",2024-01-13,"Protests","Germany"
"19034",2024-01-13,"Protests","Germany"
"19035",2024-01-13,"Protests","Germany"
"19036",2024-01-13,"Protests","Germany"
"19037",2024-01-13,"Protests","Germany"
"19038",2024-01-13,"Protests","Germany"
"19039",2024-01-13,"Protests","Germany"
"19040",2024-01-13,"Protests","Germany"
"19041",2024-01-13,"Protests","Germany"
"19042",2024-01-13,"Protests","Germany"
"19043",2024-01-13,"Protests","Germany"
"19044",2024-01-13,"Protests","Germany"
"19045",2024-01-13,"Protests","Germany"
"19046",2024-01-13,"Protests","Germany"
"19047",2024-01-13,"Protests","Germany"
"19048",2024-01-13,"Protests","Germany"
"19049",2024-01-13,"Protests","Germany"
"19050",2024-01-13,"Protests","Germany"
"19051",2024-01-13,"Protests","Germany"
"19052",2024-01-13,"Protests","Germany"
"19053",2024-01-13,"Protests","Germany"
"19054",2024-01-13,"Protests","Germany"
"19055",2024-01-13,"Riots","Germany"
"19056",2024-01-13,"Protests","Germany"
"19057",2024-01-13,"Protests","Germany"
"19058",2024-01-13,"Protests","Germany"
"19059",2024-01-13,"Strategic developments","Germany"
"19060",2024-01-13,"Strategic developments","Germany"
"19061",2024-01-13,"Protests","Germany"
"19062",2024-01-13,"Protests","Germany"
"19063",2024-01-13,"Protests","Germany"
"19064",2024-01-13,"Protests","Germany"
"19065",2024-01-13,"Protests","Germany"
"19066",2024-01-13,"Protests","Germany"
"19067",2024-01-13,"Protests","Germany"
"19068",2024-01-13,"Protests","Germany"
"19069",2024-01-13,"Riots","Germany"
"19070",2024-01-14,"Protests","Germany"
"19071",2024-01-14,"Protests","Germany"
"19072",2024-01-14,"Protests","Germany"
"19073",2024-01-14,"Protests","Germany"
"19074",2024-01-14,"Protests","Germany"
"19075",2024-01-14,"Protests","Germany"
"19076",2024-01-14,"Protests","Germany"
"19077",2024-01-14,"Protests","Germany"
"19078",2024-01-14,"Protests","Germany"
"19079",2024-01-14,"Protests","Germany"
"19080",2024-01-14,"Protests","Germany"
"19081",2024-01-14,"Protests","Germany"
"19082",2024-01-14,"Protests","Germany"
"19083",2024-01-14,"Protests","Germany"
"19084",2024-01-14,"Protests","Germany"
"19085",2024-01-14,"Protests","Germany"
"19086",2024-01-14,"Protests","Germany"
"19087",2024-01-14,"Protests","Germany"
"19088",2024-01-14,"Protests","Germany"
"19089",2024-01-14,"Protests","Germany"
"19090",2024-01-14,"Protests","Germany"
"19091",2024-01-14,"Protests","Germany"
"19092",2024-01-14,"Riots","Germany"
"19093",2024-01-14,"Riots","Germany"
"19094",2024-01-14,"Protests","Germany"
"19095",2024-01-15,"Protests","Germany"
"19096",2024-01-15,"Protests","Germany"
"19097",2024-01-15,"Protests","Germany"
"19098",2024-01-15,"Protests","Germany"
"19099",2024-01-15,"Protests","Germany"
"19100",2024-01-15,"Protests","Germany"
"19101",2024-01-15,"Protests","Germany"
"19102",2024-01-15,"Protests","Germany"
"19103",2024-01-15,"Protests","Germany"
"19104",2024-01-15,"Protests","Germany"
"19105",2024-01-15,"Protests","Germany"
"19106",2024-01-15,"Protests","Germany"
"19107",2024-01-15,"Protests","Germany"
"19108",2024-01-15,"Protests","Germany"
"19109",2024-01-15,"Protests","Germany"
"19110",2024-01-15,"Protests","Germany"
"19111",2024-01-15,"Protests","Germany"
"19112",2024-01-15,"Protests","Germany"
"19113",2024-01-15,"Protests","Germany"
"19114",2024-01-15,"Protests","Germany"
"19115",2024-01-15,"Protests","Germany"
"19116",2024-01-15,"Protests","Germany"
"19117",2024-01-15,"Protests","Germany"
"19118",2024-01-15,"Protests","Germany"
"19119",2024-01-15,"Protests","Germany"
"19120",2024-01-15,"Protests","Germany"
"19121",2024-01-15,"Protests","Germany"
"19122",2024-01-15,"Protests","Germany"
"19123",2024-01-15,"Protests","Germany"
"19124",2024-01-15,"Protests","Germany"
"19125",2024-01-15,"Protests","Germany"
"19126",2024-01-15,"Protests","Germany"
"19127",2024-01-15,"Protests","Germany"
"19128",2024-01-15,"Protests","Germany"
"19129",2024-01-15,"Protests","Germany"
"19130",2024-01-15,"Protests","Germany"
"19131",2024-01-15,"Protests","Germany"
"19132",2024-01-15,"Protests","Germany"
"19133",2024-01-15,"Protests","Germany"
"19134",2024-01-15,"Protests","Germany"
"19135",2024-01-15,"Protests","Germany"
"19136",2024-01-15,"Protests","Germany"
"19137",2024-01-15,"Protests","Germany"
"19138",2024-01-15,"Protests","Germany"
"19139",2024-01-15,"Protests","Germany"
"19140",2024-01-15,"Protests","Germany"
"19141",2024-01-15,"Protests","Germany"
"19142",2024-01-15,"Protests","Germany"
"19143",2024-01-15,"Protests","Germany"
"19144",2024-01-15,"Protests","Germany"
"19145",2024-01-15,"Protests","Germany"
"19146",2024-01-15,"Protests","Germany"
"19147",2024-01-15,"Protests","Germany"
"19148",2024-01-15,"Protests","Germany"
"19149",2024-01-15,"Protests","Germany"
"19150",2024-01-15,"Protests","Germany"
"19151",2024-01-15,"Protests","Germany"
"19152",2024-01-15,"Protests","Germany"
"19153",2024-01-15,"Protests","Germany"
"19154",2024-01-15,"Protests","Germany"
"19155",2024-01-15,"Protests","Germany"
"19156",2024-01-15,"Protests","Germany"
"19157",2024-01-15,"Riots","Germany"
"19158",2024-01-15,"Riots","Germany"
"19159",2024-01-15,"Protests","Germany"
"19160",2024-01-16,"Protests","Germany"
"19161",2024-01-16,"Protests","Germany"
"19162",2024-01-16,"Protests","Germany"
"19163",2024-01-16,"Protests","Germany"
"19164",2024-01-16,"Protests","Germany"
"19165",2024-01-16,"Protests","Germany"
"19166",2024-01-16,"Protests","Germany"
"19167",2024-01-16,"Protests","Germany"
"19168",2024-01-16,"Riots","Germany"
"19169",2024-01-17,"Protests","Germany"
"19170",2024-01-17,"Protests","Germany"
"19171",2024-01-17,"Protests","Germany"
"19172",2024-01-17,"Protests","Germany"
"19173",2024-01-17,"Protests","Germany"
"19174",2024-01-17,"Protests","Germany"
"19175",2024-01-17,"Protests","Germany"
"19176",2024-01-17,"Protests","Germany"
"19177",2024-01-17,"Protests","Germany"
"19178",2024-01-17,"Protests","Germany"
"19179",2024-01-18,"Protests","Germany"
"19180",2024-01-18,"Protests","Germany"
"19181",2024-01-18,"Protests","Germany"
"19182",2024-01-18,"Protests","Germany"
"19183",2024-01-18,"Protests","Germany"
"19184",2024-01-18,"Protests","Germany"
"19185",2024-01-18,"Protests","Germany"
"19186",2024-01-18,"Protests","Germany"
"19187",2024-01-19,"Protests","Germany"
"19188",2024-01-19,"Protests","Germany"
"19189",2024-01-19,"Strategic developments","Germany"
"19190",2024-01-19,"Protests","Germany"
"19191",2024-01-19,"Protests","Germany"
"19192",2024-01-19,"Protests","Germany"
"19193",2024-01-19,"Protests","Germany"
"19194",2024-01-19,"Protests","Germany"
"19195",2024-01-19,"Protests","Germany"
"19196",2024-01-19,"Protests","Germany"
"19197",2024-01-19,"Protests","Germany"
"19198",2024-01-19,"Protests","Germany"
"19199",2024-01-19,"Protests","Germany"
"19200",2024-01-19,"Protests","Germany"
"19201",2024-01-19,"Protests","Germany"
"19202",2024-01-19,"Protests","Germany"
"19203",2024-01-19,"Protests","Germany"
"19204",2024-01-19,"Protests","Germany"
"19205",2024-01-19,"Protests","Germany"
"19206",2024-01-19,"Protests","Germany"
"19207",2024-01-19,"Protests","Germany"
"19208",2024-01-20,"Protests","Germany"
"19209",2024-01-20,"Protests","Germany"
"19210",2024-01-20,"Protests","Germany"
"19211",2024-01-20,"Protests","Germany"
"19212",2024-01-20,"Protests","Germany"
"19213",2024-01-20,"Protests","Germany"
"19214",2024-01-20,"Protests","Germany"
"19215",2024-01-20,"Protests","Germany"
"19216",2024-01-20,"Protests","Germany"
"19217",2024-01-20,"Protests","Germany"
"19218",2024-01-20,"Protests","Germany"
"19219",2024-01-20,"Protests","Germany"
"19220",2024-01-20,"Protests","Germany"
"19221",2024-01-20,"Protests","Germany"
"19222",2024-01-20,"Protests","Germany"
"19223",2024-01-20,"Protests","Germany"
"19224",2024-01-20,"Protests","Germany"
"19225",2024-01-20,"Protests","Germany"
"19226",2024-01-20,"Protests","Germany"
"19227",2024-01-20,"Protests","Germany"
"19228",2024-01-20,"Protests","Germany"
"19229",2024-01-20,"Protests","Germany"
"19230",2024-01-20,"Protests","Germany"
"19231",2024-01-20,"Protests","Germany"
"19232",2024-01-20,"Protests","Germany"
"19233",2024-01-20,"Protests","Germany"
"19234",2024-01-20,"Protests","Germany"
"19235",2024-01-20,"Protests","Germany"
"19236",2024-01-20,"Protests","Germany"
"19237",2024-01-20,"Protests","Germany"
"19238",2024-01-20,"Protests","Germany"
"19239",2024-01-20,"Protests","Germany"
"19240",2024-01-20,"Protests","Germany"
"19241",2024-01-20,"Protests","Germany"
"19242",2024-01-20,"Protests","Germany"
"19243",2024-01-20,"Protests","Germany"
"19244",2024-01-20,"Protests","Germany"
"19245",2024-01-20,"Protests","Germany"
"19246",2024-01-20,"Protests","Germany"
"19247",2024-01-20,"Protests","Germany"
"19248",2024-01-20,"Protests","Germany"
"19249",2024-01-20,"Protests","Germany"
"19250",2024-01-20,"Protests","Germany"
"19251",2024-01-20,"Protests","Germany"
"19252",2024-01-20,"Protests","Germany"
"19253",2024-01-20,"Protests","Germany"
"19254",2024-01-20,"Protests","Germany"
"19255",2024-01-20,"Protests","Germany"
"19256",2024-01-20,"Protests","Germany"
"19257",2024-01-20,"Protests","Germany"
"19258",2024-01-20,"Protests","Germany"
"19259",2024-01-20,"Protests","Germany"
"19260",2024-01-20,"Protests","Germany"
"19261",2024-01-20,"Protests","Germany"
"19262",2024-01-20,"Protests","Germany"
"19263",2024-01-20,"Protests","Germany"
"19264",2024-01-20,"Protests","Germany"
"19265",2024-01-20,"Protests","Germany"
"19266",2024-01-20,"Protests","Germany"
"19267",2024-01-20,"Protests","Germany"
"19268",2024-01-20,"Protests","Germany"
"19269",2024-01-20,"Riots","Germany"
"19270",2024-01-20,"Protests","Germany"
"19271",2024-01-21,"Protests","Germany"
"19272",2024-01-21,"Protests","Germany"
"19273",2024-01-21,"Protests","Germany"
"19274",2024-01-21,"Protests","Germany"
"19275",2024-01-21,"Protests","Germany"
"19276",2024-01-21,"Protests","Germany"
"19277",2024-01-21,"Protests","Germany"
"19278",2024-01-21,"Protests","Germany"
"19279",2024-01-21,"Protests","Germany"
"19280",2024-01-21,"Protests","Germany"
"19281",2024-01-21,"Protests","Germany"
"19282",2024-01-21,"Protests","Germany"
"19283",2024-01-21,"Protests","Germany"
"19284",2024-01-21,"Protests","Germany"
"19285",2024-01-21,"Protests","Germany"
"19286",2024-01-21,"Protests","Germany"
"19287",2024-01-21,"Protests","Germany"
"19288",2024-01-21,"Protests","Germany"
"19289",2024-01-21,"Protests","Germany"
"19290",2024-01-21,"Protests","Germany"
"19291",2024-01-21,"Protests","Germany"
"19292",2024-01-21,"Protests","Germany"
"19293",2024-01-21,"Protests","Germany"
"19294",2024-01-21,"Protests","Germany"
"19295",2024-01-21,"Protests","Germany"
"19296",2024-01-21,"Protests","Germany"
"19297",2024-01-21,"Protests","Germany"
"19298",2024-01-21,"Protests","Germany"
"19299",2024-01-21,"Protests","Germany"
"19300",2024-01-22,"Protests","Germany"
"19301",2024-01-22,"Protests","Germany"
"19302",2024-01-22,"Protests","Germany"
"19303",2024-01-22,"Protests","Germany"
"19304",2024-01-22,"Protests","Germany"
"19305",2024-01-22,"Protests","Germany"
"19306",2024-01-22,"Protests","Germany"
"19307",2024-01-22,"Protests","Germany"
"19308",2024-01-22,"Protests","Germany"
"19309",2024-01-23,"Protests","Germany"
"19310",2024-01-23,"Protests","Germany"
"19311",2024-01-23,"Protests","Germany"
"19312",2024-01-23,"Protests","Germany"
"19313",2024-01-23,"Protests","Germany"
"19314",2024-01-23,"Protests","Germany"
"19315",2024-01-23,"Protests","Germany"
"19316",2024-01-23,"Protests","Germany"
"19317",2024-01-23,"Protests","Germany"
"19318",2024-01-24,"Protests","Germany"
"19319",2024-01-24,"Protests","Germany"
"19320",2024-01-24,"Protests","Germany"
"19321",2024-01-24,"Protests","Germany"
"19322",2024-01-24,"Protests","Germany"
"19323",2024-01-24,"Protests","Germany"
"19324",2024-01-24,"Protests","Germany"
"19325",2024-01-24,"Protests","Germany"
"19326",2024-01-24,"Protests","Germany"
"19327",2024-01-24,"Protests","Germany"
"19328",2024-01-24,"Protests","Germany"
"19329",2024-01-24,"Protests","Germany"
"19330",2024-01-24,"Protests","Germany"
"19331",2024-01-25,"Protests","Germany"
"19332",2024-01-25,"Protests","Germany"
"19333",2024-01-25,"Protests","Germany"
"19334",2024-01-25,"Protests","Germany"
"19335",2024-01-25,"Protests","Germany"
"19336",2024-01-25,"Protests","Germany"
"19337",2024-01-25,"Protests","Germany"
"19338",2024-01-25,"Protests","Germany"
"19339",2024-01-25,"Protests","Germany"
"19340",2024-01-25,"Protests","Germany"
"19341",2024-01-25,"Protests","Germany"
"19342",2024-01-25,"Protests","Germany"
"19343",2024-01-25,"Protests","Germany"
"19344",2024-01-25,"Protests","Germany"
"19345",2024-01-25,"Protests","Germany"
"19346",2024-01-25,"Protests","Germany"
"19347",2024-01-25,"Protests","Germany"
"19348",2024-01-25,"Protests","Germany"
"19349",2024-01-25,"Protests","Germany"
"19350",2024-01-25,"Protests","Germany"
"19351",2024-01-25,"Protests","Germany"
"19352",2024-01-25,"Protests","Germany"
"19353",2024-01-25,"Protests","Germany"
"19354",2024-01-25,"Protests","Germany"
"19355",2024-01-25,"Protests","Germany"
"19356",2024-01-25,"Protests","Germany"
"19357",2024-01-25,"Protests","Germany"
"19358",2024-01-25,"Protests","Germany"
"19359",2024-01-25,"Protests","Germany"
"19360",2024-01-26,"Protests","Germany"
"19361",2024-01-26,"Protests","Germany"
"19362",2024-01-26,"Protests","Germany"
"19363",2024-01-26,"Protests","Germany"
"19364",2024-01-26,"Protests","Germany"
"19365",2024-01-26,"Protests","Germany"
"19366",2024-01-26,"Protests","Germany"
"19367",2024-01-26,"Protests","Germany"
"19368",2024-01-26,"Protests","Germany"
"19369",2024-01-26,"Protests","Germany"
"19370",2024-01-26,"Protests","Germany"
"19371",2024-01-26,"Protests","Germany"
"19372",2024-01-26,"Protests","Germany"
"19373",2024-01-26,"Protests","Germany"
"19374",2024-01-26,"Protests","Germany"
"19375",2024-01-26,"Protests","Germany"
"19376",2024-01-26,"Protests","Germany"
"19377",2024-01-26,"Strategic developments","Germany"
"19378",2024-01-26,"Strategic developments","Germany"
"19379",2024-01-26,"Protests","Germany"
"19380",2024-01-26,"Protests","Germany"
"19381",2024-01-26,"Protests","Germany"
"19382",2024-01-26,"Protests","Germany"
"19383",2024-01-26,"Protests","Germany"
"19384",2024-01-26,"Protests","Germany"
"19385",2024-01-26,"Protests","Germany"
"19386",2024-01-26,"Protests","Germany"
"19387",2024-01-26,"Protests","Germany"
"19388",2024-01-26,"Protests","Germany"
"19389",2024-01-26,"Protests","Germany"
"19390",2024-01-26,"Protests","Germany"
"19391",2024-01-26,"Protests","Germany"
"19392",2024-01-26,"Protests","Germany"
"19393",2024-01-26,"Protests","Germany"
"19394",2024-01-26,"Protests","Germany"
"19395",2024-01-26,"Protests","Germany"
"19396",2024-01-26,"Protests","Germany"
"19397",2024-01-26,"Protests","Germany"
"19398",2024-01-26,"Protests","Germany"
"19399",2024-01-26,"Protests","Germany"
"19400",2024-01-26,"Protests","Germany"
"19401",2024-01-26,"Protests","Germany"
"19402",2024-01-26,"Protests","Germany"
"19403",2024-01-26,"Protests","Germany"
"19404",2024-01-26,"Protests","Germany"
"19405",2024-01-26,"Protests","Germany"
"19406",2024-01-26,"Protests","Germany"
"19407",2024-01-26,"Protests","Germany"
"19408",2024-01-26,"Protests","Germany"
"19409",2024-01-26,"Protests","Germany"
"19410",2024-01-26,"Protests","Germany"
"19411",2024-01-26,"Protests","Germany"
"19412",2024-01-26,"Protests","Germany"
"19413",2024-01-26,"Protests","Germany"
"19414",2024-01-26,"Protests","Germany"
"19415",2024-01-26,"Protests","Germany"
"19416",2024-01-26,"Protests","Germany"
"19417",2024-01-26,"Protests","Germany"
"19418",2024-01-26,"Protests","Germany"
"19419",2024-01-26,"Protests","Germany"
"19420",2024-01-26,"Protests","Germany"
"19421",2024-01-26,"Protests","Germany"
"19422",2024-01-26,"Protests","Germany"
"19423",2024-01-26,"Strategic developments","Germany"
"19424",2024-01-26,"Strategic developments","Germany"
"19425",2024-01-26,"Protests","Germany"
"19426",2024-01-27,"Protests","Germany"
"19427",2024-01-27,"Protests","Germany"
"19428",2024-01-27,"Protests","Germany"
"19429",2024-01-27,"Protests","Germany"
"19430",2024-01-27,"Protests","Germany"
"19431",2024-01-27,"Protests","Germany"
"19432",2024-01-27,"Protests","Germany"
"19433",2024-01-27,"Protests","Germany"
"19434",2024-01-27,"Protests","Germany"
"19435",2024-01-27,"Protests","Germany"
"19436",2024-01-27,"Protests","Germany"
"19437",2024-01-27,"Protests","Germany"
"19438",2024-01-27,"Protests","Germany"
"19439",2024-01-27,"Protests","Germany"
"19440",2024-01-27,"Protests","Germany"
"19441",2024-01-27,"Protests","Germany"
"19442",2024-01-27,"Protests","Germany"
"19443",2024-01-27,"Protests","Germany"
"19444",2024-01-27,"Protests","Germany"
"19445",2024-01-27,"Protests","Germany"
"19446",2024-01-27,"Protests","Germany"
"19447",2024-01-27,"Protests","Germany"
"19448",2024-01-27,"Protests","Germany"
"19449",2024-01-27,"Protests","Germany"
"19450",2024-01-27,"Protests","Germany"
"19451",2024-01-27,"Protests","Germany"
"19452",2024-01-27,"Protests","Germany"
"19453",2024-01-27,"Protests","Germany"
"19454",2024-01-27,"Protests","Germany"
"19455",2024-01-27,"Protests","Germany"
"19456",2024-01-27,"Protests","Germany"
"19457",2024-01-27,"Protests","Germany"
"19458",2024-01-27,"Protests","Germany"
"19459",2024-01-27,"Protests","Germany"
"19460",2024-01-27,"Protests","Germany"
"19461",2024-01-27,"Protests","Germany"
"19462",2024-01-27,"Protests","Germany"
"19463",2024-01-27,"Protests","Germany"
"19464",2024-01-27,"Protests","Germany"
"19465",2024-01-27,"Protests","Germany"
"19466",2024-01-27,"Protests","Germany"
"19467",2024-01-27,"Protests","Germany"
"19468",2024-01-27,"Protests","Germany"
"19469",2024-01-27,"Protests","Germany"
"19470",2024-01-27,"Protests","Germany"
"19471",2024-01-27,"Protests","Germany"
"19472",2024-01-27,"Protests","Germany"
"19473",2024-01-27,"Protests","Germany"
"19474",2024-01-27,"Protests","Germany"
"19475",2024-01-27,"Protests","Germany"
"19476",2024-01-27,"Protests","Germany"
"19477",2024-01-27,"Protests","Germany"
"19478",2024-01-27,"Protests","Germany"
"19479",2024-01-27,"Protests","Germany"
"19480",2024-01-27,"Protests","Germany"
"19481",2024-01-27,"Protests","Germany"
"19482",2024-01-27,"Protests","Germany"
"19483",2024-01-27,"Protests","Germany"
"19484",2024-01-27,"Protests","Germany"
"19485",2024-01-27,"Protests","Germany"
"19486",2024-01-27,"Protests","Germany"
"19487",2024-01-27,"Protests","Germany"
"19488",2024-01-27,"Protests","Germany"
"19489",2024-01-27,"Protests","Germany"
"19490",2024-01-27,"Protests","Germany"
"19491",2024-01-27,"Protests","Germany"
"19492",2024-01-27,"Protests","Germany"
"19493",2024-01-27,"Protests","Germany"
"19494",2024-01-27,"Protests","Germany"
"19495",2024-01-27,"Protests","Germany"
"19496",2024-01-27,"Protests","Germany"
"19497",2024-01-27,"Protests","Germany"
"19498",2024-01-27,"Protests","Germany"
"19499",2024-01-27,"Protests","Germany"
"19500",2024-01-27,"Protests","Germany"
"19501",2024-01-27,"Protests","Germany"
"19502",2024-01-27,"Protests","Germany"
"19503",2024-01-27,"Protests","Germany"
"19504",2024-01-27,"Protests","Germany"
"19505",2024-01-27,"Protests","Germany"
"19506",2024-01-27,"Protests","Germany"
"19507",2024-01-27,"Protests","Germany"
"19508",2024-01-27,"Protests","Germany"
"19509",2024-01-27,"Protests","Germany"
"19510",2024-01-27,"Protests","Germany"
"19511",2024-01-27,"Protests","Germany"
"19512",2024-01-27,"Protests","Germany"
"19513",2024-01-27,"Protests","Germany"
"19514",2024-01-27,"Protests","Germany"
"19515",2024-01-27,"Protests","Germany"
"19516",2024-01-27,"Protests","Germany"
"19517",2024-01-27,"Protests","Germany"
"19518",2024-01-27,"Protests","Germany"
"19519",2024-01-27,"Protests","Germany"
"19520",2024-01-27,"Protests","Germany"
"19521",2024-01-27,"Protests","Germany"
"19522",2024-01-27,"Protests","Germany"
"19523",2024-01-27,"Protests","Germany"
"19524",2024-01-27,"Protests","Germany"
"19525",2024-01-27,"Protests","Germany"
"19526",2024-01-27,"Protests","Germany"
"19527",2024-01-27,"Protests","Germany"
"19528",2024-01-27,"Protests","Germany"
"19529",2024-01-27,"Protests","Germany"
"19530",2024-01-27,"Protests","Germany"
"19531",2024-01-27,"Protests","Germany"
"19532",2024-01-27,"Protests","Germany"
"19533",2024-01-27,"Protests","Germany"
"19534",2024-01-27,"Protests","Germany"
"19535",2024-01-27,"Protests","Germany"
"19536",2024-01-27,"Protests","Germany"
"19537",2024-01-27,"Protests","Germany"
"19538",2024-01-27,"Protests","Germany"
"19539",2024-01-27,"Protests","Germany"
"19540",2024-01-27,"Protests","Germany"
"19541",2024-01-27,"Riots","Germany"
"19542",2024-01-27,"Protests","Germany"
"19543",2024-01-28,"Protests","Germany"
"19544",2024-01-28,"Protests","Germany"
"19545",2024-01-28,"Protests","Germany"
"19546",2024-01-28,"Protests","Germany"
"19547",2024-01-28,"Protests","Germany"
"19548",2024-01-28,"Protests","Germany"
"19549",2024-01-28,"Protests","Germany"
"19550",2024-01-28,"Protests","Germany"
"19551",2024-01-28,"Protests","Germany"
"19552",2024-01-28,"Protests","Germany"
"19553",2024-01-28,"Protests","Germany"
"19554",2024-01-28,"Protests","Germany"
"19555",2024-01-28,"Protests","Germany"
"19556",2024-01-28,"Protests","Germany"
"19557",2024-01-28,"Protests","Germany"
"19558",2024-01-28,"Protests","Germany"
"19559",2024-01-28,"Protests","Germany"
"19560",2024-01-28,"Protests","Germany"
"19561",2024-01-28,"Protests","Germany"
"19562",2024-01-28,"Protests","Germany"
"19563",2024-01-28,"Protests","Germany"
"19564",2024-01-28,"Protests","Germany"
"19565",2024-01-28,"Protests","Germany"
"19566",2024-01-28,"Protests","Germany"
"19567",2024-01-28,"Protests","Germany"
"19568",2024-01-28,"Protests","Germany"
"19569",2024-01-28,"Protests","Germany"
"19570",2024-01-28,"Protests","Germany"
"19571",2024-01-28,"Protests","Germany"
"19572",2024-01-28,"Protests","Germany"
"19573",2024-01-28,"Protests","Germany"
"19574",2024-01-28,"Protests","Germany"
"19575",2024-01-28,"Protests","Germany"
"19576",2024-01-28,"Protests","Germany"
"19577",2024-01-28,"Protests","Germany"
"19578",2024-01-28,"Protests","Germany"
"19579",2024-01-28,"Protests","Germany"
"19580",2024-01-28,"Protests","Germany"
"19581",2024-01-28,"Protests","Germany"
"19582",2024-01-28,"Protests","Germany"
"19583",2024-01-28,"Protests","Germany"
"19584",2024-01-28,"Protests","Germany"
"19585",2024-01-28,"Protests","Germany"
"19586",2024-01-28,"Protests","Germany"
"19587",2024-01-28,"Protests","Germany"
"19588",2024-01-28,"Protests","Germany"
"19589",2024-01-28,"Protests","Germany"
"19590",2024-01-28,"Protests","Germany"
"19591",2024-01-28,"Protests","Germany"
"19592",2024-01-28,"Protests","Germany"
"19593",2024-01-28,"Protests","Germany"
"19594",2024-01-28,"Protests","Germany"
"19595",2024-01-28,"Protests","Germany"
"19596",2024-01-29,"Protests","Germany"
"19597",2024-01-29,"Protests","Germany"
"19598",2024-01-29,"Protests","Germany"
"19599",2024-01-29,"Protests","Germany"
"19600",2024-01-29,"Protests","Germany"
"19601",2024-01-29,"Protests","Germany"
"19602",2024-01-29,"Protests","Germany"
"19603",2024-01-29,"Protests","Germany"
"19604",2024-01-29,"Protests","Germany"
"19605",2024-01-29,"Protests","Germany"
"19606",2024-01-29,"Protests","Germany"
"19607",2024-01-29,"Protests","Germany"
"19608",2024-01-29,"Protests","Germany"
"19609",2024-01-29,"Protests","Germany"
"19610",2024-01-29,"Protests","Germany"
"19611",2024-01-30,"Protests","Germany"
"19612",2024-01-30,"Protests","Germany"
"19613",2024-01-30,"Protests","Germany"
"19614",2024-01-30,"Protests","Germany"
"19615",2024-01-30,"Protests","Germany"
"19616",2024-01-30,"Protests","Germany"
"19617",2024-01-30,"Protests","Germany"
"19618",2024-01-30,"Protests","Germany"
"19619",2024-01-30,"Protests","Germany"
"19620",2024-01-30,"Protests","Germany"
"19621",2024-01-30,"Protests","Germany"
"19622",2024-01-30,"Protests","Germany"
"19623",2024-01-30,"Protests","Germany"
"19624",2024-01-30,"Protests","Germany"
"19625",2024-01-30,"Protests","Germany"
"19626",2024-01-30,"Protests","Germany"
"19627",2024-01-30,"Protests","Germany"
"19628",2024-01-30,"Protests","Germany"
"19629",2024-01-31,"Protests","Germany"
"19630",2024-01-31,"Protests","Germany"
"19631",2024-01-31,"Protests","Germany"
"19632",2024-01-31,"Protests","Germany"
"19633",2024-01-31,"Protests","Germany"
"19634",2024-01-31,"Protests","Germany"
"19635",2024-01-31,"Protests","Germany"
"19636",2024-01-31,"Protests","Germany"
"19637",2024-01-31,"Protests","Germany"
"19638",2024-01-31,"Protests","Germany"
"19639",2024-01-31,"Protests","Germany"
"19640",2024-01-31,"Protests","Germany"
"19641",2024-01-31,"Protests","Germany"
"19642",2024-01-31,"Protests","Germany"
"19643",2024-01-31,"Protests","Germany"
"19644",2024-01-31,"Protests","Germany"
"19645",2024-01-31,"Protests","Germany"
"19646",2024-01-31,"Protests","Germany"
"19647",2024-01-31,"Protests","Germany"
"19648",2024-01-31,"Protests","Germany"
"19649",2024-01-31,"Protests","Germany"
"19650",2024-01-31,"Protests","Germany"
"19651",2024-01-31,"Protests","Germany"
"19652",2024-01-31,"Protests","Germany"
"19653",2024-01-31,"Protests","Germany"
"19654",2024-01-31,"Protests","Germany"
"19655",2024-01-31,"Protests","Germany"
"19656",2024-01-31,"Protests","Germany"
"19657",2024-01-31,"Protests","Germany"
"19658",2024-01-31,"Protests","Germany"
"19659",2024-01-31,"Protests","Germany"
"19660",2024-01-31,"Protests","Germany"
"19661",2024-01-31,"Protests","Germany"
"19662",2024-01-31,"Protests","Germany"
"19663",2024-01-31,"Protests","Germany"
"19664",2024-01-31,"Protests","Germany"
"19665",2024-01-31,"Protests","Germany"
"19666",2024-01-31,"Protests","Germany"
"19667",2024-01-31,"Protests","Germany"
"19668",2024-01-31,"Protests","Germany"
"19669",2024-01-31,"Protests","Germany"
"19670",2024-01-31,"Protests","Germany"
"19671",2024-01-31,"Protests","Germany"
"19672",2024-01-31,"Protests","Germany"
"19673",2024-01-31,"Protests","Germany"
"19674",2024-01-31,"Protests","Germany"
"19675",2024-01-31,"Protests","Germany"
"19676",2024-01-31,"Protests","Germany"
"19677",2024-01-31,"Protests","Germany"
"19678",2024-01-31,"Protests","Germany"
"19679",2024-01-31,"Protests","Germany"
"19680",2024-01-31,"Protests","Germany"
"19681",2024-01-31,"Protests","Germany"
"19682",2024-01-31,"Protests","Germany"
"19683",2024-01-31,"Protests","Germany"
"19684",2024-01-31,"Protests","Germany"
"19685",2024-01-31,"Protests","Germany"
"19686",2024-01-31,"Protests","Germany"
"19687",2024-01-31,"Protests","Germany"
"19688",2024-01-31,"Protests","Germany"
"19689",2024-01-31,"Protests","Germany"
"19690",2024-01-31,"Protests","Germany"
"19691",2024-01-31,"Protests","Germany"
"19692",2024-01-31,"Protests","Germany"
"19693",2024-01-31,"Protests","Germany"
"19694",2024-01-31,"Protests","Germany"
"19695",2024-01-31,"Protests","Germany"
"19696",2024-01-31,"Protests","Germany"
"19697",2024-01-31,"Protests","Germany"
"19698",2024-01-31,"Protests","Germany"
"19699",2024-01-31,"Protests","Germany"
"19700",2024-01-31,"Protests","Germany"
"19701",2024-01-31,"Protests","Germany"
"19702",2024-01-31,"Protests","Germany"
"19703",2024-01-31,"Protests","Germany"
"19704",2024-01-31,"Protests","Germany"
"19705",2024-01-31,"Protests","Germany"
"19706",2024-01-31,"Protests","Germany"
"19707",2024-01-31,"Protests","Germany"
"19708",2024-01-31,"Protests","Germany"
"19709",2024-01-31,"Protests","Germany"
"19710",2024-01-31,"Protests","Germany"
"19711",2024-01-31,"Protests","Germany"
"19712",2024-01-31,"Protests","Germany"
"19713",2024-01-31,"Protests","Germany"
"19714",2024-01-31,"Protests","Germany"
"19715",2024-01-31,"Protests","Germany"
"19716",2024-01-31,"Protests","Germany"
"19717",2024-01-31,"Protests","Germany"
"19718",2024-01-31,"Protests","Germany"
"19719",2024-01-31,"Protests","Germany"
"19720",2024-01-31,"Protests","Germany"
"19721",2024-01-31,"Protests","Germany"
"19722",2024-01-31,"Protests","Germany"
"19723",2024-01-31,"Protests","Germany"
"19724",2024-01-31,"Protests","Germany"
"19725",2024-01-31,"Protests","Germany"
"19726",2024-01-31,"Protests","Germany"
"19727",2024-01-31,"Protests","Germany"
"19728",2024-01-31,"Protests","Germany"
"19729",2024-01-31,"Protests","Germany"
"19730",2024-01-31,"Protests","Germany"
"19731",2024-01-31,"Protests","Germany"
"19732",2024-01-31,"Protests","Germany"
"19733",2024-01-31,"Protests","Germany"
"19734",2024-01-31,"Protests","Germany"
"19735",2024-01-31,"Protests","Germany"
"19736",2024-01-31,"Protests","Germany"
"19737",2024-01-31,"Protests","Germany"
"19738",2024-01-31,"Protests","Germany"
"19739",2024-01-31,"Protests","Germany"
"19740",2024-01-31,"Protests","Germany"
"19741",2024-01-31,"Protests","Germany"
"19742",2024-01-31,"Protests","Germany"
"19743",2024-01-31,"Protests","Germany"
"19744",2024-01-31,"Protests","Germany"
"19745",2024-01-31,"Protests","Germany"
"19746",2024-01-31,"Protests","Germany"
"19747",2024-01-31,"Protests","Germany"
"19748",2024-01-31,"Protests","Germany"
"19749",2024-01-31,"Protests","Germany"
"19750",2024-01-31,"Protests","Germany"
"19751",2024-01-31,"Protests","Germany"
"19752",2024-01-31,"Strategic developments","Germany"
"19753",2024-01-31,"Strategic developments","Germany"
"19754",2024-01-31,"Protests","Germany"
"19755",2024-01-31,"Protests","Germany"
"19756",2024-01-31,"Protests","Germany"
"19757",2024-01-31,"Protests","Germany"
"19758",2024-01-31,"Protests","Germany"
"19759",2024-01-31,"Protests","Germany"
"19760",2024-01-31,"Protests","Germany"
"19761",2024-01-31,"Protests","Germany"
"19762",2024-01-31,"Protests","Germany"
"19763",2024-01-31,"Protests","Germany"
"19764",2024-01-31,"Protests","Germany"
"19765",2024-01-31,"Protests","Germany"
"19766",2024-01-31,"Protests","Germany"
"19767",2024-01-31,"Protests","Germany"
"19768",2024-01-31,"Protests","Germany"
"19769",2024-01-31,"Protests","Germany"
"19770",2024-02-01,"Protests","Germany"
"19771",2024-02-01,"Protests","Germany"
"19772",2024-02-01,"Protests","Germany"
"19773",2024-02-01,"Riots","Germany"
"19774",2024-02-01,"Protests","Germany"
"19775",2024-02-01,"Protests","Germany"
"19776",2024-02-01,"Protests","Germany"
"19777",2024-02-01,"Protests","Germany"
"19778",2024-02-01,"Protests","Germany"
"19779",2024-02-01,"Protests","Germany"
"19780",2024-02-01,"Protests","Germany"
"19781",2024-02-01,"Protests","Germany"
"19782",2024-02-01,"Protests","Germany"
"19783",2024-02-01,"Protests","Germany"
"19784",2024-02-01,"Strategic developments","Germany"
"19785",2024-02-01,"Protests","Germany"
"19786",2024-02-01,"Protests","Germany"
"19787",2024-02-01,"Protests","Germany"
"19788",2024-02-01,"Protests","Germany"
"19789",2024-02-01,"Protests","Germany"
"19790",2024-02-01,"Protests","Germany"
"19791",2024-02-02,"Protests","Germany"
"19792",2024-02-02,"Protests","Germany"
"19793",2024-02-02,"Protests","Germany"
"19794",2024-02-02,"Protests","Germany"
"19795",2024-02-02,"Protests","Germany"
"19796",2024-02-02,"Protests","Germany"
"19797",2024-02-02,"Protests","Germany"
"19798",2024-02-02,"Protests","Germany"
"19799",2024-02-02,"Protests","Germany"
"19800",2024-02-02,"Protests","Germany"
"19801",2024-02-02,"Protests","Germany"
"19802",2024-02-02,"Protests","Germany"
"19803",2024-02-02,"Protests","Germany"
"19804",2024-02-02,"Protests","Germany"
"19805",2024-02-02,"Protests","Germany"
"19806",2024-02-02,"Protests","Germany"
"19807",2024-02-02,"Protests","Germany"
"19808",2024-02-02,"Strategic developments","Germany"
"19809",2024-02-02,"Protests","Germany"
"19810",2024-02-02,"Protests","Germany"
"19811",2024-02-02,"Protests","Germany"
"19812",2024-02-02,"Protests","Germany"
"19813",2024-02-02,"Protests","Germany"
"19814",2024-02-02,"Protests","Germany"
"19815",2024-02-02,"Protests","Germany"
"19816",2024-02-02,"Protests","Germany"
"19817",2024-02-02,"Protests","Germany"
"19818",2024-02-02,"Protests","Germany"
"19819",2024-02-02,"Protests","Germany"
"19820",2024-02-02,"Protests","Germany"
"19821",2024-02-02,"Protests","Germany"
"19822",2024-02-02,"Protests","Germany"
"19823",2024-02-02,"Protests","Germany"
"19824",2024-02-02,"Protests","Germany"
"19825",2024-02-02,"Protests","Germany"
"19826",2024-02-02,"Protests","Germany"
"19827",2024-02-02,"Protests","Germany"
"19828",2024-02-02,"Protests","Germany"
"19829",2024-02-02,"Protests","Germany"
"19830",2024-02-02,"Protests","Germany"
"19831",2024-02-02,"Protests","Germany"
"19832",2024-02-02,"Protests","Germany"
"19833",2024-02-02,"Protests","Germany"
"19834",2024-02-02,"Protests","Germany"
"19835",2024-02-03,"Protests","Germany"
"19836",2024-02-03,"Protests","Germany"
"19837",2024-02-03,"Protests","Germany"
"19838",2024-02-03,"Protests","Germany"
"19839",2024-02-03,"Protests","Germany"
"19840",2024-02-03,"Strategic developments","Germany"
"19841",2024-02-03,"Protests","Germany"
"19842",2024-02-03,"Protests","Germany"
"19843",2024-02-03,"Protests","Germany"
"19844",2024-02-03,"Protests","Germany"
"19845",2024-02-03,"Protests","Germany"
"19846",2024-02-03,"Protests","Germany"
"19847",2024-02-03,"Protests","Germany"
"19848",2024-02-03,"Protests","Germany"
"19849",2024-02-03,"Protests","Germany"
"19850",2024-02-03,"Protests","Germany"
"19851",2024-02-03,"Protests","Germany"
"19852",2024-02-03,"Protests","Germany"
"19853",2024-02-03,"Protests","Germany"
"19854",2024-02-03,"Protests","Germany"
"19855",2024-02-03,"Protests","Germany"
"19856",2024-02-03,"Protests","Germany"
"19857",2024-02-03,"Protests","Germany"
"19858",2024-02-03,"Protests","Germany"
"19859",2024-02-03,"Protests","Germany"
"19860",2024-02-03,"Protests","Germany"
"19861",2024-02-03,"Protests","Germany"
"19862",2024-02-03,"Protests","Germany"
"19863",2024-02-03,"Protests","Germany"
"19864",2024-02-03,"Protests","Germany"
"19865",2024-02-03,"Protests","Germany"
"19866",2024-02-03,"Protests","Germany"
"19867",2024-02-03,"Protests","Germany"
"19868",2024-02-03,"Protests","Germany"
"19869",2024-02-03,"Protests","Germany"
"19870",2024-02-03,"Protests","Germany"
"19871",2024-02-03,"Protests","Germany"
"19872",2024-02-03,"Protests","Germany"
"19873",2024-02-03,"Protests","Germany"
"19874",2024-02-03,"Protests","Germany"
"19875",2024-02-03,"Protests","Germany"
"19876",2024-02-03,"Protests","Germany"
"19877",2024-02-03,"Protests","Germany"
"19878",2024-02-03,"Protests","Germany"
"19879",2024-02-03,"Protests","Germany"
"19880",2024-02-03,"Protests","Germany"
"19881",2024-02-03,"Protests","Germany"
"19882",2024-02-03,"Protests","Germany"
"19883",2024-02-03,"Protests","Germany"
"19884",2024-02-03,"Protests","Germany"
"19885",2024-02-03,"Protests","Germany"
"19886",2024-02-03,"Protests","Germany"
"19887",2024-02-03,"Protests","Germany"
"19888",2024-02-03,"Protests","Germany"
"19889",2024-02-03,"Protests","Germany"
"19890",2024-02-03,"Protests","Germany"
"19891",2024-02-03,"Protests","Germany"
"19892",2024-02-03,"Protests","Germany"
"19893",2024-02-03,"Protests","Germany"
"19894",2024-02-03,"Protests","Germany"
"19895",2024-02-03,"Protests","Germany"
"19896",2024-02-03,"Protests","Germany"
"19897",2024-02-03,"Protests","Germany"
"19898",2024-02-03,"Protests","Germany"
"19899",2024-02-03,"Protests","Germany"
"19900",2024-02-03,"Protests","Germany"
"19901",2024-02-03,"Protests","Germany"
"19902",2024-02-03,"Protests","Germany"
"19903",2024-02-03,"Protests","Germany"
"19904",2024-02-03,"Strategic developments","Germany"
"19905",2024-02-03,"Protests","Germany"
"19906",2024-02-03,"Protests","Germany"
"19907",2024-02-03,"Protests","Germany"
"19908",2024-02-03,"Protests","Germany"
"19909",2024-02-03,"Protests","Germany"
"19910",2024-02-03,"Protests","Germany"
"19911",2024-02-03,"Protests","Germany"
"19912",2024-02-03,"Protests","Germany"
"19913",2024-02-03,"Protests","Germany"
"19914",2024-02-03,"Protests","Germany"
"19915",2024-02-03,"Protests","Germany"
"19916",2024-02-03,"Protests","Germany"
"19917",2024-02-03,"Protests","Germany"
"19918",2024-02-03,"Protests","Germany"
"19919",2024-02-03,"Protests","Germany"
"19920",2024-02-03,"Protests","Germany"
"19921",2024-02-03,"Protests","Germany"
"19922",2024-02-03,"Protests","Germany"
"19923",2024-02-03,"Protests","Germany"
"19924",2024-02-03,"Protests","Germany"
"19925",2024-02-03,"Protests","Germany"
"19926",2024-02-03,"Protests","Germany"
"19927",2024-02-03,"Protests","Germany"
"19928",2024-02-04,"Riots","Germany"
"19929",2024-02-04,"Protests","Germany"
"19930",2024-02-04,"Riots","Germany"
"19931",2024-02-04,"Protests","Germany"
"19932",2024-02-04,"Protests","Germany"
"19933",2024-02-04,"Protests","Germany"
"19934",2024-02-04,"Protests","Germany"
"19935",2024-02-04,"Protests","Germany"
"19936",2024-02-04,"Protests","Germany"
"19937",2024-02-04,"Protests","Germany"
"19938",2024-02-04,"Protests","Germany"
"19939",2024-02-04,"Protests","Germany"
"19940",2024-02-04,"Protests","Germany"
"19941",2024-02-04,"Protests","Germany"
"19942",2024-02-04,"Protests","Germany"
"19943",2024-02-04,"Protests","Germany"
"19944",2024-02-04,"Protests","Germany"
"19945",2024-02-04,"Protests","Germany"
"19946",2024-02-04,"Protests","Germany"
"19947",2024-02-04,"Protests","Germany"
"19948",2024-02-04,"Protests","Germany"
"19949",2024-02-04,"Protests","Germany"
"19950",2024-02-04,"Protests","Germany"
"19951",2024-02-04,"Protests","Germany"
"19952",2024-02-04,"Protests","Germany"
"19953",2024-02-04,"Protests","Germany"
"19954",2024-02-04,"Protests","Germany"
"19955",2024-02-04,"Protests","Germany"
"19956",2024-02-04,"Protests","Germany"
"19957",2024-02-04,"Protests","Germany"
"19958",2024-02-04,"Protests","Germany"
"19959",2024-02-04,"Protests","Germany"
"19960",2024-02-04,"Protests","Germany"
"19961",2024-02-04,"Protests","Germany"
"19962",2024-02-04,"Protests","Germany"
"19963",2024-02-04,"Protests","Germany"
"19964",2024-02-04,"Protests","Germany"
"19965",2024-02-04,"Protests","Germany"
"19966",2024-02-04,"Protests","Germany"
"19967",2024-02-04,"Protests","Germany"
"19968",2024-02-04,"Protests","Germany"
"19969",2024-02-04,"Protests","Germany"
"19970",2024-02-04,"Protests","Germany"
"19971",2024-02-04,"Protests","Germany"
"19972",2024-02-04,"Protests","Germany"
"19973",2024-02-04,"Protests","Germany"
"19974",2024-02-04,"Protests","Germany"
"19975",2024-02-04,"Protests","Germany"
"19976",2024-02-04,"Protests","Germany"
"19977",2024-02-04,"Protests","Germany"
"19978",2024-02-04,"Protests","Germany"
"19979",2024-02-04,"Protests","Germany"
"19980",2024-02-04,"Protests","Germany"
"19981",2024-02-04,"Protests","Germany"
"19982",2024-02-04,"Protests","Germany"
"19983",2024-02-04,"Protests","Germany"
"19984",2024-02-05,"Protests","Germany"
"19985",2024-02-05,"Protests","Germany"
"19986",2024-02-05,"Protests","Germany"
"19987",2024-02-05,"Protests","Germany"
"19988",2024-02-05,"Strategic developments","Germany"
"19989",2024-02-05,"Protests","Germany"
"19990",2024-02-05,"Protests","Germany"
"19991",2024-02-05,"Protests","Germany"
"19992",2024-02-05,"Protests","Germany"
"19993",2024-02-05,"Protests","Germany"
"19994",2024-02-05,"Protests","Germany"
"19995",2024-02-05,"Protests","Germany"
"19996",2024-02-05,"Protests","Germany"
"19997",2024-02-05,"Protests","Germany"
"19998",2024-02-05,"Protests","Germany"
"19999",2024-02-05,"Protests","Germany"
"20000",2024-02-05,"Protests","Germany"
"20001",2024-02-05,"Protests","Germany"
"20002",2024-02-05,"Protests","Germany"
"20003",2024-02-05,"Protests","Germany"
"20004",2024-02-05,"Protests","Germany"
"20005",2024-02-05,"Riots","Germany"
"20006",2024-02-05,"Protests","Germany"
"20007",2024-02-05,"Protests","Germany"
"20008",2024-02-05,"Protests","Germany"
"20009",2024-02-05,"Protests","Germany"
"20010",2024-02-06,"Protests","Germany"
"20011",2024-02-06,"Protests","Germany"
"20012",2024-02-06,"Protests","Germany"
"20013",2024-02-06,"Protests","Germany"
"20014",2024-02-06,"Protests","Germany"
"20015",2024-02-06,"Protests","Germany"
"20016",2024-02-06,"Protests","Germany"
"20017",2024-02-07,"Protests","Germany"
"20018",2024-02-07,"Protests","Germany"
"20019",2024-02-07,"Protests","Germany"
"20020",2024-02-07,"Protests","Germany"
"20021",2024-02-07,"Protests","Germany"
"20022",2024-02-07,"Protests","Germany"
"20023",2024-02-07,"Protests","Germany"
"20024",2024-02-07,"Protests","Germany"
"20025",2024-02-07,"Protests","Germany"
"20026",2024-02-08,"Protests","Germany"
"20027",2024-02-08,"Protests","Germany"
"20028",2024-02-08,"Protests","Germany"
"20029",2024-02-08,"Protests","Germany"
"20030",2024-02-09,"Protests","Germany"
"20031",2024-02-09,"Protests","Germany"
"20032",2024-02-09,"Protests","Germany"
"20033",2024-02-09,"Protests","Germany"
"20034",2024-02-09,"Protests","Germany"
"20035",2024-02-09,"Protests","Germany"
"20036",2024-02-09,"Protests","Germany"
"20037",2024-02-09,"Protests","Germany"
"20038",2024-02-09,"Protests","Germany"
"20039",2024-02-09,"Protests","Germany"
"20040",2024-02-09,"Protests","Germany"
"20041",2024-02-09,"Protests","Germany"
"20042",2024-02-09,"Protests","Germany"
"20043",2024-02-09,"Protests","Germany"
"20044",2024-02-10,"Protests","Germany"
"20045",2024-02-10,"Protests","Germany"
"20046",2024-02-10,"Protests","Germany"
"20047",2024-02-10,"Protests","Germany"
"20048",2024-02-10,"Protests","Germany"
"20049",2024-02-10,"Protests","Germany"
"20050",2024-02-10,"Protests","Germany"
"20051",2024-02-10,"Protests","Germany"
"20052",2024-02-10,"Protests","Germany"
"20053",2024-02-10,"Protests","Germany"
"20054",2024-02-10,"Protests","Germany"
"20055",2024-02-10,"Protests","Germany"
"20056",2024-02-10,"Protests","Germany"
"20057",2024-02-10,"Protests","Germany"
"20058",2024-02-10,"Protests","Germany"
"20059",2024-02-10,"Protests","Germany"
"20060",2024-02-10,"Protests","Germany"
"20061",2024-02-10,"Protests","Germany"
"20062",2024-02-10,"Protests","Germany"
"20063",2024-02-10,"Protests","Germany"
"20064",2024-02-10,"Protests","Germany"
"20065",2024-02-10,"Protests","Germany"
"20066",2024-02-10,"Protests","Germany"
"20067",2024-02-10,"Protests","Germany"
"20068",2024-02-10,"Protests","Germany"
"20069",2024-02-10,"Protests","Germany"
"20070",2024-02-10,"Protests","Germany"
"20071",2024-02-10,"Protests","Germany"
"20072",2024-02-10,"Protests","Germany"
"20073",2024-02-10,"Protests","Germany"
"20074",2024-02-10,"Protests","Germany"
"20075",2024-02-10,"Protests","Germany"
"20076",2024-02-10,"Protests","Germany"
"20077",2024-02-11,"Protests","Germany"
"20078",2024-02-11,"Protests","Germany"
"20079",2024-02-11,"Protests","Germany"
"20080",2024-02-11,"Protests","Germany"
"20081",2024-02-11,"Protests","Germany"
"20082",2024-02-11,"Protests","Germany"
"20083",2024-02-11,"Protests","Germany"
"20084",2024-02-11,"Protests","Germany"
"20085",2024-02-11,"Protests","Germany"
"20086",2024-02-11,"Protests","Germany"
"20087",2024-02-11,"Protests","Germany"
"20088",2024-02-11,"Protests","Germany"
"20089",2024-02-11,"Protests","Germany"
"20090",2024-02-11,"Protests","Germany"
"20091",2024-02-11,"Protests","Germany"
"20092",2024-02-11,"Protests","Germany"
"20093",2024-02-11,"Protests","Germany"
"20094",2024-02-11,"Protests","Germany"
"20095",2024-02-11,"Protests","Germany"
"20096",2024-02-11,"Protests","Germany"
"20097",2024-02-12,"Protests","Germany"
"20098",2024-02-12,"Protests","Germany"
"20099",2024-02-12,"Protests","Germany"
"20100",2024-02-12,"Protests","Germany"
"20101",2024-02-12,"Protests","Germany"
"20102",2024-02-12,"Protests","Germany"
"20103",2024-02-12,"Protests","Germany"
"20104",2024-02-12,"Protests","Germany"
"20105",2024-02-12,"Protests","Germany"
"20106",2024-02-12,"Protests","Germany"
"20107",2024-02-12,"Riots","Germany"
"20108",2024-02-12,"Protests","Germany"
"20109",2024-02-13,"Protests","Germany"
"20110",2024-02-13,"Protests","Germany"
"20111",2024-02-13,"Protests","Germany"
"20112",2024-02-13,"Protests","Germany"
"20113",2024-02-13,"Protests","Germany"
"20114",2024-02-14,"Protests","Germany"
"20115",2024-02-14,"Protests","Germany"
"20116",2024-02-14,"Protests","Germany"
"20117",2024-02-14,"Protests","Germany"
"20118",2024-02-14,"Protests","Germany"
"20119",2024-02-14,"Protests","Germany"
"20120",2024-02-14,"Protests","Germany"
"20121",2024-02-14,"Protests","Germany"
"20122",2024-02-14,"Protests","Germany"
"20123",2024-02-14,"Protests","Germany"
"20124",2024-02-14,"Protests","Germany"
"20125",2024-02-14,"Protests","Germany"
"20126",2024-02-14,"Protests","Germany"
"20127",2024-02-14,"Protests","Germany"
"20128",2024-02-14,"Protests","Germany"
"20129",2024-02-14,"Protests","Germany"
"20130",2024-02-14,"Protests","Germany"
"20131",2024-02-14,"Protests","Germany"
"20132",2024-02-14,"Protests","Germany"
"20133",2024-02-14,"Protests","Germany"
"20134",2024-02-14,"Protests","Germany"
"20135",2024-02-14,"Protests","Germany"
"20136",2024-02-14,"Protests","Germany"
"20137",2024-02-14,"Protests","Germany"
"20138",2024-02-14,"Protests","Germany"
"20139",2024-02-14,"Protests","Germany"
"20140",2024-02-14,"Protests","Germany"
"20141",2024-02-14,"Protests","Germany"
"20142",2024-02-14,"Riots","Germany"
"20143",2024-02-14,"Protests","Germany"
"20144",2024-02-14,"Protests","Germany"
"20145",2024-02-14,"Protests","Germany"
"20146",2024-02-15,"Protests","Germany"
"20147",2024-02-15,"Protests","Germany"
"20148",2024-02-15,"Strategic developments","Germany"
"20149",2024-02-15,"Protests","Germany"
"20150",2024-02-15,"Protests","Germany"
"20151",2024-02-15,"Protests","Germany"
"20152",2024-02-15,"Protests","Germany"
"20153",2024-02-15,"Protests","Germany"
"20154",2024-02-15,"Protests","Germany"
"20155",2024-02-15,"Strategic developments","Germany"
"20156",2024-02-15,"Protests","Germany"
"20157",2024-02-15,"Protests","Germany"
"20158",2024-02-15,"Protests","Germany"
"20159",2024-02-15,"Protests","Germany"
"20160",2024-02-15,"Strategic developments","Germany"
"20161",2024-02-16,"Protests","Germany"
"20162",2024-02-16,"Protests","Germany"
"20163",2024-02-16,"Protests","Germany"
"20164",2024-02-16,"Protests","Germany"
"20165",2024-02-16,"Protests","Germany"
"20166",2024-02-16,"Protests","Germany"
"20167",2024-02-16,"Protests","Germany"
"20168",2024-02-16,"Protests","Germany"
"20169",2024-02-16,"Protests","Germany"
"20170",2024-02-16,"Protests","Germany"
"20171",2024-02-16,"Protests","Germany"
"20172",2024-02-16,"Protests","Germany"
"20173",2024-02-16,"Protests","Germany"
"20174",2024-02-16,"Protests","Germany"
"20175",2024-02-16,"Protests","Germany"
"20176",2024-02-16,"Protests","Germany"
"20177",2024-02-16,"Protests","Germany"
"20178",2024-02-16,"Protests","Germany"
"20179",2024-02-16,"Protests","Germany"
"20180",2024-02-16,"Protests","Germany"
"20181",2024-02-16,"Protests","Germany"
"20182",2024-02-16,"Protests","Germany"
"20183",2024-02-16,"Protests","Germany"
"20184",2024-02-16,"Protests","Germany"
"20185",2024-02-16,"Protests","Germany"
"20186",2024-02-16,"Protests","Germany"
"20187",2024-02-16,"Protests","Germany"
"20188",2024-02-17,"Protests","Germany"
"20189",2024-02-17,"Riots","Germany"
"20190",2024-02-17,"Protests","Germany"
"20191",2024-02-17,"Protests","Germany"
"20192",2024-02-17,"Protests","Germany"
"20193",2024-02-17,"Protests","Germany"
"20194",2024-02-17,"Protests","Germany"
"20195",2024-02-17,"Protests","Germany"
"20196",2024-02-17,"Protests","Germany"
"20197",2024-02-17,"Protests","Germany"
"20198",2024-02-17,"Protests","Germany"
"20199",2024-02-17,"Protests","Germany"
"20200",2024-02-17,"Protests","Germany"
"20201",2024-02-17,"Protests","Germany"
"20202",2024-02-17,"Protests","Germany"
"20203",2024-02-17,"Protests","Germany"
"20204",2024-02-17,"Protests","Germany"
"20205",2024-02-17,"Protests","Germany"
"20206",2024-02-17,"Protests","Germany"
"20207",2024-02-17,"Protests","Germany"
"20208",2024-02-17,"Protests","Germany"
"20209",2024-02-17,"Protests","Germany"
"20210",2024-02-17,"Protests","Germany"
"20211",2024-02-17,"Protests","Germany"
"20212",2024-02-17,"Protests","Germany"
"20213",2024-02-17,"Protests","Germany"
"20214",2024-02-17,"Protests","Germany"
"20215",2024-02-17,"Protests","Germany"
"20216",2024-02-17,"Protests","Germany"
"20217",2024-02-17,"Protests","Germany"
"20218",2024-02-17,"Protests","Germany"
"20219",2024-02-17,"Protests","Germany"
"20220",2024-02-17,"Protests","Germany"
"20221",2024-02-17,"Protests","Germany"
"20222",2024-02-17,"Strategic developments","Germany"
"20223",2024-02-17,"Protests","Germany"
"20224",2024-02-17,"Protests","Germany"
"20225",2024-02-17,"Protests","Germany"
"20226",2024-02-17,"Protests","Germany"
"20227",2024-02-17,"Protests","Germany"
"20228",2024-02-17,"Protests","Germany"
"20229",2024-02-17,"Protests","Germany"
"20230",2024-02-17,"Protests","Germany"
"20231",2024-02-17,"Protests","Germany"
"20232",2024-02-17,"Protests","Germany"
"20233",2024-02-17,"Protests","Germany"
"20234",2024-02-17,"Protests","Germany"
"20235",2024-02-17,"Protests","Germany"
"20236",2024-02-17,"Protests","Germany"
"20237",2024-02-17,"Protests","Germany"
"20238",2024-02-17,"Protests","Germany"
"20239",2024-02-17,"Protests","Germany"
"20240",2024-02-17,"Protests","Germany"
"20241",2024-02-17,"Protests","Germany"
"20242",2024-02-17,"Protests","Germany"
"20243",2024-02-17,"Protests","Germany"
"20244",2024-02-17,"Protests","Germany"
"20245",2024-02-17,"Protests","Germany"
"20246",2024-02-17,"Protests","Germany"
"20247",2024-02-17,"Protests","Germany"
"20248",2024-02-17,"Protests","Germany"
"20249",2024-02-17,"Protests","Germany"
"20250",2024-02-17,"Protests","Germany"
"20251",2024-02-17,"Protests","Germany"
"20252",2024-02-17,"Protests","Germany"
"20253",2024-02-17,"Protests","Germany"
"20254",2024-02-17,"Protests","Germany"
"20255",2024-02-17,"Protests","Germany"
"20256",2024-02-17,"Protests","Germany"
"20257",2024-02-18,"Protests","Germany"
"20258",2024-02-18,"Riots","Germany"
"20259",2024-02-18,"Protests","Germany"
"20260",2024-02-18,"Protests","Germany"
"20261",2024-02-18,"Protests","Germany"
"20262",2024-02-18,"Protests","Germany"
"20263",2024-02-18,"Protests","Germany"
"20264",2024-02-18,"Protests","Germany"
"20265",2024-02-18,"Protests","Germany"
"20266",2024-02-18,"Protests","Germany"
"20267",2024-02-18,"Protests","Germany"
"20268",2024-02-18,"Protests","Germany"
"20269",2024-02-18,"Protests","Germany"
"20270",2024-02-18,"Protests","Germany"
"20271",2024-02-18,"Protests","Germany"
"20272",2024-02-18,"Protests","Germany"
"20273",2024-02-18,"Protests","Germany"
"20274",2024-02-18,"Protests","Germany"
"20275",2024-02-18,"Protests","Germany"
"20276",2024-02-18,"Strategic developments","Germany"
"20277",2024-02-18,"Strategic developments","Germany"
"20278",2024-02-18,"Protests","Germany"
"20279",2024-02-18,"Protests","Germany"
"20280",2024-02-18,"Protests","Germany"
"20281",2024-02-18,"Protests","Germany"
"20282",2024-02-18,"Protests","Germany"
"20283",2024-02-18,"Protests","Germany"
"20284",2024-02-18,"Protests","Germany"
"20285",2024-02-18,"Protests","Germany"
"20286",2024-02-18,"Protests","Germany"
"20287",2024-02-18,"Protests","Germany"
"20288",2024-02-18,"Protests","Germany"
"20289",2024-02-18,"Protests","Germany"
"20290",2024-02-18,"Protests","Germany"
"20291",2024-02-18,"Protests","Germany"
"20292",2024-02-18,"Riots","Germany"
"20293",2024-02-18,"Protests","Germany"
"20294",2024-02-19,"Protests","Germany"
"20295",2024-02-19,"Protests","Germany"
"20296",2024-02-19,"Protests","Germany"
"20297",2024-02-19,"Protests","Germany"
"20298",2024-02-19,"Protests","Germany"
"20299",2024-02-19,"Protests","Germany"
"20300",2024-02-19,"Protests","Germany"
"20301",2024-02-19,"Protests","Germany"
"20302",2024-02-19,"Protests","Germany"
"20303",2024-02-19,"Protests","Germany"
"20304",2024-02-19,"Protests","Germany"
"20305",2024-02-19,"Protests","Germany"
"20306",2024-02-19,"Protests","Germany"
"20307",2024-02-19,"Protests","Germany"
"20308",2024-02-19,"Protests","Germany"
"20309",2024-02-19,"Protests","Germany"
"20310",2024-02-19,"Protests","Germany"
"20311",2024-02-19,"Protests","Germany"
"20312",2024-02-19,"Riots","Germany"
"20313",2024-02-19,"Protests","Germany"
"20314",2024-02-19,"Protests","Germany"
"20315",2024-02-19,"Protests","Germany"
"20316",2024-02-19,"Protests","Germany"
"20317",2024-02-19,"Strategic developments","Germany"
"20318",2024-02-20,"Protests","Germany"
"20319",2024-02-20,"Protests","Germany"
"20320",2024-02-20,"Protests","Germany"
"20321",2024-02-20,"Protests","Germany"
"20322",2024-02-20,"Protests","Germany"
"20323",2024-02-20,"Protests","Germany"
"20324",2024-02-20,"Protests","Germany"
"20325",2024-02-20,"Protests","Germany"
"20326",2024-02-20,"Protests","Germany"
"20327",2024-02-20,"Protests","Germany"
"20328",2024-02-20,"Protests","Germany"
"20329",2024-02-20,"Protests","Germany"
"20330",2024-02-20,"Protests","Germany"
"20331",2024-02-21,"Protests","Germany"
"20332",2024-02-21,"Protests","Germany"
"20333",2024-02-21,"Protests","Germany"
"20334",2024-02-21,"Protests","Germany"
"20335",2024-02-21,"Protests","Germany"
"20336",2024-02-21,"Protests","Germany"
"20337",2024-02-21,"Protests","Germany"
"20338",2024-02-21,"Protests","Germany"
"20339",2024-02-21,"Protests","Germany"
"20340",2024-02-22,"Protests","Germany"
"20341",2024-02-22,"Protests","Germany"
"20342",2024-02-22,"Protests","Germany"
"20343",2024-02-22,"Protests","Germany"
"20344",2024-02-23,"Protests","Germany"
"20345",2024-02-23,"Protests","Germany"
"20346",2024-02-23,"Protests","Germany"
"20347",2024-02-23,"Protests","Germany"
"20348",2024-02-23,"Riots","Germany"
"20349",2024-02-23,"Protests","Germany"
"20350",2024-02-23,"Protests","Germany"
"20351",2024-02-24,"Protests","Germany"
"20352",2024-02-24,"Protests","Germany"
"20353",2024-02-24,"Protests","Germany"
"20354",2024-02-24,"Protests","Germany"
"20355",2024-02-24,"Protests","Germany"
"20356",2024-02-24,"Protests","Germany"
"20357",2024-02-24,"Protests","Germany"
"20358",2024-02-24,"Protests","Germany"
"20359",2024-02-24,"Protests","Germany"
"20360",2024-02-24,"Protests","Germany"
"20361",2024-02-24,"Protests","Germany"
"20362",2024-02-24,"Protests","Germany"
"20363",2024-02-24,"Protests","Germany"
"20364",2024-02-24,"Protests","Germany"
"20365",2024-02-24,"Protests","Germany"
"20366",2024-02-24,"Protests","Germany"
"20367",2024-02-24,"Protests","Germany"
"20368",2024-02-24,"Protests","Germany"
"20369",2024-02-24,"Protests","Germany"
"20370",2024-02-24,"Protests","Germany"
"20371",2024-02-24,"Protests","Germany"
"20372",2024-02-24,"Protests","Germany"
"20373",2024-02-24,"Protests","Germany"
"20374",2024-02-24,"Protests","Germany"
"20375",2024-02-24,"Protests","Germany"
"20376",2024-02-24,"Protests","Germany"
"20377",2024-02-24,"Protests","Germany"
"20378",2024-02-24,"Protests","Germany"
"20379",2024-02-24,"Protests","Germany"
"20380",2024-02-24,"Protests","Germany"
"20381",2024-02-24,"Protests","Germany"
"20382",2024-02-24,"Protests","Germany"
"20383",2024-02-24,"Protests","Germany"
"20384",2024-02-24,"Protests","Germany"
"20385",2024-02-24,"Protests","Germany"
"20386",2024-02-24,"Protests","Germany"
"20387",2024-02-24,"Protests","Germany"
"20388",2024-02-24,"Protests","Germany"
"20389",2024-02-24,"Protests","Germany"
"20390",2024-02-24,"Protests","Germany"
"20391",2024-02-24,"Protests","Germany"
"20392",2024-02-24,"Protests","Germany"
"20393",2024-02-24,"Protests","Germany"
"20394",2024-02-24,"Protests","Germany"
"20395",2024-02-24,"Protests","Germany"
"20396",2024-02-24,"Protests","Germany"
"20397",2024-02-24,"Protests","Germany"
"20398",2024-02-24,"Protests","Germany"
"20399",2024-02-24,"Protests","Germany"
"20400",2024-02-24,"Protests","Germany"
"20401",2024-02-24,"Protests","Germany"
"20402",2024-02-25,"Protests","Germany"
"20403",2024-02-25,"Protests","Germany"
"20404",2024-02-25,"Protests","Germany"
"20405",2024-02-25,"Protests","Germany"
"20406",2024-02-25,"Protests","Germany"
"20407",2024-02-25,"Protests","Germany"
"20408",2024-02-25,"Protests","Germany"
"20409",2024-02-25,"Protests","Germany"
"20410",2024-02-25,"Protests","Germany"
"20411",2024-02-25,"Protests","Germany"
"20412",2024-02-25,"Protests","Germany"
"20413",2024-02-25,"Protests","Germany"
"20414",2024-02-25,"Protests","Germany"
"20415",2024-02-25,"Protests","Germany"
"20416",2024-02-25,"Protests","Germany"
"20417",2024-02-25,"Protests","Germany"
"20418",2024-02-25,"Protests","Germany"
"20419",2024-02-25,"Protests","Germany"
"20420",2024-02-25,"Protests","Germany"
"20421",2024-02-25,"Protests","Germany"
"20422",2024-02-25,"Protests","Germany"
"20423",2024-02-25,"Protests","Germany"
"20424",2024-02-25,"Protests","Germany"
"20425",2024-02-25,"Protests","Germany"
"20426",2024-02-25,"Protests","Germany"
"20427",2024-02-25,"Protests","Germany"
"20428",2024-02-25,"Protests","Germany"
"20429",2024-02-25,"Protests","Germany"
"20430",2024-02-25,"Protests","Germany"
"20431",2024-02-25,"Protests","Germany"
"20432",2024-02-25,"Protests","Germany"
"20433",2024-02-25,"Protests","Germany"
"20434",2024-02-25,"Protests","Germany"
"20435",2024-02-25,"Protests","Germany"
"20436",2024-02-25,"Protests","Germany"
"20437",2024-02-26,"Protests","Germany"
"20438",2024-02-26,"Protests","Germany"
"20439",2024-02-26,"Protests","Germany"
"20440",2024-02-26,"Protests","Germany"
"20441",2024-02-26,"Protests","Germany"
"20442",2024-02-26,"Protests","Germany"
"20443",2024-02-26,"Protests","Germany"
"20444",2024-02-26,"Protests","Germany"
"20445",2024-02-26,"Protests","Germany"
"20446",2024-02-26,"Protests","Germany"
"20447",2024-02-26,"Protests","Germany"
"20448",2024-02-27,"Protests","Germany"
"20449",2024-02-27,"Protests","Germany"
"20450",2024-02-27,"Protests","Germany"
"20451",2024-02-27,"Protests","Germany"
"20452",2024-02-27,"Protests","Germany"
"20453",2024-02-27,"Strategic developments","Germany"
"20454",2024-02-28,"Protests","Germany"
"20455",2024-02-28,"Protests","Germany"
"20456",2024-02-28,"Protests","Germany"
"20457",2024-02-28,"Protests","Germany"
"20458",2024-02-28,"Strategic developments","Germany"
"20459",2024-02-29,"Protests","Germany"
"20460",2024-02-29,"Protests","Germany"
"20461",2024-02-29,"Strategic developments","Germany"
"20462",2024-02-29,"Protests","Germany"
"20463",2024-02-29,"Protests","Germany"
"20464",2024-03-01,"Protests","Germany"
"20465",2024-03-01,"Protests","Germany"
"20466",2024-03-01,"Protests","Germany"
"20467",2024-03-01,"Protests","Germany"
"20468",2024-03-01,"Protests","Germany"
"20469",2024-03-01,"Protests","Germany"
"20470",2024-03-01,"Protests","Germany"
"20471",2024-03-01,"Protests","Germany"
"20472",2024-03-01,"Protests","Germany"
"20473",2024-03-01,"Protests","Germany"
"20474",2024-03-01,"Protests","Germany"
"20475",2024-03-01,"Protests","Germany"
"20476",2024-03-01,"Protests","Germany"
"20477",2024-03-01,"Protests","Germany"
"20478",2024-03-01,"Protests","Germany"
"20479",2024-03-01,"Protests","Germany"
"20480",2024-03-01,"Protests","Germany"
"20481",2024-03-01,"Protests","Germany"
"20482",2024-03-01,"Protests","Germany"
"20483",2024-03-01,"Protests","Germany"
"20484",2024-03-01,"Protests","Germany"
"20485",2024-03-01,"Protests","Germany"
"20486",2024-03-01,"Protests","Germany"
"20487",2024-03-01,"Protests","Germany"
"20488",2024-03-01,"Riots","Germany"
"20489",2024-03-01,"Protests","Germany"
"20490",2024-03-01,"Protests","Germany"
"20491",2024-03-01,"Protests","Germany"
"20492",2024-03-01,"Protests","Germany"
"20493",2024-03-01,"Protests","Germany"
"20494",2024-03-01,"Protests","Germany"
"20495",2024-03-01,"Protests","Germany"
"20496",2024-03-01,"Protests","Germany"
"20497",2024-03-01,"Protests","Germany"
"20498",2024-03-01,"Protests","Germany"
"20499",2024-03-01,"Protests","Germany"
"20500",2024-03-02,"Protests","Germany"
"20501",2024-03-02,"Protests","Germany"
"20502",2024-03-02,"Protests","Germany"
"20503",2024-03-02,"Protests","Germany"
"20504",2024-03-02,"Protests","Germany"
"20505",2024-03-02,"Protests","Germany"
"20506",2024-03-02,"Protests","Germany"
"20507",2024-03-02,"Protests","Germany"
"20508",2024-03-02,"Protests","Germany"
"20509",2024-03-02,"Protests","Germany"
"20510",2024-03-02,"Protests","Germany"
"20511",2024-03-02,"Protests","Germany"
"20512",2024-03-02,"Protests","Germany"
"20513",2024-03-02,"Protests","Germany"
"20514",2024-03-02,"Protests","Germany"
"20515",2024-03-02,"Protests","Germany"
"20516",2024-03-02,"Protests","Germany"
"20517",2024-03-02,"Protests","Germany"
"20518",2024-03-02,"Protests","Germany"
"20519",2024-03-02,"Protests","Germany"
"20520",2024-03-02,"Protests","Germany"
"20521",2024-03-02,"Protests","Germany"
"20522",2024-03-02,"Strategic developments","Germany"
"20523",2024-03-02,"Protests","Germany"
"20524",2024-03-02,"Protests","Germany"
"20525",2024-03-02,"Protests","Germany"
"20526",2024-03-02,"Protests","Germany"
"20527",2024-03-02,"Protests","Germany"
"20528",2024-03-02,"Protests","Germany"
"20529",2024-03-02,"Protests","Germany"
"20530",2024-03-02,"Protests","Germany"
"20531",2024-03-02,"Protests","Germany"
"20532",2024-03-02,"Protests","Germany"
"20533",2024-03-02,"Protests","Germany"
"20534",2024-03-02,"Protests","Germany"
"20535",2024-03-02,"Protests","Germany"
"20536",2024-03-02,"Protests","Germany"
"20537",2024-03-02,"Protests","Germany"
"20538",2024-03-02,"Protests","Germany"
"20539",2024-03-02,"Protests","Germany"
"20540",2024-03-02,"Protests","Germany"
"20541",2024-03-02,"Protests","Germany"
"20542",2024-03-03,"Protests","Germany"
"20543",2024-03-03,"Protests","Germany"
"20544",2024-03-03,"Protests","Germany"
"20545",2024-03-03,"Protests","Germany"
"20546",2024-03-03,"Protests","Germany"
"20547",2024-03-03,"Protests","Germany"
"20548",2024-03-03,"Protests","Germany"
"20549",2024-03-03,"Protests","Germany"
"20550",2024-03-03,"Protests","Germany"
"20551",2024-03-03,"Protests","Germany"
"20552",2024-03-03,"Protests","Germany"
"20553",2024-03-03,"Protests","Germany"
"20554",2024-03-03,"Protests","Germany"
"20555",2024-03-03,"Protests","Germany"
"20556",2024-03-03,"Protests","Germany"
"20557",2024-03-03,"Protests","Germany"
"20558",2024-03-03,"Protests","Germany"
"20559",2024-03-03,"Protests","Germany"
"20560",2024-03-03,"Protests","Germany"
"20561",2024-03-03,"Protests","Germany"
"20562",2024-03-03,"Protests","Germany"
"20563",2024-03-04,"Protests","Germany"
"20564",2024-03-04,"Protests","Germany"
"20565",2024-03-04,"Protests","Germany"
"20566",2024-03-04,"Protests","Germany"
"20567",2024-03-04,"Protests","Germany"
"20568",2024-03-04,"Protests","Germany"
"20569",2024-03-04,"Protests","Germany"
"20570",2024-03-04,"Protests","Germany"
"20571",2024-03-04,"Protests","Germany"
"20572",2024-03-04,"Protests","Germany"
"20573",2024-03-04,"Protests","Germany"
"20574",2024-03-05,"Strategic developments","Germany"
"20575",2024-03-05,"Protests","Germany"
"20576",2024-03-05,"Protests","Germany"
"20577",2024-03-05,"Protests","Germany"
"20578",2024-03-05,"Protests","Germany"
"20579",2024-03-06,"Protests","Germany"
"20580",2024-03-06,"Protests","Germany"
"20581",2024-03-06,"Protests","Germany"
"20582",2024-03-07,"Protests","Germany"
"20583",2024-03-07,"Protests","Germany"
"20584",2024-03-07,"Protests","Germany"
"20585",2024-03-07,"Protests","Germany"
"20586",2024-03-08,"Protests","Germany"
"20587",2024-03-08,"Protests","Germany"
"20588",2024-03-08,"Protests","Germany"
"20589",2024-03-08,"Protests","Germany"
"20590",2024-03-08,"Protests","Germany"
"20591",2024-03-08,"Protests","Germany"
"20592",2024-03-08,"Protests","Germany"
"20593",2024-03-08,"Protests","Germany"
"20594",2024-03-08,"Protests","Germany"
"20595",2024-03-08,"Protests","Germany"
"20596",2024-03-08,"Protests","Germany"
"20597",2024-03-08,"Protests","Germany"
"20598",2024-03-08,"Protests","Germany"
"20599",2024-03-08,"Protests","Germany"
"20600",2024-03-08,"Protests","Germany"
"20601",2024-03-08,"Protests","Germany"
"20602",2024-03-08,"Protests","Germany"
"20603",2024-03-08,"Protests","Germany"
"20604",2024-03-08,"Protests","Germany"
"20605",2024-03-08,"Protests","Germany"
"20606",2024-03-08,"Protests","Germany"
"20607",2024-03-08,"Protests","Germany"
"20608",2024-03-08,"Protests","Germany"
"20609",2024-03-08,"Protests","Germany"
"20610",2024-03-08,"Protests","Germany"
"20611",2024-03-08,"Protests","Germany"
"20612",2024-03-09,"Protests","Germany"
"20613",2024-03-09,"Protests","Germany"
"20614",2024-03-09,"Protests","Germany"
"20615",2024-03-09,"Protests","Germany"
"20616",2024-03-09,"Protests","Germany"
"20617",2024-03-09,"Protests","Germany"
"20618",2024-03-09,"Protests","Germany"
"20619",2024-03-09,"Protests","Germany"
"20620",2024-03-09,"Protests","Germany"
"20621",2024-03-09,"Protests","Germany"
"20622",2024-03-10,"Protests","Germany"
"20623",2024-03-10,"Protests","Germany"
"20624",2024-03-10,"Protests","Germany"
"20625",2024-03-10,"Protests","Germany"
"20626",2024-03-10,"Protests","Germany"
"20627",2024-03-10,"Protests","Germany"
"20628",2024-03-10,"Protests","Germany"
"20629",2024-03-10,"Protests","Germany"
"20630",2024-03-10,"Protests","Germany"
"20631",2024-03-10,"Protests","Germany"
"20632",2024-03-10,"Protests","Germany"
"20633",2024-03-10,"Protests","Germany"
"20634",2024-03-10,"Protests","Germany"
"20635",2024-03-10,"Protests","Germany"
"20636",2024-03-10,"Protests","Germany"
"20637",2024-03-10,"Protests","Germany"
"20638",2024-03-10,"Protests","Germany"
"20639",2024-03-10,"Protests","Germany"
"20640",2024-03-11,"Protests","Germany"
"20641",2024-03-11,"Protests","Germany"
"20642",2024-03-11,"Protests","Germany"
"20643",2024-03-11,"Protests","Germany"
"20644",2024-03-11,"Protests","Germany"
"20645",2024-03-11,"Strategic developments","Germany"
"20646",2024-03-11,"Protests","Germany"
"20647",2024-03-12,"Strategic developments","Germany"
"20648",2024-03-12,"Protests","Germany"
"20649",2024-03-12,"Protests","Germany"
"20650",2024-03-12,"Protests","Germany"
"20651",2024-03-13,"Protests","Germany"
"20652",2024-03-13,"Protests","Germany"
"20653",2024-03-13,"Protests","Germany"
"20654",2024-03-13,"Protests","Germany"
"20655",2024-03-13,"Protests","Germany"
"20656",2024-03-13,"Protests","Germany"
"20657",2024-03-13,"Protests","Germany"
"20658",2024-03-13,"Protests","Germany"
"20659",2024-03-13,"Protests","Germany"
"20660",2024-03-13,"Protests","Germany"
"20661",2024-03-13,"Protests","Germany"
"20662",2024-03-13,"Protests","Germany"
"20663",2024-03-13,"Protests","Germany"
"20664",2024-03-13,"Protests","Germany"
"20665",2024-03-13,"Protests","Germany"
"20666",2024-03-13,"Protests","Germany"
"20667",2024-03-13,"Protests","Germany"
"20668",2024-03-13,"Protests","Germany"
"20669",2024-03-13,"Protests","Germany"
"20670",2024-03-14,"Protests","Germany"
"20671",2024-03-14,"Protests","Germany"
"20672",2024-03-14,"Protests","Germany"
"20673",2024-03-14,"Protests","Germany"
"20674",2024-03-14,"Protests","Germany"
"20675",2024-03-14,"Protests","Germany"
"20676",2024-03-14,"Protests","Germany"
"20677",2024-03-14,"Riots","Germany"
"20678",2024-03-15,"Protests","Germany"
"20679",2024-03-15,"Strategic developments","Germany"
"20680",2024-03-15,"Protests","Germany"
"20681",2024-03-15,"Protests","Germany"
"20682",2024-03-15,"Protests","Germany"
"20683",2024-03-15,"Protests","Germany"
"20684",2024-03-15,"Protests","Germany"
"20685",2024-03-16,"Protests","Germany"
"20686",2024-03-16,"Protests","Germany"
"20687",2024-03-16,"Protests","Germany"
"20688",2024-03-16,"Protests","Germany"
"20689",2024-03-16,"Protests","Germany"
"20690",2024-03-16,"Protests","Germany"
"20691",2024-03-16,"Protests","Germany"
"20692",2024-03-16,"Protests","Germany"
"20693",2024-03-16,"Protests","Germany"
"20694",2024-03-16,"Protests","Germany"
"20695",2024-03-16,"Protests","Germany"
"20696",2024-03-16,"Protests","Germany"
"20697",2024-03-16,"Protests","Germany"
"20698",2024-03-16,"Protests","Germany"
"20699",2024-03-16,"Protests","Germany"
"20700",2024-03-16,"Protests","Germany"
"20701",2024-03-16,"Protests","Germany"
"20702",2024-03-16,"Protests","Germany"
"20703",2024-03-16,"Protests","Germany"
"20704",2024-03-16,"Protests","Germany"
"20705",2024-03-16,"Protests","Germany"
"20706",2024-03-16,"Protests","Germany"
"20707",2024-03-16,"Protests","Germany"
"20708",2024-03-16,"Protests","Germany"
"20709",2024-03-16,"Protests","Germany"
"20710",2024-03-16,"Protests","Germany"
"20711",2024-03-16,"Protests","Germany"
"20712",2024-03-16,"Riots","Germany"
"20713",2024-03-16,"Protests","Germany"
"20714",2024-03-16,"Protests","Germany"
"20715",2024-03-16,"Protests","Germany"
"20716",2024-03-16,"Protests","Germany"
"20717",2024-03-16,"Protests","Germany"
"20718",2024-03-16,"Protests","Germany"
"20719",2024-03-16,"Protests","Germany"
"20720",2024-03-16,"Protests","Germany"
"20721",2024-03-16,"Protests","Germany"
"20722",2024-03-16,"Protests","Germany"
"20723",2024-03-16,"Protests","Germany"
"20724",2024-03-16,"Protests","Germany"
"20725",2024-03-16,"Protests","Germany"
"20726",2024-03-16,"Protests","Germany"
"20727",2024-03-16,"Protests","Germany"
"20728",2024-03-16,"Protests","Germany"
"20729",2024-03-16,"Protests","Germany"
"20730",2024-03-17,"Protests","Germany"
"20731",2024-03-17,"Protests","Germany"
"20732",2024-03-17,"Protests","Germany"
"20733",2024-03-17,"Protests","Germany"
"20734",2024-03-17,"Protests","Germany"
"20735",2024-03-17,"Protests","Germany"
"20736",2024-03-17,"Protests","Germany"
"20737",2024-03-17,"Protests","Germany"
"20738",2024-03-17,"Protests","Germany"
"20739",2024-03-17,"Protests","Germany"
"20740",2024-03-17,"Protests","Germany"
"20741",2024-03-17,"Protests","Germany"
"20742",2024-03-17,"Protests","Germany"
"20743",2024-03-17,"Protests","Germany"
"20744",2024-03-17,"Protests","Germany"
"20745",2024-03-17,"Protests","Germany"
"20746",2024-03-17,"Protests","Germany"
"20747",2024-03-17,"Protests","Germany"
"20748",2024-03-17,"Protests","Germany"
"20749",2024-03-17,"Strategic developments","Germany"
"20750",2024-03-18,"Protests","Germany"
"20751",2024-03-18,"Protests","Germany"
"20752",2024-03-18,"Protests","Germany"
"20753",2024-03-18,"Protests","Germany"
"20754",2024-03-18,"Protests","Germany"
"20755",2024-03-18,"Protests","Germany"
"20756",2024-03-18,"Protests","Germany"
"20757",2024-03-18,"Protests","Germany"
"20758",2024-03-18,"Protests","Germany"
"20759",2024-03-18,"Protests","Germany"
"20760",2024-03-18,"Protests","Germany"
"20761",2024-03-19,"Protests","Germany"
"20762",2024-03-19,"Protests","Germany"
"20763",2024-03-19,"Protests","Germany"
"20764",2024-03-19,"Protests","Germany"
"20765",2024-03-19,"Protests","Germany"
"20766",2024-03-19,"Protests","Germany"
"20767",2024-03-19,"Protests","Germany"
"20768",2024-03-20,"Protests","Germany"
"20769",2024-03-20,"Protests","Germany"
"20770",2024-03-20,"Protests","Germany"
"20771",2024-03-20,"Protests","Germany"
"20772",2024-03-20,"Protests","Germany"
"20773",2024-03-20,"Protests","Germany"
"20774",2024-03-20,"Protests","Germany"
"20775",2024-03-20,"Protests","Germany"
"20776",2024-03-20,"Protests","Germany"
"20777",2024-03-20,"Protests","Germany"
"20778",2024-03-20,"Protests","Germany"
"20779",2024-03-20,"Protests","Germany"
"20780",2024-03-21,"Protests","Germany"
"20781",2024-03-21,"Protests","Germany"
"20782",2024-03-21,"Protests","Germany"
"20783",2024-03-21,"Protests","Germany"
"20784",2024-03-21,"Protests","Germany"
"20785",2024-03-21,"Protests","Germany"
"20786",2024-03-21,"Protests","Germany"
"20787",2024-03-21,"Protests","Germany"
"20788",2024-03-21,"Protests","Germany"
"20789",2024-03-21,"Protests","Germany"
"20790",2024-03-21,"Protests","Germany"
"20791",2024-03-21,"Riots","Germany"
"20792",2024-03-21,"Protests","Germany"
"20793",2024-03-21,"Protests","Germany"
"20794",2024-03-21,"Protests","Germany"
"20795",2024-03-21,"Protests","Germany"
"20796",2024-03-22,"Protests","Germany"
"20797",2024-03-22,"Protests","Germany"
"20798",2024-03-22,"Protests","Germany"
"20799",2024-03-22,"Protests","Germany"
"20800",2024-03-22,"Protests","Germany"
"20801",2024-03-22,"Protests","Germany"
"20802",2024-03-22,"Protests","Germany"
"20803",2024-03-22,"Protests","Germany"
"20804",2024-03-22,"Protests","Germany"
"20805",2024-03-22,"Strategic developments","Germany"
"20806",2024-03-22,"Protests","Germany"
"20807",2024-03-22,"Protests","Germany"
"20808",2024-03-22,"Protests","Germany"
"20809",2024-03-22,"Protests","Germany"
"20810",2024-03-22,"Protests","Germany"
"20811",2024-03-22,"Protests","Germany"
"20812",2024-03-22,"Protests","Germany"
"20813",2024-03-22,"Protests","Germany"
"20814",2024-03-23,"Protests","Germany"
"20815",2024-03-23,"Protests","Germany"
"20816",2024-03-23,"Protests","Germany"
"20817",2024-03-23,"Protests","Germany"
"20818",2024-03-23,"Protests","Germany"
"20819",2024-03-23,"Protests","Germany"
"20820",2024-03-23,"Protests","Germany"
"20821",2024-03-23,"Protests","Germany"
"20822",2024-03-23,"Protests","Germany"
"20823",2024-03-23,"Protests","Germany"
"20824",2024-03-23,"Protests","Germany"
"20825",2024-03-23,"Protests","Germany"
"20826",2024-03-23,"Protests","Germany"
"20827",2024-03-23,"Protests","Germany"
"20828",2024-03-23,"Protests","Germany"
"20829",2024-03-23,"Protests","Germany"
"20830",2024-03-23,"Protests","Germany"
"20831",2024-03-23,"Protests","Germany"
"20832",2024-03-23,"Protests","Germany"
"20833",2024-03-23,"Protests","Germany"
"20834",2024-03-23,"Protests","Germany"
"20835",2024-03-23,"Protests","Germany"
"20836",2024-03-23,"Riots","Germany"
"20837",2024-03-23,"Protests","Germany"
"20838",2024-03-23,"Protests","Germany"
"20839",2024-03-23,"Protests","Germany"
"20840",2024-03-23,"Protests","Germany"
"20841",2024-03-24,"Protests","Germany"
"20842",2024-03-24,"Protests","Germany"
"20843",2024-03-24,"Strategic developments","Germany"
"20844",2024-03-24,"Protests","Germany"
"20845",2024-03-24,"Protests","Germany"
"20846",2024-03-24,"Protests","Germany"
"20847",2024-03-24,"Protests","Germany"
"20848",2024-03-24,"Protests","Germany"
"20849",2024-03-24,"Protests","Germany"
"20850",2024-03-24,"Protests","Germany"
"20851",2024-03-24,"Protests","Germany"
"20852",2024-03-25,"Protests","Germany"
"20853",2024-03-25,"Protests","Germany"
"20854",2024-03-25,"Protests","Germany"
"20855",2024-03-25,"Protests","Germany"
"20856",2024-03-25,"Violence against civilians","Germany"
"20857",2024-03-25,"Protests","Germany"
"20858",2024-03-26,"Protests","Germany"
"20859",2024-03-26,"Protests","Germany"
"20860",2024-03-26,"Riots","Germany"
"20861",2024-03-26,"Protests","Germany"
"20862",2024-03-26,"Protests","Germany"
"20863",2024-03-26,"Protests","Germany"
"20864",2024-03-26,"Protests","Germany"
"20865",2024-03-26,"Riots","Germany"
"20866",2024-03-27,"Protests","Germany"
"20867",2024-03-27,"Protests","Germany"
"20868",2024-03-27,"Protests","Germany"
"20869",2024-03-27,"Protests","Germany"
"20870",2024-03-27,"Protests","Germany"
"20871",2024-03-27,"Protests","Germany"
"20872",2024-03-28,"Protests","Germany"
"20873",2024-03-28,"Protests","Germany"
"20874",2024-03-28,"Protests","Germany"
"20875",2024-03-28,"Protests","Germany"
"20876",2024-03-28,"Riots","Germany"
"20877",2024-03-28,"Protests","Germany"
"20878",2024-03-28,"Protests","Germany"
"20879",2024-03-28,"Protests","Germany"
"20880",2024-03-28,"Protests","Germany"
"20881",2024-03-28,"Protests","Germany"
"20882",2024-03-28,"Protests","Germany"
"20883",2024-03-29,"Protests","Germany"
"20884",2024-03-29,"Protests","Germany"
"20885",2024-03-29,"Protests","Germany"
"20886",2024-03-29,"Protests","Germany"
"20887",2024-03-29,"Protests","Germany"
"20888",2024-03-29,"Protests","Germany"
"20889",2024-03-29,"Protests","Germany"
"20890",2024-03-29,"Protests","Germany"
"20891",2024-03-30,"Protests","Germany"
"20892",2024-03-30,"Protests","Germany"
"20893",2024-03-30,"Protests","Germany"
"20894",2024-03-30,"Protests","Germany"
"20895",2024-03-30,"Protests","Germany"
"20896",2024-03-30,"Protests","Germany"
"20897",2024-03-30,"Protests","Germany"
"20898",2024-03-30,"Protests","Germany"
"20899",2024-03-30,"Protests","Germany"
"20900",2024-03-30,"Protests","Germany"
"20901",2024-03-30,"Protests","Germany"
"20902",2024-03-30,"Protests","Germany"
"20903",2024-03-30,"Protests","Germany"
"20904",2024-03-30,"Protests","Germany"
"20905",2024-03-30,"Protests","Germany"
"20906",2024-03-30,"Protests","Germany"
"20907",2024-03-30,"Protests","Germany"
"20908",2024-03-30,"Protests","Germany"
"20909",2024-03-30,"Protests","Germany"
"20910",2024-03-30,"Protests","Germany"
"20911",2024-03-30,"Protests","Germany"
"20912",2024-03-30,"Protests","Germany"
"20913",2024-03-30,"Protests","Germany"
"20914",2024-03-30,"Protests","Germany"
"20915",2024-03-30,"Protests","Germany"
"20916",2024-03-30,"Protests","Germany"
"20917",2024-03-30,"Protests","Germany"
"20918",2024-03-30,"Protests","Germany"
"20919",2024-03-30,"Protests","Germany"
"20920",2024-03-30,"Protests","Germany"
"20921",2024-03-30,"Protests","Germany"
"20922",2024-03-30,"Protests","Germany"
"20923",2024-03-30,"Protests","Germany"
"20924",2024-03-30,"Protests","Germany"
"20925",2024-03-30,"Protests","Germany"
"20926",2024-03-30,"Protests","Germany"
"20927",2024-03-30,"Protests","Germany"
"20928",2024-03-30,"Protests","Germany"
"20929",2024-03-30,"Protests","Germany"
"20930",2024-03-30,"Protests","Germany"
"20931",2024-03-30,"Protests","Germany"
"20932",2024-03-30,"Protests","Germany"
"20933",2024-03-30,"Protests","Germany"
"20934",2024-03-30,"Protests","Germany"
"20935",2024-03-30,"Protests","Germany"
"20936",2024-03-30,"Protests","Germany"
"20937",2024-03-30,"Protests","Germany"
"20938",2024-03-31,"Protests","Germany"
"20939",2024-03-31,"Protests","Germany"
"20940",2024-03-31,"Protests","Germany"
"20941",2024-03-31,"Protests","Germany"
"20942",2024-03-31,"Protests","Germany"
"20943",2024-04-01,"Protests","Germany"
"20944",2024-04-01,"Protests","Germany"
"20945",2024-04-01,"Protests","Germany"
"20946",2024-04-01,"Protests","Germany"
"20947",2024-04-01,"Protests","Germany"
"20948",2024-04-01,"Protests","Germany"
"20949",2024-04-01,"Protests","Germany"
"20950",2024-04-01,"Protests","Germany"
"20951",2024-04-01,"Protests","Germany"
"20952",2024-04-01,"Protests","Germany"
"20953",2024-04-01,"Protests","Germany"
"20954",2024-04-01,"Protests","Germany"
"20955",2024-04-01,"Protests","Germany"
"20956",2024-04-01,"Protests","Germany"
"20957",2024-04-01,"Protests","Germany"
"20958",2024-04-01,"Protests","Germany"
"20959",2024-04-01,"Protests","Germany"
"20960",2024-04-01,"Protests","Germany"
"20961",2024-04-01,"Protests","Germany"
"20962",2024-04-01,"Protests","Germany"
"20963",2024-04-01,"Protests","Germany"
"20964",2024-04-02,"Protests","Germany"
"20965",2024-04-02,"Protests","Germany"
"20966",2024-04-03,"Protests","Germany"
"20967",2024-04-04,"Protests","Germany"
"20968",2024-04-04,"Protests","Germany"
"20969",2024-04-04,"Protests","Germany"
"20970",2024-04-05,"Protests","Germany"
"20971",2024-04-05,"Protests","Germany"
"20972",2024-04-05,"Protests","Germany"
"20973",2024-04-05,"Protests","Germany"
"20974",2024-04-05,"Protests","Germany"
"20975",2024-04-05,"Protests","Germany"
"20976",2024-04-05,"Riots","Germany"
"20977",2024-04-05,"Strategic developments","Germany"
"20978",2024-04-05,"Protests","Germany"
"20979",2024-04-06,"Protests","Germany"
"20980",2024-04-06,"Protests","Germany"
"20981",2024-04-06,"Protests","Germany"
"20982",2024-04-06,"Protests","Germany"
"20983",2024-04-06,"Protests","Germany"
"20984",2024-04-06,"Protests","Germany"
"20985",2024-04-06,"Protests","Germany"
"20986",2024-04-06,"Protests","Germany"
"20987",2024-04-06,"Protests","Germany"
"20988",2024-04-06,"Protests","Germany"
"20989",2024-04-06,"Protests","Germany"
"20990",2024-04-06,"Protests","Germany"
"20991",2024-04-06,"Protests","Germany"
"20992",2024-04-07,"Protests","Germany"
"20993",2024-04-07,"Protests","Germany"
"20994",2024-04-07,"Protests","Germany"
"20995",2024-04-07,"Protests","Germany"
"20996",2024-04-07,"Protests","Germany"
"20997",2024-04-07,"Protests","Germany"
"20998",2024-04-07,"Protests","Germany"
"20999",2024-04-07,"Protests","Germany"
"21000",2024-04-07,"Protests","Germany"
"21001",2024-04-07,"Protests","Germany"
"21002",2024-04-07,"Protests","Germany"
"21003",2024-04-07,"Protests","Germany"
"21004",2024-04-07,"Protests","Germany"
"21005",2024-04-07,"Riots","Germany"
"21006",2024-04-08,"Riots","Germany"
"21007",2024-04-08,"Protests","Germany"
"21008",2024-04-08,"Protests","Germany"
"21009",2024-04-08,"Protests","Germany"
"21010",2024-04-08,"Protests","Germany"
"21011",2024-04-08,"Protests","Germany"
"21012",2024-04-08,"Protests","Germany"
"21013",2024-04-09,"Protests","Germany"
"21014",2024-04-09,"Protests","Germany"
"21015",2024-04-09,"Protests","Germany"
"21016",2024-04-09,"Protests","Germany"
"21017",2024-04-09,"Protests","Germany"
"21018",2024-04-09,"Protests","Germany"
"21019",2024-04-09,"Protests","Germany"
"21020",2024-04-09,"Protests","Germany"
"21021",2024-04-10,"Protests","Germany"
"21022",2024-04-10,"Protests","Germany"
"21023",2024-04-10,"Protests","Germany"
"21024",2024-04-11,"Protests","Germany"
"21025",2024-04-12,"Protests","Germany"
"21026",2024-04-12,"Protests","Germany"
"21027",2024-04-12,"Protests","Germany"
"21028",2024-04-12,"Protests","Germany"
"21029",2024-04-12,"Protests","Germany"
"21030",2024-04-12,"Protests","Germany"
"21031",2024-04-12,"Protests","Germany"
"21032",2024-04-12,"Protests","Germany"
"21033",2024-04-12,"Protests","Germany"
"21034",2024-04-12,"Protests","Germany"
"21035",2024-04-13,"Protests","Germany"
"21036",2024-04-13,"Protests","Germany"
"21037",2024-04-13,"Protests","Germany"
"21038",2024-04-13,"Protests","Germany"
"21039",2024-04-13,"Protests","Germany"
"21040",2024-04-13,"Protests","Germany"
"21041",2024-04-13,"Protests","Germany"
"21042",2024-04-13,"Strategic developments","Germany"
"21043",2024-04-13,"Protests","Germany"
"21044",2024-04-13,"Protests","Germany"
"21045",2024-04-13,"Protests","Germany"
"21046",2024-04-13,"Protests","Germany"
"21047",2024-04-13,"Protests","Germany"
"21048",2024-04-13,"Protests","Germany"
"21049",2024-04-13,"Protests","Germany"
"21050",2024-04-13,"Protests","Germany"
"21051",2024-04-13,"Protests","Germany"
"21052",2024-04-13,"Protests","Germany"
"21053",2024-04-13,"Protests","Germany"
"21054",2024-04-13,"Protests","Germany"
"21055",2024-04-14,"Protests","Germany"
"21056",2024-04-14,"Protests","Germany"
"21057",2024-04-14,"Protests","Germany"
"21058",2024-04-14,"Protests","Germany"
"21059",2024-04-14,"Protests","Germany"
"21060",2024-04-14,"Protests","Germany"
"21061",2024-04-14,"Protests","Germany"
"21062",2024-04-14,"Protests","Germany"
"21063",2024-04-14,"Protests","Germany"
"21064",2024-04-14,"Protests","Germany"
"21065",2024-04-14,"Protests","Germany"
"21066",2024-04-14,"Protests","Germany"
"21067",2024-04-14,"Protests","Germany"
"21068",2024-04-14,"Protests","Germany"
"21069",2024-04-14,"Protests","Germany"
"21070",2024-04-14,"Protests","Germany"
"21071",2024-04-14,"Protests","Germany"
"21072",2024-04-14,"Riots","Germany"
"21073",2024-04-15,"Protests","Germany"
"21074",2024-04-15,"Protests","Germany"
"21075",2024-04-15,"Protests","Germany"
"21076",2024-04-15,"Protests","Germany"
"21077",2024-04-15,"Protests","Germany"
"21078",2024-04-15,"Protests","Germany"
"21079",2024-04-15,"Protests","Germany"
"21080",2024-04-15,"Riots","Germany"
"21081",2024-04-16,"Protests","Germany"
"21082",2024-04-16,"Protests","Germany"
"21083",2024-04-16,"Protests","Germany"
"21084",2024-04-16,"Protests","Germany"
"21085",2024-04-16,"Protests","Germany"
"21086",2024-04-16,"Protests","Germany"
"21087",2024-04-17,"Protests","Germany"
"21088",2024-04-17,"Protests","Germany"
"21089",2024-04-17,"Protests","Germany"
"21090",2024-04-17,"Protests","Germany"
"21091",2024-04-17,"Protests","Germany"
"21092",2024-04-17,"Protests","Germany"
"21093",2024-04-17,"Protests","Germany"
"21094",2024-04-17,"Protests","Germany"
"21095",2024-04-18,"Protests","Germany"
"21096",2024-04-18,"Protests","Germany"
"21097",2024-04-18,"Protests","Germany"
"21098",2024-04-18,"Protests","Germany"
"21099",2024-04-18,"Protests","Germany"
"21100",2024-04-18,"Protests","Germany"
"21101",2024-04-18,"Protests","Germany"
"21102",2024-04-18,"Strategic developments","Germany"
"21103",2024-04-19,"Protests","Germany"
"21104",2024-04-19,"Protests","Germany"
"21105",2024-04-19,"Protests","Germany"
"21106",2024-04-19,"Protests","Germany"
"21107",2024-04-19,"Protests","Germany"
"21108",2024-04-19,"Protests","Germany"
"21109",2024-04-19,"Protests","Germany"
"21110",2024-04-19,"Protests","Germany"
"21111",2024-04-19,"Protests","Germany"
"21112",2024-04-19,"Protests","Germany"
"21113",2024-04-19,"Protests","Germany"
"21114",2024-04-19,"Protests","Germany"
"21115",2024-04-19,"Protests","Germany"
"21116",2024-04-20,"Protests","Germany"
"21117",2024-04-20,"Protests","Germany"
"21118",2024-04-20,"Protests","Germany"
"21119",2024-04-20,"Protests","Germany"
"21120",2024-04-20,"Protests","Germany"
"21121",2024-04-20,"Protests","Germany"
"21122",2024-04-20,"Protests","Germany"
"21123",2024-04-20,"Protests","Germany"
"21124",2024-04-20,"Protests","Germany"
"21125",2024-04-20,"Protests","Germany"
"21126",2024-04-20,"Protests","Germany"
"21127",2024-04-20,"Protests","Germany"
"21128",2024-04-20,"Protests","Germany"
"21129",2024-04-20,"Protests","Germany"
"21130",2024-04-20,"Protests","Germany"
"21131",2024-04-20,"Protests","Germany"
"21132",2024-04-20,"Protests","Germany"
"21133",2024-04-20,"Protests","Germany"
"21134",2024-04-21,"Protests","Germany"
"21135",2024-04-21,"Protests","Germany"
"21136",2024-04-21,"Protests","Germany"
"21137",2024-04-21,"Protests","Germany"
"21138",2024-04-21,"Protests","Germany"
"21139",2024-04-21,"Protests","Germany"
"21140",2024-04-21,"Protests","Germany"
"21141",2024-04-21,"Protests","Germany"
"21142",2024-04-21,"Protests","Germany"
"21143",2024-04-21,"Protests","Germany"
"21144",2024-04-21,"Protests","Germany"
"21145",2024-04-21,"Protests","Germany"
"21146",2024-04-21,"Protests","Germany"
"21147",2024-04-22,"Protests","Germany"
"21148",2024-04-22,"Protests","Germany"
"21149",2024-04-22,"Protests","Germany"
"21150",2024-04-22,"Protests","Germany"
"21151",2024-04-22,"Protests","Germany"
"21152",2024-04-22,"Protests","Germany"
"21153",2024-04-23,"Protests","Germany"
"21154",2024-04-23,"Protests","Germany"
"21155",2024-04-23,"Protests","Germany"
"21156",2024-04-23,"Protests","Germany"
"21157",2024-04-23,"Riots","Germany"
"21158",2024-04-24,"Protests","Germany"
"21159",2024-04-24,"Protests","Germany"
"21160",2024-04-24,"Strategic developments","Germany"
"21161",2024-04-24,"Strategic developments","Germany"
"21162",2024-04-25,"Protests","Germany"
"21163",2024-04-25,"Protests","Germany"
"21164",2024-04-25,"Protests","Germany"
"21165",2024-04-25,"Protests","Germany"
"21166",2024-04-25,"Protests","Germany"
"21167",2024-04-26,"Protests","Germany"
"21168",2024-04-26,"Protests","Germany"
"21169",2024-04-26,"Riots","Germany"
"21170",2024-04-26,"Protests","Germany"
"21171",2024-04-26,"Protests","Germany"
"21172",2024-04-26,"Strategic developments","Germany"
"21173",2024-04-26,"Riots","Germany"
"21174",2024-04-27,"Protests","Germany"
"21175",2024-04-27,"Protests","Germany"
"21176",2024-04-27,"Protests","Germany"
"21177",2024-04-27,"Protests","Germany"
"21178",2024-04-27,"Protests","Germany"
"21179",2024-04-27,"Protests","Germany"
"21180",2024-04-27,"Protests","Germany"
"21181",2024-04-27,"Protests","Germany"
"21182",2024-04-27,"Protests","Germany"
"21183",2024-04-27,"Protests","Germany"
"21184",2024-04-27,"Protests","Germany"
"21185",2024-04-27,"Protests","Germany"
"21186",2024-04-27,"Protests","Germany"
"21187",2024-04-27,"Violence against civilians","Germany"
"21188",2024-04-27,"Protests","Germany"
"21189",2024-04-27,"Protests","Germany"
"21190",2024-04-27,"Protests","Germany"
"21191",2024-04-27,"Protests","Germany"
"21192",2024-04-27,"Protests","Germany"
"21193",2024-04-27,"Protests","Germany"
"21194",2024-04-28,"Protests","Germany"
"21195",2024-04-28,"Protests","Germany"
"21196",2024-04-28,"Protests","Germany"
"21197",2024-04-28,"Protests","Germany"
"21198",2024-04-28,"Protests","Germany"
"21199",2024-04-28,"Protests","Germany"
"21200",2024-04-29,"Protests","Germany"
"21201",2024-04-29,"Protests","Germany"
"21202",2024-04-29,"Protests","Germany"
"21203",2024-04-29,"Strategic developments","Germany"
"21204",2024-04-29,"Protests","Germany"
"21205",2024-04-29,"Protests","Germany"
"21206",2024-04-29,"Protests","Germany"
"21207",2024-04-29,"Protests","Germany"
"21208",2024-04-29,"Protests","Germany"
"21209",2024-04-29,"Protests","Germany"
"21210",2024-04-29,"Protests","Germany"
"21211",2024-04-29,"Protests","Germany"
"21212",2024-04-29,"Strategic developments","Germany"
"21213",2024-04-30,"Protests","Germany"
"21214",2024-04-30,"Protests","Germany"
"21215",2024-04-30,"Protests","Germany"
"21216",2024-04-30,"Protests","Germany"
"21217",2024-04-30,"Protests","Germany"
"21218",2024-04-30,"Protests","Germany"
"21219",2024-04-30,"Riots","Germany"
"21220",2024-04-30,"Protests","Germany"
"21221",2024-04-30,"Protests","Germany"
"21222",2024-04-30,"Protests","Germany"
"21223",2024-05-01,"Protests","Germany"
"21224",2024-05-01,"Protests","Germany"
"21225",2024-05-01,"Protests","Germany"
"21226",2024-05-01,"Protests","Germany"
"21227",2024-05-01,"Protests","Germany"
"21228",2024-05-01,"Protests","Germany"
"21229",2024-05-01,"Protests","Germany"
"21230",2024-05-01,"Protests","Germany"
"21231",2024-05-01,"Protests","Germany"
"21232",2024-05-01,"Protests","Germany"
"21233",2024-05-01,"Protests","Germany"
"21234",2024-05-01,"Protests","Germany"
"21235",2024-05-01,"Protests","Germany"
"21236",2024-05-01,"Protests","Germany"
"21237",2024-05-01,"Protests","Germany"
"21238",2024-05-01,"Protests","Germany"
"21239",2024-05-01,"Protests","Germany"
"21240",2024-05-01,"Protests","Germany"
"21241",2024-05-01,"Protests","Germany"
"21242",2024-05-01,"Protests","Germany"
"21243",2024-05-01,"Protests","Germany"
"21244",2024-05-01,"Protests","Germany"
"21245",2024-05-01,"Protests","Germany"
"21246",2024-05-01,"Protests","Germany"
"21247",2024-05-01,"Protests","Germany"
"21248",2024-05-01,"Protests","Germany"
"21249",2024-05-01,"Protests","Germany"
"21250",2024-05-01,"Protests","Germany"
"21251",2024-05-01,"Protests","Germany"
"21252",2024-05-01,"Protests","Germany"
"21253",2024-05-01,"Protests","Germany"
"21254",2024-05-01,"Protests","Germany"
"21255",2024-05-01,"Protests","Germany"
"21256",2024-05-01,"Protests","Germany"
"21257",2024-05-01,"Protests","Germany"
"21258",2024-05-01,"Strategic developments","Germany"
"21259",2024-05-01,"Protests","Germany"
"21260",2024-05-01,"Protests","Germany"
"21261",2024-05-01,"Protests","Germany"
"21262",2024-05-01,"Protests","Germany"
"21263",2024-05-01,"Protests","Germany"
"21264",2024-05-01,"Protests","Germany"
"21265",2024-05-01,"Protests","Germany"
"21266",2024-05-01,"Strategic developments","Germany"
"21267",2024-05-01,"Protests","Germany"
"21268",2024-05-01,"Protests","Germany"
"21269",2024-05-01,"Protests","Germany"
"21270",2024-05-01,"Protests","Germany"
"21271",2024-05-01,"Protests","Germany"
"21272",2024-05-01,"Protests","Germany"
"21273",2024-05-01,"Protests","Germany"
"21274",2024-05-01,"Protests","Germany"
"21275",2024-05-01,"Protests","Germany"
"21276",2024-05-01,"Protests","Germany"
"21277",2024-05-01,"Protests","Germany"
"21278",2024-05-01,"Protests","Germany"
"21279",2024-05-01,"Protests","Germany"
"21280",2024-05-01,"Protests","Germany"
"21281",2024-05-01,"Protests","Germany"
"21282",2024-05-01,"Protests","Germany"
"21283",2024-05-01,"Riots","Germany"
"21284",2024-05-02,"Protests","Germany"
"21285",2024-05-02,"Protests","Germany"
"21286",2024-05-02,"Protests","Germany"
"21287",2024-05-02,"Protests","Germany"
"21288",2024-05-02,"Riots","Germany"
"21289",2024-05-03,"Protests","Germany"
"21290",2024-05-03,"Protests","Germany"
"21291",2024-05-03,"Protests","Germany"
"21292",2024-05-03,"Protests","Germany"
"21293",2024-05-03,"Protests","Germany"
"21294",2024-05-03,"Protests","Germany"
"21295",2024-05-03,"Riots","Germany"
"21296",2024-05-03,"Riots","Germany"
"21297",2024-05-03,"Riots","Germany"
"21298",2024-05-03,"Strategic developments","Germany"
"21299",2024-05-04,"Protests","Germany"
"21300",2024-05-04,"Protests","Germany"
"21301",2024-05-04,"Protests","Germany"
"21302",2024-05-04,"Protests","Germany"
"21303",2024-05-04,"Protests","Germany"
"21304",2024-05-04,"Protests","Germany"
"21305",2024-05-04,"Protests","Germany"
"21306",2024-05-04,"Protests","Germany"
"21307",2024-05-04,"Protests","Germany"
"21308",2024-05-04,"Protests","Germany"
"21309",2024-05-04,"Protests","Germany"
"21310",2024-05-04,"Protests","Germany"
"21311",2024-05-04,"Protests","Germany"
"21312",2024-05-04,"Protests","Germany"
"21313",2024-05-04,"Protests","Germany"
"21314",2024-05-04,"Protests","Germany"
"21315",2024-05-04,"Protests","Germany"
"21316",2024-05-04,"Protests","Germany"
"21317",2024-05-04,"Protests","Germany"
"21318",2024-05-04,"Strategic developments","Germany"
"21319",2024-05-04,"Protests","Germany"
"21320",2024-05-04,"Protests","Germany"
"21321",2024-05-04,"Protests","Germany"
"21322",2024-05-04,"Protests","Germany"
"21323",2024-05-05,"Protests","Germany"
"21324",2024-05-05,"Protests","Germany"
"21325",2024-05-05,"Protests","Germany"
"21326",2024-05-05,"Protests","Germany"
"21327",2024-05-05,"Protests","Germany"
"21328",2024-05-05,"Protests","Germany"
"21329",2024-05-05,"Protests","Germany"
"21330",2024-05-05,"Protests","Germany"
"21331",2024-05-05,"Protests","Germany"
"21332",2024-05-05,"Protests","Germany"
"21333",2024-05-05,"Protests","Germany"
"21334",2024-05-05,"Protests","Germany"
"21335",2024-05-05,"Protests","Germany"
"21336",2024-05-05,"Protests","Germany"
"21337",2024-05-05,"Protests","Germany"
"21338",2024-05-05,"Protests","Germany"
"21339",2024-05-05,"Protests","Germany"
"21340",2024-05-06,"Protests","Germany"
"21341",2024-05-06,"Protests","Germany"
"21342",2024-05-06,"Protests","Germany"
"21343",2024-05-06,"Protests","Germany"
"21344",2024-05-06,"Protests","Germany"
"21345",2024-05-06,"Strategic developments","Germany"
"21346",2024-05-06,"Strategic developments","Germany"
"21347",2024-05-07,"Protests","Germany"
"21348",2024-05-07,"Protests","Germany"
"21349",2024-05-07,"Strategic developments","Germany"
"21350",2024-05-07,"Protests","Germany"
"21351",2024-05-07,"Protests","Germany"
"21352",2024-05-07,"Protests","Germany"
"21353",2024-05-07,"Protests","Germany"
"21354",2024-05-07,"Protests","Germany"
"21355",2024-05-07,"Protests","Germany"
"21356",2024-05-07,"Protests","Germany"
"21357",2024-05-07,"Riots","Germany"
"21358",2024-05-08,"Protests","Germany"
"21359",2024-05-08,"Protests","Germany"
"21360",2024-05-08,"Protests","Germany"
"21361",2024-05-08,"Protests","Germany"
"21362",2024-05-08,"Protests","Germany"
"21363",2024-05-08,"Protests","Germany"
"21364",2024-05-08,"Protests","Germany"
"21365",2024-05-08,"Protests","Germany"
"21366",2024-05-08,"Protests","Germany"
"21367",2024-05-08,"Protests","Germany"
"21368",2024-05-08,"Protests","Germany"
"21369",2024-05-08,"Protests","Germany"
"21370",2024-05-08,"Riots","Germany"
"21371",2024-05-08,"Protests","Germany"
"21372",2024-05-08,"Protests","Germany"
"21373",2024-05-08,"Protests","Germany"
"21374",2024-05-08,"Protests","Germany"
"21375",2024-05-08,"Protests","Germany"
"21376",2024-05-08,"Strategic developments","Germany"
"21377",2024-05-09,"Protests","Germany"
"21378",2024-05-09,"Riots","Germany"
"21379",2024-05-09,"Protests","Germany"
"21380",2024-05-09,"Protests","Germany"
"21381",2024-05-09,"Protests","Germany"
"21382",2024-05-09,"Protests","Germany"
"21383",2024-05-09,"Protests","Germany"
"21384",2024-05-09,"Protests","Germany"
"21385",2024-05-09,"Strategic developments","Germany"
"21386",2024-05-09,"Protests","Germany"
"21387",2024-05-10,"Protests","Germany"
"21388",2024-05-10,"Protests","Germany"
"21389",2024-05-10,"Protests","Germany"
"21390",2024-05-10,"Protests","Germany"
"21391",2024-05-10,"Protests","Germany"
"21392",2024-05-10,"Protests","Germany"
"21393",2024-05-10,"Protests","Germany"
"21394",2024-05-10,"Protests","Germany"
"21395",2024-05-10,"Protests","Germany"
"21396",2024-05-10,"Protests","Germany"
"21397",2024-05-10,"Protests","Germany"
"21398",2024-05-10,"Protests","Germany"
"21399",2024-05-10,"Protests","Germany"
"21400",2024-05-10,"Riots","Germany"
"21401",2024-05-11,"Protests","Germany"
"21402",2024-05-11,"Protests","Germany"
"21403",2024-05-11,"Protests","Germany"
"21404",2024-05-11,"Protests","Germany"
"21405",2024-05-11,"Protests","Germany"
"21406",2024-05-11,"Protests","Germany"
"21407",2024-05-11,"Protests","Germany"
"21408",2024-05-11,"Protests","Germany"
"21409",2024-05-11,"Protests","Germany"
"21410",2024-05-11,"Protests","Germany"
"21411",2024-05-11,"Protests","Germany"
"21412",2024-05-11,"Protests","Germany"
"21413",2024-05-11,"Protests","Germany"
"21414",2024-05-11,"Protests","Germany"
"21415",2024-05-11,"Protests","Germany"
"21416",2024-05-11,"Protests","Germany"
"21417",2024-05-11,"Protests","Germany"
"21418",2024-05-11,"Protests","Germany"
"21419",2024-05-11,"Protests","Germany"
"21420",2024-05-11,"Protests","Germany"
"21421",2024-05-11,"Riots","Germany"
"21422",2024-05-11,"Protests","Germany"
"21423",2024-05-11,"Protests","Germany"
"21424",2024-05-11,"Protests","Germany"
"21425",2024-05-11,"Riots","Germany"
"21426",2024-05-12,"Riots","Germany"
"21427",2024-05-12,"Protests","Germany"
"21428",2024-05-12,"Protests","Germany"
"21429",2024-05-12,"Protests","Germany"
"21430",2024-05-12,"Protests","Germany"
"21431",2024-05-12,"Strategic developments","Germany"
"21432",2024-05-12,"Protests","Germany"
"21433",2024-05-13,"Strategic developments","Germany"
"21434",2024-05-13,"Protests","Germany"
"21435",2024-05-13,"Protests","Germany"
"21436",2024-05-13,"Protests","Germany"
"21437",2024-05-13,"Protests","Germany"
"21438",2024-05-13,"Protests","Germany"
"21439",2024-05-13,"Protests","Germany"
"21440",2024-05-13,"Protests","Germany"
"21441",2024-05-13,"Protests","Germany"
"21442",2024-05-13,"Protests","Germany"
"21443",2024-05-13,"Protests","Germany"
"21444",2024-05-13,"Protests","Germany"
"21445",2024-05-13,"Protests","Germany"
"21446",2024-05-13,"Strategic developments","Germany"
"21447",2024-05-13,"Protests","Germany"
"21448",2024-05-14,"Protests","Germany"
"21449",2024-05-14,"Protests","Germany"
"21450",2024-05-14,"Protests","Germany"
"21451",2024-05-14,"Protests","Germany"
"21452",2024-05-14,"Protests","Germany"
"21453",2024-05-14,"Protests","Germany"
"21454",2024-05-14,"Strategic developments","Germany"
"21455",2024-05-15,"Protests","Germany"
"21456",2024-05-15,"Protests","Germany"
"21457",2024-05-15,"Protests","Germany"
"21458",2024-05-15,"Protests","Germany"
"21459",2024-05-15,"Protests","Germany"
"21460",2024-05-15,"Protests","Germany"
"21461",2024-05-15,"Protests","Germany"
"21462",2024-05-15,"Protests","Germany"
"21463",2024-05-15,"Protests","Germany"
"21464",2024-05-15,"Protests","Germany"
"21465",2024-05-15,"Protests","Germany"
"21466",2024-05-15,"Protests","Germany"
"21467",2024-05-15,"Protests","Germany"
"21468",2024-05-15,"Protests","Germany"
"21469",2024-05-15,"Protests","Germany"
"21470",2024-05-15,"Protests","Germany"
"21471",2024-05-15,"Protests","Germany"
"21472",2024-05-15,"Protests","Germany"
"21473",2024-05-15,"Protests","Germany"
"21474",2024-05-15,"Protests","Germany"
"21475",2024-05-15,"Protests","Germany"
"21476",2024-05-15,"Strategic developments","Germany"
"21477",2024-05-15,"Riots","Germany"
"21478",2024-05-15,"Protests","Germany"
"21479",2024-05-15,"Protests","Germany"
"21480",2024-05-16,"Protests","Germany"
"21481",2024-05-16,"Protests","Germany"
"21482",2024-05-16,"Protests","Germany"
"21483",2024-05-16,"Protests","Germany"
"21484",2024-05-16,"Protests","Germany"
"21485",2024-05-16,"Protests","Germany"
"21486",2024-05-16,"Protests","Germany"
"21487",2024-05-16,"Protests","Germany"
"21488",2024-05-16,"Strategic developments","Germany"
"21489",2024-05-16,"Strategic developments","Germany"
"21490",2024-05-17,"Protests","Germany"
"21491",2024-05-17,"Protests","Germany"
"21492",2024-05-17,"Protests","Germany"
"21493",2024-05-17,"Protests","Germany"
"21494",2024-05-17,"Protests","Germany"
"21495",2024-05-17,"Protests","Germany"
"21496",2024-05-17,"Protests","Germany"
"21497",2024-05-17,"Protests","Germany"
"21498",2024-05-18,"Protests","Germany"
"21499",2024-05-18,"Protests","Germany"
"21500",2024-05-18,"Protests","Germany"
"21501",2024-05-18,"Protests","Germany"
"21502",2024-05-18,"Protests","Germany"
"21503",2024-05-18,"Protests","Germany"
"21504",2024-05-18,"Protests","Germany"
"21505",2024-05-18,"Riots","Germany"
"21506",2024-05-18,"Protests","Germany"
"21507",2024-05-18,"Protests","Germany"
"21508",2024-05-18,"Protests","Germany"
"21509",2024-05-18,"Protests","Germany"
"21510",2024-05-18,"Riots","Germany"
"21511",2024-05-18,"Protests","Germany"
"21512",2024-05-18,"Protests","Germany"
"21513",2024-05-18,"Protests","Germany"
"21514",2024-05-18,"Protests","Germany"
"21515",2024-05-18,"Protests","Germany"
"21516",2024-05-18,"Protests","Germany"
"21517",2024-05-18,"Protests","Germany"
"21518",2024-05-18,"Protests","Germany"
"21519",2024-05-19,"Protests","Germany"
"21520",2024-05-19,"Riots","Germany"
"21521",2024-05-19,"Protests","Germany"
"21522",2024-05-20,"Protests","Germany"
"21523",2024-05-20,"Protests","Germany"
"21524",2024-05-20,"Protests","Germany"
"21525",2024-05-20,"Protests","Germany"
"21526",2024-05-21,"Riots","Germany"
"21527",2024-05-21,"Protests","Germany"
"21528",2024-05-21,"Protests","Germany"
"21529",2024-05-21,"Protests","Germany"
"21530",2024-05-21,"Protests","Germany"
"21531",2024-05-21,"Protests","Germany"
"21532",2024-05-21,"Strategic developments","Germany"
"21533",2024-05-21,"Protests","Germany"
"21534",2024-05-22,"Protests","Germany"
"21535",2024-05-22,"Protests","Germany"
"21536",2024-05-22,"Protests","Germany"
"21537",2024-05-22,"Protests","Germany"
"21538",2024-05-22,"Protests","Germany"
"21539",2024-05-22,"Protests","Germany"
"21540",2024-05-22,"Protests","Germany"
"21541",2024-05-22,"Protests","Germany"
"21542",2024-05-22,"Strategic developments","Germany"
"21543",2024-05-22,"Protests","Germany"
"21544",2024-05-22,"Protests","Germany"
"21545",2024-05-22,"Protests","Germany"
"21546",2024-05-22,"Protests","Germany"
"21547",2024-05-22,"Protests","Germany"
"21548",2024-05-22,"Protests","Germany"
"21549",2024-05-23,"Protests","Germany"
"21550",2024-05-23,"Protests","Germany"
"21551",2024-05-23,"Protests","Germany"
"21552",2024-05-23,"Protests","Germany"
"21553",2024-05-23,"Protests","Germany"
"21554",2024-05-23,"Protests","Germany"
"21555",2024-05-23,"Protests","Germany"
"21556",2024-05-23,"Protests","Germany"
"21557",2024-05-23,"Protests","Germany"
"21558",2024-05-23,"Protests","Germany"
"21559",2024-05-23,"Protests","Germany"
"21560",2024-05-23,"Protests","Germany"
"21561",2024-05-24,"Protests","Germany"
"21562",2024-05-24,"Protests","Germany"
"21563",2024-05-24,"Protests","Germany"
"21564",2024-05-24,"Protests","Germany"
"21565",2024-05-24,"Protests","Germany"
"21566",2024-05-24,"Protests","Germany"
"21567",2024-05-24,"Protests","Germany"
"21568",2024-05-24,"Protests","Germany"
"21569",2024-05-24,"Protests","Germany"
"21570",2024-05-24,"Protests","Germany"
"21571",2024-05-24,"Riots","Germany"
"21572",2024-05-24,"Protests","Germany"
"21573",2024-05-24,"Protests","Germany"
"21574",2024-05-24,"Protests","Germany"
"21575",2024-05-25,"Protests","Germany"
"21576",2024-05-25,"Protests","Germany"
"21577",2024-05-25,"Protests","Germany"
"21578",2024-05-25,"Protests","Germany"
"21579",2024-05-25,"Protests","Germany"
"21580",2024-05-25,"Protests","Germany"
"21581",2024-05-25,"Protests","Germany"
"21582",2024-05-25,"Protests","Germany"
"21583",2024-05-25,"Protests","Germany"
"21584",2024-05-25,"Protests","Germany"
"21585",2024-05-25,"Protests","Germany"
"21586",2024-05-25,"Protests","Germany"
"21587",2024-05-25,"Protests","Germany"
"21588",2024-05-25,"Protests","Germany"
"21589",2024-05-25,"Protests","Germany"
"21590",2024-05-25,"Protests","Germany"
"21591",2024-05-25,"Protests","Germany"
"21592",2024-05-25,"Protests","Germany"
"21593",2024-05-25,"Protests","Germany"
"21594",2024-05-25,"Protests","Germany"
"21595",2024-05-25,"Protests","Germany"
"21596",2024-05-25,"Protests","Germany"
"21597",2024-05-25,"Riots","Germany"
"21598",2024-05-25,"Protests","Germany"
"21599",2024-05-25,"Strategic developments","Germany"
"21600",2024-05-25,"Strategic developments","Germany"
"21601",2024-05-26,"Protests","Germany"
"21602",2024-05-26,"Protests","Germany"
"21603",2024-05-26,"Protests","Germany"
"21604",2024-05-26,"Riots","Germany"
"21605",2024-05-26,"Protests","Germany"
"21606",2024-05-26,"Riots","Germany"
"21607",2024-05-26,"Protests","Germany"
"21608",2024-05-26,"Strategic developments","Germany"
"21609",2024-05-26,"Protests","Germany"
"21610",2024-05-26,"Protests","Germany"
"21611",2024-05-26,"Protests","Germany"
"21612",2024-05-27,"Protests","Germany"
"21613",2024-05-27,"Protests","Germany"
"21614",2024-05-27,"Protests","Germany"
"21615",2024-05-27,"Protests","Germany"
"21616",2024-05-27,"Protests","Germany"
"21617",2024-05-27,"Riots","Germany"
"21618",2024-05-27,"Strategic developments","Germany"
"21619",2024-05-28,"Protests","Germany"
"21620",2024-05-28,"Riots","Germany"
"21621",2024-05-28,"Protests","Germany"
"21622",2024-05-28,"Protests","Germany"
"21623",2024-05-28,"Protests","Germany"
"21624",2024-05-28,"Riots","Germany"
"21625",2024-05-29,"Strategic developments","Germany"
"21626",2024-05-29,"Protests","Germany"
"21627",2024-05-29,"Protests","Germany"
"21628",2024-05-29,"Protests","Germany"
"21629",2024-05-29,"Riots","Germany"
"21630",2024-05-29,"Protests","Germany"
"21631",2024-05-30,"Protests","Germany"
"21632",2024-05-30,"Protests","Germany"
"21633",2024-05-30,"Protests","Germany"
"21634",2024-05-30,"Protests","Germany"
"21635",2024-05-30,"Protests","Germany"
"21636",2024-05-30,"Protests","Germany"
"21637",2024-05-30,"Protests","Germany"
"21638",2024-05-30,"Protests","Germany"
"21639",2024-05-30,"Protests","Germany"
"21640",2024-05-30,"Protests","Germany"
"21641",2024-05-30,"Protests","Germany"
"21642",2024-05-30,"Protests","Germany"
"21643",2024-05-30,"Protests","Germany"
"21644",2024-05-30,"Protests","Germany"
"21645",2024-05-30,"Protests","Germany"
"21646",2024-05-31,"Protests","Germany"
"21647",2024-05-31,"Protests","Germany"
"21648",2024-05-31,"Protests","Germany"
"21649",2024-05-31,"Protests","Germany"
"21650",2024-05-31,"Protests","Germany"
"21651",2024-05-31,"Protests","Germany"
"21652",2024-05-31,"Protests","Germany"
"21653",2024-05-31,"Protests","Germany"
"21654",2024-05-31,"Protests","Germany"
"21655",2024-05-31,"Protests","Germany"
"21656",2024-05-31,"Protests","Germany"
"21657",2024-05-31,"Protests","Germany"
"21658",2024-05-31,"Protests","Germany"
"21659",2024-05-31,"Protests","Germany"
"21660",2024-05-31,"Protests","Germany"
"21661",2024-05-31,"Protests","Germany"
"21662",2024-05-31,"Protests","Germany"
"21663",2024-05-31,"Protests","Germany"
"21664",2024-05-31,"Protests","Germany"
"21665",2024-05-31,"Protests","Germany"
"21666",2024-05-31,"Protests","Germany"
"21667",2024-05-31,"Protests","Germany"
"21668",2024-05-31,"Protests","Germany"
"21669",2024-05-31,"Protests","Germany"
"21670",2024-05-31,"Protests","Germany"
"21671",2024-05-31,"Protests","Germany"
"21672",2024-05-31,"Protests","Germany"
"21673",2024-05-31,"Protests","Germany"
"21674",2024-05-31,"Protests","Germany"
"21675",2024-05-31,"Protests","Germany"
"21676",2024-05-31,"Protests","Germany"
"21677",2024-05-31,"Protests","Germany"
"21678",2024-05-31,"Protests","Germany"
"21679",2024-05-31,"Protests","Germany"
"21680",2024-05-31,"Protests","Germany"
"21681",2024-05-31,"Protests","Germany"
"21682",2024-05-31,"Protests","Germany"
"21683",2024-05-31,"Protests","Germany"
"21684",2024-05-31,"Protests","Germany"
"21685",2024-05-31,"Protests","Germany"
"21686",2024-05-31,"Protests","Germany"
"21687",2024-05-31,"Protests","Germany"
"21688",2024-05-31,"Protests","Germany"
"21689",2024-05-31,"Protests","Germany"
"21690",2024-05-31,"Strategic developments","Germany"
"21691",2024-05-31,"Protests","Germany"
"21692",2024-05-31,"Protests","Germany"
"21693",2024-05-31,"Protests","Germany"
"21694",2024-05-31,"Protests","Germany"
"21695",2024-05-31,"Riots","Germany"
"21696",2024-05-31,"Protests","Germany"
"21697",2024-05-31,"Protests","Germany"
"21698",2024-05-31,"Violence against civilians","Germany"
"21699",2024-06-01,"Protests","Germany"
"21700",2024-06-01,"Protests","Germany"
"21701",2024-06-01,"Protests","Germany"
"21702",2024-06-01,"Protests","Germany"
"21703",2024-06-01,"Protests","Germany"
"21704",2024-06-01,"Protests","Germany"
"21705",2024-06-01,"Protests","Germany"
"21706",2024-06-01,"Protests","Germany"
"21707",2024-06-01,"Protests","Germany"
"21708",2024-06-01,"Protests","Germany"
"21709",2024-06-01,"Protests","Germany"
"21710",2024-06-01,"Protests","Germany"
"21711",2024-06-01,"Protests","Germany"
"21712",2024-06-01,"Protests","Germany"
"21713",2024-06-01,"Protests","Germany"
"21714",2024-06-01,"Protests","Germany"
"21715",2024-06-01,"Protests","Germany"
"21716",2024-06-01,"Protests","Germany"
"21717",2024-06-01,"Protests","Germany"
"21718",2024-06-01,"Protests","Germany"
"21719",2024-06-01,"Protests","Germany"
"21720",2024-06-01,"Strategic developments","Germany"
"21721",2024-06-01,"Riots","Germany"
"21722",2024-06-01,"Protests","Germany"
"21723",2024-06-01,"Protests","Germany"
"21724",2024-06-01,"Protests","Germany"
"21725",2024-06-01,"Protests","Germany"
"21726",2024-06-01,"Protests","Germany"
"21727",2024-06-01,"Strategic developments","Germany"
"21728",2024-06-02,"Protests","Germany"
"21729",2024-06-02,"Protests","Germany"
"21730",2024-06-02,"Protests","Germany"
"21731",2024-06-02,"Protests","Germany"
"21732",2024-06-02,"Protests","Germany"
"21733",2024-06-02,"Protests","Germany"
"21734",2024-06-02,"Protests","Germany"
"21735",2024-06-02,"Protests","Germany"
"21736",2024-06-02,"Protests","Germany"
"21737",2024-06-02,"Protests","Germany"
"21738",2024-06-02,"Protests","Germany"
"21739",2024-06-02,"Protests","Germany"
"21740",2024-06-02,"Protests","Germany"
"21741",2024-06-02,"Protests","Germany"
"21742",2024-06-02,"Protests","Germany"
"21743",2024-06-02,"Protests","Germany"
"21744",2024-06-02,"Protests","Germany"
"21745",2024-06-02,"Strategic developments","Germany"
"21746",2024-06-02,"Protests","Germany"
"21747",2024-06-02,"Riots","Germany"
"21748",2024-06-02,"Protests","Germany"
"21749",2024-06-02,"Protests","Germany"
"21750",2024-06-02,"Riots","Germany"
"21751",2024-06-02,"Protests","Germany"
"21752",2024-06-02,"Protests","Germany"
"21753",2024-06-02,"Protests","Germany"
"21754",2024-06-02,"Protests","Germany"
"21755",2024-06-02,"Protests","Germany"
"21756",2024-06-03,"Protests","Germany"
"21757",2024-06-03,"Protests","Germany"
"21758",2024-06-03,"Protests","Germany"
"21759",2024-06-03,"Protests","Germany"
"21760",2024-06-03,"Protests","Germany"
"21761",2024-06-03,"Protests","Germany"
"21762",2024-06-03,"Protests","Germany"
"21763",2024-06-04,"Protests","Germany"
"21764",2024-06-04,"Protests","Germany"
"21765",2024-06-04,"Protests","Germany"
"21766",2024-06-04,"Violence against civilians","Germany"
"21767",2024-06-04,"Protests","Germany"
"21768",2024-06-04,"Protests","Germany"
"21769",2024-06-05,"Protests","Germany"
"21770",2024-06-05,"Protests","Germany"
"21771",2024-06-05,"Protests","Germany"
"21772",2024-06-05,"Protests","Germany"
"21773",2024-06-05,"Protests","Germany"
"21774",2024-06-05,"Protests","Germany"
"21775",2024-06-05,"Protests","Germany"
"21776",2024-06-05,"Protests","Germany"
"21777",2024-06-06,"Protests","Germany"
"21778",2024-06-06,"Protests","Germany"
"21779",2024-06-06,"Protests","Germany"
"21780",2024-06-06,"Protests","Germany"
"21781",2024-06-06,"Protests","Germany"
"21782",2024-06-06,"Protests","Germany"
"21783",2024-06-06,"Strategic developments","Germany"
"21784",2024-06-06,"Protests","Germany"
"21785",2024-06-07,"Protests","Germany"
"21786",2024-06-07,"Protests","Germany"
"21787",2024-06-07,"Protests","Germany"
"21788",2024-06-07,"Protests","Germany"
"21789",2024-06-07,"Protests","Germany"
"21790",2024-06-07,"Protests","Germany"
"21791",2024-06-07,"Protests","Germany"
"21792",2024-06-07,"Protests","Germany"
"21793",2024-06-07,"Protests","Germany"
"21794",2024-06-07,"Protests","Germany"
"21795",2024-06-07,"Protests","Germany"
"21796",2024-06-07,"Protests","Germany"
"21797",2024-06-07,"Protests","Germany"
"21798",2024-06-08,"Protests","Germany"
"21799",2024-06-08,"Riots","Germany"
"21800",2024-06-08,"Protests","Germany"
"21801",2024-06-08,"Protests","Germany"
"21802",2024-06-08,"Protests","Germany"
"21803",2024-06-08,"Protests","Germany"
"21804",2024-06-08,"Protests","Germany"
"21805",2024-06-08,"Protests","Germany"
"21806",2024-06-08,"Protests","Germany"
"21807",2024-06-08,"Protests","Germany"
"21808",2024-06-08,"Protests","Germany"
"21809",2024-06-08,"Protests","Germany"
"21810",2024-06-08,"Protests","Germany"
"21811",2024-06-08,"Protests","Germany"
"21812",2024-06-08,"Protests","Germany"
"21813",2024-06-08,"Protests","Germany"
"21814",2024-06-08,"Protests","Germany"
"21815",2024-06-08,"Protests","Germany"
"21816",2024-06-08,"Protests","Germany"
"21817",2024-06-08,"Protests","Germany"
"21818",2024-06-08,"Protests","Germany"
"21819",2024-06-08,"Protests","Germany"
"21820",2024-06-08,"Protests","Germany"
"21821",2024-06-08,"Protests","Germany"
"21822",2024-06-08,"Protests","Germany"
"21823",2024-06-08,"Protests","Germany"
"21824",2024-06-08,"Protests","Germany"
"21825",2024-06-08,"Protests","Germany"
"21826",2024-06-08,"Protests","Germany"
"21827",2024-06-08,"Protests","Germany"
"21828",2024-06-08,"Protests","Germany"
"21829",2024-06-08,"Protests","Germany"
"21830",2024-06-08,"Violence against civilians","Germany"
"21831",2024-06-08,"Protests","Germany"
"21832",2024-06-08,"Protests","Germany"
"21833",2024-06-08,"Protests","Germany"
"21834",2024-06-08,"Riots","Germany"
"21835",2024-06-08,"Protests","Germany"
"21836",2024-06-08,"Protests","Germany"
"21837",2024-06-09,"Protests","Germany"
"21838",2024-06-09,"Protests","Germany"
"21839",2024-06-09,"Protests","Germany"
"21840",2024-06-09,"Protests","Germany"
"21841",2024-06-09,"Protests","Germany"
"21842",2024-06-10,"Protests","Germany"
"21843",2024-06-10,"Protests","Germany"
"21844",2024-06-10,"Protests","Germany"
"21845",2024-06-10,"Protests","Germany"
"21846",2024-06-10,"Protests","Germany"
"21847",2024-06-11,"Protests","Germany"
"21848",2024-06-11,"Protests","Germany"
"21849",2024-06-11,"Protests","Germany"
"21850",2024-06-11,"Protests","Germany"
"21851",2024-06-12,"Protests","Germany"
"21852",2024-06-12,"Protests","Germany"
"21853",2024-06-12,"Protests","Germany"
"21854",2024-06-12,"Protests","Germany"
"21855",2024-06-12,"Protests","Germany"
"21856",2024-06-13,"Protests","Germany"
"21857",2024-06-13,"Protests","Germany"
"21858",2024-06-13,"Protests","Germany"
"21859",2024-06-13,"Protests","Germany"
"21860",2024-06-13,"Protests","Germany"
"21861",2024-06-13,"Protests","Germany"
"21862",2024-06-14,"Protests","Germany"
"21863",2024-06-14,"Riots","Germany"
"21864",2024-06-14,"Protests","Germany"
"21865",2024-06-14,"Protests","Germany"
"21866",2024-06-14,"Protests","Germany"
"21867",2024-06-14,"Protests","Germany"
"21868",2024-06-14,"Riots","Germany"
"21869",2024-06-14,"Strategic developments","Germany"
"21870",2024-06-14,"Protests","Germany"
"21871",2024-06-15,"Protests","Germany"
"21872",2024-06-15,"Protests","Germany"
"21873",2024-06-15,"Protests","Germany"
"21874",2024-06-15,"Protests","Germany"
"21875",2024-06-15,"Protests","Germany"
"21876",2024-06-15,"Protests","Germany"
"21877",2024-06-15,"Protests","Germany"
"21878",2024-06-15,"Protests","Germany"
"21879",2024-06-15,"Protests","Germany"
"21880",2024-06-15,"Protests","Germany"
"21881",2024-06-15,"Protests","Germany"
"21882",2024-06-15,"Protests","Germany"
"21883",2024-06-15,"Strategic developments","Germany"
"21884",2024-06-15,"Protests","Germany"
"21885",2024-06-15,"Protests","Germany"
"21886",2024-06-15,"Protests","Germany"
"21887",2024-06-15,"Protests","Germany"
"21888",2024-06-15,"Protests","Germany"
"21889",2024-06-16,"Protests","Germany"
"21890",2024-06-16,"Protests","Germany"
"21891",2024-06-16,"Protests","Germany"
"21892",2024-06-16,"Protests","Germany"
"21893",2024-06-16,"Protests","Germany"
"21894",2024-06-17,"Strategic developments","Germany"
"21895",2024-06-17,"Protests","Germany"
"21896",2024-06-17,"Protests","Germany"
"21897",2024-06-17,"Protests","Germany"
"21898",2024-06-18,"Protests","Germany"
"21899",2024-06-18,"Protests","Germany"
"21900",2024-06-18,"Protests","Germany"
"21901",2024-06-18,"Protests","Germany"
"21902",2024-06-18,"Protests","Germany"
"21903",2024-06-18,"Strategic developments","Germany"
"21904",2024-06-18,"Protests","Germany"
"21905",2024-06-18,"Protests","Germany"
"21906",2024-06-18,"Protests","Germany"
"21907",2024-06-18,"Protests","Germany"
"21908",2024-06-18,"Protests","Germany"
"21909",2024-06-18,"Protests","Germany"
"21910",2024-06-18,"Protests","Germany"
"21911",2024-06-18,"Protests","Germany"
"21912",2024-06-18,"Strategic developments","Germany"
"21913",2024-06-18,"Protests","Germany"
"21914",2024-06-19,"Protests","Germany"
"21915",2024-06-19,"Protests","Germany"
"21916",2024-06-19,"Protests","Germany"
"21917",2024-06-19,"Protests","Germany"
"21918",2024-06-19,"Protests","Germany"
"21919",2024-06-19,"Protests","Germany"
"21920",2024-06-19,"Protests","Germany"
"21921",2024-06-19,"Strategic developments","Germany"
"21922",2024-06-20,"Protests","Germany"
"21923",2024-06-20,"Protests","Germany"
"21924",2024-06-20,"Protests","Germany"
"21925",2024-06-20,"Protests","Germany"
"21926",2024-06-20,"Protests","Germany"
"21927",2024-06-20,"Protests","Germany"
"21928",2024-06-20,"Protests","Germany"
"21929",2024-06-20,"Strategic developments","Germany"
"21930",2024-06-20,"Riots","Germany"
"21931",2024-06-20,"Riots","Germany"
"21932",2024-06-20,"Protests","Germany"
"21933",2024-06-20,"Protests","Germany"
"21934",2024-06-21,"Protests","Germany"
"21935",2024-06-21,"Protests","Germany"
"21936",2024-06-21,"Protests","Germany"
"21937",2024-06-21,"Protests","Germany"
"21938",2024-06-21,"Protests","Germany"
"21939",2024-06-21,"Protests","Germany"
"21940",2024-06-22,"Protests","Germany"
"21941",2024-06-22,"Protests","Germany"
"21942",2024-06-22,"Protests","Germany"
"21943",2024-06-22,"Protests","Germany"
"21944",2024-06-22,"Protests","Germany"
"21945",2024-06-22,"Protests","Germany"
"21946",2024-06-22,"Protests","Germany"
"21947",2024-06-22,"Protests","Germany"
"21948",2024-06-22,"Protests","Germany"
"21949",2024-06-22,"Protests","Germany"
"21950",2024-06-22,"Protests","Germany"
"21951",2024-06-22,"Protests","Germany"
"21952",2024-06-22,"Protests","Germany"
"21953",2024-06-22,"Strategic developments","Germany"
"21954",2024-06-22,"Protests","Germany"
"21955",2024-06-22,"Riots","Germany"
"21956",2024-06-22,"Protests","Germany"
"21957",2024-06-23,"Protests","Germany"
"21958",2024-06-23,"Protests","Germany"
"21959",2024-06-23,"Protests","Germany"
"21960",2024-06-23,"Protests","Germany"
"21961",2024-06-23,"Strategic developments","Germany"
"21962",2024-06-23,"Strategic developments","Germany"
"21963",2024-06-23,"Protests","Germany"
"21964",2024-06-23,"Protests","Germany"
"21965",2024-06-24,"Protests","Germany"
"21966",2024-06-24,"Protests","Germany"
"21967",2024-06-24,"Protests","Germany"
"21968",2024-06-24,"Protests","Germany"
"21969",2024-06-26,"Protests","Germany"
"21970",2024-06-26,"Protests","Germany"
"21971",2024-06-26,"Protests","Germany"
"21972",2024-06-27,"Protests","Germany"
"21973",2024-06-27,"Protests","Germany"
"21974",2024-06-27,"Protests","Germany"
"21975",2024-06-27,"Protests","Germany"
"21976",2024-06-27,"Protests","Germany"
"21977",2024-06-28,"Protests","Germany"
"21978",2024-06-28,"Protests","Germany"
"21979",2024-06-28,"Protests","Germany"
"21980",2024-06-28,"Protests","Germany"
"21981",2024-06-28,"Protests","Germany"
"21982",2024-06-28,"Protests","Germany"
"21983",2024-06-29,"Protests","Germany"
"21984",2024-06-29,"Protests","Germany"
"21985",2024-06-29,"Protests","Germany"
"21986",2024-06-29,"Protests","Germany"
"21987",2024-06-29,"Protests","Germany"
"21988",2024-06-29,"Protests","Germany"
"21989",2024-06-29,"Riots","Germany"
"21990",2024-06-29,"Protests","Germany"
"21991",2024-06-30,"Protests","Germany"
"21992",2024-06-30,"Protests","Germany"
"21993",2024-06-30,"Protests","Germany"
"21994",2024-06-30,"Protests","Germany"
"21995",2024-06-30,"Protests","Germany"
"21996",2024-06-30,"Protests","Germany"
"21997",2024-07-01,"Protests","Germany"
"21998",2024-07-01,"Protests","Germany"
"21999",2024-07-02,"Protests","Germany"
"22000",2024-07-02,"Protests","Germany"
"22001",2024-07-02,"Protests","Germany"
"22002",2024-07-02,"Protests","Germany"
"22003",2024-07-02,"Protests","Germany"
"22004",2024-07-02,"Protests","Germany"
"22005",2024-07-02,"Protests","Germany"
"22006",2024-07-02,"Protests","Germany"
"22007",2024-07-02,"Protests","Germany"
"22008",2024-07-03,"Riots","Germany"
"22009",2024-07-03,"Protests","Germany"
"22010",2024-07-04,"Protests","Germany"
"22011",2024-07-04,"Protests","Germany"
"22012",2024-07-04,"Protests","Germany"
"22013",2024-07-04,"Protests","Germany"
"22014",2024-07-04,"Protests","Germany"
"22015",2024-07-04,"Protests","Germany"
"22016",2024-07-05,"Protests","Germany"
"22017",2024-07-05,"Protests","Germany"
"22018",2024-07-05,"Protests","Germany"
"22019",2024-07-05,"Protests","Germany"
"22020",2024-07-05,"Protests","Germany"
"22021",2024-07-05,"Protests","Germany"
"22022",2024-07-05,"Protests","Germany"
"22023",2024-07-06,"Protests","Germany"
"22024",2024-07-06,"Protests","Germany"
"22025",2024-07-06,"Protests","Germany"
"22026",2024-07-06,"Protests","Germany"
"22027",2024-07-06,"Strategic developments","Germany"
"22028",2024-07-06,"Violence against civilians","Germany"
"22029",2024-07-07,"Protests","Germany"
"22030",2024-07-07,"Protests","Germany"
"22031",2024-07-07,"Protests","Germany"
"22032",2024-07-07,"Protests","Germany"
"22033",2024-07-07,"Protests","Germany"
"22034",2024-07-07,"Protests","Germany"
"22035",2024-07-07,"Protests","Germany"
"22036",2024-07-07,"Protests","Germany"
"22037",2024-07-07,"Protests","Germany"
"22038",2024-07-07,"Protests","Germany"
"22039",2024-07-08,"Protests","Germany"
"22040",2024-07-08,"Protests","Germany"
"22041",2024-07-08,"Protests","Germany"
"22042",2024-07-08,"Protests","Germany"
"22043",2024-07-08,"Protests","Germany"
"22044",2024-07-08,"Protests","Germany"
"22045",2024-07-08,"Protests","Germany"
"22046",2024-07-08,"Riots","Germany"
"22047",2024-07-08,"Protests","Germany"
"22048",2024-07-09,"Protests","Germany"
"22049",2024-07-09,"Protests","Germany"
"22050",2024-07-09,"Protests","Germany"
"22051",2024-07-09,"Protests","Germany"
"22052",2024-07-09,"Protests","Germany"
"22053",2024-07-09,"Protests","Germany"
"22054",2024-07-10,"Protests","Germany"
"22055",2024-07-10,"Protests","Germany"
"22056",2024-07-10,"Protests","Germany"
"22057",2024-07-10,"Protests","Germany"
"22058",2024-07-10,"Protests","Germany"
"22059",2024-07-11,"Protests","Germany"
"22060",2024-07-11,"Protests","Germany"
"22061",2024-07-12,"Protests","Germany"
"22062",2024-07-12,"Strategic developments","Germany"
"22063",2024-07-12,"Protests","Germany"
"22064",2024-07-12,"Riots","Germany"
"22065",2024-07-13,"Protests","Germany"
"22066",2024-07-13,"Protests","Germany"
"22067",2024-07-13,"Protests","Germany"
"22068",2024-07-13,"Protests","Germany"
"22069",2024-07-13,"Protests","Germany"
"22070",2024-07-13,"Protests","Germany"
"22071",2024-07-13,"Protests","Germany"
"22072",2024-07-13,"Protests","Germany"
"22073",2024-07-13,"Protests","Germany"
"22074",2024-07-13,"Riots","Germany"
"22075",2024-07-13,"Protests","Germany"
"22076",2024-07-14,"Strategic developments","Germany"
"22077",2024-07-14,"Protests","Germany"
"22078",2024-07-14,"Protests","Germany"
"22079",2024-07-15,"Protests","Germany"
"22080",2024-07-15,"Strategic developments","Germany"
"22081",2024-07-15,"Protests","Germany"
"22082",2024-07-16,"Protests","Germany"
"22083",2024-07-16,"Protests","Germany"
"22084",2024-07-16,"Protests","Germany"
"22085",2024-07-17,"Protests","Germany"
"22086",2024-07-17,"Protests","Germany"
"22087",2024-07-17,"Protests","Germany"
"22088",2024-07-18,"Protests","Germany"
"22089",2024-07-18,"Protests","Germany"
"22090",2024-07-18,"Protests","Germany"
"22091",2024-07-18,"Protests","Germany"
"22092",2024-07-18,"Protests","Germany"
"22093",2024-07-18,"Protests","Germany"
"22094",2024-07-19,"Protests","Germany"
"22095",2024-07-19,"Strategic developments","Germany"
"22096",2024-07-19,"Strategic developments","Germany"
"22097",2024-07-19,"Protests","Germany"
"22098",2024-07-20,"Protests","Germany"
"22099",2024-07-20,"Protests","Germany"
"22100",2024-07-20,"Protests","Germany"
"22101",2024-07-20,"Protests","Germany"
"22102",2024-07-20,"Strategic developments","Germany"
"22103",2024-07-20,"Protests","Germany"
"22104",2024-07-20,"Protests","Germany"
"22105",2024-07-20,"Protests","Germany"
"22106",2024-07-20,"Protests","Germany"
"22107",2024-07-20,"Protests","Germany"
"22108",2024-07-20,"Explosions/Remote violence","Germany"
"22109",2024-07-21,"Protests","Germany"
"22110",2024-07-21,"Riots","Germany"
"22111",2024-07-21,"Strategic developments","Germany"
"22112",2024-07-21,"Riots","Germany"
"22113",2024-07-21,"Protests","Germany"
"22114",2024-07-21,"Protests","Germany"
"22115",2024-07-22,"Protests","Germany"
"22116",2024-07-22,"Protests","Germany"
"22117",2024-07-22,"Protests","Germany"
"22118",2024-07-22,"Strategic developments","Germany"
"22119",2024-07-22,"Protests","Germany"
"22120",2024-07-23,"Protests","Germany"
"22121",2024-07-23,"Protests","Germany"
"22122",2024-07-23,"Strategic developments","Germany"
"22123",2024-07-23,"Riots","Germany"
"22124",2024-07-24,"Protests","Germany"
"22125",2024-07-24,"Protests","Germany"
"22126",2024-07-24,"Protests","Germany"
"22127",2024-07-24,"Strategic developments","Germany"
"22128",2024-07-25,"Protests","Germany"
"22129",2024-07-25,"Protests","Germany"
"22130",2024-07-25,"Protests","Germany"
"22131",2024-07-25,"Riots","Germany"
"22132",2024-07-25,"Protests","Germany"
"22133",2024-07-25,"Protests","Germany"
"22134",2024-07-25,"Violence against civilians","Germany"
"22135",2024-07-25,"Strategic developments","Germany"
"22136",2024-07-26,"Protests","Germany"
"22137",2024-07-26,"Protests","Germany"
"22138",2024-07-26,"Protests","Germany"
"22139",2024-07-26,"Protests","Germany"
"22140",2024-07-26,"Riots","Germany"
"22141",2024-07-26,"Protests","Germany"
"22142",2024-07-26,"Riots","Germany"
"22143",2024-07-27,"Protests","Germany"
"22144",2024-07-27,"Protests","Germany"
"22145",2024-07-27,"Protests","Germany"
"22146",2024-07-27,"Protests","Germany"
"22147",2024-07-27,"Protests","Germany"
"22148",2024-07-27,"Protests","Germany"
"22149",2024-07-27,"Protests","Germany"
"22150",2024-07-27,"Protests","Germany"
"22151",2024-07-27,"Protests","Germany"
"22152",2024-07-27,"Riots","Germany"
"22153",2024-07-27,"Strategic developments","Germany"
"22154",2024-07-28,"Protests","Germany"
"22155",2024-07-29,"Protests","Germany"
"22156",2024-07-29,"Protests","Germany"
"22157",2024-07-30,"Protests","Germany"
"22158",2024-07-30,"Protests","Germany"
"22159",2024-07-30,"Protests","Germany"
"22160",2024-07-30,"Protests","Germany"
"22161",2024-07-31,"Protests","Germany"
"22162",2024-07-31,"Protests","Germany"
"22163",2024-07-31,"Riots","Germany"
"22164",2024-08-01,"Protests","Germany"
"22165",2024-08-01,"Protests","Germany"
"22166",2024-08-01,"Strategic developments","Germany"
"22167",2024-08-01,"Protests","Germany"
"22168",2024-08-01,"Protests","Germany"
"22169",2024-08-02,"Protests","Germany"
"22170",2024-08-02,"Protests","Germany"
"22171",2024-08-02,"Protests","Germany"
"22172",2024-08-02,"Strategic developments","Germany"
"22173",2024-08-02,"Protests","Germany"
"22174",2024-08-02,"Strategic developments","Germany"
"22175",2024-08-02,"Protests","Germany"
"22176",2024-08-02,"Protests","Germany"
"22177",2024-08-02,"Protests","Germany"
"22178",2024-08-03,"Protests","Germany"
"22179",2024-08-03,"Protests","Germany"
"22180",2024-08-03,"Protests","Germany"
"22181",2024-08-03,"Protests","Germany"
"22182",2024-08-03,"Protests","Germany"
"22183",2024-08-03,"Protests","Germany"
"22184",2024-08-03,"Protests","Germany"
"22185",2024-08-03,"Protests","Germany"
"22186",2024-08-03,"Protests","Germany"
"22187",2024-08-03,"Protests","Germany"
"22188",2024-08-03,"Protests","Germany"
"22189",2024-08-04,"Protests","Germany"
"22190",2024-08-04,"Protests","Germany"
"22191",2024-08-04,"Protests","Germany"
"22192",2024-08-04,"Protests","Germany"
"22193",2024-08-05,"Protests","Germany"
"22194",2024-08-06,"Protests","Germany"
"22195",2024-08-06,"Protests","Germany"
"22196",2024-08-06,"Protests","Germany"
"22197",2024-08-06,"Strategic developments","Germany"
"22198",2024-08-07,"Protests","Germany"
"22199",2024-08-07,"Protests","Germany"
"22200",2024-08-07,"Protests","Germany"
"22201",2024-08-07,"Strategic developments","Germany"
"22202",2024-08-08,"Protests","Germany"
"22203",2024-08-08,"Protests","Germany"
"22204",2024-08-08,"Protests","Germany"
"22205",2024-08-08,"Protests","Germany"
"22206",2024-08-08,"Protests","Germany"
"22207",2024-08-08,"Strategic developments","Germany"
"22208",2024-08-08,"Strategic developments","Germany"
"22209",2024-08-09,"Protests","Germany"
"22210",2024-08-09,"Protests","Germany"
"22211",2024-08-09,"Strategic developments","Germany"
"22212",2024-08-09,"Protests","Germany"
"22213",2024-08-09,"Protests","Germany"
"22214",2024-08-09,"Protests","Germany"
"22215",2024-08-09,"Protests","Germany"
"22216",2024-08-09,"Protests","Germany"
"22217",2024-08-09,"Protests","Germany"
"22218",2024-08-10,"Protests","Germany"
"22219",2024-08-10,"Protests","Germany"
"22220",2024-08-10,"Protests","Germany"
"22221",2024-08-10,"Protests","Germany"
"22222",2024-08-10,"Protests","Germany"
"22223",2024-08-10,"Protests","Germany"
"22224",2024-08-10,"Protests","Germany"
"22225",2024-08-10,"Protests","Germany"
"22226",2024-08-10,"Protests","Germany"
"22227",2024-08-10,"Protests","Germany"
"22228",2024-08-10,"Protests","Germany"
"22229",2024-08-10,"Protests","Germany"
"22230",2024-08-10,"Protests","Germany"
"22231",2024-08-10,"Protests","Germany"
"22232",2024-08-10,"Protests","Germany"
"22233",2024-08-10,"Protests","Germany"
"22234",2024-08-11,"Protests","Germany"
"22235",2024-08-11,"Protests","Germany"
"22236",2024-08-11,"Protests","Germany"
"22237",2024-08-12,"Protests","Germany"
"22238",2024-08-12,"Protests","Germany"
"22239",2024-08-12,"Protests","Germany"
"22240",2024-08-13,"Strategic developments","Germany"
"22241",2024-08-14,"Protests","Germany"
"22242",2024-08-14,"Protests","Germany"
"22243",2024-08-14,"Protests","Germany"
"22244",2024-08-14,"Protests","Germany"
"22245",2024-08-14,"Strategic developments","Germany"
"22246",2024-08-15,"Protests","Germany"
"22247",2024-08-15,"Strategic developments","Germany"
"22248",2024-08-15,"Protests","Germany"
"22249",2024-08-15,"Protests","Germany"
"22250",2024-08-15,"Protests","Germany"
"22251",2024-08-15,"Strategic developments","Germany"
"22252",2024-08-16,"Protests","Germany"
"22253",2024-08-16,"Protests","Germany"
"22254",2024-08-16,"Riots","Germany"
"22255",2024-08-16,"Protests","Germany"
"22256",2024-08-16,"Protests","Germany"
"22257",2024-08-16,"Protests","Germany"
"22258",2024-08-17,"Protests","Germany"
"22259",2024-08-17,"Protests","Germany"
"22260",2024-08-17,"Protests","Germany"
"22261",2024-08-17,"Protests","Germany"
"22262",2024-08-17,"Protests","Germany"
"22263",2024-08-17,"Protests","Germany"
"22264",2024-08-17,"Protests","Germany"
"22265",2024-08-17,"Protests","Germany"
"22266",2024-08-17,"Protests","Germany"
"22267",2024-08-17,"Protests","Germany"
"22268",2024-08-17,"Protests","Germany"
"22269",2024-08-17,"Protests","Germany"
"22270",2024-08-17,"Riots","Germany"
"22271",2024-08-18,"Protests","Germany"
"22272",2024-08-18,"Protests","Germany"
"22273",2024-08-18,"Strategic developments","Germany"
"22274",2024-08-18,"Protests","Germany"
"22275",2024-08-19,"Protests","Germany"
"22276",2024-08-19,"Protests","Germany"
"22277",2024-08-20,"Protests","Germany"
"22278",2024-08-20,"Protests","Germany"
"22279",2024-08-20,"Protests","Germany"
"22280",2024-08-20,"Protests","Germany"
"22281",2024-08-20,"Protests","Germany"
"22282",2024-08-20,"Protests","Germany"
"22283",2024-08-21,"Protests","Germany"
"22284",2024-08-21,"Protests","Germany"
"22285",2024-08-22,"Protests","Germany"
"22286",2024-08-22,"Protests","Germany"
"22287",2024-08-22,"Strategic developments","Germany"
"22288",2024-08-22,"Protests","Germany"
"22289",2024-08-22,"Protests","Germany"
"22290",2024-08-22,"Protests","Germany"
"22291",2024-08-22,"Protests","Germany"
"22292",2024-08-22,"Protests","Germany"
"22293",2024-08-22,"Protests","Germany"
"22294",2024-08-22,"Protests","Germany"
"22295",2024-08-22,"Strategic developments","Germany"
"22296",2024-08-22,"Riots","Germany"
"22297",2024-08-22,"Strategic developments","Germany"
"22298",2024-08-23,"Protests","Germany"
"22299",2024-08-23,"Protests","Germany"
"22300",2024-08-23,"Protests","Germany"
"22301",2024-08-23,"Violence against civilians","Germany"
"22302",2024-08-23,"Riots","Germany"
"22303",2024-08-23,"Protests","Germany"
"22304",2024-08-23,"Strategic developments","Germany"
"22305",2024-08-23,"Protests","Germany"
"22306",2024-08-24,"Protests","Germany"
"22307",2024-08-24,"Protests","Germany"
"22308",2024-08-24,"Protests","Germany"
"22309",2024-08-24,"Protests","Germany"
"22310",2024-08-24,"Protests","Germany"
"22311",2024-08-24,"Protests","Germany"
"22312",2024-08-24,"Protests","Germany"
"22313",2024-08-24,"Protests","Germany"
"22314",2024-08-24,"Protests","Germany"
"22315",2024-08-24,"Protests","Germany"
"22316",2024-08-24,"Protests","Germany"
"22317",2024-08-24,"Protests","Germany"
"22318",2024-08-24,"Protests","Germany"
"22319",2024-08-24,"Protests","Germany"
"22320",2024-08-24,"Protests","Germany"
"22321",2024-08-24,"Protests","Germany"
"22322",2024-08-24,"Protests","Germany"
"22323",2024-08-24,"Protests","Germany"
"22324",2024-08-24,"Riots","Germany"
"22325",2024-08-24,"Protests","Germany"
"22326",2024-08-25,"Protests","Germany"
"22327",2024-08-25,"Protests","Germany"
"22328",2024-08-25,"Protests","Germany"
"22329",2024-08-25,"Protests","Germany"
"22330",2024-08-25,"Protests","Germany"
"22331",2024-08-26,"Protests","Germany"
"22332",2024-08-26,"Riots","Germany"
"22333",2024-08-26,"Riots","Germany"
"22334",2024-08-26,"Strategic developments","Germany"
"22335",2024-08-27,"Protests","Germany"
"22336",2024-08-27,"Protests","Germany"
"22337",2024-08-27,"Protests","Germany"
"22338",2024-08-27,"Protests","Germany"
"22339",2024-08-28,"Protests","Germany"
"22340",2024-08-28,"Protests","Germany"
"22341",2024-08-28,"Protests","Germany"
"22342",2024-08-28,"Protests","Germany"
"22343",2024-08-28,"Protests","Germany"
"22344",2024-08-28,"Protests","Germany"
"22345",2024-08-28,"Protests","Germany"
"22346",2024-08-28,"Protests","Germany"
"22347",2024-08-28,"Strategic developments","Germany"
"22348",2024-08-28,"Protests","Germany"
"22349",2024-08-28,"Protests","Germany"
"22350",2024-08-28,"Protests","Germany"
"22351",2024-08-28,"Protests","Germany"
"22352",2024-08-29,"Protests","Germany"
"22353",2024-08-29,"Strategic developments","Germany"
"22354",2024-08-29,"Protests","Germany"
"22355",2024-08-29,"Protests","Germany"
"22356",2024-08-29,"Protests","Germany"
"22357",2024-08-29,"Protests","Germany"
"22358",2024-08-30,"Protests","Germany"
"22359",2024-08-30,"Protests","Germany"
"22360",2024-08-30,"Protests","Germany"
"22361",2024-08-30,"Protests","Germany"
"22362",2024-08-30,"Protests","Germany"
"22363",2024-08-30,"Strategic developments","Germany"
"22364",2024-08-31,"Protests","Germany"
"22365",2024-08-31,"Protests","Germany"
"22366",2024-08-31,"Protests","Germany"
"22367",2024-08-31,"Protests","Germany"
"22368",2024-08-31,"Protests","Germany"
"22369",2024-08-31,"Protests","Germany"
"22370",2024-08-31,"Protests","Germany"
"22371",2024-08-31,"Protests","Germany"
"22372",2024-08-31,"Protests","Germany"
"22373",2024-08-31,"Protests","Germany"
"22374",2024-08-31,"Protests","Germany"
"22375",2024-08-31,"Protests","Germany"
"22376",2024-08-31,"Protests","Germany"
"22377",2024-08-31,"Protests","Germany"
"22378",2024-08-31,"Strategic developments","Germany"
"22379",2024-08-31,"Protests","Germany"
"22380",2024-08-31,"Riots","Germany"
"22381",2024-08-31,"Protests","Germany"
"22382",2024-08-31,"Protests","Germany"
"22383",2024-08-31,"Protests","Germany"
"22384",2024-09-01,"Protests","Germany"
"22385",2024-09-01,"Protests","Germany"
"22386",2024-09-01,"Protests","Germany"
"22387",2024-09-01,"Protests","Germany"
"22388",2024-09-01,"Protests","Germany"
"22389",2024-09-01,"Protests","Germany"
"22390",2024-09-01,"Protests","Germany"
"22391",2024-09-01,"Strategic developments","Germany"
"22392",2024-09-01,"Protests","Germany"
"22393",2024-09-01,"Protests","Germany"
"22394",2024-09-02,"Protests","Germany"
"22395",2024-09-02,"Riots","Germany"
"22396",2024-09-02,"Protests","Germany"
"22397",2024-09-02,"Protests","Germany"
"22398",2024-09-02,"Protests","Germany"
"22399",2024-09-02,"Protests","Germany"
"22400",2024-09-03,"Protests","Germany"
"22401",2024-09-03,"Protests","Germany"
"22402",2024-09-03,"Protests","Germany"
"22403",2024-09-04,"Protests","Germany"
"22404",2024-09-04,"Protests","Germany"
"22405",2024-09-04,"Protests","Germany"
"22406",2024-09-04,"Protests","Germany"
"22407",2024-09-04,"Protests","Germany"
"22408",2024-09-05,"Protests","Germany"
"22409",2024-09-05,"Protests","Germany"
"22410",2024-09-05,"Protests","Germany"
"22411",2024-09-05,"Protests","Germany"
"22412",2024-09-05,"Protests","Germany"
"22413",2024-09-05,"Protests","Germany"
"22414",2024-09-05,"Protests","Germany"
"22415",2024-09-05,"Protests","Germany"
"22416",2024-09-05,"Protests","Germany"
"22417",2024-09-05,"Battles","Germany"
"22418",2024-09-05,"Protests","Germany"
"22419",2024-09-05,"Protests","Germany"
"22420",2024-09-06,"Protests","Germany"
"22421",2024-09-06,"Protests","Germany"
"22422",2024-09-06,"Protests","Germany"
"22423",2024-09-06,"Protests","Germany"
"22424",2024-09-06,"Protests","Germany"
"22425",2024-09-06,"Protests","Germany"
"22426",2024-09-06,"Riots","Germany"
"22427",2024-09-07,"Protests","Germany"
"22428",2024-09-07,"Protests","Germany"
"22429",2024-09-07,"Protests","Germany"
"22430",2024-09-07,"Protests","Germany"
"22431",2024-09-07,"Protests","Germany"
"22432",2024-09-07,"Protests","Germany"
"22433",2024-09-07,"Protests","Germany"
"22434",2024-09-07,"Protests","Germany"
"22435",2024-09-07,"Protests","Germany"
"22436",2024-09-07,"Protests","Germany"
"22437",2024-09-07,"Riots","Germany"
"22438",2024-09-07,"Riots","Germany"
"22439",2024-09-07,"Protests","Germany"
"22440",2024-09-08,"Protests","Germany"
"22441",2024-09-08,"Protests","Germany"
"22442",2024-09-08,"Protests","Germany"
"22443",2024-09-08,"Protests","Germany"
"22444",2024-09-08,"Protests","Germany"
"22445",2024-09-08,"Protests","Germany"
"22446",2024-09-08,"Protests","Germany"
"22447",2024-09-09,"Protests","Germany"
"22448",2024-09-09,"Protests","Germany"
"22449",2024-09-09,"Protests","Germany"
"22450",2024-09-09,"Riots","Germany"
"22451",2024-09-09,"Strategic developments","Germany"
"22452",2024-09-09,"Protests","Germany"
"22453",2024-09-09,"Protests","Germany"
"22454",2024-09-09,"Protests","Germany"
"22455",2024-09-09,"Protests","Germany"
"22456",2024-09-09,"Protests","Germany"
"22457",2024-09-09,"Protests","Germany"
"22458",2024-09-09,"Riots","Germany"
"22459",2024-09-10,"Protests","Germany"
"22460",2024-09-10,"Protests","Germany"
"22461",2024-09-10,"Protests","Germany"
"22462",2024-09-10,"Protests","Germany"
"22463",2024-09-10,"Protests","Germany"
"22464",2024-09-11,"Protests","Germany"
"22465",2024-09-11,"Protests","Germany"
"22466",2024-09-11,"Protests","Germany"
"22467",2024-09-11,"Protests","Germany"
"22468",2024-09-11,"Protests","Germany"
"22469",2024-09-11,"Protests","Germany"
"22470",2024-09-11,"Protests","Germany"
"22471",2024-09-11,"Protests","Germany"
"22472",2024-09-11,"Strategic developments","Germany"
"22473",2024-09-11,"Protests","Germany"
"22474",2024-09-12,"Protests","Germany"
"22475",2024-09-12,"Protests","Germany"
"22476",2024-09-12,"Protests","Germany"
"22477",2024-09-12,"Protests","Germany"
"22478",2024-09-12,"Riots","Germany"
"22479",2024-09-12,"Protests","Germany"
"22480",2024-09-12,"Protests","Germany"
"22481",2024-09-12,"Strategic developments","Germany"
"22482",2024-09-13,"Protests","Germany"
"22483",2024-09-13,"Protests","Germany"
"22484",2024-09-13,"Protests","Germany"
"22485",2024-09-13,"Protests","Germany"
"22486",2024-09-13,"Protests","Germany"
"22487",2024-09-13,"Riots","Germany"
"22488",2024-09-14,"Protests","Germany"
"22489",2024-09-14,"Protests","Germany"
"22490",2024-09-14,"Protests","Germany"
"22491",2024-09-14,"Protests","Germany"
"22492",2024-09-14,"Protests","Germany"
"22493",2024-09-14,"Protests","Germany"
"22494",2024-09-14,"Protests","Germany"
"22495",2024-09-14,"Protests","Germany"
"22496",2024-09-14,"Riots","Germany"
"22497",2024-09-14,"Riots","Germany"
"22498",2024-09-14,"Protests","Germany"
"22499",2024-09-14,"Riots","Germany"
"22500",2024-09-15,"Protests","Germany"
"22501",2024-09-15,"Protests","Germany"
"22502",2024-09-15,"Protests","Germany"
"22503",2024-09-15,"Protests","Germany"
"22504",2024-09-15,"Strategic developments","Germany"
"22505",2024-09-15,"Protests","Germany"
"22506",2024-09-15,"Protests","Germany"
"22507",2024-09-15,"Protests","Germany"
"22508",2024-09-15,"Strategic developments","Germany"
"22509",2024-09-16,"Protests","Germany"
"22510",2024-09-16,"Protests","Germany"
"22511",2024-09-16,"Protests","Germany"
"22512",2024-09-16,"Protests","Germany"
"22513",2024-09-16,"Protests","Germany"
"22514",2024-09-16,"Protests","Germany"
"22515",2024-09-16,"Protests","Germany"
"22516",2024-09-16,"Protests","Germany"
"22517",2024-09-16,"Protests","Germany"
"22518",2024-09-16,"Protests","Germany"
"22519",2024-09-16,"Protests","Germany"
"22520",2024-09-16,"Protests","Germany"
"22521",2024-09-16,"Protests","Germany"
"22522",2024-09-16,"Protests","Germany"
"22523",2024-09-16,"Violence against civilians","Germany"
"22524",2024-09-16,"Protests","Germany"
"22525",2024-09-17,"Protests","Germany"
"22526",2024-09-17,"Protests","Germany"
"22527",2024-09-17,"Protests","Germany"
"22528",2024-09-17,"Protests","Germany"
"22529",2024-09-17,"Protests","Germany"
"22530",2024-09-18,"Protests","Germany"
"22531",2024-09-18,"Riots","Germany"
"22532",2024-09-18,"Protests","Germany"
"22533",2024-09-18,"Protests","Germany"
"22534",2024-09-18,"Protests","Germany"
"22535",2024-09-18,"Protests","Germany"
"22536",2024-09-19,"Protests","Germany"
"22537",2024-09-19,"Protests","Germany"
"22538",2024-09-19,"Protests","Germany"
"22539",2024-09-19,"Protests","Germany"
"22540",2024-09-19,"Protests","Germany"
"22541",2024-09-19,"Protests","Germany"
"22542",2024-09-19,"Protests","Germany"
"22543",2024-09-20,"Protests","Germany"
"22544",2024-09-20,"Protests","Germany"
"22545",2024-09-20,"Protests","Germany"
"22546",2024-09-20,"Protests","Germany"
"22547",2024-09-20,"Protests","Germany"
"22548",2024-09-20,"Protests","Germany"
"22549",2024-09-20,"Protests","Germany"
"22550",2024-09-20,"Protests","Germany"
"22551",2024-09-20,"Protests","Germany"
"22552",2024-09-20,"Protests","Germany"
"22553",2024-09-20,"Protests","Germany"
"22554",2024-09-20,"Protests","Germany"
"22555",2024-09-20,"Protests","Germany"
"22556",2024-09-20,"Protests","Germany"
"22557",2024-09-20,"Protests","Germany"
"22558",2024-09-20,"Protests","Germany"
"22559",2024-09-20,"Protests","Germany"
"22560",2024-09-20,"Protests","Germany"
"22561",2024-09-20,"Protests","Germany"
"22562",2024-09-20,"Protests","Germany"
"22563",2024-09-20,"Protests","Germany"
"22564",2024-09-20,"Protests","Germany"
"22565",2024-09-20,"Protests","Germany"
"22566",2024-09-20,"Protests","Germany"
"22567",2024-09-20,"Protests","Germany"
"22568",2024-09-20,"Protests","Germany"
"22569",2024-09-20,"Protests","Germany"
"22570",2024-09-20,"Protests","Germany"
"22571",2024-09-20,"Protests","Germany"
"22572",2024-09-20,"Protests","Germany"
"22573",2024-09-20,"Protests","Germany"
"22574",2024-09-20,"Protests","Germany"
"22575",2024-09-20,"Protests","Germany"
"22576",2024-09-20,"Protests","Germany"
"22577",2024-09-20,"Protests","Germany"
"22578",2024-09-20,"Protests","Germany"
"22579",2024-09-20,"Protests","Germany"
"22580",2024-09-20,"Protests","Germany"
"22581",2024-09-20,"Protests","Germany"
"22582",2024-09-20,"Protests","Germany"
"22583",2024-09-20,"Protests","Germany"
"22584",2024-09-20,"Protests","Germany"
"22585",2024-09-20,"Protests","Germany"
"22586",2024-09-20,"Protests","Germany"
"22587",2024-09-20,"Protests","Germany"
"22588",2024-09-20,"Protests","Germany"
"22589",2024-09-20,"Protests","Germany"
"22590",2024-09-20,"Protests","Germany"
"22591",2024-09-20,"Protests","Germany"
"22592",2024-09-20,"Protests","Germany"
"22593",2024-09-20,"Protests","Germany"
"22594",2024-09-20,"Protests","Germany"
"22595",2024-09-20,"Riots","Germany"
"22596",2024-09-21,"Protests","Germany"
"22597",2024-09-21,"Protests","Germany"
"22598",2024-09-21,"Protests","Germany"
"22599",2024-09-21,"Protests","Germany"
"22600",2024-09-21,"Protests","Germany"
"22601",2024-09-21,"Protests","Germany"
"22602",2024-09-21,"Protests","Germany"
"22603",2024-09-21,"Protests","Germany"
"22604",2024-09-21,"Protests","Germany"
"22605",2024-09-21,"Protests","Germany"
"22606",2024-09-21,"Protests","Germany"
"22607",2024-09-21,"Protests","Germany"
"22608",2024-09-21,"Protests","Germany"
"22609",2024-09-21,"Riots","Germany"
"22610",2024-09-22,"Protests","Germany"
"22611",2024-09-22,"Protests","Germany"
"22612",2024-09-22,"Protests","Germany"
"22613",2024-09-22,"Strategic developments","Germany"
"22614",2024-09-22,"Protests","Germany"
"22615",2024-09-23,"Protests","Germany"
"22616",2024-09-23,"Protests","Germany"
"22617",2024-09-23,"Strategic developments","Germany"
"22618",2024-09-23,"Protests","Germany"
"22619",2024-09-24,"Protests","Germany"
"22620",2024-09-24,"Protests","Germany"
"22621",2024-09-24,"Riots","Germany"
"22622",2024-09-25,"Protests","Germany"
"22623",2024-09-25,"Protests","Germany"
"22624",2024-09-25,"Protests","Germany"
"22625",2024-09-25,"Protests","Germany"
"22626",2024-09-25,"Protests","Germany"
"22627",2024-09-25,"Protests","Germany"
"22628",2024-09-25,"Protests","Germany"
"22629",2024-09-25,"Protests","Germany"
"22630",2024-09-25,"Protests","Germany"
"22631",2024-09-25,"Protests","Germany"
"22632",2024-09-25,"Protests","Germany"
"22633",2024-09-25,"Protests","Germany"
"22634",2024-09-25,"Protests","Germany"
"22635",2024-09-26,"Protests","Germany"
"22636",2024-09-26,"Protests","Germany"
"22637",2024-09-26,"Protests","Germany"
"22638",2024-09-26,"Protests","Germany"
"22639",2024-09-27,"Protests","Germany"
"22640",2024-09-27,"Protests","Germany"
"22641",2024-09-27,"Protests","Germany"
"22642",2024-09-27,"Strategic developments","Germany"
"22643",2024-09-27,"Riots","Germany"
"22644",2024-09-28,"Protests","Germany"
"22645",2024-09-28,"Protests","Germany"
"22646",2024-09-28,"Protests","Germany"
"22647",2024-09-28,"Protests","Germany"
"22648",2024-09-28,"Protests","Germany"
"22649",2024-09-28,"Protests","Germany"
"22650",2024-09-28,"Protests","Germany"
"22651",2024-09-28,"Protests","Germany"
"22652",2024-09-28,"Protests","Germany"
"22653",2024-09-28,"Protests","Germany"
"22654",2024-09-28,"Protests","Germany"
"22655",2024-09-28,"Protests","Germany"
"22656",2024-09-28,"Protests","Germany"
"22657",2024-09-28,"Riots","Germany"
"22658",2024-09-28,"Riots","Germany"
"22659",2024-09-29,"Protests","Germany"
"22660",2024-09-29,"Protests","Germany"
"22661",2024-09-29,"Protests","Germany"
"22662",2024-09-29,"Protests","Germany"
"22663",2024-09-29,"Protests","Germany"
"22664",2024-09-29,"Strategic developments","Germany"
"22665",2024-09-29,"Protests","Germany"
"22666",2024-09-30,"Protests","Germany"
"22667",2024-09-30,"Protests","Germany"
"22668",2024-09-30,"Protests","Germany"
"22669",2024-09-30,"Protests","Germany"
"22670",2024-09-30,"Strategic developments","Germany"
"22671",2024-09-30,"Protests","Germany"
"22672",2024-09-30,"Protests","Germany"
"22673",2024-10-01,"Protests","Germany"
"22674",2024-10-01,"Protests","Germany"
"22675",2024-10-01,"Protests","Germany"
"22676",2024-10-01,"Protests","Germany"
"22677",2024-10-01,"Protests","Germany"
"22678",2024-10-01,"Protests","Germany"
"22679",2024-10-01,"Protests","Germany"
"22680",2024-10-02,"Protests","Germany"
"22681",2024-10-02,"Riots","Germany"
"22682",2024-10-02,"Protests","Germany"
"22683",2024-10-03,"Protests","Germany"
"22684",2024-10-03,"Riots","Germany"
"22685",2024-10-03,"Protests","Germany"
"22686",2024-10-03,"Protests","Germany"
"22687",2024-10-03,"Protests","Germany"
"22688",2024-10-03,"Protests","Germany"
"22689",2024-10-03,"Protests","Germany"
"22690",2024-10-03,"Protests","Germany"
"22691",2024-10-03,"Protests","Germany"
"22692",2024-10-03,"Protests","Germany"
"22693",2024-10-03,"Protests","Germany"
"22694",2024-10-03,"Riots","Germany"
"22695",2024-10-04,"Protests","Germany"
"22696",2024-10-04,"Protests","Germany"
"22697",2024-10-04,"Protests","Germany"
"22698",2024-10-04,"Protests","Germany"
"22699",2024-10-04,"Protests","Germany"
"22700",2024-10-05,"Protests","Germany"
"22701",2024-10-05,"Protests","Germany"
"22702",2024-10-05,"Protests","Germany"
"22703",2024-10-05,"Protests","Germany"
"22704",2024-10-05,"Protests","Germany"
"22705",2024-10-05,"Protests","Germany"
"22706",2024-10-05,"Protests","Germany"
"22707",2024-10-05,"Protests","Germany"
"22708",2024-10-05,"Protests","Germany"
"22709",2024-10-05,"Protests","Germany"
"22710",2024-10-05,"Protests","Germany"
"22711",2024-10-05,"Protests","Germany"
"22712",2024-10-06,"Protests","Germany"
"22713",2024-10-06,"Protests","Germany"
"22714",2024-10-06,"Protests","Germany"
"22715",2024-10-06,"Protests","Germany"
"22716",2024-10-06,"Protests","Germany"
"22717",2024-10-06,"Protests","Germany"
"22718",2024-10-06,"Protests","Germany"
"22719",2024-10-06,"Protests","Germany"
"22720",2024-10-06,"Protests","Germany"
"22721",2024-10-06,"Protests","Germany"
"22722",2024-10-06,"Protests","Germany"
"22723",2024-10-06,"Riots","Germany"
"22724",2024-10-06,"Protests","Germany"
"22725",2024-10-06,"Protests","Germany"
"22726",2024-10-07,"Protests","Germany"
"22727",2024-10-07,"Protests","Germany"
"22728",2024-10-07,"Protests","Germany"
"22729",2024-10-07,"Protests","Germany"
"22730",2024-10-07,"Protests","Germany"
"22731",2024-10-07,"Protests","Germany"
"22732",2024-10-07,"Protests","Germany"
"22733",2024-10-07,"Protests","Germany"
"22734",2024-10-07,"Protests","Germany"
"22735",2024-10-07,"Protests","Germany"
"22736",2024-10-07,"Protests","Germany"
"22737",2024-10-07,"Protests","Germany"
"22738",2024-10-07,"Protests","Germany"
"22739",2024-10-07,"Protests","Germany"
"22740",2024-10-07,"Riots","Germany"
"22741",2024-10-07,"Riots","Germany"
"22742",2024-10-07,"Protests","Germany"
"22743",2024-10-07,"Riots","Germany"
"22744",2024-10-07,"Protests","Germany"
"22745",2024-10-08,"Protests","Germany"
"22746",2024-10-08,"Protests","Germany"
"22747",2024-10-09,"Protests","Germany"
"22748",2024-10-09,"Protests","Germany"
"22749",2024-10-09,"Protests","Germany"
"22750",2024-10-09,"Protests","Germany"
"22751",2024-10-09,"Protests","Germany"
"22752",2024-10-09,"Protests","Germany"
"22753",2024-10-09,"Protests","Germany"
"22754",2024-10-09,"Protests","Germany"
"22755",2024-10-10,"Protests","Germany"
"22756",2024-10-10,"Protests","Germany"
"22757",2024-10-10,"Protests","Germany"
"22758",2024-10-10,"Protests","Germany"
"22759",2024-10-11,"Protests","Germany"
"22760",2024-10-11,"Protests","Germany"
"22761",2024-10-11,"Protests","Germany"
"22762",2024-10-11,"Protests","Germany"
"22763",2024-10-11,"Protests","Germany"
"22764",2024-10-11,"Protests","Germany"
"22765",2024-10-11,"Protests","Germany"
"22766",2024-10-11,"Protests","Germany"
"22767",2024-10-12,"Protests","Germany"
"22768",2024-10-12,"Protests","Germany"
"22769",2024-10-12,"Protests","Germany"
"22770",2024-10-12,"Protests","Germany"
"22771",2024-10-12,"Protests","Germany"
"22772",2024-10-12,"Protests","Germany"
"22773",2024-10-12,"Protests","Germany"
"22774",2024-10-12,"Protests","Germany"
"22775",2024-10-12,"Protests","Germany"
"22776",2024-10-12,"Protests","Germany"
"22777",2024-10-12,"Riots","Germany"
"22778",2024-10-12,"Protests","Germany"
"22779",2024-10-13,"Protests","Germany"
"22780",2024-10-13,"Protests","Germany"
"22781",2024-10-13,"Riots","Germany"
"22782",2024-10-14,"Protests","Germany"
"22783",2024-10-14,"Protests","Germany"
"22784",2024-10-14,"Protests","Germany"
"22785",2024-10-14,"Protests","Germany"
"22786",2024-10-14,"Protests","Germany"
"22787",2024-10-14,"Protests","Germany"
"22788",2024-10-14,"Riots","Germany"
"22789",2024-10-14,"Riots","Germany"
"22790",2024-10-15,"Protests","Germany"
"22791",2024-10-15,"Protests","Germany"
"22792",2024-10-15,"Protests","Germany"
"22793",2024-10-15,"Protests","Germany"
"22794",2024-10-15,"Protests","Germany"
"22795",2024-10-16,"Protests","Germany"
"22796",2024-10-16,"Strategic developments","Germany"
"22797",2024-10-17,"Protests","Germany"
"22798",2024-10-17,"Protests","Germany"
"22799",2024-10-17,"Protests","Germany"
"22800",2024-10-17,"Strategic developments","Germany"
"22801",2024-10-17,"Riots","Germany"
"22802",2024-10-17,"Protests","Germany"
"22803",2024-10-17,"Protests","Germany"
"22804",2024-10-18,"Protests","Germany"
"22805",2024-10-18,"Protests","Germany"
"22806",2024-10-18,"Protests","Germany"
"22807",2024-10-18,"Protests","Germany"
"22808",2024-10-18,"Protests","Germany"
"22809",2024-10-18,"Protests","Germany"
"22810",2024-10-18,"Protests","Germany"
"22811",2024-10-18,"Riots","Germany"
"22812",2024-10-18,"Protests","Germany"
"22813",2024-10-19,"Protests","Germany"
"22814",2024-10-19,"Protests","Germany"
"22815",2024-10-19,"Riots","Germany"
"22816",2024-10-19,"Riots","Germany"
"22817",2024-10-19,"Protests","Germany"
"22818",2024-10-20,"Protests","Germany"
"22819",2024-10-20,"Protests","Germany"
"22820",2024-10-20,"Protests","Germany"
"22821",2024-10-20,"Protests","Germany"
"22822",2024-10-20,"Riots","Germany"
"22823",2024-10-20,"Protests","Germany"
"22824",2024-10-21,"Protests","Germany"
"22825",2024-10-21,"Protests","Germany"
"22826",2024-10-21,"Protests","Germany"
"22827",2024-10-21,"Protests","Germany"
"22828",2024-10-22,"Protests","Germany"
"22829",2024-10-22,"Protests","Germany"
"22830",2024-10-22,"Strategic developments","Germany"
"22831",2024-10-22,"Protests","Germany"
"22832",2024-10-22,"Protests","Germany"
"22833",2024-10-23,"Protests","Germany"
"22834",2024-10-23,"Protests","Germany"
"22835",2024-10-24,"Protests","Germany"
"22836",2024-10-24,"Protests","Germany"
"22837",2024-10-24,"Strategic developments","Germany"
"22838",2024-10-25,"Protests","Germany"
"22839",2024-10-25,"Protests","Germany"
"22840",2024-10-25,"Protests","Germany"
"22841",2024-10-25,"Protests","Germany"
"22842",2024-10-25,"Protests","Germany"
"22843",2024-10-25,"Protests","Germany"
"22844",2024-10-26,"Protests","Germany"
"22845",2024-10-26,"Protests","Germany"
"22846",2024-10-26,"Protests","Germany"
"22847",2024-10-26,"Protests","Germany"
"22848",2024-10-26,"Protests","Germany"
"22849",2024-10-26,"Protests","Germany"
"22850",2024-10-26,"Protests","Germany"
"22851",2024-10-26,"Protests","Germany"
"22852",2024-10-26,"Protests","Germany"
"22853",2024-10-26,"Protests","Germany"
"22854",2024-10-26,"Protests","Germany"
"22855",2024-10-26,"Protests","Germany"
"22856",2024-10-26,"Riots","Germany"
"22857",2024-10-26,"Riots","Germany"
"22858",2024-10-26,"Protests","Germany"
"22859",2024-10-26,"Protests","Germany"
"22860",2024-10-26,"Protests","Germany"
"22861",2024-10-26,"Protests","Germany"
"22862",2024-10-26,"Protests","Germany"
"22863",2024-10-27,"Protests","Germany"
"22864",2024-10-27,"Protests","Germany"
"22865",2024-10-27,"Protests","Germany"
"22866",2024-10-28,"Protests","Germany"
"22867",2024-10-28,"Protests","Germany"
"22868",2024-10-28,"Protests","Germany"
"22869",2024-10-29,"Protests","Germany"
"22870",2024-10-29,"Protests","Germany"
"22871",2024-10-29,"Protests","Germany"
"22872",2024-10-29,"Protests","Germany"
"22873",2024-10-29,"Protests","Germany"
"22874",2024-10-29,"Protests","Germany"
"22875",2024-10-29,"Protests","Germany"
"22876",2024-10-29,"Protests","Germany"
"22877",2024-10-29,"Protests","Germany"
"22878",2024-10-29,"Protests","Germany"
"22879",2024-10-29,"Protests","Germany"
"22880",2024-10-29,"Protests","Germany"
"22881",2024-10-29,"Protests","Germany"
"22882",2024-10-29,"Protests","Germany"
"22883",2024-10-29,"Protests","Germany"
"22884",2024-10-29,"Protests","Germany"
"22885",2024-10-29,"Protests","Germany"
"22886",2024-10-29,"Protests","Germany"
"22887",2024-10-29,"Protests","Germany"
"22888",2024-10-29,"Protests","Germany"
"22889",2024-10-29,"Protests","Germany"
"22890",2024-10-29,"Protests","Germany"
"22891",2024-10-29,"Protests","Germany"
"22892",2024-10-29,"Protests","Germany"
"22893",2024-10-29,"Protests","Germany"
"22894",2024-10-29,"Protests","Germany"
"22895",2024-10-29,"Protests","Germany"
"22896",2024-10-29,"Protests","Germany"
"22897",2024-10-29,"Protests","Germany"
"22898",2024-10-29,"Protests","Germany"
"22899",2024-10-29,"Protests","Germany"
"22900",2024-10-29,"Protests","Germany"
"22901",2024-10-29,"Protests","Germany"
"22902",2024-10-30,"Protests","Germany"
"22903",2024-10-30,"Protests","Germany"
"22904",2024-10-30,"Protests","Germany"
"22905",2024-10-30,"Protests","Germany"
"22906",2024-10-30,"Protests","Germany"
"22907",2024-10-30,"Protests","Germany"
"22908",2024-10-30,"Strategic developments","Germany"
"22909",2024-10-30,"Protests","Germany"
"22910",2024-10-31,"Protests","Germany"
"22911",2024-10-31,"Protests","Germany"
"22912",2024-10-31,"Protests","Germany"
"22913",2024-10-31,"Protests","Germany"
"22914",2024-10-31,"Protests","Germany"
"22915",2024-10-31,"Protests","Germany"
"22916",2024-10-31,"Protests","Germany"
"22917",2024-10-31,"Protests","Germany"
"22918",2024-10-31,"Protests","Germany"
"22919",2024-10-31,"Strategic developments","Germany"
"22920",2024-10-31,"Protests","Germany"
"22921",2024-11-01,"Protests","Germany"
"22922",2024-11-01,"Protests","Germany"
"22923",2024-11-02,"Protests","Germany"
"22924",2024-11-02,"Protests","Germany"
"22925",2024-11-02,"Protests","Germany"
"22926",2024-11-02,"Strategic developments","Germany"
"22927",2024-11-02,"Riots","Germany"
"22928",2024-11-02,"Riots","Germany"
"22929",2024-11-03,"Protests","Germany"
"22930",2024-11-03,"Protests","Germany"
"22931",2024-11-03,"Strategic developments","Germany"
"22932",2024-11-03,"Riots","Germany"
"22933",2024-11-03,"Riots","Germany"
"22934",2024-11-03,"Riots","Germany"
"22935",2024-11-03,"Protests","Germany"
"22936",2024-11-04,"Protests","Germany"
"22937",2024-11-04,"Protests","Germany"
"22938",2024-11-04,"Protests","Germany"
"22939",2024-11-04,"Protests","Germany"
"22940",2024-11-04,"Protests","Germany"
"22941",2024-11-04,"Protests","Germany"
"22942",2024-11-04,"Protests","Germany"
"22943",2024-11-04,"Protests","Germany"
"22944",2024-11-04,"Riots","Germany"
"22945",2024-11-04,"Protests","Germany"
"22946",2024-11-04,"Protests","Germany"
"22947",2024-11-05,"Protests","Germany"
"22948",2024-11-05,"Protests","Germany"
"22949",2024-11-05,"Protests","Germany"
"22950",2024-11-05,"Protests","Germany"
"22951",2024-11-05,"Protests","Germany"
"22952",2024-11-05,"Protests","Germany"
"22953",2024-11-05,"Protests","Germany"
"22954",2024-11-05,"Strategic developments","Germany"
"22955",2024-11-05,"Protests","Germany"
"22956",2024-11-05,"Strategic developments","Germany"
"22957",2024-11-05,"Protests","Germany"
"22958",2024-11-05,"Strategic developments","Germany"
"22959",2024-11-05,"Protests","Germany"
"22960",2024-11-06,"Protests","Germany"
"22961",2024-11-06,"Protests","Germany"
"22962",2024-11-06,"Protests","Germany"
"22963",2024-11-06,"Protests","Germany"
"22964",2024-11-06,"Protests","Germany"
"22965",2024-11-06,"Protests","Germany"
"22966",2024-11-06,"Protests","Germany"
"22967",2024-11-06,"Protests","Germany"
"22968",2024-11-06,"Protests","Germany"
"22969",2024-11-06,"Protests","Germany"
"22970",2024-11-06,"Protests","Germany"
"22971",2024-11-06,"Protests","Germany"
"22972",2024-11-06,"Protests","Germany"
"22973",2024-11-06,"Protests","Germany"
"22974",2024-11-07,"Protests","Germany"
"22975",2024-11-07,"Protests","Germany"
"22976",2024-11-07,"Protests","Germany"
"22977",2024-11-07,"Protests","Germany"
"22978",2024-11-07,"Protests","Germany"
"22979",2024-11-07,"Protests","Germany"
"22980",2024-11-07,"Protests","Germany"
"22981",2024-11-07,"Protests","Germany"
"22982",2024-11-07,"Protests","Germany"
"22983",2024-11-07,"Protests","Germany"
"22984",2024-11-07,"Protests","Germany"
"22985",2024-11-07,"Protests","Germany"
"22986",2024-11-07,"Protests","Germany"
"22987",2024-11-07,"Protests","Germany"
"22988",2024-11-07,"Protests","Germany"
"22989",2024-11-07,"Protests","Germany"
"22990",2024-11-07,"Protests","Germany"
"22991",2024-11-07,"Protests","Germany"
"22992",2024-11-07,"Protests","Germany"
"22993",2024-11-07,"Protests","Germany"
"22994",2024-11-07,"Protests","Germany"
"22995",2024-11-07,"Protests","Germany"
"22996",2024-11-08,"Protests","Germany"
"22997",2024-11-08,"Protests","Germany"
"22998",2024-11-08,"Protests","Germany"
"22999",2024-11-08,"Protests","Germany"
"23000",2024-11-08,"Protests","Germany"
"23001",2024-11-08,"Protests","Germany"
"23002",2024-11-08,"Protests","Germany"
"23003",2024-11-08,"Strategic developments","Germany"
"23004",2024-11-09,"Protests","Germany"
"23005",2024-11-09,"Protests","Germany"
"23006",2024-11-09,"Protests","Germany"
"23007",2024-11-09,"Protests","Germany"
"23008",2024-11-09,"Protests","Germany"
"23009",2024-11-09,"Strategic developments","Germany"
"23010",2024-11-09,"Protests","Germany"
"23011",2024-11-09,"Protests","Germany"
"23012",2024-11-09,"Protests","Germany"
"23013",2024-11-09,"Protests","Germany"
"23014",2024-11-10,"Protests","Germany"
"23015",2024-11-10,"Protests","Germany"
"23016",2024-11-10,"Protests","Germany"
"23017",2024-11-10,"Protests","Germany"
"23018",2024-11-10,"Protests","Germany"
"23019",2024-11-10,"Riots","Germany"
"23020",2024-11-11,"Protests","Germany"
"23021",2024-11-11,"Protests","Germany"
"23022",2024-11-11,"Protests","Germany"
"23023",2024-11-11,"Protests","Germany"
"23024",2024-11-11,"Protests","Germany"
"23025",2024-11-11,"Protests","Germany"
"23026",2024-11-11,"Protests","Germany"
"23027",2024-11-11,"Protests","Germany"
"23028",2024-11-11,"Protests","Germany"
"23029",2024-11-11,"Protests","Germany"
"23030",2024-11-11,"Protests","Germany"
"23031",2024-11-11,"Protests","Germany"
"23032",2024-11-11,"Protests","Germany"
"23033",2024-11-11,"Protests","Germany"
"23034",2024-11-12,"Protests","Germany"
"23035",2024-11-12,"Protests","Germany"
"23036",2024-11-12,"Protests","Germany"
"23037",2024-11-12,"Protests","Germany"
"23038",2024-11-12,"Protests","Germany"
"23039",2024-11-12,"Protests","Germany"
"23040",2024-11-13,"Strategic developments","Germany"
"23041",2024-11-13,"Protests","Germany"
"23042",2024-11-13,"Protests","Germany"
"23043",2024-11-13,"Protests","Germany"
"23044",2024-11-13,"Protests","Germany"
"23045",2024-11-13,"Protests","Germany"
"23046",2024-11-13,"Protests","Germany"
"23047",2024-11-13,"Protests","Germany"
"23048",2024-11-13,"Protests","Germany"
"23049",2024-11-13,"Protests","Germany"
"23050",2024-11-13,"Protests","Germany"
"23051",2024-11-13,"Strategic developments","Germany"
"23052",2024-11-13,"Protests","Germany"
"23053",2024-11-13,"Riots","Germany"
"23054",2024-11-14,"Protests","Germany"
"23055",2024-11-14,"Protests","Germany"
"23056",2024-11-14,"Protests","Germany"
"23057",2024-11-14,"Protests","Germany"
"23058",2024-11-14,"Protests","Germany"
"23059",2024-11-14,"Protests","Germany"
"23060",2024-11-14,"Protests","Germany"
"23061",2024-11-14,"Protests","Germany"
"23062",2024-11-15,"Protests","Germany"
"23063",2024-11-15,"Protests","Germany"
"23064",2024-11-15,"Protests","Germany"
"23065",2024-11-15,"Protests","Germany"
"23066",2024-11-15,"Protests","Germany"
"23067",2024-11-15,"Strategic developments","Germany"
"23068",2024-11-16,"Protests","Germany"
"23069",2024-11-16,"Protests","Germany"
"23070",2024-11-16,"Protests","Germany"
"23071",2024-11-16,"Protests","Germany"
"23072",2024-11-16,"Protests","Germany"
"23073",2024-11-16,"Protests","Germany"
"23074",2024-11-16,"Protests","Germany"
"23075",2024-11-16,"Protests","Germany"
"23076",2024-11-16,"Riots","Germany"
"23077",2024-11-16,"Protests","Germany"
"23078",2024-11-16,"Protests","Germany"
"23079",2024-11-16,"Protests","Germany"
"23080",2024-11-16,"Protests","Germany"
"23081",2024-11-16,"Protests","Germany"
"23082",2024-11-16,"Protests","Germany"
"23083",2024-11-16,"Protests","Germany"
"23084",2024-11-17,"Protests","Germany"
"23085",2024-11-17,"Protests","Germany"
"23086",2024-11-17,"Protests","Germany"
"23087",2024-11-17,"Protests","Germany"
"23088",2024-11-17,"Protests","Germany"
"23089",2024-11-18,"Protests","Germany"
"23090",2024-11-18,"Protests","Germany"
"23091",2024-11-18,"Protests","Germany"
"23092",2024-11-18,"Protests","Germany"
"23093",2024-11-18,"Protests","Germany"
"23094",2024-11-19,"Protests","Germany"
"23095",2024-11-19,"Protests","Germany"
"23096",2024-11-19,"Protests","Germany"
"23097",2024-11-19,"Protests","Germany"
"23098",2024-11-19,"Protests","Germany"
"23099",2024-11-20,"Protests","Germany"
"23100",2024-11-20,"Protests","Germany"
"23101",2024-11-20,"Protests","Germany"
"23102",2024-11-20,"Protests","Germany"
"23103",2024-11-21,"Protests","Germany"
"23104",2024-11-21,"Protests","Germany"
"23105",2024-11-21,"Protests","Germany"
"23106",2024-11-21,"Protests","Germany"
"23107",2024-11-21,"Protests","Germany"
"23108",2024-11-21,"Protests","Germany"
"23109",2024-11-21,"Protests","Germany"
"23110",2024-11-21,"Protests","Germany"
"23111",2024-11-21,"Riots","Germany"
"23112",2024-11-22,"Protests","Germany"
"23113",2024-11-22,"Protests","Germany"
"23114",2024-11-22,"Protests","Germany"
"23115",2024-11-22,"Protests","Germany"
"23116",2024-11-22,"Strategic developments","Germany"
"23117",2024-11-23,"Protests","Germany"
"23118",2024-11-23,"Protests","Germany"
"23119",2024-11-23,"Protests","Germany"
"23120",2024-11-23,"Protests","Germany"
"23121",2024-11-23,"Protests","Germany"
"23122",2024-11-23,"Protests","Germany"
"23123",2024-11-23,"Protests","Germany"
"23124",2024-11-23,"Protests","Germany"
"23125",2024-11-23,"Protests","Germany"
"23126",2024-11-23,"Protests","Germany"
"23127",2024-11-23,"Protests","Germany"
"23128",2024-11-23,"Protests","Germany"
"23129",2024-11-24,"Protests","Germany"
"23130",2024-11-24,"Protests","Germany"
"23131",2024-11-24,"Protests","Germany"
"23132",2024-11-24,"Protests","Germany"
"23133",2024-11-24,"Protests","Germany"
"23134",2024-11-24,"Protests","Germany"
"23135",2024-11-25,"Protests","Germany"
"23136",2024-11-25,"Protests","Germany"
"23137",2024-11-25,"Protests","Germany"
"23138",2024-11-25,"Protests","Germany"
"23139",2024-11-25,"Protests","Germany"
"23140",2024-11-25,"Protests","Germany"
"23141",2024-11-25,"Protests","Germany"
"23142",2024-11-25,"Protests","Germany"
"23143",2024-11-25,"Protests","Germany"
"23144",2024-11-25,"Protests","Germany"
"23145",2024-11-25,"Protests","Germany"
"23146",2024-11-25,"Protests","Germany"
"23147",2024-11-25,"Protests","Germany"
"23148",2024-11-25,"Protests","Germany"
"23149",2024-11-25,"Protests","Germany"
"23150",2024-11-25,"Protests","Germany"
"23151",2024-11-25,"Protests","Germany"
"23152",2024-11-25,"Protests","Germany"
"23153",2024-11-25,"Protests","Germany"
"23154",2024-11-25,"Protests","Germany"
"23155",2024-11-25,"Protests","Germany"
"23156",2024-11-25,"Protests","Germany"
"23157",2024-11-25,"Riots","Germany"
"23158",2024-11-26,"Protests","Germany"
"23159",2024-11-26,"Protests","Germany"
"23160",2024-11-26,"Protests","Germany"
"23161",2024-11-26,"Protests","Germany"
"23162",2024-11-26,"Protests","Germany"
"23163",2024-11-26,"Protests","Germany"
"23164",2024-11-26,"Strategic developments","Germany"
"23165",2024-11-26,"Protests","Germany"
"23166",2024-11-26,"Strategic developments","Germany"
"23167",2024-11-27,"Protests","Germany"
"23168",2024-11-27,"Protests","Germany"
"23169",2024-11-27,"Protests","Germany"
"23170",2024-11-27,"Protests","Germany"
"23171",2024-11-27,"Riots","Germany"
"23172",2024-11-28,"Protests","Germany"
"23173",2024-11-28,"Protests","Germany"
"23174",2024-11-28,"Protests","Germany"
"23175",2024-11-28,"Protests","Germany"
"23176",2024-11-28,"Protests","Germany"
"23177",2024-11-28,"Protests","Germany"
"23178",2024-11-28,"Protests","Germany"
"23179",2024-11-28,"Protests","Germany"
"23180",2024-11-29,"Protests","Germany"
"23181",2024-11-29,"Protests","Germany"
"23182",2024-11-29,"Protests","Germany"
"23183",2024-11-29,"Protests","Germany"
"23184",2024-11-29,"Protests","Germany"
"23185",2024-11-29,"Protests","Germany"
"23186",2024-11-29,"Protests","Germany"
"23187",2024-11-29,"Strategic developments","Germany"
"23188",2024-11-29,"Protests","Germany"
"23189",2024-11-30,"Protests","Germany"
"23190",2024-11-30,"Protests","Germany"
"23191",2024-11-30,"Protests","Germany"
"23192",2024-11-30,"Strategic developments","Germany"
"23193",2024-11-30,"Protests","Germany"
"23194",2024-12-01,"Protests","Germany"
"23195",2024-12-01,"Strategic developments","Germany"
"23196",2024-12-01,"Protests","Germany"
"23197",2024-12-01,"Protests","Germany"
"23198",2024-12-01,"Protests","Germany"
"23199",2024-12-01,"Strategic developments","Germany"
"23200",2024-12-01,"Violence against civilians","Germany"
"23201",2024-12-02,"Protests","Germany"
"23202",2024-12-02,"Protests","Germany"
"23203",2024-12-02,"Protests","Germany"
"23204",2024-12-02,"Strategic developments","Germany"
"23205",2024-12-02,"Protests","Germany"
"23206",2024-12-02,"Protests","Germany"
"23207",2024-12-02,"Protests","Germany"
"23208",2024-12-02,"Protests","Germany"
"23209",2024-12-02,"Protests","Germany"
"23210",2024-12-02,"Protests","Germany"
"23211",2024-12-02,"Protests","Germany"
"23212",2024-12-02,"Protests","Germany"
"23213",2024-12-02,"Protests","Germany"
"23214",2024-12-02,"Protests","Germany"
"23215",2024-12-02,"Protests","Germany"
"23216",2024-12-02,"Protests","Germany"
"23217",2024-12-02,"Protests","Germany"
"23218",2024-12-02,"Protests","Germany"
"23219",2024-12-03,"Protests","Germany"
"23220",2024-12-03,"Protests","Germany"
"23221",2024-12-03,"Strategic developments","Germany"
"23222",2024-12-03,"Strategic developments","Germany"
"23223",2024-12-04,"Protests","Germany"
"23224",2024-12-04,"Protests","Germany"
"23225",2024-12-04,"Protests","Germany"
"23226",2024-12-04,"Protests","Germany"
"23227",2024-12-04,"Strategic developments","Germany"
"23228",2024-12-04,"Strategic developments","Germany"
"23229",2024-12-05,"Protests","Germany"
"23230",2024-12-05,"Protests","Germany"
"23231",2024-12-05,"Protests","Germany"
"23232",2024-12-05,"Protests","Germany"
"23233",2024-12-05,"Protests","Germany"
"23234",2024-12-05,"Protests","Germany"
"23235",2024-12-05,"Protests","Germany"
"23236",2024-12-05,"Protests","Germany"
"23237",2024-12-05,"Protests","Germany"
"23238",2024-12-05,"Protests","Germany"
"23239",2024-12-05,"Protests","Germany"
"23240",2024-12-05,"Protests","Germany"
"23241",2024-12-05,"Strategic developments","Germany"
"23242",2024-12-06,"Protests","Germany"
"23243",2024-12-06,"Protests","Germany"
"23244",2024-12-06,"Protests","Germany"
"23245",2024-12-06,"Protests","Germany"
"23246",2024-12-06,"Protests","Germany"
"23247",2024-12-06,"Protests","Germany"
"23248",2024-12-06,"Protests","Germany"
"23249",2024-12-06,"Protests","Germany"
"23250",2024-12-06,"Strategic developments","Germany"
"23251",2024-12-07,"Protests","Germany"
"23252",2024-12-07,"Protests","Germany"
"23253",2024-12-07,"Protests","Germany"
"23254",2024-12-07,"Protests","Germany"
"23255",2024-12-07,"Protests","Germany"
"23256",2024-12-07,"Protests","Germany"
"23257",2024-12-07,"Protests","Germany"
"23258",2024-12-07,"Protests","Germany"
"23259",2024-12-07,"Protests","Germany"
"23260",2024-12-07,"Protests","Germany"
"23261",2024-12-07,"Protests","Germany"
"23262",2024-12-07,"Protests","Germany"
"23263",2024-12-07,"Protests","Germany"
"23264",2024-12-07,"Strategic developments","Germany"
"23265",2024-12-07,"Protests","Germany"
"23266",2024-12-08,"Protests","Germany"
"23267",2024-12-08,"Protests","Germany"
"23268",2024-12-08,"Protests","Germany"
"23269",2024-12-08,"Protests","Germany"
"23270",2024-12-08,"Protests","Germany"
"23271",2024-12-08,"Protests","Germany"
"23272",2024-12-08,"Protests","Germany"
"23273",2024-12-08,"Protests","Germany"
"23274",2024-12-09,"Protests","Germany"
"23275",2024-12-09,"Protests","Germany"
"23276",2024-12-09,"Protests","Germany"
"23277",2024-12-09,"Protests","Germany"
"23278",2024-12-09,"Protests","Germany"
"23279",2024-12-09,"Protests","Germany"
"23280",2024-12-09,"Protests","Germany"
"23281",2024-12-09,"Protests","Germany"
"23282",2024-12-09,"Protests","Germany"
"23283",2024-12-09,"Protests","Germany"
"23284",2024-12-09,"Protests","Germany"
"23285",2024-12-09,"Protests","Germany"
"23286",2024-12-10,"Protests","Germany"
"23287",2024-12-10,"Protests","Germany"
"23288",2024-12-10,"Protests","Germany"
"23289",2024-12-10,"Riots","Germany"
"23290",2024-12-10,"Strategic developments","Germany"
"23291",2024-12-11,"Protests","Germany"
"23292",2024-12-11,"Protests","Germany"
"23293",2024-12-11,"Protests","Germany"
"23294",2024-12-11,"Strategic developments","Germany"
"23295",2024-12-11,"Protests","Germany"
"23296",2024-12-11,"Protests","Germany"
"23297",2024-12-12,"Protests","Germany"
"23298",2024-12-12,"Protests","Germany"
"23299",2024-12-12,"Protests","Germany"
"23300",2024-12-12,"Strategic developments","Germany"
"23301",2024-12-12,"Protests","Germany"
"23302",2024-12-13,"Protests","Germany"
"23303",2024-12-13,"Protests","Germany"
"23304",2024-12-13,"Protests","Germany"
"23305",2024-12-13,"Protests","Germany"
"23306",2024-12-13,"Protests","Germany"
"23307",2024-12-13,"Protests","Germany"
"23308",2024-12-13,"Protests","Germany"
"23309",2024-12-13,"Protests","Germany"
"23310",2024-12-13,"Riots","Germany"
"23311",2024-12-13,"Riots","Germany"
"23312",2024-12-13,"Strategic developments","Germany"
"23313",2024-12-13,"Strategic developments","Germany"
"23314",2024-12-14,"Protests","Germany"
"23315",2024-12-14,"Protests","Germany"
"23316",2024-12-14,"Protests","Germany"
"23317",2024-12-14,"Protests","Germany"
"23318",2024-12-14,"Protests","Germany"
"23319",2024-12-14,"Protests","Germany"
"23320",2024-12-14,"Protests","Germany"
"23321",2024-12-14,"Protests","Germany"
"23322",2024-12-14,"Protests","Germany"
"23323",2024-12-14,"Protests","Germany"
"23324",2024-12-14,"Protests","Germany"
"23325",2024-12-14,"Protests","Germany"
"23326",2024-12-14,"Protests","Germany"
"23327",2024-12-14,"Protests","Germany"
"23328",2024-12-14,"Riots","Germany"
"23329",2024-12-14,"Protests","Germany"
"23330",2024-12-14,"Protests","Germany"
"23331",2024-12-14,"Protests","Germany"
"23332",2024-12-14,"Strategic developments","Germany"
"23333",2024-12-15,"Protests","Germany"
"23334",2024-12-15,"Protests","Germany"
"23335",2024-12-15,"Protests","Germany"
"23336",2024-12-15,"Protests","Germany"
"23337",2024-12-15,"Protests","Germany"
"23338",2024-12-15,"Protests","Germany"
"23339",2024-12-15,"Protests","Germany"
"23340",2024-12-15,"Protests","Germany"
"23341",2024-12-16,"Protests","Germany"
"23342",2024-12-16,"Protests","Germany"
"23343",2024-12-16,"Protests","Germany"
"23344",2024-12-16,"Protests","Germany"
"23345",2024-12-16,"Strategic developments","Germany"
"23346",2024-12-17,"Protests","Germany"
"23347",2024-12-17,"Protests","Germany"
"23348",2024-12-17,"Protests","Germany"
"23349",2024-12-18,"Protests","Germany"
"23350",2024-12-18,"Protests","Germany"
"23351",2024-12-18,"Protests","Germany"
"23352",2024-12-18,"Protests","Germany"
"23353",2024-12-18,"Protests","Germany"
"23354",2024-12-18,"Strategic developments","Germany"
"23355",2024-12-19,"Protests","Germany"
"23356",2024-12-19,"Protests","Germany"
"23357",2024-12-19,"Protests","Germany"
"23358",2024-12-19,"Protests","Germany"
"23359",2024-12-19,"Protests","Germany"
"23360",2024-12-19,"Strategic developments","Germany"
"23361",2024-12-20,"Protests","Germany"
"23362",2024-12-20,"Violence against civilians","Germany"
"23363",2024-12-20,"Protests","Germany"
"23364",2024-12-20,"Violence against civilians","Germany"
"23365",2024-12-20,"Protests","Germany"
"23366",2024-12-20,"Protests","Germany"
"23367",2024-12-20,"Violence against civilians","Germany"
"23368",2024-12-20,"Protests","Germany"
"23369",2024-12-20,"Riots","Germany"
"23370",2024-12-20,"Riots","Germany"
"23371",2024-12-20,"Protests","Germany"
"23372",2024-12-21,"Protests","Germany"
"23373",2024-12-21,"Protests","Germany"
"23374",2024-12-21,"Protests","Germany"
"23375",2024-12-21,"Protests","Germany"
"23376",2024-12-21,"Protests","Germany"
"23377",2024-12-21,"Protests","Germany"
"23378",2024-12-21,"Protests","Germany"
"23379",2024-12-22,"Protests","Germany"
"23380",2024-12-22,"Protests","Germany"
"23381",2024-12-22,"Protests","Germany"
"23382",2024-12-23,"Protests","Germany"
"23383",2024-12-23,"Protests","Germany"
"23384",2024-12-23,"Protests","Germany"
"23385",2024-12-23,"Protests","Germany"
"23386",2024-12-23,"Violence against civilians","Germany"
"23387",2024-12-23,"Strategic developments","Germany"
"23388",2024-12-23,"Protests","Germany"
"23389",2024-12-23,"Strategic developments","Germany"
"23390",2024-12-23,"Strategic developments","Germany"
"23391",2024-12-25,"Strategic developments","Germany"
"23392",2024-12-27,"Protests","Germany"
"23393",2024-12-27,"Strategic developments","Germany"
"23394",2024-12-27,"Strategic developments","Germany"
"23395",2024-12-27,"Strategic developments","Germany"
"23396",2024-12-27,"Strategic developments","Germany"
"23397",2024-12-27,"Strategic developments","Germany"
"23398",2024-12-28,"Protests","Germany"
"23399",2024-12-28,"Protests","Germany"
"23400",2024-12-28,"Protests","Germany"
"23401",2024-12-29,"Protests","Germany"
"23402",2024-12-30,"Strategic developments","Germany"
"23403",2024-12-30,"Protests","Germany"
"23404",2024-12-30,"Protests","Germany"
"23405",2024-12-31,"Protests","Germany"
"23406",2024-12-31,"Protests","Germany"
"23407",2024-12-31,"Strategic developments","Germany"
"23408",2024-12-31,"Strategic developments","Germany"
"23409",2024-12-31,"Protests","Germany"
"23410",2024-12-31,"Protests","Germany"
"23411",2024-12-31,"Protests","Germany"
"23412",2024-12-31,"Protests","Germany"
"23413",2024-12-31,"Protests","Germany"
"23414",2024-12-31,"Protests","Germany"
"23415",2025-01-01,"Riots","Germany"
"23416",2025-01-01,"Riots","Germany"
"23417",2025-01-02,"Strategic developments","Germany"
"23418",2025-01-03,"Protests","Germany"
"23419",2025-01-04,"Protests","Germany"
"23420",2025-01-04,"Protests","Germany"
"23421",2025-01-04,"Protests","Germany"
"23422",2025-01-04,"Strategic developments","Germany"
"23423",2025-01-04,"Protests","Germany"
"23424",2025-01-05,"Strategic developments","Germany"
"23425",2025-01-05,"Protests","Germany"
"23426",2025-01-05,"Strategic developments","Germany"
"23427",2025-01-06,"Protests","Germany"
"23428",2025-01-06,"Protests","Germany"
"23429",2025-01-06,"Protests","Germany"
"23430",2025-01-06,"Protests","Germany"
"23431",2025-01-06,"Protests","Germany"
"23432",2025-01-07,"Protests","Germany"
"23433",2025-01-07,"Protests","Germany"
"23434",2025-01-07,"Strategic developments","Germany"
"23435",2025-01-07,"Protests","Germany"
"23436",2025-01-08,"Protests","Germany"
"23437",2025-01-08,"Protests","Germany"
"23438",2025-01-08,"Protests","Germany"
"23439",2025-01-08,"Protests","Germany"
"23440",2025-01-08,"Protests","Germany"
"23441",2025-01-08,"Protests","Germany"
"23442",2025-01-08,"Protests","Germany"
"23443",2025-01-08,"Riots","Germany"
"23444",2025-01-09,"Protests","Germany"
"23445",2025-01-09,"Protests","Germany"
"23446",2025-01-09,"Protests","Germany"
"23447",2025-01-09,"Protests","Germany"
"23448",2025-01-10,"Protests","Germany"
"23449",2025-01-10,"Protests","Germany"
"23450",2025-01-10,"Protests","Germany"
"23451",2025-01-10,"Strategic developments","Germany"
"23452",2025-01-11,"Protests","Germany"
"23453",2025-01-11,"Protests","Germany"
"23454",2025-01-11,"Strategic developments","Germany"
"23455",2025-01-11,"Strategic developments","Germany"
"23456",2025-01-11,"Protests","Germany"
"23457",2025-01-11,"Protests","Germany"
"23458",2025-01-11,"Protests","Germany"
"23459",2025-01-11,"Protests","Germany"
"23460",2025-01-11,"Protests","Germany"
"23461",2025-01-11,"Strategic developments","Germany"
"23462",2025-01-11,"Riots","Germany"
"23463",2025-01-11,"Riots","Germany"
"23464",2025-01-11,"Protests","Germany"
"23465",2025-01-12,"Protests","Germany"
"23466",2025-01-12,"Riots","Germany"
"23467",2025-01-12,"Strategic developments","Germany"
"23468",2025-01-13,"Protests","Germany"
"23469",2025-01-13,"Protests","Germany"
"23470",2025-01-13,"Protests","Germany"
"23471",2025-01-13,"Protests","Germany"
"23472",2025-01-13,"Protests","Germany"
"23473",2025-01-14,"Protests","Germany"
"23474",2025-01-14,"Protests","Germany"
"23475",2025-01-14,"Riots","Germany"
"23476",2025-01-15,"Protests","Germany"
"23477",2025-01-15,"Protests","Germany"
"23478",2025-01-15,"Violence against civilians","Germany"
"23479",2025-01-15,"Protests","Germany"
"23480",2025-01-15,"Protests","Germany"
"23481",2025-01-15,"Riots","Germany"
"23482",2025-01-15,"Strategic developments","Germany"
"23483",2025-01-16,"Protests","Germany"
"23484",2025-01-16,"Protests","Germany"
"23485",2025-01-16,"Protests","Germany"
"23486",2025-01-16,"Protests","Germany"
"23487",2025-01-16,"Strategic developments","Germany"
"23488",2025-01-17,"Protests","Germany"
"23489",2025-01-17,"Protests","Germany"
"23490",2025-01-17,"Protests","Germany"
"23491",2025-01-17,"Protests","Germany"
"23492",2025-01-18,"Protests","Germany"
"23493",2025-01-18,"Protests","Germany"
"23494",2025-01-18,"Protests","Germany"
"23495",2025-01-18,"Protests","Germany"
"23496",2025-01-18,"Protests","Germany"
"23497",2025-01-18,"Protests","Germany"
"23498",2025-01-18,"Protests","Germany"
"23499",2025-01-18,"Protests","Germany"
"23500",2025-01-18,"Protests","Germany"
"23501",2025-01-18,"Protests","Germany"
"23502",2025-01-18,"Protests","Germany"
"23503",2025-01-18,"Protests","Germany"
"23504",2025-01-18,"Protests","Germany"
"23505",2025-01-18,"Protests","Germany"
"23506",2025-01-18,"Riots","Germany"
"23507",2025-01-18,"Riots","Germany"
"23508",2025-01-18,"Riots","Germany"
"23509",2025-01-18,"Protests","Germany"
"23510",2025-01-19,"Protests","Germany"
"23511",2025-01-19,"Protests","Germany"
"23512",2025-01-19,"Protests","Germany"
"23513",2025-01-19,"Protests","Germany"
"23514",2025-01-19,"Violence against civilians","Germany"
"23515",2025-01-19,"Protests","Germany"
"23516",2025-01-19,"Protests","Germany"
"23517",2025-01-19,"Protests","Germany"
"23518",2025-01-19,"Strategic developments","Germany"
"23519",2025-01-19,"Protests","Germany"
"23520",2025-01-19,"Strategic developments","Germany"
"23521",2025-01-19,"Riots","Germany"
"23522",2025-01-19,"Strategic developments","Germany"
"23523",2025-01-19,"Strategic developments","Germany"
"23524",2025-01-20,"Protests","Germany"
"23525",2025-01-20,"Protests","Germany"
"23526",2025-01-20,"Protests","Germany"
"23527",2025-01-20,"Protests","Germany"
"23528",2025-01-20,"Protests","Germany"
"23529",2025-01-20,"Protests","Germany"
"23530",2025-01-20,"Protests","Germany"
"23531",2025-01-20,"Protests","Germany"
"23532",2025-01-20,"Protests","Germany"
"23533",2025-01-21,"Protests","Germany"
"23534",2025-01-22,"Protests","Germany"
"23535",2025-01-22,"Protests","Germany"
"23536",2025-01-22,"Protests","Germany"
"23537",2025-01-22,"Violence against civilians","Germany"
"23538",2025-01-22,"Strategic developments","Germany"
"23539",2025-01-23,"Protests","Germany"
"23540",2025-01-23,"Strategic developments","Germany"
"23541",2025-01-24,"Protests","Germany"
"23542",2025-01-24,"Protests","Germany"
"23543",2025-01-24,"Protests","Germany"
"23544",2025-01-24,"Protests","Germany"
"23545",2025-01-24,"Riots","Germany"
"23546",2025-01-25,"Protests","Germany"
"23547",2025-01-25,"Protests","Germany"
"23548",2025-01-25,"Protests","Germany"
"23549",2025-01-25,"Protests","Germany"
"23550",2025-01-25,"Protests","Germany"
"23551",2025-01-25,"Protests","Germany"
"23552",2025-01-25,"Protests","Germany"
"23553",2025-01-25,"Protests","Germany"
"23554",2025-01-25,"Protests","Germany"
"23555",2025-01-25,"Protests","Germany"
"23556",2025-01-25,"Protests","Germany"
"23557",2025-01-25,"Protests","Germany"
"23558",2025-01-25,"Protests","Germany"
"23559",2025-01-25,"Protests","Germany"
"23560",2025-01-25,"Riots","Germany"
"23561",2025-01-25,"Protests","Germany"
"23562",2025-01-25,"Protests","Germany"
"23563",2025-01-25,"Protests","Germany"
"23564",2025-01-25,"Protests","Germany"
"23565",2025-01-25,"Riots","Germany"
"23566",2025-01-25,"Strategic developments","Germany"
"23567",2025-01-26,"Protests","Germany"
"23568",2025-01-26,"Protests","Germany"
"23569",2025-01-26,"Protests","Germany"
"23570",2025-01-26,"Protests","Germany"
"23571",2025-01-26,"Protests","Germany"
"23572",2025-01-26,"Protests","Germany"
"23573",2025-01-26,"Riots","Germany"
"23574",2025-01-26,"Riots","Germany"
"23575",2025-01-27,"Protests","Germany"
"23576",2025-01-27,"Protests","Germany"
"23577",2025-01-27,"Protests","Germany"
"23578",2025-01-27,"Protests","Germany"
"23579",2025-01-27,"Protests","Germany"
"23580",2025-01-27,"Protests","Germany"
"23581",2025-01-27,"Protests","Germany"
"23582",2025-01-27,"Protests","Germany"
"23583",2025-01-27,"Protests","Germany"
"23584",2025-01-27,"Protests","Germany"
"23585",2025-01-27,"Protests","Germany"
"23586",2025-01-27,"Riots","Germany"
"23587",2025-01-27,"Violence against civilians","Germany"
"23588",2025-01-27,"Protests","Germany"
"23589",2025-01-28,"Protests","Germany"
"23590",2025-01-29,"Protests","Germany"
"23591",2025-01-29,"Protests","Germany"
"23592",2025-01-29,"Protests","Germany"
"23593",2025-01-29,"Protests","Germany"
"23594",2025-01-29,"Protests","Germany"
"23595",2025-01-29,"Protests","Germany"
"23596",2025-01-29,"Protests","Germany"
"23597",2025-01-29,"Protests","Germany"
"23598",2025-01-29,"Protests","Germany"
"23599",2025-01-29,"Protests","Germany"
"23600",2025-01-29,"Protests","Germany"
"23601",2025-01-29,"Protests","Germany"
"23602",2025-01-29,"Protests","Germany"
"23603",2025-01-30,"Protests","Germany"
"23604",2025-01-30,"Protests","Germany"
"23605",2025-01-30,"Protests","Germany"
"23606",2025-01-30,"Protests","Germany"
"23607",2025-01-30,"Protests","Germany"
"23608",2025-01-30,"Protests","Germany"
"23609",2025-01-30,"Protests","Germany"
"23610",2025-01-30,"Protests","Germany"
"23611",2025-01-30,"Protests","Germany"
"23612",2025-01-30,"Protests","Germany"
"23613",2025-01-30,"Protests","Germany"
"23614",2025-01-30,"Protests","Germany"
"23615",2025-01-30,"Protests","Germany"
"23616",2025-01-30,"Protests","Germany"
"23617",2025-01-30,"Protests","Germany"
"23618",2025-01-30,"Protests","Germany"
"23619",2025-01-30,"Protests","Germany"
"23620",2025-01-30,"Protests","Germany"
"23621",2025-01-30,"Protests","Germany"
"23622",2025-01-30,"Protests","Germany"
"23623",2025-01-30,"Protests","Germany"
"23624",2025-01-30,"Protests","Germany"
"23625",2025-01-30,"Protests","Germany"
"23626",2025-01-30,"Protests","Germany"
"23627",2025-01-30,"Protests","Germany"
"23628",2025-01-30,"Protests","Germany"
"23629",2025-01-30,"Protests","Germany"
"23630",2025-01-30,"Protests","Germany"
"23631",2025-01-30,"Protests","Germany"
"23632",2025-01-30,"Protests","Germany"
"23633",2025-01-30,"Protests","Germany"
"23634",2025-01-30,"Protests","Germany"
"23635",2025-01-30,"Protests","Germany"
"23636",2025-01-30,"Protests","Germany"
"23637",2025-01-31,"Protests","Germany"
"23638",2025-01-31,"Protests","Germany"
"23639",2025-01-31,"Protests","Germany"
"23640",2025-01-31,"Protests","Germany"
"23641",2025-01-31,"Protests","Germany"
"23642",2025-01-31,"Protests","Germany"
"23643",2025-01-31,"Protests","Germany"
"23644",2025-01-31,"Protests","Germany"
"23645",2025-01-31,"Protests","Germany"
"23646",2025-01-31,"Protests","Germany"
"23647",2025-01-31,"Protests","Germany"
"23648",2025-01-31,"Protests","Germany"
"23649",2025-01-31,"Protests","Germany"
"23650",2025-01-31,"Protests","Germany"
"23651",2025-01-31,"Protests","Germany"
"23652",2025-01-31,"Protests","Germany"
"23653",2025-01-31,"Protests","Germany"
"23654",2025-02-01,"Protests","Germany"
"23655",2025-02-01,"Protests","Germany"
"23656",2025-02-01,"Protests","Germany"
"23657",2025-02-01,"Protests","Germany"
"23658",2025-02-01,"Protests","Germany"
"23659",2025-02-01,"Protests","Germany"
"23660",2025-02-01,"Protests","Germany"
"23661",2025-02-01,"Protests","Germany"
"23662",2025-02-01,"Protests","Germany"
"23663",2025-02-01,"Protests","Germany"
"23664",2025-02-01,"Protests","Germany"
"23665",2025-02-01,"Protests","Germany"
"23666",2025-02-01,"Protests","Germany"
"23667",2025-02-01,"Protests","Germany"
"23668",2025-02-01,"Protests","Germany"
"23669",2025-02-01,"Protests","Germany"
"23670",2025-02-01,"Protests","Germany"
"23671",2025-02-01,"Protests","Germany"
"23672",2025-02-01,"Protests","Germany"
"23673",2025-02-01,"Protests","Germany"
"23674",2025-02-01,"Protests","Germany"
"23675",2025-02-01,"Protests","Germany"
"23676",2025-02-01,"Protests","Germany"
"23677",2025-02-01,"Protests","Germany"
"23678",2025-02-01,"Protests","Germany"
"23679",2025-02-01,"Protests","Germany"
"23680",2025-02-01,"Protests","Germany"
"23681",2025-02-01,"Protests","Germany"
"23682",2025-02-01,"Protests","Germany"
"23683",2025-02-01,"Protests","Germany"
"23684",2025-02-01,"Protests","Germany"
"23685",2025-02-01,"Protests","Germany"
"23686",2025-02-01,"Protests","Germany"
"23687",2025-02-01,"Protests","Germany"
"23688",2025-02-01,"Protests","Germany"
"23689",2025-02-01,"Protests","Germany"
"23690",2025-02-01,"Protests","Germany"
"23691",2025-02-01,"Riots","Germany"
"23692",2025-02-01,"Riots","Germany"
"23693",2025-02-02,"Protests","Germany"
"23694",2025-02-02,"Protests","Germany"
"23695",2025-02-02,"Protests","Germany"
"23696",2025-02-02,"Protests","Germany"
"23697",2025-02-02,"Protests","Germany"
"23698",2025-02-02,"Protests","Germany"
"23699",2025-02-02,"Protests","Germany"
"23700",2025-02-02,"Protests","Germany"
"23701",2025-02-02,"Protests","Germany"
"23702",2025-02-02,"Protests","Germany"
"23703",2025-02-02,"Protests","Germany"
"23704",2025-02-02,"Protests","Germany"
"23705",2025-02-02,"Protests","Germany"
"23706",2025-02-02,"Protests","Germany"
"23707",2025-02-02,"Protests","Germany"
"23708",2025-02-02,"Protests","Germany"
"23709",2025-02-02,"Protests","Germany"
"23710",2025-02-02,"Protests","Germany"
"23711",2025-02-03,"Protests","Germany"
"23712",2025-02-03,"Protests","Germany"
"23713",2025-02-03,"Protests","Germany"
"23714",2025-02-03,"Protests","Germany"
"23715",2025-02-03,"Protests","Germany"
"23716",2025-02-03,"Protests","Germany"
"23717",2025-02-03,"Protests","Germany"
"23718",2025-02-03,"Protests","Germany"
"23719",2025-02-03,"Protests","Germany"
"23720",2025-02-03,"Protests","Germany"
"23721",2025-02-03,"Protests","Germany"
"23722",2025-02-03,"Protests","Germany"
"23723",2025-02-03,"Protests","Germany"
"23724",2025-02-03,"Protests","Germany"
"23725",2025-02-03,"Riots","Germany"
"23726",2025-02-03,"Protests","Germany"
"23727",2025-02-04,"Strategic developments","Germany"
"23728",2025-02-04,"Protests","Germany"
"23729",2025-02-04,"Protests","Germany"
"23730",2025-02-04,"Protests","Germany"
"23731",2025-02-04,"Protests","Germany"
"23732",2025-02-04,"Protests","Germany"
"23733",2025-02-04,"Protests","Germany"
"23734",2025-02-05,"Protests","Germany"
"23735",2025-02-05,"Protests","Germany"
"23736",2025-02-05,"Protests","Germany"
"23737",2025-02-05,"Protests","Germany"
"23738",2025-02-05,"Protests","Germany"
"23739",2025-02-05,"Protests","Germany"
"23740",2025-02-05,"Protests","Germany"
"23741",2025-02-05,"Protests","Germany"
"23742",2025-02-06,"Protests","Germany"
"23743",2025-02-06,"Protests","Germany"
"23744",2025-02-06,"Protests","Germany"
"23745",2025-02-06,"Strategic developments","Germany"
"23746",2025-02-06,"Protests","Germany"
"23747",2025-02-06,"Protests","Germany"
"23748",2025-02-06,"Protests","Germany"
"23749",2025-02-06,"Protests","Germany"
"23750",2025-02-06,"Protests","Germany"
"23751",2025-02-06,"Protests","Germany"
"23752",2025-02-06,"Protests","Germany"
"23753",2025-02-07,"Protests","Germany"
"23754",2025-02-07,"Protests","Germany"
"23755",2025-02-07,"Protests","Germany"
"23756",2025-02-07,"Protests","Germany"
"23757",2025-02-07,"Protests","Germany"
"23758",2025-02-07,"Protests","Germany"
"23759",2025-02-07,"Protests","Germany"
"23760",2025-02-07,"Protests","Germany"
"23761",2025-02-07,"Protests","Germany"
"23762",2025-02-07,"Protests","Germany"
"23763",2025-02-07,"Protests","Germany"
"23764",2025-02-07,"Riots","Germany"
"23765",2025-02-07,"Protests","Germany"
"23766",2025-02-08,"Protests","Germany"
"23767",2025-02-08,"Protests","Germany"
"23768",2025-02-08,"Protests","Germany"
"23769",2025-02-08,"Protests","Germany"
"23770",2025-02-08,"Protests","Germany"
"23771",2025-02-08,"Protests","Germany"
"23772",2025-02-08,"Protests","Germany"
"23773",2025-02-08,"Protests","Germany"
"23774",2025-02-08,"Protests","Germany"
"23775",2025-02-08,"Protests","Germany"
"23776",2025-02-08,"Protests","Germany"
"23777",2025-02-08,"Protests","Germany"
"23778",2025-02-08,"Protests","Germany"
"23779",2025-02-08,"Protests","Germany"
"23780",2025-02-08,"Protests","Germany"
"23781",2025-02-08,"Protests","Germany"
"23782",2025-02-08,"Protests","Germany"
"23783",2025-02-08,"Protests","Germany"
"23784",2025-02-08,"Protests","Germany"
"23785",2025-02-08,"Protests","Germany"
"23786",2025-02-08,"Protests","Germany"
"23787",2025-02-08,"Protests","Germany"
"23788",2025-02-08,"Protests","Germany"
"23789",2025-02-08,"Protests","Germany"
"23790",2025-02-08,"Protests","Germany"
"23791",2025-02-08,"Protests","Germany"
"23792",2025-02-08,"Protests","Germany"
"23793",2025-02-08,"Protests","Germany"
"23794",2025-02-08,"Protests","Germany"
"23795",2025-02-08,"Protests","Germany"
"23796",2025-02-08,"Protests","Germany"
"23797",2025-02-08,"Protests","Germany"
"23798",2025-02-08,"Protests","Germany"
"23799",2025-02-08,"Protests","Germany"
"23800",2025-02-08,"Riots","Germany"
"23801",2025-02-08,"Protests","Germany"
"23802",2025-02-08,"Protests","Germany"
"23803",2025-02-08,"Protests","Germany"
"23804",2025-02-08,"Protests","Germany"
"23805",2025-02-08,"Protests","Germany"
"23806",2025-02-08,"Protests","Germany"
"23807",2025-02-08,"Protests","Germany"
"23808",2025-02-08,"Protests","Germany"
"23809",2025-02-08,"Protests","Germany"
"23810",2025-02-08,"Protests","Germany"
"23811",2025-02-08,"Protests","Germany"
"23812",2025-02-08,"Protests","Germany"
"23813",2025-02-08,"Strategic developments","Germany"
"23814",2025-02-08,"Protests","Germany"
"23815",2025-02-08,"Protests","Germany"
"23816",2025-02-08,"Protests","Germany"
"23817",2025-02-08,"Protests","Germany"
"23818",2025-02-08,"Protests","Germany"
"23819",2025-02-08,"Protests","Germany"
"23820",2025-02-08,"Protests","Germany"
"23821",2025-02-08,"Protests","Germany"
"23822",2025-02-08,"Protests","Germany"
"23823",2025-02-08,"Protests","Germany"
"23824",2025-02-08,"Protests","Germany"
"23825",2025-02-08,"Protests","Germany"
"23826",2025-02-08,"Protests","Germany"
"23827",2025-02-08,"Protests","Germany"
"23828",2025-02-08,"Protests","Germany"
"23829",2025-02-08,"Protests","Germany"
"23830",2025-02-08,"Protests","Germany"
"23831",2025-02-08,"Protests","Germany"
"23832",2025-02-08,"Protests","Germany"
"23833",2025-02-08,"Protests","Germany"
"23834",2025-02-08,"Protests","Germany"
"23835",2025-02-08,"Protests","Germany"
"23836",2025-02-08,"Protests","Germany"
"23837",2025-02-08,"Protests","Germany"
"23838",2025-02-08,"Protests","Germany"
"23839",2025-02-08,"Strategic developments","Germany"
"23840",2025-02-08,"Protests","Germany"
"23841",2025-02-08,"Protests","Germany"
"23842",2025-02-08,"Protests","Germany"
"23843",2025-02-08,"Protests","Germany"
"23844",2025-02-08,"Protests","Germany"
"23845",2025-02-08,"Protests","Germany"
"23846",2025-02-08,"Protests","Germany"
"23847",2025-02-08,"Protests","Germany"
"23848",2025-02-08,"Protests","Germany"
"23849",2025-02-08,"Protests","Germany"
"23850",2025-02-08,"Protests","Germany"
"23851",2025-02-08,"Protests","Germany"
"23852",2025-02-08,"Protests","Germany"
"23853",2025-02-09,"Protests","Germany"
"23854",2025-02-09,"Protests","Germany"
"23855",2025-02-09,"Protests","Germany"
"23856",2025-02-09,"Protests","Germany"
"23857",2025-02-09,"Protests","Germany"
"23858",2025-02-09,"Protests","Germany"
"23859",2025-02-09,"Protests","Germany"
"23860",2025-02-09,"Strategic developments","Germany"
"23861",2025-02-09,"Strategic developments","Germany"
"23862",2025-02-09,"Protests","Germany"
"23863",2025-02-09,"Protests","Germany"
"23864",2025-02-09,"Protests","Germany"
"23865",2025-02-09,"Protests","Germany"
"23866",2025-02-09,"Protests","Germany"
"23867",2025-02-09,"Protests","Germany"
"23868",2025-02-09,"Protests","Germany"
"23869",2025-02-09,"Protests","Germany"
"23870",2025-02-09,"Protests","Germany"
"23871",2025-02-10,"Protests","Germany"
"23872",2025-02-10,"Protests","Germany"
"23873",2025-02-10,"Protests","Germany"
"23874",2025-02-10,"Protests","Germany"
"23875",2025-02-10,"Protests","Germany"
"23876",2025-02-10,"Protests","Germany"
"23877",2025-02-10,"Protests","Germany"
"23878",2025-02-10,"Protests","Germany"
"23879",2025-02-10,"Protests","Germany"
"23880",2025-02-11,"Protests","Germany"
"23881",2025-02-11,"Protests","Germany"
"23882",2025-02-11,"Violence against civilians","Germany"
"23883",2025-02-11,"Strategic developments","Germany"
"23884",2025-02-11,"Protests","Germany"
"23885",2025-02-11,"Protests","Germany"
"23886",2025-02-11,"Protests","Germany"
"23887",2025-02-11,"Protests","Germany"
"23888",2025-02-11,"Protests","Germany"
"23889",2025-02-11,"Protests","Germany"
"23890",2025-02-11,"Protests","Germany"
"23891",2025-02-11,"Strategic developments","Germany"
"23892",2025-02-12,"Riots","Germany"
"23893",2025-02-12,"Protests","Germany"
"23894",2025-02-12,"Protests","Germany"
"23895",2025-02-12,"Protests","Germany"
"23896",2025-02-12,"Protests","Germany"
"23897",2025-02-12,"Protests","Germany"
"23898",2025-02-12,"Protests","Germany"
"23899",2025-02-12,"Protests","Germany"
"23900",2025-02-12,"Protests","Germany"
"23901",2025-02-12,"Protests","Germany"
"23902",2025-02-13,"Protests","Germany"
"23903",2025-02-13,"Protests","Germany"
"23904",2025-02-13,"Protests","Germany"
"23905",2025-02-13,"Protests","Germany"
"23906",2025-02-13,"Protests","Germany"
"23907",2025-02-13,"Protests","Germany"
"23908",2025-02-13,"Protests","Germany"
"23909",2025-02-13,"Protests","Germany"
"23910",2025-02-13,"Protests","Germany"
"23911",2025-02-13,"Protests","Germany"
"23912",2025-02-13,"Protests","Germany"
"23913",2025-02-13,"Protests","Germany"
"23914",2025-02-13,"Protests","Germany"
"23915",2025-02-13,"Protests","Germany"
"23916",2025-02-13,"Protests","Germany"
"23917",2025-02-13,"Protests","Germany"
"23918",2025-02-13,"Protests","Germany"
"23919",2025-02-13,"Protests","Germany"
"23920",2025-02-13,"Riots","Germany"
"23921",2025-02-14,"Protests","Germany"
"23922",2025-02-14,"Protests","Germany"
"23923",2025-02-14,"Protests","Germany"
"23924",2025-02-14,"Protests","Germany"
"23925",2025-02-14,"Protests","Germany"
"23926",2025-02-14,"Protests","Germany"
"23927",2025-02-14,"Protests","Germany"
"23928",2025-02-14,"Protests","Germany"
"23929",2025-02-14,"Protests","Germany"
"23930",2025-02-14,"Protests","Germany"
"23931",2025-02-14,"Protests","Germany"
"23932",2025-02-14,"Protests","Germany"
"23933",2025-02-14,"Protests","Germany"
"23934",2025-02-14,"Protests","Germany"
"23935",2025-02-14,"Protests","Germany"
"23936",2025-02-14,"Protests","Germany"
"23937",2025-02-14,"Protests","Germany"
"23938",2025-02-14,"Protests","Germany"
"23939",2025-02-14,"Protests","Germany"
"23940",2025-02-14,"Protests","Germany"
"23941",2025-02-14,"Protests","Germany"
"23942",2025-02-14,"Protests","Germany"
"23943",2025-02-14,"Protests","Germany"
"23944",2025-02-14,"Protests","Germany"
"23945",2025-02-14,"Protests","Germany"
"23946",2025-02-14,"Protests","Germany"
"23947",2025-02-14,"Protests","Germany"
"23948",2025-02-14,"Protests","Germany"
"23949",2025-02-14,"Protests","Germany"
"23950",2025-02-14,"Protests","Germany"
"23951",2025-02-14,"Protests","Germany"
"23952",2025-02-14,"Protests","Germany"
"23953",2025-02-14,"Protests","Germany"
"23954",2025-02-14,"Protests","Germany"
"23955",2025-02-14,"Protests","Germany"
"23956",2025-02-14,"Protests","Germany"
"23957",2025-02-15,"Protests","Germany"
"23958",2025-02-15,"Protests","Germany"
"23959",2025-02-15,"Protests","Germany"
"23960",2025-02-15,"Protests","Germany"
"23961",2025-02-15,"Protests","Germany"
"23962",2025-02-15,"Protests","Germany"
"23963",2025-02-15,"Protests","Germany"
"23964",2025-02-15,"Protests","Germany"
"23965",2025-02-15,"Protests","Germany"
"23966",2025-02-15,"Protests","Germany"
"23967",2025-02-15,"Protests","Germany"
"23968",2025-02-15,"Protests","Germany"
"23969",2025-02-15,"Protests","Germany"
"23970",2025-02-15,"Protests","Germany"
"23971",2025-02-15,"Protests","Germany"
"23972",2025-02-15,"Protests","Germany"
"23973",2025-02-15,"Protests","Germany"
"23974",2025-02-15,"Protests","Germany"
"23975",2025-02-15,"Protests","Germany"
"23976",2025-02-15,"Protests","Germany"
"23977",2025-02-15,"Protests","Germany"
"23978",2025-02-15,"Protests","Germany"
"23979",2025-02-15,"Protests","Germany"
"23980",2025-02-15,"Protests","Germany"
"23981",2025-02-15,"Protests","Germany"
"23982",2025-02-15,"Protests","Germany"
"23983",2025-02-15,"Protests","Germany"
"23984",2025-02-15,"Protests","Germany"
"23985",2025-02-15,"Protests","Germany"
"23986",2025-02-15,"Protests","Germany"
"23987",2025-02-15,"Protests","Germany"
"23988",2025-02-15,"Protests","Germany"
"23989",2025-02-15,"Protests","Germany"
"23990",2025-02-15,"Protests","Germany"
"23991",2025-02-15,"Protests","Germany"
"23992",2025-02-15,"Protests","Germany"
"23993",2025-02-15,"Protests","Germany"
"23994",2025-02-15,"Protests","Germany"
"23995",2025-02-15,"Protests","Germany"
"23996",2025-02-15,"Protests","Germany"
"23997",2025-02-15,"Protests","Germany"
"23998",2025-02-15,"Protests","Germany"
"23999",2025-02-15,"Protests","Germany"
"24000",2025-02-15,"Protests","Germany"
"24001",2025-02-15,"Protests","Germany"
"24002",2025-02-15,"Protests","Germany"
"24003",2025-02-15,"Protests","Germany"
"24004",2025-02-15,"Protests","Germany"
"24005",2025-02-15,"Protests","Germany"
"24006",2025-02-15,"Protests","Germany"
"24007",2025-02-15,"Protests","Germany"
"24008",2025-02-15,"Protests","Germany"
"24009",2025-02-15,"Protests","Germany"
"24010",2025-02-15,"Protests","Germany"
"24011",2025-02-15,"Violence against civilians","Germany"
"24012",2025-02-15,"Protests","Germany"
"24013",2025-02-15,"Protests","Germany"
"24014",2025-02-15,"Protests","Germany"
"24015",2025-02-15,"Protests","Germany"
"24016",2025-02-15,"Protests","Germany"
"24017",2025-02-15,"Protests","Germany"
"24018",2025-02-15,"Strategic developments","Germany"
"24019",2025-02-15,"Strategic developments","Germany"
"24020",2025-02-16,"Protests","Germany"
"24021",2025-02-16,"Protests","Germany"
"24022",2025-02-16,"Protests","Germany"
"24023",2025-02-16,"Protests","Germany"
"24024",2025-02-16,"Protests","Germany"
"24025",2025-02-16,"Protests","Germany"
"24026",2025-02-16,"Protests","Germany"
"24027",2025-02-16,"Protests","Germany"
"24028",2025-02-16,"Protests","Germany"
"24029",2025-02-16,"Protests","Germany"
"24030",2025-02-16,"Protests","Germany"
"24031",2025-02-16,"Protests","Germany"
"24032",2025-02-16,"Protests","Germany"
"24033",2025-02-16,"Protests","Germany"
"24034",2025-02-16,"Protests","Germany"
"24035",2025-02-16,"Protests","Germany"
"24036",2025-02-16,"Protests","Germany"
"24037",2025-02-16,"Protests","Germany"
"24038",2025-02-16,"Protests","Germany"
"24039",2025-02-16,"Protests","Germany"
"24040",2025-02-16,"Protests","Germany"
"24041",2025-02-16,"Protests","Germany"
"24042",2025-02-16,"Protests","Germany"
"24043",2025-02-16,"Protests","Germany"
"24044",2025-02-16,"Strategic developments","Germany"
"24045",2025-02-16,"Protests","Germany"
"24046",2025-02-16,"Strategic developments","Germany"
"24047",2025-02-17,"Strategic developments","Germany"
"24048",2025-02-17,"Protests","Germany"
"24049",2025-02-17,"Protests","Germany"
"24050",2025-02-17,"Protests","Germany"
"24051",2025-02-17,"Protests","Germany"
"24052",2025-02-17,"Protests","Germany"
"24053",2025-02-17,"Protests","Germany"
"24054",2025-02-17,"Protests","Germany"
"24055",2025-02-17,"Protests","Germany"
"24056",2025-02-18,"Protests","Germany"
"24057",2025-02-18,"Protests","Germany"
"24058",2025-02-18,"Protests","Germany"
"24059",2025-02-18,"Protests","Germany"
"24060",2025-02-18,"Protests","Germany"
"24061",2025-02-18,"Protests","Germany"
"24062",2025-02-18,"Protests","Germany"
"24063",2025-02-18,"Strategic developments","Germany"
"24064",2025-02-18,"Strategic developments","Germany"
"24065",2025-02-18,"Strategic developments","Germany"
"24066",2025-02-18,"Protests","Germany"
"24067",2025-02-18,"Protests","Germany"
"24068",2025-02-18,"Protests","Germany"
"24069",2025-02-19,"Protests","Germany"
"24070",2025-02-19,"Protests","Germany"
"24071",2025-02-19,"Protests","Germany"
"24072",2025-02-19,"Protests","Germany"
"24073",2025-02-19,"Protests","Germany"
"24074",2025-02-19,"Protests","Germany"
"24075",2025-02-19,"Protests","Germany"
"24076",2025-02-19,"Riots","Germany"
"24077",2025-02-19,"Protests","Germany"
"24078",2025-02-19,"Protests","Germany"
"24079",2025-02-19,"Protests","Germany"
"24080",2025-02-20,"Protests","Germany"
"24081",2025-02-20,"Protests","Germany"
"24082",2025-02-20,"Protests","Germany"
"24083",2025-02-20,"Protests","Germany"
"24084",2025-02-20,"Protests","Germany"
"24085",2025-02-20,"Protests","Germany"
"24086",2025-02-20,"Protests","Germany"
"24087",2025-02-20,"Protests","Germany"
"24088",2025-02-20,"Protests","Germany"
"24089",2025-02-20,"Protests","Germany"
"24090",2025-02-20,"Protests","Germany"
"24091",2025-02-20,"Protests","Germany"
"24092",2025-02-20,"Protests","Germany"
"24093",2025-02-21,"Protests","Germany"
"24094",2025-02-21,"Protests","Germany"
"24095",2025-02-21,"Protests","Germany"
"24096",2025-02-21,"Protests","Germany"
"24097",2025-02-21,"Protests","Germany"
"24098",2025-02-21,"Protests","Germany"
"24099",2025-02-21,"Protests","Germany"
"24100",2025-02-21,"Protests","Germany"
"24101",2025-02-21,"Protests","Germany"
"24102",2025-02-21,"Protests","Germany"
"24103",2025-02-21,"Protests","Germany"
"24104",2025-02-21,"Violence against civilians","Germany"
"24105",2025-02-21,"Protests","Germany"
"24106",2025-02-21,"Protests","Germany"
"24107",2025-02-21,"Strategic developments","Germany"
"24108",2025-02-21,"Strategic developments","Germany"
"24109",2025-02-21,"Protests","Germany"
"24110",2025-02-21,"Protests","Germany"
"24111",2025-02-21,"Protests","Germany"
"24112",2025-02-21,"Protests","Germany"
"24113",2025-02-22,"Protests","Germany"
"24114",2025-02-22,"Protests","Germany"
"24115",2025-02-22,"Protests","Germany"
"24116",2025-02-22,"Protests","Germany"
"24117",2025-02-22,"Protests","Germany"
"24118",2025-02-22,"Protests","Germany"
"24119",2025-02-22,"Protests","Germany"
"24120",2025-02-22,"Protests","Germany"
"24121",2025-02-22,"Protests","Germany"
"24122",2025-02-22,"Protests","Germany"
"24123",2025-02-22,"Protests","Germany"
"24124",2025-02-22,"Protests","Germany"
"24125",2025-02-22,"Protests","Germany"
"24126",2025-02-22,"Protests","Germany"
"24127",2025-02-22,"Protests","Germany"
"24128",2025-02-22,"Protests","Germany"
"24129",2025-02-22,"Protests","Germany"
"24130",2025-02-22,"Protests","Germany"
"24131",2025-02-22,"Protests","Germany"
"24132",2025-02-22,"Protests","Germany"
"24133",2025-02-22,"Protests","Germany"
"24134",2025-02-22,"Protests","Germany"
"24135",2025-02-22,"Protests","Germany"
"24136",2025-02-22,"Protests","Germany"
"24137",2025-02-22,"Protests","Germany"
"24138",2025-02-22,"Protests","Germany"
"24139",2025-02-22,"Protests","Germany"
"24140",2025-02-22,"Protests","Germany"
"24141",2025-02-22,"Protests","Germany"
"24142",2025-02-22,"Protests","Germany"
"24143",2025-02-22,"Protests","Germany"
"24144",2025-02-22,"Protests","Germany"
"24145",2025-02-22,"Protests","Germany"
"24146",2025-02-22,"Protests","Germany"
"24147",2025-02-22,"Protests","Germany"
"24148",2025-02-22,"Protests","Germany"
"24149",2025-02-22,"Protests","Germany"
"24150",2025-02-22,"Protests","Germany"
"24151",2025-02-22,"Protests","Germany"
"24152",2025-02-22,"Protests","Germany"
"24153",2025-02-22,"Riots","Germany"
"24154",2025-02-22,"Protests","Germany"
"24155",2025-02-22,"Protests","Germany"
"24156",2025-02-22,"Protests","Germany"
"24157",2025-02-22,"Protests","Germany"
"24158",2025-02-23,"Protests","Germany"
"24159",2025-02-23,"Protests","Germany"
"24160",2025-02-23,"Protests","Germany"
"24161",2025-02-23,"Protests","Germany"
"24162",2025-02-23,"Protests","Germany"
"24163",2025-02-23,"Protests","Germany"
"24164",2025-02-23,"Riots","Germany"
"24165",2025-02-23,"Strategic developments","Germany"
"24166",2025-02-23,"Protests","Germany"
"24167",2025-02-24,"Protests","Germany"
"24168",2025-02-24,"Strategic developments","Germany"
"24169",2025-02-24,"Protests","Germany"
"24170",2025-02-24,"Protests","Germany"
"24171",2025-02-24,"Protests","Germany"
"24172",2025-02-24,"Protests","Germany"
"24173",2025-02-24,"Protests","Germany"
"24174",2025-02-24,"Protests","Germany"
"24175",2025-02-24,"Protests","Germany"
"24176",2025-02-24,"Protests","Germany"
"24177",2025-02-24,"Protests","Germany"
"24178",2025-02-24,"Protests","Germany"
"24179",2025-02-24,"Protests","Germany"
"24180",2025-02-24,"Protests","Germany"
"24181",2025-02-24,"Protests","Germany"
"24182",2025-02-24,"Protests","Germany"
"24183",2025-02-24,"Protests","Germany"
"24184",2025-02-24,"Protests","Germany"
"24185",2025-02-24,"Protests","Germany"
"24186",2025-02-25,"Protests","Germany"
"24187",2025-02-25,"Protests","Germany"
"24188",2025-02-25,"Protests","Germany"
"24189",2025-02-25,"Protests","Germany"
"24190",2025-02-25,"Protests","Germany"
"24191",2025-02-25,"Protests","Germany"
"24192",2025-02-25,"Protests","Germany"
"24193",2025-02-25,"Protests","Germany"
"24194",2025-02-25,"Protests","Germany"
"24195",2025-02-25,"Protests","Germany"
"24196",2025-02-25,"Protests","Germany"
"24197",2025-02-25,"Strategic developments","Germany"
"24198",2025-02-26,"Protests","Germany"
"24199",2025-02-26,"Protests","Germany"
"24200",2025-02-26,"Protests","Germany"
"24201",2025-02-26,"Protests","Germany"
"24202",2025-02-26,"Protests","Germany"
"24203",2025-02-26,"Strategic developments","Germany"
"24204",2025-02-26,"Strategic developments","Germany"
"24205",2025-02-27,"Riots","Germany"
"24206",2025-02-27,"Protests","Germany"
"24207",2025-02-27,"Protests","Germany"
"24208",2025-02-27,"Protests","Germany"
"24209",2025-02-27,"Strategic developments","Germany"
"24210",2025-02-27,"Strategic developments","Germany"
"24211",2025-02-27,"Strategic developments","Germany"
"24212",2025-02-27,"Strategic developments","Germany"
"24213",2025-02-28,"Protests","Germany"
"24214",2025-02-28,"Protests","Germany"
"24215",2025-02-28,"Strategic developments","Germany"
"24216",2025-02-28,"Strategic developments","Germany"
"24217",2025-03-01,"Protests","Germany"
"24218",2025-03-01,"Protests","Germany"
"24219",2025-03-01,"Protests","Germany"
"24220",2025-03-01,"Protests","Germany"
"24221",2025-03-01,"Protests","Germany"
"24222",2025-03-02,"Protests","Germany"
"24223",2025-03-02,"Protests","Germany"
"24224",2025-03-02,"Protests","Germany"
"24225",2025-03-02,"Strategic developments","Germany"
"24226",2025-03-02,"Strategic developments","Germany"
"24227",2025-03-03,"Protests","Germany"
"24228",2025-03-03,"Protests","Germany"
"24229",2025-03-03,"Violence against civilians","Germany"
"24230",2025-03-04,"Protests","Germany"
"24231",2025-03-04,"Protests","Germany"
"24232",2025-03-04,"Protests","Germany"
"24233",2025-03-04,"Protests","Germany"
"24234",2025-03-04,"Protests","Germany"
"24235",2025-03-04,"Protests","Germany"
"24236",2025-03-04,"Protests","Germany"
"24237",2025-03-04,"Protests","Germany"
"24238",2025-03-04,"Protests","Germany"
"24239",2025-03-04,"Protests","Germany"
"24240",2025-03-05,"Protests","Germany"
"24241",2025-03-05,"Protests","Germany"
"24242",2025-03-05,"Protests","Germany"
"24243",2025-03-05,"Protests","Germany"
"24244",2025-03-05,"Protests","Germany"
"24245",2025-03-05,"Protests","Germany"
"24246",2025-03-05,"Strategic developments","Germany"
"24247",2025-03-05,"Strategic developments","Germany"
"24248",2025-03-05,"Strategic developments","Germany"
"24249",2025-03-06,"Protests","Germany"
"24250",2025-03-06,"Protests","Germany"
"24251",2025-03-06,"Protests","Germany"
"24252",2025-03-06,"Protests","Germany"
"24253",2025-03-06,"Protests","Germany"
"24254",2025-03-06,"Protests","Germany"
"24255",2025-03-06,"Protests","Germany"
"24256",2025-03-06,"Protests","Germany"
"24257",2025-03-06,"Protests","Germany"
"24258",2025-03-06,"Protests","Germany"
"24259",2025-03-07,"Protests","Germany"
"24260",2025-03-07,"Protests","Germany"
"24261",2025-03-07,"Protests","Germany"
"24262",2025-03-07,"Protests","Germany"
"24263",2025-03-07,"Protests","Germany"
"24264",2025-03-07,"Protests","Germany"
"24265",2025-03-07,"Protests","Germany"
"24266",2025-03-07,"Protests","Germany"
"24267",2025-03-07,"Protests","Germany"
"24268",2025-03-07,"Protests","Germany"
"24269",2025-03-07,"Protests","Germany"
"24270",2025-03-07,"Protests","Germany"
"24271",2025-03-07,"Protests","Germany"
"24272",2025-03-07,"Protests","Germany"
"24273",2025-03-07,"Protests","Germany"
"24274",2025-03-07,"Protests","Germany"
"24275",2025-03-07,"Protests","Germany"
"24276",2025-03-07,"Protests","Germany"
"24277",2025-03-07,"Protests","Germany"
"24278",2025-03-07,"Riots","Germany"
"24279",2025-03-07,"Protests","Germany"
"24280",2025-03-08,"Protests","Germany"
"24281",2025-03-08,"Protests","Germany"
"24282",2025-03-08,"Protests","Germany"
"24283",2025-03-08,"Protests","Germany"
"24284",2025-03-08,"Protests","Germany"
"24285",2025-03-08,"Riots","Germany"
"24286",2025-03-08,"Protests","Germany"
"24287",2025-03-08,"Protests","Germany"
"24288",2025-03-08,"Protests","Germany"
"24289",2025-03-08,"Protests","Germany"
"24290",2025-03-08,"Protests","Germany"
"24291",2025-03-08,"Protests","Germany"
"24292",2025-03-08,"Protests","Germany"
"24293",2025-03-08,"Protests","Germany"
"24294",2025-03-08,"Protests","Germany"
"24295",2025-03-08,"Protests","Germany"
"24296",2025-03-08,"Protests","Germany"
"24297",2025-03-08,"Protests","Germany"
"24298",2025-03-08,"Protests","Germany"
"24299",2025-03-08,"Protests","Germany"
"24300",2025-03-08,"Protests","Germany"
"24301",2025-03-08,"Protests","Germany"
"24302",2025-03-08,"Protests","Germany"
"24303",2025-03-08,"Protests","Germany"
"24304",2025-03-08,"Protests","Germany"
"24305",2025-03-08,"Protests","Germany"
"24306",2025-03-08,"Protests","Germany"
"24307",2025-03-08,"Protests","Germany"
"24308",2025-03-08,"Protests","Germany"
"24309",2025-03-08,"Riots","Germany"
"24310",2025-03-08,"Protests","Germany"
"24311",2025-03-09,"Protests","Germany"
"24312",2025-03-09,"Protests","Germany"
"24313",2025-03-09,"Strategic developments","Germany"
"24314",2025-03-09,"Strategic developments","Germany"
"24315",2025-03-10,"Protests","Germany"
"24316",2025-03-10,"Protests","Germany"
"24317",2025-03-10,"Protests","Germany"
"24318",2025-03-10,"Protests","Germany"
"24319",2025-03-10,"Protests","Germany"
"24320",2025-03-10,"Protests","Germany"
"24321",2025-03-10,"Protests","Germany"
"24322",2025-03-10,"Protests","Germany"
"24323",2025-03-11,"Protests","Germany"
"24324",2025-03-11,"Protests","Germany"
"24325",2025-03-11,"Protests","Germany"
"24326",2025-03-11,"Protests","Germany"
"24327",2025-03-11,"Protests","Germany"
"24328",2025-03-11,"Protests","Germany"
"24329",2025-03-11,"Protests","Germany"
"24330",2025-03-11,"Protests","Germany"
"24331",2025-03-12,"Protests","Germany"
"24332",2025-03-12,"Protests","Germany"
"24333",2025-03-12,"Protests","Germany"
"24334",2025-03-12,"Protests","Germany"
"24335",2025-03-12,"Protests","Germany"
"24336",2025-03-12,"Protests","Germany"
"24337",2025-03-12,"Protests","Germany"
"24338",2025-03-12,"Protests","Germany"
"24339",2025-03-12,"Protests","Germany"
"24340",2025-03-12,"Protests","Germany"
"24341",2025-03-12,"Protests","Germany"
"24342",2025-03-12,"Protests","Germany"
"24343",2025-03-12,"Protests","Germany"
"24344",2025-03-12,"Protests","Germany"
"24345",2025-03-13,"Protests","Germany"
"24346",2025-03-13,"Protests","Germany"
"24347",2025-03-13,"Protests","Germany"
"24348",2025-03-13,"Protests","Germany"
"24349",2025-03-13,"Protests","Germany"
"24350",2025-03-13,"Protests","Germany"
"24351",2025-03-13,"Protests","Germany"
"24352",2025-03-13,"Protests","Germany"
"24353",2025-03-13,"Protests","Germany"
"24354",2025-03-13,"Protests","Germany"
"24355",2025-03-13,"Protests","Germany"
"24356",2025-03-13,"Protests","Germany"
"24357",2025-03-14,"Protests","Germany"
"24358",2025-03-14,"Protests","Germany"
"24359",2025-03-14,"Protests","Germany"
"24360",2025-03-14,"Strategic developments","Germany"
"24361",2025-03-14,"Strategic developments","Germany"
"24362",2025-03-14,"Protests","Germany"
"24363",2025-03-14,"Protests","Germany"
"24364",2025-03-14,"Protests","Germany"
"24365",2025-03-15,"Protests","Germany"
"24366",2025-03-15,"Protests","Germany"
"24367",2025-03-15,"Protests","Germany"
"24368",2025-03-15,"Protests","Germany"
"24369",2025-03-15,"Protests","Germany"
"24370",2025-03-15,"Protests","Germany"
"24371",2025-03-15,"Protests","Germany"
"24372",2025-03-15,"Protests","Germany"
"24373",2025-03-15,"Protests","Germany"
"24374",2025-03-15,"Protests","Germany"
"24375",2025-03-15,"Protests","Germany"
"24376",2025-03-15,"Protests","Germany"
"24377",2025-03-15,"Riots","Germany"
"24378",2025-03-16,"Protests","Germany"
"24379",2025-03-16,"Protests","Germany"
"24380",2025-03-16,"Protests","Germany"
"24381",2025-03-16,"Strategic developments","Germany"
"24382",2025-03-16,"Strategic developments","Germany"
"24383",2025-03-17,"Strategic developments","Germany"
"24384",2025-03-17,"Protests","Germany"
"24385",2025-03-18,"Protests","Germany"
"24386",2025-03-18,"Protests","Germany"
"24387",2025-03-18,"Protests","Germany"
"24388",2025-03-18,"Protests","Germany"
"24389",2025-03-18,"Protests","Germany"
"24390",2025-03-18,"Protests","Germany"
"24391",2025-03-18,"Protests","Germany"
"24392",2025-03-19,"Protests","Germany"
"24393",2025-03-19,"Protests","Germany"
"24394",2025-03-19,"Protests","Germany"
"24395",2025-03-19,"Protests","Germany"
"24396",2025-03-19,"Protests","Germany"
"24397",2025-03-19,"Protests","Germany"
"24398",2025-03-19,"Protests","Germany"
"24399",2025-03-19,"Protests","Germany"
"24400",2025-03-19,"Riots","Germany"
"24401",2025-03-20,"Protests","Germany"
"24402",2025-03-20,"Protests","Germany"
"24403",2025-03-20,"Protests","Germany"
"24404",2025-03-20,"Protests","Germany"
"24405",2025-03-20,"Protests","Germany"
"24406",2025-03-20,"Protests","Germany"
"24407",2025-03-20,"Protests","Germany"
"24408",2025-03-21,"Protests","Germany"
"24409",2025-03-21,"Protests","Germany"
"24410",2025-03-21,"Protests","Germany"
"24411",2025-03-21,"Protests","Germany"
"24412",2025-03-21,"Protests","Germany"
"24413",2025-03-21,"Protests","Germany"
"24414",2025-03-21,"Protests","Germany"
"24415",2025-03-22,"Protests","Germany"
"24416",2025-03-22,"Protests","Germany"
"24417",2025-03-22,"Protests","Germany"
"24418",2025-03-22,"Protests","Germany"
"24419",2025-03-22,"Strategic developments","Germany"
"24420",2025-03-22,"Protests","Germany"
"24421",2025-03-22,"Protests","Germany"
"24422",2025-03-22,"Protests","Germany"
"24423",2025-03-22,"Protests","Germany"
"24424",2025-03-22,"Riots","Germany"
"24425",2025-03-22,"Protests","Germany"
"24426",2025-03-22,"Protests","Germany"
"24427",2025-03-22,"Protests","Germany"
"24428",2025-03-22,"Protests","Germany"
"24429",2025-03-22,"Protests","Germany"
"24430",2025-03-22,"Protests","Germany"
"24431",2025-03-22,"Protests","Germany"
"24432",2025-03-22,"Strategic developments","Germany"
"24433",2025-03-22,"Protests","Germany"
"24434",2025-03-22,"Protests","Germany"
"24435",2025-03-22,"Riots","Germany"
"24436",2025-03-22,"Protests","Germany"
"24437",2025-03-22,"Riots","Germany"
"24438",2025-03-22,"Protests","Germany"
"24439",2025-03-23,"Protests","Germany"
"24440",2025-03-23,"Protests","Germany"
"24441",2025-03-23,"Protests","Germany"
"24442",2025-03-23,"Protests","Germany"
"24443",2025-03-23,"Protests","Germany"
"24444",2025-03-23,"Riots","Germany"
"24445",2025-03-23,"Strategic developments","Germany"
"24446",2025-03-24,"Protests","Germany"
"24447",2025-03-24,"Protests","Germany"
"24448",2025-03-24,"Protests","Germany"
"24449",2025-03-24,"Protests","Germany"
"24450",2025-03-25,"Protests","Germany"
"24451",2025-03-25,"Protests","Germany"
"24452",2025-03-25,"Protests","Germany"
"24453",2025-03-25,"Riots","Germany"
"24454",2025-03-26,"Protests","Germany"
"24455",2025-03-27,"Protests","Germany"
"24456",2025-03-27,"Riots","Germany"
"24457",2025-03-28,"Protests","Germany"
"24458",2025-03-28,"Protests","Germany"
"24459",2025-03-28,"Protests","Germany"
"24460",2025-03-28,"Protests","Germany"
"24461",2025-03-28,"Protests","Germany"
"24462",2025-03-28,"Protests","Germany"
"24463",2025-03-28,"Protests","Germany"
"24464",2025-03-29,"Protests","Germany"
"24465",2025-03-29,"Protests","Germany"
"24466",2025-03-29,"Protests","Germany"
"24467",2025-03-29,"Protests","Germany"
"24468",2025-03-29,"Protests","Germany"
"24469",2025-03-29,"Protests","Germany"
"24470",2025-03-29,"Protests","Germany"
"24471",2025-03-29,"Protests","Germany"
"24472",2025-03-29,"Protests","Germany"
"24473",2025-03-29,"Protests","Germany"
"24474",2025-03-29,"Protests","Germany"
"24475",2025-03-29,"Strategic developments","Germany"
"24476",2025-03-29,"Protests","Germany"
"24477",2025-03-29,"Protests","Germany"
"24478",2025-03-29,"Protests","Germany"
"24479",2025-03-29,"Protests","Germany"
"24480",2025-03-29,"Protests","Germany"
"24481",2025-03-29,"Protests","Germany"
"24482",2025-03-29,"Riots","Germany"
"24483",2025-03-30,"Protests","Germany"
"24484",2025-03-30,"Protests","Germany"
"24485",2025-03-30,"Protests","Germany"
"24486",2025-03-30,"Protests","Germany"
